timestamp,scenario,poll_interval_s,throughput_mbps,channel_occupancy_percent,channel_occupancy_method,latency_ms,probe_jitter_ms,probe_loss_pct,probe_ok,packet_loss_udp_percent,tx_retx_delta,tx_packets_delta,tx_retry_ratio,rssi_dbm,connected_clients,rssi_delta_db,rssi_moving_avg_dbm,throughput_score,occupancy_score,jitter_score,loss_score,latency_score,retry_score,congestion_score,label
2026-08-27 21:50:46,idle,0.0,0.0,26.67,instantaneous,4.854,,,0,,0,0,0.0,-40.33,3,0.0,-40.33,0.0,0.1667,0.0,0.0,0.0202,0.0,0.1667,0
2026-08-27 21:50:48,idle,1.01,0.39,23.34,instantaneous_fallback,4.29,1.203,0.0,1,,0,204,0.0,-40.33,3,0.0,-40.33,0.0026,0.1459,0.015,0.0,0.0179,0.0,0.1459,0
2026-08-27 21:50:49,idle,1.01,0.78,26.67,instantaneous_fallback,4.854,1.203,0.0,1,,24,249,0.0503,-40.0,3,0.33,-40.22,0.0052,0.1667,0.015,0.0,0.0202,0.1257,0.1667,0
2026-08-27 21:50:50,idle,1.01,0.21,20.0,instantaneous_fallback,3.725,0.808,0.0,1,,0,104,0.0413,-40.0,3,0.0,-40.17,0.0014,0.125,0.0101,0.0,0.0155,0.1033,0.125,0
2026-08-27 21:50:51,idle,1.013,0.38,20.0,instantaneous_fallback,4.962,0.808,0.0,1,,0,216,0.0301,-40.0,3,0.0,-40.13,0.0025,0.125,0.0101,0.0,0.0207,0.0752,0.125,0
2026-08-27 21:50:52,idle,1.013,0.36,20.0,instantaneous_fallback,2.569,1.122,0.0,1,,0,201,0.024,-40.0,3,0.0,-40.07,0.0024,0.125,0.014,0.0,0.0107,0.06,0.125,0
2026-08-27 21:50:53,idle,1.014,0.69,20.0,instantaneous_fallback,6.155,1.122,0.0,1,,6,231,0.0291,-39.33,3,0.67,-39.87,0.0046,0.125,0.014,0.0,0.0256,0.0728,0.125,0
2026-08-27 21:50:54,idle,1.015,0.36,20.0,instantaneous_fallback,3.945,0.596,0.0,1,,0,207,0.0062,-39.33,3,0.0,-39.73,0.0024,0.125,0.0075,0.0,0.0164,0.0155,0.125,0
2026-08-27 21:50:55,idle,1.012,0.37,23.33,instantaneous_fallback,3.945,0.596,0.0,1,,4,214,0.0093,-39.33,3,0.0,-39.6,0.0025,0.1458,0.0075,0.0,0.0164,0.0232,0.1458,0
2026-08-27 21:50:56,idle,1.013,0.53,23.33,instantaneous_fallback,2.775,1.694,0.0,1,,18,223,0.0254,-39.33,3,0.0,-39.47,0.0035,0.1458,0.0212,0.0,0.0116,0.0635,0.1458,0
2026-08-27 21:50:57,idle,1.013,0.37,23.33,instantaneous_fallback,2.508,1.694,0.0,1,,0,210,0.0252,-39.33,3,0.0,-39.33,0.0025,0.1458,0.0212,0.0,0.0104,0.063,0.1458,0
2026-08-27 21:50:58,idle,1.012,0.43,23.33,instantaneous_fallback,2.024,1.36,0.0,1,,0,210,0.0203,-39.33,3,0.0,-39.33,0.0029,0.1458,0.017,0.0,0.0084,0.0507,0.1458,0
2026-08-27 21:50:59,idle,1.015,0.37,16.67,instantaneous_fallback,2.024,1.36,0.0,1,,0,210,0.0202,-39.33,3,0.0,-39.33,0.0025,0.1042,0.017,0.0,0.0084,0.0505,0.1042,0
2026-08-27 21:51:00,idle,1.013,0.37,16.67,instantaneous_fallback,2.394,1.036,0.0,1,,0,205,0.0167,-39.33,3,0.0,-39.33,0.0025,0.1042,0.0129,0.0,0.01,0.0417,0.1042,0
2026-08-27 21:51:01,idle,1.013,0.36,16.67,instantaneous_fallback,2.424,1.036,0.0,1,,4,209,0.0038,-39.33,3,0.0,-39.33,0.0024,0.1042,0.0129,0.0,0.0101,0.0095,0.1042,0
2026-08-27 21:51:02,idle,1.012,0.19,13.79,instantaneous_fallback,2.424,1.431,0.0,1,,0,106,0.0042,-39.33,3,0.0,-39.33,0.0013,0.0862,0.0179,0.0,0.0101,0.0105,0.0862,0
2026-08-27 21:51:03,idle,1.016,0.37,13.79,instantaneous_fallback,2.818,1.431,0.0,1,,0,212,0.0042,-39.0,3,0.33,-39.27,0.0025,0.0862,0.0179,0.0,0.0117,0.0105,0.0862,0
2026-08-27 21:51:04,idle,1.013,0.36,13.79,delta,2.207,1.77,0.0,1,,0,202,0.0043,-39.0,3,0.0,-39.2,0.0024,0.0862,0.0221,0.0,0.0092,0.0107,0.0862,0
2026-08-27 21:51:05,idle,1.013,0.42,17.24,instantaneous_fallback,6.596,1.77,0.0,1,,0,216,0.0042,-39.0,3,0.0,-39.13,0.0028,0.1077,0.0221,0.0,0.0275,0.0105,0.1077,0
2026-08-27 21:51:06,idle,1.013,2.27,0.0,delta,2.207,0.875,0.0,1,,2,242,0.002,-38.33,3,0.67,-38.93,0.0151,0.0,0.0109,0.0,0.0092,0.005,0.0109,0
2026-08-27 21:51:07,idle,1.012,0.39,16.67,instantaneous_fallback,3.045,0.875,0.0,1,,0,216,0.0018,-38.0,3,0.33,-38.67,0.0026,0.1042,0.0109,0.0,0.0127,0.0045,0.1042,0
2026-08-27 21:51:08,idle,1.018,0.38,16.67,instantaneous_fallback,3.045,1.609,0.0,1,,0,206,0.0018,-37.67,3,0.33,-38.4,0.0025,0.1042,0.0201,0.0,0.0127,0.0045,0.1042,0
2026-08-27 21:51:09,idle,1.026,0.48,16.67,instantaneous_fallback,4.532,1.609,0.0,1,,0,225,0.0018,-37.67,3,0.0,-38.13,0.0032,0.1042,0.0201,0.0,0.0189,0.0045,0.1042,0
2026-08-27 21:51:10,idle,1.02,0.36,16.67,instantaneous_fallback,5.623,1.169,0.0,1,,0,202,0.0018,-37.67,3,0.0,-37.87,0.0024,0.1042,0.0146,0.0,0.0234,0.0045,0.1042,0
2026-08-27 21:51:11,idle,1.015,1.13,16.67,instantaneous_fallback,5.623,1.169,0.0,1,,0,262,0.0,-37.33,3,0.33,-37.67,0.0075,0.1042,0.0146,0.0,0.0234,0.0,0.1042,0
2026-08-27 21:51:12,idle,1.012,0.37,16.67,instantaneous_fallback,3.946,1.817,0.0,1,,0,204,0.0,-37.33,3,0.0,-37.53,0.0025,0.1042,0.0227,0.0,0.0164,0.0,0.1042,0
2026-08-27 21:51:13,idle,1.012,0.78,20.0,instantaneous_fallback,2.563,1.817,0.0,1,,14,261,0.012,-37.33,3,0.0,-37.47,0.0052,0.125,0.0227,0.0,0.0107,0.03,0.125,0
2026-08-27 21:51:14,idle,1.012,0.36,20.0,instantaneous_fallback,1.987,0.89,0.0,1,,0,206,0.0122,-37.67,3,-0.33,-37.47,0.0024,0.125,0.0111,0.0,0.0083,0.0305,0.125,0
2026-08-27 21:51:15,idle,1.009,0.27,20.0,instantaneous_fallback,1.987,0.89,0.0,1,,12,134,0.0238,-38.0,3,-0.33,-37.53,0.0018,0.125,0.0111,0.0,0.0083,0.0595,0.125,0
2026-08-27 21:51:16,idle,1.011,2.35,20.0,instantaneous_fallback,2.658,1.275,0.0,1,,0,264,0.0237,-38.33,3,-0.33,-37.73,0.0157,0.125,0.0159,0.0,0.0111,0.0593,0.125,0
2026-08-27 21:51:17,idle,1.012,0.45,16.67,instantaneous_fallback,3.662,1.275,0.0,1,,0,226,0.0233,-38.33,3,0.0,-37.93,0.003,0.1042,0.0159,0.0,0.0153,0.0583,0.1042,0
2026-08-27 21:51:18,idle,1.011,0.36,16.67,instantaneous_fallback,3.723,1.216,0.0,1,,4,200,0.0153,-38.33,3,0.0,-38.13,0.0024,0.1042,0.0152,0.0,0.0155,0.0382,0.1042,0
2026-08-27 21:51:19,idle,1.01,0.52,16.67,instantaneous_fallback,3.723,1.216,0.0,1,,0,227,0.015,-38.33,3,0.0,-38.27,0.0035,0.1042,0.0152,0.0,0.0155,0.0375,0.1042,0
2026-08-27 21:51:20,idle,1.012,0.39,24.14,instantaneous_fallback,4.013,1.6,0.0,1,,0,205,0.0036,-38.33,3,0.0,-38.33,0.0026,0.1509,0.02,0.0,0.0167,0.009,0.1509,0
2026-08-27 21:51:21,idle,1.013,0.62,24.14,instantaneous_fallback,4.013,1.6,0.0,1,,0,221,0.0037,-38.67,3,-0.33,-38.4,0.0041,0.1509,0.02,0.0,0.0167,0.0092,0.1509,0
2026-08-27 21:51:22,idle,1.017,0.37,20.69,instantaneous_fallback,4.013,1.056,0.0,1,,0,205,0.0038,-38.67,3,0.0,-38.47,0.0025,0.1293,0.0132,0.0,0.0167,0.0095,0.1293,0
2026-08-27 21:51:23,idle,1.017,0.43,16.67,instantaneous_fallback,4.16,1.056,0.0,1,,0,222,0.0,-38.67,3,0.0,-38.53,0.0029,0.1042,0.0132,0.0,0.0173,0.0,0.1042,0
2026-08-27 21:51:24,idle,1.012,0.38,20.0,instantaneous_fallback,4.16,1.398,0.0,1,,0,213,0.0,-39.0,3,-0.33,-38.67,0.0025,0.125,0.0175,0.0,0.0173,0.0,0.125,0
2026-08-27 21:51:25,idle,1.015,0.37,17.24,instantaneous_fallback,3.391,1.398,0.0,1,,0,216,0.0,-39.0,3,0.0,-38.8,0.0025,0.1077,0.0175,0.0,0.0141,0.0,0.1077,0
2026-08-27 21:51:26,idle,1.013,0.18,17.24,instantaneous_fallback,2.463,2.108,0.0,1,,0,102,0.0,-39.33,3,-0.33,-38.93,0.0012,0.1077,0.0264,0.0,0.0103,0.0,0.1077,0
2026-08-27 21:51:27,idle,1.018,0.37,17.24,delta,3.391,2.108,0.0,1,,0,215,0.0,-39.33,3,0.0,-39.07,0.0025,0.1077,0.0264,0.0,0.0141,0.0,0.1077,0
2026-08-27 21:51:28,idle,1.013,0.38,17.24,instantaneous_fallback,2.463,1.015,0.0,1,,0,215,0.0,-39.67,3,-0.33,-39.27,0.0025,0.1077,0.0127,0.0,0.0103,0.0,0.1077,0
2026-08-27 21:51:29,idle,1.019,0.36,20.0,instantaneous_fallback,5.276,1.015,0.0,1,,0,211,0.0,-40.0,3,-0.33,-39.47,0.0024,0.125,0.0127,0.0,0.022,0.0,0.125,0
2026-08-27 21:51:30,idle,1.013,0.37,16.67,instantaneous_fallback,4.456,0.956,0.0,1,,0,205,0.0,-40.0,3,0.0,-39.67,0.0025,0.1042,0.0119,0.0,0.0186,0.0,0.1042,0
2026-08-27 21:51:31,idle,1.013,0.38,20.0,instantaneous_fallback,4.456,0.956,0.0,1,,0,220,0.0,-40.33,3,-0.33,-39.87,0.0025,0.125,0.0119,0.0,0.0186,0.0,0.125,0
2026-08-27 21:51:33,idle,1.012,0.5,20.0,instantaneous_fallback,3.748,1.125,0.0,1,,12,215,0.0111,-40.33,3,0.0,-40.07,0.0033,0.125,0.0141,0.0,0.0156,0.0278,0.125,0
2026-08-27 21:51:34,idle,1.013,0.37,20.0,instantaneous_fallback,2.208,1.125,0.0,1,,4,212,0.0148,-40.67,3,-0.33,-40.27,0.0025,0.125,0.0141,0.0,0.0092,0.037,0.125,0
2026-08-27 21:51:35,idle,1.016,0.37,20.0,instantaneous_fallback,2.208,0.977,0.0,1,,0,208,0.0149,-40.67,3,0.0,-40.4,0.0025,0.125,0.0122,0.0,0.0092,0.0372,0.125,0
2026-08-27 21:51:36,idle,1.016,0.37,20.0,instantaneous_fallback,3.36,0.977,0.0,1,,0,214,0.0147,-40.67,3,0.0,-40.53,0.0025,0.125,0.0122,0.0,0.014,0.0367,0.125,0
2026-08-27 21:51:37,idle,1.013,0.39,16.67,instantaneous_fallback,3.36,1.13,0.0,1,,0,209,0.0149,-41.0,3,-0.33,-40.67,0.0026,0.1042,0.0141,0.0,0.014,0.0372,0.1042,0
2026-08-27 21:51:38,idle,1.014,0.6,16.67,instantaneous_fallback,3.283,1.13,0.0,1,,0,227,0.0037,-40.67,3,0.33,-40.73,0.004,0.1042,0.0141,0.0,0.0137,0.0092,0.1042,0
2026-08-27 21:51:39,idle,1.014,0.21,26.67,instantaneous_fallback,2.814,1.216,0.0,1,,0,105,0.0,-40.67,3,0.0,-40.73,0.0014,0.1667,0.0152,0.0,0.0117,0.0,0.1667,0
2026-08-27 21:51:40,idle,1.022,0.37,26.67,instantaneous_fallback,2.814,1.216,0.0,1,,0,216,0.0,-40.67,3,0.0,-40.73,0.0025,0.1667,0.0152,0.0,0.0117,0.0,0.1667,0
2026-08-27 21:51:41,idle,1.016,0.36,26.67,instantaneous_fallback,3.933,0.964,0.0,1,,0,202,0.0,-40.67,3,0.0,-40.73,0.0024,0.1667,0.012,0.0,0.0164,0.0,0.1667,0
2026-08-27 21:51:42,idle,1.012,0.54,16.67,instantaneous_fallback,3.933,0.964,0.0,1,,84,232,0.0788,-40.0,3,0.67,-40.53,0.0036,0.1042,0.012,0.0,0.0164,0.197,0.1042,0
2026-08-27 21:51:43,idle,1.012,0.39,16.67,instantaneous_fallback,2.095,0.98,0.0,1,,0,212,0.0799,-40.0,3,0.0,-40.4,0.0026,0.1042,0.0123,0.0,0.0087,0.1998,0.1042,0
2026-08-27 21:51:44,idle,1.013,0.46,16.67,instantaneous_fallback,2.095,0.98,0.0,1,,0,218,0.0722,-39.67,3,0.33,-40.2,0.0031,0.1042,0.0123,0.0,0.0087,0.1805,0.1042,0
2026-08-27 21:51:45,idle,1.014,0.37,16.67,instantaneous_fallback,2.652,1.477,0.0,1,,0,206,0.0728,-39.67,3,0.0,-40.0,0.0025,0.1042,0.0185,0.0,0.0111,0.182,0.1042,0
2026-08-27 21:51:46,idle,1.013,0.37,16.67,instantaneous_fallback,2.652,1.477,0.0,1,,6,213,0.0769,-39.67,3,0.0,-39.8,0.0025,0.1042,0.0185,0.0,0.0111,0.1922,0.1042,0
2026-08-27 21:51:47,idle,1.013,0.36,16.67,instantaneous_fallback,2.432,1.134,0.0,1,,0,202,0.0057,-39.33,3,0.33,-39.67,0.0024,0.1042,0.0142,0.0,0.0101,0.0143,0.1042,0
2026-08-27 21:51:48,idle,1.013,0.37,16.67,instantaneous_fallback,2.245,1.134,0.0,1,,0,214,0.0057,-39.33,3,0.0,-39.53,0.0025,0.1042,0.0142,0.0,0.0094,0.0143,0.1042,0
2026-08-27 21:51:49,idle,1.014,0.37,16.67,instantaneous_fallback,2.228,1.319,0.0,1,,0,209,0.0057,-39.33,3,0.0,-39.47,0.0025,0.1042,0.0165,0.0,0.0093,0.0143,0.1042,0
2026-08-27 21:51:50,idle,1.013,0.37,16.67,instantaneous_fallback,2.211,1.319,0.0,1,,0,211,0.0057,-39.0,3,0.33,-39.33,0.0025,0.1042,0.0165,0.0,0.0092,0.0143,0.1042,0
2026-08-27 21:51:51,idle,1.012,0.23,16.67,instantaneous_fallback,2.149,2.651,0.0,1,,0,107,0.0,-39.0,3,0.0,-39.2,0.0015,0.1042,0.0331,0.0,0.009,0.0,0.1042,0
2026-08-27 21:51:52,idle,1.013,0.38,16.67,instantaneous_fallback,1.989,2.651,0.0,1,,0,216,0.0,-38.67,3,0.33,-39.07,0.0025,0.1042,0.0331,0.0,0.0083,0.0,0.1042,0
2026-08-27 21:51:53,idle,1.012,0.44,16.67,instantaneous_fallback,1.977,1.212,0.0,1,,2,217,0.0021,-38.33,3,0.33,-38.87,0.0029,0.1042,0.0152,0.0,0.0082,0.0052,0.1042,0
2026-08-27 21:51:54,idle,1.012,0.39,16.67,instantaneous_fallback,1.977,1.212,0.0,1,,8,213,0.0103,-38.33,3,0.0,-38.67,0.0026,0.1042,0.0152,0.0,0.0082,0.0258,0.1042,0
2026-08-27 21:51:55,idle,1.029,0.38,16.67,instantaneous_fallback,2.024,0.98,0.0,1,,0,207,0.0103,-38.0,3,0.33,-38.47,0.0025,0.1042,0.0123,0.0,0.0084,0.0258,0.1042,0
2026-08-27 21:51:56,idle,1.017,0.37,16.67,instantaneous_fallback,3.762,0.98,0.0,1,,0,211,0.0093,-38.0,3,0.0,-38.27,0.0025,0.1042,0.0123,0.0,0.0157,0.0232,0.1042,0
2026-08-27 21:51:57,idle,1.013,2.3,16.67,delta,3.762,1.798,0.0,1,,0,259,0.009,-37.67,3,0.33,-38.07,0.0153,0.1042,0.0225,0.0,0.0157,0.0225,0.1042,0
2026-08-27 21:51:58,idle,1.014,0.45,16.67,instantaneous_fallback,2.667,1.798,0.0,1,,0,218,0.0072,-37.33,3,0.33,-37.87,0.003,0.1042,0.0225,0.0,0.0111,0.018,0.1042,0
2026-08-27 21:51:59,idle,1.013,0.37,17.24,instantaneous_fallback,2.176,1.632,0.0,1,,0,204,0.0,-37.33,3,0.0,-37.67,0.0025,0.1077,0.0204,0.0,0.0091,0.0,0.1077,0
2026-08-27 21:52:00,idle,1.013,0.46,16.67,delta,2.2,1.632,0.0,1,,0,234,0.0,-37.33,3,0.0,-37.53,0.0031,0.1042,0.0204,0.0,0.0092,0.0,0.1042,0
2026-08-27 21:52:01,idle,1.014,0.37,17.24,instantaneous_fallback,2.2,1.06,0.0,1,,0,206,0.0,-37.33,3,0.0,-37.4,0.0025,0.1077,0.0133,0.0,0.0092,0.0,0.1077,0
2026-08-27 21:52:02,idle,1.013,1.05,16.67,instantaneous_fallback,2.332,1.06,0.0,1,,0,251,0.0,-38.0,3,-0.67,-37.47,0.007,0.1042,0.0133,0.0,0.0097,0.0,0.1042,0
2026-08-27 21:52:11,load_35,0.0,0.0,20.0,instantaneous,2.621,,,0,,0,0,0.0,-40.0,3,0.0,-40.0,0.0,0.125,0.0,0.0,0.0109,0.0,0.125,0
2026-08-27 21:52:13,load_35,1.014,0.49,18.34,instantaneous_fallback,3.839,1.467,0.0,1,,0,218,0.0,-40.0,3,0.0,-40.0,0.0033,0.1146,0.0183,0.0,0.016,0.0,0.1146,0
2026-08-27 21:52:14,load_35,1.012,0.45,20.0,instantaneous_fallback,4.124,1.467,0.0,1,,6,235,0.0131,-40.33,3,-0.33,-40.11,0.003,0.125,0.0183,0.0,0.0172,0.0328,0.125,0
2026-08-27 21:52:15,load_35,1.009,0.18,16.67,instantaneous_fallback,5.057,1.454,0.0,1,,0,103,0.0107,-40.33,3,0.0,-40.17,0.0012,0.1042,0.0182,0.0,0.0211,0.0267,0.1042,0
2026-08-27 21:52:16,load_35,1.013,0.37,16.67,instantaneous_fallback,4.124,1.454,0.0,1,,0,214,0.0077,-40.33,3,0.0,-40.2,0.0025,0.1042,0.0182,0.0,0.0172,0.0192,0.1042,0
2026-08-27 21:52:17,load_35,1.011,0.42,16.67,instantaneous_fallback,3.222,2.263,0.0,1,,0,210,0.0061,-40.33,3,0.0,-40.27,0.0028,0.1042,0.0283,0.0,0.0134,0.0152,0.1042,0
2026-08-27 21:52:18,load_35,1.056,0.37,16.67,instantaneous_fallback,3.222,2.263,0.0,1,,0,223,0.0061,-40.67,3,-0.33,-40.4,0.0025,0.1042,0.0283,0.0,0.0134,0.0152,0.1042,0
2026-08-27 21:52:19,load_35,1.008,0.36,16.67,instantaneous_fallback,8.43,6.352,0.0,1,,0,202,0.0,-41.0,3,-0.33,-40.53,0.0024,0.1042,0.0794,0.0,0.0351,0.0,0.1042,0
2026-08-27 21:52:20,load_35,1.017,0.36,16.67,instantaneous_fallback,8.43,6.352,0.0,1,,76,209,0.067,-41.0,3,0.0,-40.67,0.0024,0.1042,0.0794,0.0,0.0351,0.1675,0.1042,0
2026-08-27 21:52:21,load_35,1.008,0.4,17.24,instantaneous_fallback,6.341,2.127,0.0,1,,0,210,0.0673,-41.0,3,0.0,-40.8,0.0027,0.1077,0.0266,0.0,0.0264,0.1682,0.1077,0
2026-08-27 21:52:22,load_35,1.014,0.4,50.0,delta,5.539,2.127,0.0,1,,4,232,0.0692,-41.33,3,-0.33,-41.0,0.0027,0.4167,0.0266,0.0,0.0231,0.173,0.4167,1
2026-08-27 21:52:23,load_35,1.012,0.37,30.0,instantaneous_fallback,3.896,0.809,0.0,1,,0,206,0.0702,-41.33,3,0.0,-41.13,0.0025,0.1875,0.0101,0.0,0.0162,0.1755,0.1875,0
2026-08-27 21:52:24,load_35,1.012,0.37,30.0,instantaneous_fallback,1.919,0.809,0.0,1,,4,217,0.0725,-41.67,3,-0.33,-41.27,0.0025,0.1875,0.0101,0.0,0.008,0.1812,0.1875,0
2026-08-27 21:52:25,load_35,1.014,0.36,20.0,instantaneous_fallback,1.919,1.454,0.0,1,,0,202,0.0074,-41.67,3,0.0,-41.4,0.0024,0.125,0.0182,0.0,0.008,0.0185,0.125,0
2026-08-27 21:52:26,load_35,1.013,0.41,20.0,instantaneous_fallback,1.919,1.454,0.0,1,,8,237,0.0144,-42.0,3,-0.33,-41.6,0.0027,0.125,0.0182,0.0,0.008,0.036,0.125,0
2026-08-27 21:52:27,load_35,1.013,0.37,16.67,instantaneous_fallback,1.934,1.22,0.0,1,,0,203,0.0111,-42.0,3,0.0,-41.73,0.0025,0.1042,0.0152,0.0,0.0081,0.0278,0.1042,0
2026-08-27 21:52:28,load_35,1.012,0.19,16.67,instantaneous_fallback,1.934,1.22,0.0,1,,0,115,0.0122,-42.0,3,0.0,-41.87,0.0013,0.1042,0.0152,0.0,0.0081,0.0305,0.1042,0
2026-08-27 21:52:29,load_35,1.013,0.38,16.67,instantaneous_fallback,1.934,1.496,0.0,1,,0,214,0.0082,-42.0,3,0.0,-41.93,0.0025,0.1042,0.0187,0.0,0.0081,0.0205,0.1042,0
2026-08-27 21:52:30,load_35,1.014,0.37,16.67,instantaneous_fallback,1.756,1.496,0.0,1,,0,216,0.0081,-42.0,3,0.0,-42.0,0.0025,0.1042,0.0187,0.0,0.0073,0.0202,0.1042,0
2026-08-27 21:52:31,load_35,1.013,0.42,16.67,instantaneous_fallback,1.756,0.993,0.0,1,,0,217,0.0,-42.0,3,0.0,-42.0,0.0028,0.1042,0.0124,0.0,0.0073,0.0,0.1042,0
2026-08-27 21:52:32,load_35,1.012,2.53,16.67,instantaneous_fallback,2.055,0.993,0.0,1,,0,287,0.0,-41.33,3,0.67,-41.87,0.0169,0.1042,0.0124,0.0,0.0086,0.0,0.1042,0
2026-08-27 21:52:33,load_35,1.012,0.41,16.67,instantaneous_fallback,2.12,1.267,0.0,1,,0,216,0.0,-41.33,3,0.0,-41.73,0.0027,0.1042,0.0158,0.0,0.0088,0.0,0.1042,0
2026-08-27 21:52:34,load_35,1.012,0.38,16.67,instantaneous_fallback,2.12,1.267,0.0,1,,0,219,0.0,-41.0,3,0.33,-41.53,0.0025,0.1042,0.0158,0.0,0.0088,0.0,0.1042,0
2026-08-27 21:52:35,load_35,1.025,0.37,16.67,instantaneous_fallback,2.12,1.476,0.0,1,,0,210,0.0,-41.0,3,0.0,-41.33,0.0025,0.1042,0.0185,0.0,0.0088,0.0,0.1042,0
2026-08-27 21:52:36,load_35,1.014,0.38,16.67,instantaneous_fallback,2.07,1.476,0.0,1,,0,220,0.0,-40.67,3,0.33,-41.07,0.0025,0.1042,0.0185,0.0,0.0086,0.0,0.1042,0
2026-08-27 21:52:37,load_35,1.013,2.66,16.67,instantaneous_fallback,2.078,0.925,0.0,1,,0,296,0.0,-40.33,3,0.33,-40.87,0.0177,0.1042,0.0116,0.0,0.0087,0.0,0.1042,0
2026-08-27 21:52:38,load_35,1.015,0.4,16.67,instantaneous_fallback,2.078,0.925,0.0,1,,8,227,0.0068,-40.67,3,-0.33,-40.73,0.0027,0.1042,0.0116,0.0,0.0087,0.017,0.1042,0
2026-08-27 21:52:39,load_35,1.013,0.36,20.0,instantaneous_fallback,2.425,1.424,0.0,1,,0,201,0.0069,-41.0,3,-0.33,-40.73,0.0024,0.125,0.0178,0.0,0.0101,0.0172,0.125,0
2026-08-27 21:52:40,load_35,1.016,0.19,16.67,instantaneous_fallback,2.444,1.424,0.0,1,,4,112,0.0112,-41.0,3,0.0,-40.73,0.0013,0.1042,0.0178,0.0,0.0102,0.028,0.1042,0
2026-08-27 21:52:41,load_35,1.021,0.51,17.24,instantaneous_fallback,4.199,0.7,0.0,1,,0,230,0.0111,-41.33,3,-0.33,-40.87,0.0034,0.1077,0.0087,0.0,0.0175,0.0278,0.1077,0
2026-08-27 21:52:43,load_35,1.014,0.37,16.67,delta,4.199,0.7,0.0,1,,0,213,0.0121,-41.67,3,-0.33,-41.13,0.0025,0.1042,0.0087,0.0,0.0175,0.0302,0.1042,0
2026-08-27 21:52:44,load_35,1.012,0.37,16.67,instantaneous_fallback,3.636,0.881,0.0,1,,0,208,0.0041,-41.67,3,0.0,-41.33,0.0025,0.1042,0.011,0.0,0.0152,0.0103,0.1042,0
2026-08-27 21:52:45,load_35,1.015,0.41,13.33,instantaneous_fallback,3.288,0.881,0.0,1,,0,217,0.0041,-42.0,3,-0.33,-41.53,0.0027,0.0833,0.011,0.0,0.0137,0.0103,0.0833,0
2026-08-27 21:52:46,load_35,1.013,0.36,13.33,instantaneous_fallback,3.288,0.969,0.0,1,,0,202,0.0,-42.0,3,0.0,-41.73,0.0024,0.0833,0.0121,0.0,0.0137,0.0,0.0833,0
2026-08-27 21:52:47,load_35,1.015,0.61,13.33,instantaneous_fallback,2.976,0.969,0.0,1,,0,228,0.0,-42.0,3,0.0,-41.87,0.0041,0.0833,0.0121,0.0,0.0124,0.0,0.0833,0
2026-08-27 21:52:48,load_35,1.012,1.03,13.33,instantaneous_fallback,2.536,0.903,0.0,1,,18,265,0.0158,-42.0,3,0.0,-41.93,0.0069,0.0833,0.0113,0.0,0.0106,0.0395,0.0833,0
2026-08-27 21:52:49,load_35,1.013,0.37,13.33,instantaneous_fallback,2.536,0.903,0.0,1,,0,216,0.0157,-42.0,3,0.0,-42.0,0.0025,0.0833,0.0113,0.0,0.0106,0.0392,0.0833,0
2026-08-27 21:52:50,load_35,1.015,0.45,13.33,instantaneous_fallback,2.419,1.18,0.0,1,,0,215,0.0157,-42.33,3,-0.33,-42.07,0.003,0.0833,0.0147,0.0,0.0101,0.0392,0.0833,0
2026-08-27 21:52:51,load_35,1.013,0.37,16.67,instantaneous_fallback,2.13,1.18,0.0,1,,0,217,0.0155,-42.33,3,0.0,-42.13,0.0025,0.1042,0.0147,0.0,0.0089,0.0387,0.1042,0
2026-08-27 21:52:52,load_35,1.057,0.35,17.24,instantaneous_fallback,2.419,1.013,0.0,1,,0,202,0.0159,-42.33,3,0.0,-42.2,0.0023,0.1077,0.0127,0.0,0.0101,0.0398,0.1077,0
2026-08-27 21:52:53,load_35,1.155,0.71,17.24,instantaneous_fallback,24.311,1.013,0.0,1,,0,286,0.0,-42.67,3,-0.33,-42.33,0.0047,0.1077,0.0127,0.0,0.1013,0.0,0.1077,0
2026-08-27 21:52:54,load_35,1.026,0.4,16.67,instantaneous_fallback,35.873,7.355,0.0,1,,104,194,0.0854,-42.67,3,0.0,-42.47,0.0027,0.1042,0.0919,0.0,0.1495,0.2135,0.1495,0
2026-08-27 21:52:55,load_35,1.024,0.39,16.67,instantaneous_fallback,35.873,7.355,0.0,1,,0,218,0.0852,-42.67,3,0.0,-42.53,0.0026,0.1042,0.0919,0.0,0.1495,0.213,0.1495,0
2026-08-27 21:52:56,load_35,1.014,0.35,16.67,instantaneous_fallback,20.947,8.553,0.0,1,,0,196,0.0867,-42.67,3,0.0,-42.6,0.0023,0.1042,0.1069,0.0,0.0873,0.2167,0.1069,0
2026-08-27 21:52:57,load_35,1.019,0.34,16.67,instantaneous_fallback,8.926,8.553,0.0,1,,14,200,0.0974,-42.67,3,0.0,-42.67,0.0023,0.1042,0.1069,0.0,0.0372,0.2435,0.1069,0
2026-08-27 21:52:58,load_35,1.016,0.3,16.67,delta,5.13,0.886,0.0,1,,12,126,0.1222,-42.67,3,0.0,-42.67,0.002,0.1042,0.0111,0.0,0.0214,0.361,0.1042,0
2026-08-27 21:52:59,load_35,1.015,0.43,17.24,instantaneous_fallback,3.442,0.886,0.0,1,,4,232,0.0299,-42.67,3,0.0,-42.67,0.0029,0.1077,0.0111,0.0,0.0143,0.0747,0.1077,0
2026-08-27 21:53:00,load_35,1.014,0.36,17.24,instantaneous_fallback,3.442,1.282,0.0,1,,0,202,0.0304,-42.67,3,0.0,-42.67,0.0024,0.1077,0.016,0.0,0.0143,0.076,0.1077,0
2026-08-27 21:53:01,load_35,1.013,0.45,17.24,delta,3.331,1.282,0.0,1,,0,228,0.0295,-42.67,3,0.0,-42.67,0.003,0.1077,0.016,0.0,0.0139,0.0737,0.1077,0
2026-08-27 21:53:02,load_35,1.013,0.36,16.67,instantaneous_fallback,2.566,1.86,0.0,1,,0,203,0.0159,-42.67,3,0.0,-42.67,0.0024,0.1042,0.0232,0.0,0.0107,0.0398,0.1042,0
2026-08-27 21:53:03,load_35,1.026,0.44,16.67,instantaneous_fallback,2.566,1.86,0.0,1,,12,222,0.0145,-42.33,3,0.33,-42.6,0.0029,0.1042,0.0232,0.0,0.0107,0.0363,0.1042,0
2026-08-27 21:53:04,load_35,1.019,0.36,16.67,instantaneous_fallback,5.488,0.799,0.0,1,,0,205,0.0112,-42.33,3,0.0,-42.53,0.0024,0.1042,0.01,0.0,0.0229,0.028,0.1042,0
2026-08-27 21:53:05,load_35,1.012,0.38,16.67,instantaneous_fallback,5.488,0.799,0.0,1,,0,218,0.011,-42.33,3,0.0,-42.47,0.0025,0.1042,0.01,0.0,0.0229,0.0275,0.1042,0
2026-08-27 21:53:06,load_35,1.013,0.41,16.67,instantaneous_fallback,2.887,0.929,0.0,1,,0,221,0.0111,-42.33,3,0.0,-42.4,0.0027,0.1042,0.0116,0.0,0.012,0.0278,0.1042,0
2026-08-27 21:53:07,load_35,1.012,0.37,16.67,instantaneous_fallback,2.128,0.929,0.0,1,,0,215,0.011,-42.33,3,0.0,-42.33,0.0025,0.1042,0.0116,0.0,0.0089,0.0275,0.1042,0
2026-08-27 21:53:08,load_35,1.015,0.36,16.67,instantaneous_fallback,2.887,0.512,0.0,1,,0,201,0.0,-42.33,3,0.0,-42.33,0.0024,0.1042,0.0064,0.0,0.012,0.0,0.1042,0
2026-08-27 21:53:09,load_35,1.013,0.39,16.67,instantaneous_fallback,2.198,0.512,0.0,1,,0,222,0.0,-42.33,3,0.0,-42.33,0.0026,0.1042,0.0064,0.0,0.0092,0.0,0.1042,0
2026-08-27 21:53:10,load_35,1.013,0.37,13.33,instantaneous_fallback,2.206,0.618,0.0,1,,0,206,0.0,-42.33,3,0.0,-42.33,0.0025,0.0833,0.0077,0.0,0.0092,0.0,0.0833,0
2026-08-27 21:53:11,load_35,1.013,0.19,13.33,instantaneous_fallback,2.206,0.618,0.0,1,,0,114,0.0,-42.33,3,0.0,-42.33,0.0013,0.0833,0.0077,0.0,0.0092,0.0,0.0833,0
2026-08-27 21:53:12,load_35,1.013,0.36,13.33,instantaneous_fallback,2.674,0.995,0.0,1,,0,201,0.0,-42.33,3,0.0,-42.33,0.0024,0.0833,0.0124,0.0,0.0111,0.0,0.0833,0
2026-08-27 21:53:13,load_35,1.013,0.39,13.33,instantaneous_fallback,2.674,0.995,0.0,1,,0,223,0.0,-42.33,3,0.0,-42.33,0.0026,0.0833,0.0124,0.0,0.0111,0.0,0.0833,0
2026-08-27 21:53:14,load_35,1.013,0.47,13.33,instantaneous_fallback,2.552,0.786,0.0,1,,4,219,0.0041,-42.33,3,0.0,-42.33,0.0031,0.0833,0.0098,0.0,0.0106,0.0103,0.0833,0
2026-08-27 21:53:15,load_35,1.011,0.4,13.33,instantaneous_fallback,2.491,0.786,0.0,1,,0,222,0.0041,-42.0,3,0.33,-42.27,0.0027,0.0833,0.0098,0.0,0.0104,0.0103,0.0833,0
2026-08-27 21:53:16,load_35,1.014,0.45,13.33,instantaneous_fallback,2.491,1.147,0.0,1,,0,227,0.0036,-42.0,3,0.0,-42.2,0.003,0.0833,0.0143,0.0,0.0104,0.009,0.0833,0
2026-08-27 21:53:17,load_35,1.012,0.44,16.67,instantaneous_fallback,1.848,1.147,0.0,1,,0,224,0.0036,-41.67,3,0.33,-42.07,0.0029,0.1042,0.0143,0.0,0.0077,0.009,0.1042,0
2026-08-27 21:53:18,load_35,1.013,0.4,16.67,instantaneous_fallback,2.039,1.391,0.0,1,,0,215,0.0036,-41.67,3,0.0,-41.93,0.0027,0.1042,0.0174,0.0,0.0085,0.009,0.1042,0
2026-08-27 21:53:19,load_35,1.013,0.4,13.33,instantaneous_fallback,2.039,1.391,0.0,1,,0,226,0.0,-41.67,3,0.0,-41.8,0.0027,0.0833,0.0174,0.0,0.0085,0.0,0.0833,0
2026-08-27 21:53:20,load_35,1.014,0.38,13.33,instantaneous_fallback,3.433,0.729,0.0,1,,0,209,0.0,-41.67,3,0.0,-41.73,0.0025,0.0833,0.0091,0.0,0.0143,0.0,0.0833,0
2026-08-27 21:53:21,load_35,1.016,0.37,13.33,instantaneous_fallback,3.433,0.729,0.0,1,,0,215,0.0,-42.0,3,-0.33,-41.73,0.0025,0.0833,0.0091,0.0,0.0143,0.0,0.0833,0
2026-08-27 21:53:22,load_35,1.013,0.42,13.33,instantaneous_fallback,3.433,0.641,0.0,1,,34,216,0.0305,-41.67,3,0.33,-41.73,0.0028,0.0833,0.008,0.0,0.0143,0.0762,0.0833,0
2026-08-27 21:53:23,load_35,1.015,0.21,13.33,instantaneous_fallback,3.597,0.641,0.0,1,,12,124,0.0444,-42.0,3,-0.33,-41.8,0.0014,0.0833,0.008,0.0,0.015,0.111,0.0833,0
2026-08-27 21:53:24,load_35,1.014,0.37,13.33,instantaneous_fallback,3.597,0.851,0.0,1,,0,204,0.0454,-42.0,3,0.0,-41.87,0.0025,0.0833,0.0106,0.0,0.015,0.1135,0.0833,0
2026-08-27 21:53:25,load_35,1.012,0.37,13.33,instantaneous_fallback,2.375,0.851,0.0,1,,0,214,0.0451,-42.0,3,0.0,-41.93,0.0025,0.0833,0.0106,0.0,0.0099,0.1127,0.0833,0
2026-08-27 21:53:26,load_35,1.016,0.39,13.33,instantaneous_fallback,2.375,1.326,0.0,1,,2,206,0.0474,-42.0,3,0.0,-41.93,0.0026,0.0833,0.0166,0.0,0.0099,0.1185,0.0833,0
2026-08-27 21:53:27,load_35,1.015,0.39,13.33,instantaneous_fallback,3.226,1.326,0.0,1,,6,225,0.0201,-42.0,3,0.0,-42.0,0.0026,0.0833,0.0166,0.0,0.0134,0.0502,0.0833,0
2026-08-27 21:53:28,load_35,1.012,0.41,13.33,instantaneous_fallback,3.226,1.714,0.0,1,,0,215,0.0075,-41.67,3,0.33,-41.93,0.0027,0.0833,0.0214,0.0,0.0134,0.0187,0.0833,0
2026-08-27 21:53:29,load_35,1.015,0.38,13.33,instantaneous_fallback,3.226,1.714,0.0,1,,2,218,0.0092,-41.67,3,0.0,-41.87,0.0025,0.0833,0.0214,0.0,0.0134,0.023,0.0833,0
2026-08-27 21:53:30,load_35,1.015,0.36,13.33,instantaneous_fallback,3.102,1.31,0.0,1,,0,202,0.0093,-41.67,3,0.0,-41.8,0.0024,0.0833,0.0164,0.0,0.0129,0.0232,0.0833,0
2026-08-27 21:53:31,load_35,1.014,0.43,20.0,instantaneous_fallback,3.102,1.31,0.0,1,,10,235,0.0162,-41.67,3,0.0,-41.73,0.0029,0.125,0.0164,0.0,0.0129,0.0405,0.125,0
2026-08-27 21:53:32,load_35,1.013,0.36,20.0,instantaneous_fallback,2.749,0.743,0.0,1,,0,204,0.011,-41.67,3,0.0,-41.67,0.0024,0.125,0.0093,0.0,0.0115,0.0275,0.125,0
2026-08-27 21:53:33,load_35,1.012,0.37,13.33,instantaneous_fallback,2.416,0.743,0.0,1,,0,216,0.011,-41.67,3,0.0,-41.67,0.0025,0.0833,0.0093,0.0,0.0101,0.0275,0.0833,0
2026-08-27 21:53:34,load_35,1.012,0.45,13.33,instantaneous_fallback,2.303,1.215,0.0,1,,0,216,0.0092,-41.67,3,0.0,-41.67,0.003,0.0833,0.0152,0.0,0.0096,0.023,0.0833,0
2026-08-27 21:53:35,load_35,1.013,0.38,13.33,instantaneous_fallback,2.303,1.215,0.0,1,,0,218,0.0091,-41.67,3,0.0,-41.67,0.0025,0.0833,0.0152,0.0,0.0096,0.0227,0.0833,0
2026-08-27 21:53:36,load_35,1.014,0.18,13.33,instantaneous_fallback,2.4,1.112,0.0,1,,0,100,0.0,-41.33,3,0.33,-41.6,0.0012,0.0833,0.0139,0.0,0.01,0.0,0.0833,0
2026-08-27 21:53:37,load_35,1.014,0.37,13.33,instantaneous_fallback,2.4,1.112,0.0,1,,0,216,0.0,-41.33,3,0.0,-41.53,0.0025,0.0833,0.0139,0.0,0.01,0.0,0.0833,0
2026-08-27 21:53:38,load_35,1.013,0.36,13.33,instantaneous_fallback,2.4,0.577,0.0,1,,0,202,0.0,-41.33,3,0.0,-41.47,0.0024,0.0833,0.0072,0.0,0.01,0.0,0.0833,0
2026-08-27 21:53:40,load_35,1.013,0.37,13.33,instantaneous_fallback,2.101,0.577,0.0,1,,0,216,0.0,-41.33,3,0.0,-41.4,0.0025,0.0833,0.0072,0.0,0.0088,0.0,0.0833,0
2026-08-27 21:53:41,load_35,1.03,0.38,13.33,instantaneous_fallback,2.472,0.968,0.0,1,,0,205,0.0,-41.33,3,0.0,-41.33,0.0025,0.0833,0.0121,0.0,0.0103,0.0,0.0833,0
2026-08-27 21:53:42,load_35,1.014,0.37,13.33,instantaneous_fallback,3.656,0.968,0.0,1,,0,217,0.0,-41.0,3,0.33,-41.27,0.0025,0.0833,0.0121,0.0,0.0152,0.0,0.0833,0
2026-08-27 21:53:43,load_35,1.014,0.37,16.67,instantaneous_fallback,3.656,1.244,0.0,1,,0,206,0.0,-41.0,3,0.0,-41.2,0.0025,0.1042,0.0155,0.0,0.0152,0.0,0.1042,0
2026-08-27 21:53:44,load_35,1.014,0.37,16.67,instantaneous_fallback,3.281,1.244,0.0,1,,0,220,0.0,-41.0,3,0.0,-41.13,0.0025,0.1042,0.0155,0.0,0.0137,0.0,0.1042,0
2026-08-27 21:53:45,load_35,1.012,0.37,13.33,instantaneous_fallback,2.972,0.894,0.0,1,,0,206,0.0,-41.0,3,0.0,-41.07,0.0025,0.0833,0.0112,0.0,0.0124,0.0,0.0833,0
2026-08-27 21:53:46,load_35,1.012,0.37,13.33,delta,2.121,0.894,0.0,1,,0,216,0.0,-41.0,3,0.0,-41.0,0.0025,0.0833,0.0112,0.0,0.0088,0.0,0.0833,0
2026-08-27 21:53:47,load_35,1.013,0.37,16.67,instantaneous_fallback,2.121,0.84,0.0,1,,0,209,0.0,-41.33,3,-0.33,-41.07,0.0025,0.1042,0.0105,0.0,0.0088,0.0,0.1042,0
2026-08-27 21:53:48,load_35,1.015,0.37,16.67,instantaneous_fallback,2.212,0.84,0.0,1,,0,215,0.0,-41.33,3,0.0,-41.13,0.0025,0.1042,0.0105,0.0,0.0092,0.0,0.1042,0
2026-08-27 21:53:49,load_35,1.014,0.38,13.33,instantaneous_fallback,2.614,0.916,0.0,1,,0,210,0.0,-41.33,3,0.0,-41.2,0.0025,0.0833,0.0115,0.0,0.0109,0.0,0.0833,0
2026-08-27 21:53:50,load_35,1.013,0.2,13.33,instantaneous_fallback,2.614,0.916,0.0,1,,4,119,0.0041,-41.33,3,0.0,-41.27,0.0013,0.0833,0.0115,0.0,0.0109,0.0103,0.0833,0
2026-08-27 21:53:51,load_35,1.012,0.37,13.33,instantaneous_fallback,2.185,0.732,0.0,1,,0,207,0.0041,-41.33,3,0.0,-41.33,0.0025,0.0833,0.0092,0.0,0.0091,0.0103,0.0833,0
2026-08-27 21:53:52,load_35,1.013,0.37,13.33,instantaneous_fallback,2.185,0.732,0.0,1,,0,216,0.0041,-41.33,3,0.0,-41.33,0.0025,0.0833,0.0092,0.0,0.0091,0.0103,0.0833,0
2026-08-27 21:53:53,load_35,1.013,0.43,13.33,instantaneous_fallback,2.516,1.289,0.0,1,,8,207,0.0124,-41.33,3,0.0,-41.33,0.0029,0.0833,0.0161,0.0,0.0105,0.031,0.0833,0
2026-08-27 21:53:54,load_35,1.013,0.4,13.33,instantaneous_fallback,2.516,1.289,0.0,1,,0,226,0.0122,-41.0,3,0.33,-41.27,0.0027,0.0833,0.0161,0.0,0.0105,0.0305,0.0833,0
2026-08-27 21:53:55,load_35,1.019,0.39,13.33,instantaneous_fallback,4.266,1.355,0.0,1,,0,213,0.0074,-41.0,3,0.0,-41.2,0.0026,0.0833,0.0169,0.0,0.0178,0.0185,0.0833,0
2026-08-27 21:53:56,load_35,1.014,0.37,13.33,instantaneous_fallback,2.942,1.355,0.0,1,,0,215,0.0074,-41.0,3,0.0,-41.13,0.0025,0.0833,0.0169,0.0,0.0123,0.0185,0.0833,0
2026-08-27 21:53:57,load_35,1.013,0.36,13.33,instantaneous_fallback,2.942,0.91,0.0,1,,0,202,0.0075,-41.0,3,0.0,-41.07,0.0024,0.0833,0.0114,0.0,0.0123,0.0187,0.0833,0
2026-08-27 21:53:58,load_35,1.013,0.37,13.33,instantaneous_fallback,2.942,0.91,0.0,1,,0,213,0.0,-41.0,3,0.0,-41.0,0.0025,0.0833,0.0114,0.0,0.0123,0.0,0.0833,0
2026-08-27 21:53:59,load_35,1.013,0.36,16.67,instantaneous_fallback,2.548,0.905,0.0,1,,0,205,0.0,-41.0,3,0.0,-41.0,0.0024,0.1042,0.0113,0.0,0.0106,0.0,0.1042,0
2026-08-27 21:54:00,load_35,1.013,0.37,16.67,instantaneous_fallback,2.548,0.905,0.0,1,,0,214,0.0,-40.67,3,0.33,-40.93,0.0025,0.1042,0.0113,0.0,0.0106,0.0,0.1042,0
2026-08-27 21:54:01,load_35,1.012,0.36,16.67,instantaneous_fallback,2.474,2.083,0.0,1,,0,200,0.0,-40.67,3,0.0,-40.87,0.0024,0.1042,0.026,0.0,0.0103,0.0,0.1042,0
2026-08-27 21:54:02,load_35,1.012,0.19,20.0,instantaneous_fallback,2.474,2.083,0.0,1,,2,113,0.0021,-40.67,3,0.0,-40.8,0.0013,0.125,0.026,0.0,0.0103,0.0052,0.125,0
2026-08-27 21:54:03,load_35,1.013,0.48,20.0,instantaneous_fallback,2.474,1.201,0.0,1,,0,223,0.0021,-40.67,3,0.0,-40.73,0.0032,0.125,0.015,0.0,0.0103,0.0052,0.125,0
2026-08-27 21:54:04,load_35,1.015,1.79,20.0,instantaneous_fallback,2.974,1.201,0.0,1,,52,335,0.0474,-40.67,3,0.0,-40.67,0.0119,0.125,0.015,0.0,0.0124,0.1185,0.125,0
2026-08-27 21:54:05,load_35,1.019,0.43,20.0,instantaneous_fallback,3.727,0.854,0.0,1,,0,218,0.0472,-40.67,3,0.0,-40.67,0.0029,0.125,0.0107,0.0,0.0155,0.118,0.125,0
2026-08-27 21:54:06,load_35,1.012,0.43,20.0,instantaneous_fallback,3.727,0.854,0.0,1,,0,226,0.0462,-40.33,3,0.33,-40.6,0.0029,0.125,0.0107,0.0,0.0155,0.1155,0.125,0
2026-08-27 21:54:07,load_35,1.014,0.44,23.33,instantaneous_fallback,2.139,0.615,0.0,1,,4,212,0.0441,-40.0,3,0.33,-40.47,0.0029,0.1458,0.0077,0.0,0.0089,0.1103,0.1458,0
2026-08-27 21:54:08,load_35,1.013,0.37,20.0,instantaneous_fallback,2.139,0.615,0.0,1,,0,214,0.0444,-40.0,3,0.0,-40.33,0.0025,0.125,0.0077,0.0,0.0089,0.111,0.125,0
2026-08-27 21:54:09,load_35,1.013,0.36,20.0,instantaneous_fallback,2.211,0.703,0.0,1,,0,205,0.0037,-40.0,3,0.0,-40.2,0.0024,0.125,0.0088,0.0,0.0092,0.0092,0.125,0
2026-08-27 21:54:10,load_35,1.021,0.37,16.67,instantaneous_fallback,2.275,0.703,0.0,1,,0,216,0.0037,-40.0,3,0.0,-40.07,0.0025,0.1042,0.0088,0.0,0.0095,0.0092,0.1042,0
2026-08-27 21:54:11,load_35,1.015,0.45,13.33,instantaneous_fallback,3.076,1.012,0.0,1,,0,219,0.0037,-40.0,3,0.0,-40.0,0.003,0.0833,0.0126,0.0,0.0128,0.0092,0.0833,0
2026-08-27 21:54:12,load_35,1.032,0.85,13.33,instantaneous_fallback,6.123,1.012,0.0,1,,4,285,0.0035,-38.67,3,1.33,-39.73,0.0057,0.0833,0.0126,0.0,0.0255,0.0088,0.0833,0
2026-08-27 21:54:13,load_35,1.013,0.97,13.33,instantaneous_fallback,3.076,1.302,0.0,1,,16,255,0.0167,-38.0,3,0.67,-39.33,0.0065,0.0833,0.0163,0.0,0.0128,0.0417,0.0833,0
2026-08-27 21:54:14,load_35,1.016,0.22,20.0,instantaneous_fallback,3.519,1.302,0.0,1,,0,108,0.0181,-38.0,3,0.0,-38.93,0.0015,0.125,0.0163,0.0,0.0147,0.0452,0.125,0
2026-08-27 21:54:15,load_35,1.014,0.37,20.0,instantaneous_fallback,3.519,1.228,0.0,1,,0,215,0.0181,-38.0,3,0.0,-38.53,0.0025,0.125,0.0153,0.0,0.0147,0.0452,0.125,0
2026-08-27 21:54:16,load_35,1.014,0.38,20.0,instantaneous_fallback,3.519,1.228,0.0,1,,6,221,0.0234,-38.0,3,0.0,-38.13,0.0025,0.125,0.0153,0.0,0.0147,0.0585,0.125,0
2026-08-27 21:54:17,load_35,1.013,0.45,16.67,instantaneous_fallback,2.976,1.755,0.0,1,,0,231,0.0209,-38.67,3,-0.67,-38.13,0.003,0.1042,0.0219,0.0,0.0124,0.0522,0.1042,0
2026-08-27 21:54:18,load_35,1.019,0.37,16.67,instantaneous_fallback,2.976,1.755,0.0,1,,0,216,0.006,-38.67,3,0.0,-38.27,0.0025,0.1042,0.0219,0.0,0.0124,0.015,0.1042,0
2026-08-27 21:54:19,load_35,1.012,0.42,16.67,instantaneous_fallback,3.544,2.212,0.0,1,,4,209,0.0091,-38.67,3,0.0,-38.4,0.0028,0.1042,0.0277,0.0,0.0148,0.0227,0.1042,0
2026-08-27 21:54:20,load_35,1.014,0.38,20.0,instantaneous_fallback,3.544,2.212,0.0,1,,0,216,0.0091,-38.67,3,0.0,-38.53,0.0025,0.125,0.0277,0.0,0.0148,0.0227,0.125,0
2026-08-27 21:54:21,load_35,1.012,0.44,20.69,delta,3.511,1.257,0.0,1,,8,216,0.0109,-39.0,3,-0.33,-38.73,0.0029,0.1293,0.0157,0.0,0.0146,0.0273,0.1293,0
2026-08-27 21:54:22,load_35,1.012,0.53,26.67,instantaneous_fallback,2.124,1.257,0.0,1,,6,250,0.016,-39.67,3,-0.67,-38.93,0.0035,0.1667,0.0157,0.0,0.0089,0.04,0.1667,0
2026-08-27 21:54:23,load_35,1.018,0.39,26.67,instantaneous_fallback,2.124,1.289,0.0,1,,4,204,0.0197,-40.0,3,-0.33,-39.2,0.0026,0.1667,0.0161,0.0,0.0089,0.0493,0.1667,0
2026-08-27 21:54:24,load_35,1.017,0.36,24.14,delta,4.511,1.289,0.0,1,,10,211,0.0249,-40.33,3,-0.33,-39.53,0.0024,0.1509,0.0161,0.0,0.0188,0.0622,0.1509,0
2026-08-27 21:54:25,load_35,1.017,0.36,24.14,instantaneous_fallback,4.511,1.044,0.0,1,,2,202,0.027,-40.33,3,0.0,-39.87,0.0024,0.1509,0.0131,0.0,0.0188,0.0675,0.1509,0
2026-08-27 21:54:26,load_35,1.013,0.37,16.67,instantaneous_fallback,5.187,1.044,0.0,1,,2,213,0.0217,-40.33,3,0.0,-40.13,0.0025,0.1042,0.0131,0.0,0.0216,0.0542,0.1042,0
2026-08-27 21:54:27,load_35,1.012,0.21,16.67,instantaneous_fallback,4.304,0.619,0.0,1,,2,105,0.0209,-40.33,3,0.0,-40.27,0.0014,0.1042,0.0077,0.0,0.0179,0.0522,0.1042,0
2026-08-27 21:54:28,load_35,1.014,0.37,13.79,instantaneous_fallback,2.172,0.619,0.0,1,,0,204,0.0168,-40.33,3,0.0,-40.33,0.0025,0.0862,0.0077,0.0,0.0091,0.042,0.0862,0
2026-08-27 21:54:29,load_35,1.024,0.36,13.33,delta,2.172,0.989,0.0,1,,0,212,0.0064,-40.67,3,-0.33,-40.4,0.0024,0.0833,0.0124,0.0,0.0091,0.016,0.0833,0
2026-08-27 21:54:30,load_35,1.016,0.37,13.33,instantaneous_fallback,4.022,0.989,0.0,1,,0,209,0.0042,-40.67,3,0.0,-40.47,0.0025,0.0833,0.0124,0.0,0.0168,0.0105,0.0833,0
2026-08-27 21:54:31,load_35,1.016,0.37,13.33,instantaneous_fallback,4.022,0.816,0.0,1,,0,210,0.0021,-41.0,3,-0.33,-40.6,0.0025,0.0833,0.0102,0.0,0.0168,0.0052,0.0833,0
2026-08-27 21:54:32,load_35,1.013,0.37,16.67,instantaneous_fallback,3.612,0.816,0.0,1,,8,216,0.0076,-41.33,3,-0.33,-40.8,0.0025,0.1042,0.0102,0.0,0.0151,0.019,0.1042,0
2026-08-27 21:54:33,load_35,1.014,0.36,16.67,instantaneous_fallback,3.084,0.9,0.0,1,,0,201,0.0076,-41.33,3,0.0,-41.0,0.0024,0.1042,0.0112,0.0,0.0129,0.019,0.1042,0
2026-08-27 21:54:34,load_35,1.012,0.37,20.0,instantaneous_fallback,3.084,0.9,0.0,1,,0,218,0.0075,-41.33,3,0.0,-41.13,0.0025,0.125,0.0112,0.0,0.0129,0.0187,0.125,0
2026-08-27 21:54:35,load_35,1.016,0.36,20.0,instantaneous_fallback,4.981,1.557,0.0,1,,0,200,0.0076,-41.33,3,0.0,-41.27,0.0024,0.125,0.0195,0.0,0.0208,0.019,0.125,0
2026-08-27 21:54:36,load_35,1.017,0.37,20.0,instantaneous_fallback,5.246,1.557,0.0,1,,0,217,0.0075,-41.33,3,0.0,-41.33,0.0025,0.125,0.0195,0.0,0.0219,0.0187,0.125,0
2026-08-27 21:54:37,load_35,1.014,0.38,16.67,instantaneous_fallback,5.246,1.427,0.0,1,,4,223,0.0038,-41.0,3,0.33,-41.27,0.0025,0.1042,0.0178,0.0,0.0219,0.0095,0.1042,0
2026-08-27 21:54:38,load_35,1.013,0.37,16.67,instantaneous_fallback,5.246,1.427,0.0,1,,0,215,0.0037,-40.67,3,0.33,-41.13,0.0025,0.1042,0.0178,0.0,0.0219,0.0092,0.1042,0
2026-08-27 21:54:39,load_35,1.017,0.18,16.67,instantaneous_fallback,4.377,0.95,0.0,1,,0,102,0.0042,-40.67,3,0.0,-41.0,0.0012,0.1042,0.0119,0.0,0.0182,0.0105,0.1042,0
2026-08-27 21:54:40,load_35,1.015,0.36,16.67,instantaneous_fallback,4.377,0.95,0.0,1,,0,204,0.0041,-40.67,3,0.0,-40.87,0.0024,0.1042,0.0119,0.0,0.0182,0.0103,0.1042,0
2026-08-27 21:54:41,load_35,1.016,0.36,16.67,instantaneous_fallback,4.377,1.578,0.0,1,,0,211,0.0042,-40.67,3,0.0,-40.73,0.0024,0.1042,0.0197,0.0,0.0182,0.0105,0.1042,0
2026-08-27 21:54:42,load_35,1.013,2.37,16.67,instantaneous_fallback,2.632,1.578,0.0,1,,36,241,0.0357,-40.0,3,0.67,-40.53,0.0158,0.1042,0.0197,0.0,0.011,0.0893,0.1042,0
2026-08-27 21:54:43,load_35,2.011,0.21,16.67,instantaneous_fallback,2.696,5.59,0.0,1,,20,224,0.0539,-40.0,3,0.0,-40.4,0.0014,0.1042,0.0699,0.0,0.0112,0.1348,0.1042,0
2026-08-27 21:54:45,load_35,2.012,40.22,16.67,instantaneous_fallback,2.696,5.59,0.0,1,,1870,2788,0.3443,-36.0,3,4.0,-39.47,0.2681,0.1042,0.0699,0.0,0.0112,0.9072,0.1042,0
2026-08-27 21:54:47,load_35,2.035,54.21,68.97,delta,197.301,5.59,0.0,1,,1106,1587,0.3751,-36.67,3,-0.67,-38.67,0.3614,0.6746,0.0699,0.0,0.6074,0.9585,0.6746,2
2026-08-27 21:54:49,load_35,2.015,58.28,86.67,instantaneous_fallback,197.301,5.59,0.0,1,,0,380,0.3674,-36.33,3,0.33,-37.8,0.3885,0.9445,0.0699,0.0,0.6074,0.9457,0.9445,3
2026-08-27 21:54:52,load_35,2.017,50.11,89.66,instantaneous_fallback,1445.62,5.59,0.0,1,,0,227,0.3653,-35.67,3,0.67,-36.93,0.3341,0.9943,0.0699,0.0,1.0,0.9422,1.0,3
2026-08-27 21:54:54,load_35,2.016,35.74,89.66,instantaneous_fallback,0.0,5.59,0.0,1,,0,289,0.3609,-35.67,3,0.0,-36.07,0.2383,0.9943,0.0699,0.0,1.0,0.9348,1.0,3
2026-08-27 21:54:56,load_35,2.016,40.56,89.66,delta,1307.144,,,0,,0,228,0.2898,-36.67,3,-1.0,-36.2,0.2704,0.9943,0.0,1.0,1.0,0.8163,1.0,3
2026-08-27 21:54:58,load_35,2.016,44.87,86.67,instantaneous_fallback,0.0,,,0,,130,582,0.0708,-36.33,3,0.33,-36.13,0.2991,0.9445,0.0,1.0,1.0,0.177,1.0,3
2026-08-27 21:55:00,load_35,2.016,44.25,86.67,instantaneous_fallback,0.0,,,0,,0,206,0.0782,-36.33,3,0.0,-36.13,0.295,0.9445,0.0,1.0,1.0,0.1955,1.0,3
2026-08-27 21:55:02,load_35,2.015,50.4,86.67,instantaneous_fallback,0.0,,,0,,0,106,0.0844,-36.0,3,0.33,-36.2,0.336,0.9445,0.0,1.0,1.0,0.211,1.0,3
2026-08-27 21:55:04,load_35,2.017,64.49,86.67,instantaneous_fallback,0.0,,,0,,78,455,0.1165,-36.33,3,-0.33,-36.33,0.4299,0.9445,0.0,1.0,1.0,0.3325,1.0,3
2026-08-27 21:55:06,load_35,2.016,40.7,86.67,instantaneous_fallback,0.0,,,0,,28,361,0.1213,-36.0,3,0.33,-36.2,0.2713,0.9445,0.0,1.0,1.0,0.3565,1.0,3
2026-08-27 21:55:08,load_35,2.016,30.29,86.67,instantaneous_fallback,0.0,,,0,,0,348,0.067,-37.0,3,-1.0,-36.33,0.2019,0.9445,0.0,1.0,1.0,0.1675,1.0,3
2026-08-27 21:55:10,load_35,2.016,33.53,86.67,instantaneous_fallback,0.0,,,0,,0,181,0.0681,-36.67,3,0.33,-36.4,0.2235,0.9445,0.0,1.0,1.0,0.1702,1.0,3
2026-08-27 21:55:12,load_35,2.016,25.83,86.67,instantaneous_fallback,0.0,,,0,,0,196,0.0644,-36.33,3,0.33,-36.47,0.1722,0.9445,0.0,1.0,1.0,0.161,1.0,3
2026-08-27 21:55:14,load_35,2.016,29.43,86.67,instantaneous_fallback,0.0,,,0,,0,320,0.0195,-37.0,3,-0.67,-36.6,0.1962,0.9445,0.0,1.0,1.0,0.0488,1.0,3
2026-08-27 21:55:16,load_35,2.016,51.19,86.67,instantaneous_fallback,0.0,,,0,,2,398,0.0014,-37.0,3,0.0,-36.8,0.3413,0.9445,0.0,1.0,1.0,0.0035,1.0,3
2026-08-27 21:55:18,load_35,2.016,65.52,86.67,instantaneous_fallback,313.673,,,0,,2264,3308,0.3398,-38.0,3,-1.0,-37.0,0.4368,0.9445,0.0,1.0,0.7568,0.8997,1.0,3
2026-08-27 21:55:20,load_35,2.015,53.47,73.33,instantaneous_fallback,313.673,,,0,,1638,2662,0.3619,-37.67,3,0.33,-37.2,0.3565,0.7291,0.0,1.0,0.7568,0.9365,1.0,3
2026-08-27 21:55:22,load_35,2.016,77.35,73.33,instantaneous_fallback,333.521,7.872,0.266,1,,1762,3560,0.356,-38.0,3,-0.33,-37.53,0.5157,0.7291,0.0984,0.133,0.7668,0.9267,0.7668,3
2026-08-27 21:55:24,load_35,2.007,68.43,73.33,instantaneous_fallback,313.238,7.872,0.266,1,,2786,3959,0.3784,-38.0,3,0.0,-37.73,0.4562,0.7291,0.0984,0.133,0.7566,0.964,0.7566,3
2026-08-27 21:55:26,load_35,2.011,67.25,66.67,instantaneous_fallback,227.324,7.872,0.266,1,,2050,5019,0.362,-38.33,3,-0.33,-38.0,0.4483,0.6459,0.0984,0.133,0.6491,0.9367,0.6491,2
2026-08-27 21:55:28,load_35,2.01,66.48,66.67,instantaneous_fallback,227.324,8.846,0.266,1,,2456,4480,0.352,-38.67,3,-0.33,-38.13,0.4432,0.6459,0.1106,0.133,0.6491,0.92,0.6491,2
2026-08-27 21:55:30,load_35,2.011,49.12,66.67,instantaneous_fallback,231.541,8.846,0.266,1,,1538,2604,0.3506,-38.67,3,0.0,-38.33,0.3275,0.6459,0.1106,0.133,0.6549,0.9177,0.6549,2
2026-08-27 21:55:32,load_35,2.172,68.67,66.67,instantaneous_fallback,375.167,8.846,0.266,1,,2492,4386,0.3564,-37.67,3,1.0,-38.27,0.4578,0.6459,0.1106,0.133,0.7876,0.9273,0.7876,3
2026-08-27 21:55:34,load_35,1.027,134.09,70.0,instantaneous_fallback,375.167,8.846,0.266,1,,2444,3406,0.3556,-37.0,3,0.67,-38.07,0.8939,0.6875,0.1106,0.133,0.7876,0.926,0.7876,3
2026-08-27 21:55:35,load_35,1.138,53.54,66.67,instantaneous_fallback,95.899,8.181,10.904,1,,1044,2261,0.3679,-37.67,3,-0.67,-37.93,0.3569,0.6459,0.1023,1.0,0.3996,0.9465,1.0,3
2026-08-27 21:55:36,load_35,2.01,34.7,76.67,delta,95.899,8.181,10.904,1,,608,3360,0.3366,-36.67,3,1.0,-37.53,0.2313,0.7778,0.1023,1.0,0.3996,0.8943,1.0,3
2026-08-27 21:55:38,load_35,2.033,77.18,75.86,instantaneous_fallback,473.198,8.181,10.904,1,,1780,4229,0.3217,-36.33,3,0.33,-37.07,0.5145,0.7643,0.1023,1.0,0.8366,0.8695,1.0,3
2026-08-27 21:55:40,load_35,2.142,67.21,75.86,instantaneous_fallback,511.602,8.181,10.904,1,,2724,4151,0.3307,-35.67,3,0.67,-36.67,0.4481,0.7643,0.1023,1.0,0.8558,0.8845,1.0,3
2026-08-27 21:55:42,load_35,2.01,63.12,70.0,instantaneous_fallback,511.602,15.568,0.266,1,,2378,3777,0.3243,-36.67,3,-1.0,-36.6,0.4208,0.6875,0.1946,0.133,0.8558,0.8738,0.8558,3
2026-08-27 21:55:44,load_35,1.055,129.98,70.0,instantaneous_fallback,169.369,15.568,0.266,1,,2616,4825,0.3319,-36.0,3,0.67,-36.27,0.8665,0.6875,0.1946,0.133,0.5686,0.8865,0.6875,2
2026-08-27 21:55:45,load_35,2.01,32.4,60.0,instantaneous_fallback,99.357,15.568,0.266,1,,950,3346,0.3395,-35.67,3,0.33,-36.07,0.216,0.5625,0.1946,0.133,0.414,0.8992,0.5625,2
2026-08-27 21:55:47,load_35,2.033,58.3,60.0,delta,33.829,15.568,0.266,1,,2132,2866,0.3628,-35.67,3,0.0,-35.93,0.3887,0.5625,0.1946,0.133,0.141,0.938,0.5625,2
2026-08-27 21:55:49,load_35,2.012,35.24,86.67,instantaneous_fallback,0.0,15.568,0.266,1,,74,358,0.3495,-35.0,3,0.67,-35.8,0.2349,0.9445,0.1946,0.133,1.0,0.9158,1.0,3
2026-08-27 21:55:51,load_35,2.016,42.77,86.67,instantaneous_fallback,0.0,15.568,0.266,1,,4,88,0.3347,-35.33,3,-0.33,-35.53,0.2851,0.9445,0.1946,0.133,1.0,0.8912,1.0,3
2026-08-27 21:55:53,load_35,2.016,51.21,86.67,instantaneous_fallback,0.0,,,0,,0,28,0.3209,-35.0,3,0.33,-35.33,0.3414,0.9445,0.0,1.0,1.0,0.8682,1.0,3
2026-08-27 21:55:55,load_35,2.016,42.8,90.0,instantaneous_fallback,0.0,,,0,,0,180,0.3857,-35.33,3,-0.33,-35.27,0.2853,1.0,0.0,1.0,1.0,0.9762,1.0,3
2026-08-27 21:55:58,load_35,2.017,54.66,90.0,instantaneous_fallback,0.0,,,0,,0,414,0.0681,-36.0,3,-0.67,-35.33,0.3644,1.0,0.0,1.0,1.0,0.1702,1.0,3
2026-08-27 21:56:00,load_35,2.015,42.0,90.0,instantaneous_fallback,0.0,,,0,,0,98,0.0049,-35.0,3,1.0,-35.33,0.28,1.0,0.0,1.0,1.0,0.0123,1.0,3
2026-08-27 21:56:02,load_35,2.017,48.85,86.67,instantaneous_fallback,0.0,,,0,,0,194,0.0,-34.67,3,0.33,-35.2,0.3257,0.9445,0.0,1.0,1.0,0.0,1.0,3
2026-08-27 21:56:04,load_35,2.016,53.47,86.67,instantaneous_fallback,0.0,,,0,,0,258,0.0,-36.0,3,-1.33,-35.4,0.3565,0.9445,0.0,1.0,1.0,0.0,1.0,3
2026-08-27 21:56:06,load_35,2.015,46.28,86.67,instantaneous_fallback,0.0,,,0,,0,317,0.0,-35.33,3,0.67,-35.4,0.3085,0.9445,0.0,1.0,1.0,0.0,1.0,3
2026-08-27 21:56:08,load_35,2.016,19.01,86.67,instantaneous_fallback,0.0,,,0,,2,338,0.0017,-36.67,3,-1.33,-35.53,0.1267,0.9445,0.0,1.0,1.0,0.0042,1.0,3
2026-08-27 21:56:10,load_35,2.017,38.44,90.0,instantaneous_fallback,0.0,,,0,,0,235,0.0015,-36.33,3,0.33,-35.8,0.2563,1.0,0.0,1.0,1.0,0.0037,1.0,3
2026-08-27 21:56:12,load_35,2.015,45.57,86.67,instantaneous_fallback,0.0,,,0,,18,445,0.0124,-36.0,3,0.33,-36.07,0.3038,0.9445,0.0,1.0,1.0,0.031,1.0,3
2026-08-27 21:56:14,load_35,2.017,49.94,90.0,instantaneous_fallback,0.0,,,0,,0,143,0.0134,-36.0,3,0.0,-36.07,0.3329,1.0,0.0,1.0,1.0,0.0335,1.0,3
2026-08-27 21:56:16,load_35,2.016,45.66,86.67,instantaneous_fallback,0.0,,,0,,0,447,0.0123,-36.0,3,0.0,-36.2,0.3044,0.9445,0.0,1.0,1.0,0.0307,1.0,3
2026-08-27 21:56:18,load_35,2.015,42.11,89.66,instantaneous_fallback,0.0,,,0,,0,228,0.0119,-36.0,3,0.0,-36.07,0.2807,0.9943,0.0,1.0,1.0,0.0298,1.0,3
2026-08-27 21:56:20,load_35,2.017,60.76,89.66,delta,0.0,,,0,,0,94,0.0131,-36.0,3,0.0,-36.0,0.4051,0.9943,0.0,1.0,1.0,0.0328,1.0,3
2026-08-27 21:56:22,load_35,2.016,54.92,93.1,instantaneous_fallback,113.692,,,0,,70,543,0.0459,-36.33,3,-0.33,-36.07,0.3661,1.0,0.0,1.0,0.4737,0.1148,1.0,3
2026-08-27 21:56:24,load_35,1.295,82.51,93.1,instantaneous_fallback,162.732,,,0,,2696,5133,0.3003,-36.67,3,-0.33,-36.2,0.5501,1.0,0.0,1.0,0.5594,0.8338,1.0,3
2026-08-27 21:56:25,load_35,2.033,27.58,93.1,delta,113.692,6.796,0.0,1,,814,2171,0.3047,-37.0,3,-0.33,-36.4,0.1839,1.0,0.0849,0.0,0.4737,0.8412,1.0,3
2026-08-27 21:56:27,load_35,1.23,93.54,62.07,instantaneous_fallback,119.374,6.796,0.0,1,,1904,5376,0.2917,-37.0,3,0.0,-36.6,0.6236,0.5884,0.0849,0.0,0.4974,0.8195,0.5884,2
2026-08-27 21:56:28,load_35,2.034,23.3,100.0,delta,119.374,6.796,0.0,1,,1228,1558,0.3123,-36.67,3,0.33,-36.73,0.1553,1.0,0.0849,0.0,0.4974,0.8538,1.0,3
2026-08-27 21:56:30,load_35,2.016,55.87,66.67,instantaneous_fallback,119.374,9.095,0.266,1,,2952,4080,0.3437,-37.0,3,-0.33,-36.87,0.3725,0.6459,0.1137,0.133,0.4974,0.9062,0.6459,2
2026-08-27 21:56:32,load_35,2.009,48.24,68.97,instantaneous_fallback,273.797,9.095,0.266,1,,2440,4722,0.3427,-35.67,3,1.33,-36.67,0.3216,0.6746,0.1137,0.133,0.7136,0.9045,0.7136,2
2026-08-27 21:56:34,load_35,1.031,39.14,68.97,delta,84.673,9.095,0.266,1,,604,1196,0.3503,-35.33,3,0.33,-36.33,0.2609,0.6746,0.1137,0.133,0.3528,0.9172,0.6746,2
2026-08-27 21:56:35,load_35,1.434,38.29,80.0,instantaneous_fallback,237.777,9.095,0.266,1,,672,2333,0.3625,-36.0,3,-0.67,-36.13,0.2553,0.8333,0.1137,0.133,0.6636,0.9375,0.8333,3
2026-08-27 21:56:37,load_35,2.022,22.66,80.0,instantaneous_fallback,137.381,9.095,0.266,1,,1272,1610,0.3629,-35.33,3,0.67,-35.87,0.1511,0.8333,0.1137,0.133,0.5241,0.9382,0.8333,3
2026-08-27 21:56:39,load_35,1.169,108.2,80.0,delta,137.381,6.221,0.266,1,,3122,5630,0.3436,-36.33,3,-1.0,-35.73,0.7213,0.8333,0.0778,0.133,0.5241,0.906,0.8333,3
2026-08-27 21:56:40,load_35,2.031,36.59,68.97,instantaneous_fallback,137.381,6.221,0.266,1,,1062,3157,0.3259,-36.0,3,0.33,-35.8,0.2439,0.6746,0.0778,0.133,0.5241,0.8765,0.6746,2
2026-08-27 21:56:42,load_35,2.015,67.09,66.67,instantaneous_fallback,287.292,6.221,0.266,1,,2622,4160,0.3413,-36.67,3,-0.67,-36.07,0.4473,0.6459,0.0778,0.133,0.7323,0.9022,0.7323,2
2026-08-27 21:56:44,load_35,2.016,61.94,66.67,instantaneous_fallback,287.292,8.169,0.266,1,,2284,3514,0.3644,-36.0,3,0.67,-36.07,0.4129,0.6459,0.1021,0.133,0.7323,0.9407,0.7323,2
2026-08-27 21:56:46,load_35,1.01,65.46,66.67,instantaneous_fallback,25.407,8.169,0.266,1,,1590,3451,0.3491,-37.0,3,-1.0,-36.4,0.4364,0.6459,0.1021,0.133,0.1059,0.9152,0.6459,2
2026-08-27 21:56:47,load_35,1.008,0.36,30.0,instantaneous_fallback,2.846,1.601,0.0,1,,2,202,0.343,-37.0,3,0.0,-36.53,0.0024,0.1875,0.02,0.0,0.0119,0.905,0.1875,0
2026-08-27 21:56:48,load_35,1.009,0.38,13.33,instantaneous_fallback,2.846,1.601,0.0,1,,26,220,0.361,-37.33,3,-0.33,-36.8,0.0025,0.0833,0.02,0.0,0.0119,0.935,0.0833,0
2026-08-27 21:56:49,load_35,1.014,0.18,13.33,instantaneous_fallback,2.142,1.237,0.0,1,,0,102,0.3426,-37.33,3,0.0,-36.93,0.0012,0.0833,0.0155,0.0,0.0089,0.9043,0.0833,0
2026-08-27 21:56:50,load_35,1.014,0.37,13.33,instantaneous_fallback,2.906,1.237,0.0,1,,0,216,0.2785,-37.33,3,0.0,-37.2,0.0025,0.0833,0.0155,0.0,0.0121,0.7975,0.0833,0
2026-08-27 21:56:51,load_35,1.017,0.36,13.33,instantaneous_fallback,2.906,0.969,0.0,1,,0,202,0.0289,-37.33,3,0.0,-37.27,0.0024,0.0833,0.0121,0.0,0.0121,0.0722,0.0833,0
2026-08-27 21:56:52,load_35,1.014,0.38,13.33,delta,2.967,0.969,0.0,1,,0,218,0.0264,-37.67,3,-0.33,-37.4,0.0025,0.0833,0.0121,0.0,0.0124,0.066,0.0833,0
2026-08-27 21:56:53,load_35,1.013,0.36,13.33,instantaneous_fallback,2.967,1.764,0.0,1,,2,204,0.0021,-37.67,3,0.0,-37.47,0.0024,0.0833,0.0221,0.0,0.0124,0.0052,0.0833,0
2026-08-27 21:56:54,load_35,1.013,0.49,13.33,instantaneous_fallback,2.376,1.764,0.0,1,,0,238,0.0019,-38.33,3,-0.67,-37.67,0.0033,0.0833,0.0221,0.0,0.0099,0.0047,0.0833,0
2026-08-27 21:56:55,load_35,1.014,0.5,13.33,instantaneous_fallback,2.332,1.729,0.0,1,,4,219,0.0055,-38.33,3,0.0,-37.87,0.0033,0.0833,0.0216,0.0,0.0097,0.0137,0.0833,0
2026-08-27 21:56:56,load_35,1.016,0.37,17.24,delta,2.332,1.729,0.0,1,,0,216,0.0054,-38.33,3,0.0,-38.07,0.0025,0.1077,0.0216,0.0,0.0097,0.0135,0.1077,0
2026-08-27 21:56:57,load_35,1.013,0.45,17.24,instantaneous_fallback,2.332,1.503,0.0,1,,2,210,0.0073,-38.33,3,0.0,-38.2,0.003,0.1077,0.0188,0.0,0.0097,0.0182,0.1077,0
2026-08-27 21:56:58,load_35,1.012,0.37,16.67,instantaneous_fallback,3.609,1.503,0.0,1,,6,216,0.0108,-38.33,3,0.0,-38.33,0.0025,0.1042,0.0188,0.0,0.015,0.027,0.1042,0
2026-08-27 21:56:59,load_35,1.013,0.47,16.67,instantaneous_fallback,2.177,0.514,0.0,1,,0,208,0.0111,-38.33,3,0.0,-38.33,0.0031,0.1042,0.0064,0.0,0.0091,0.0278,0.1042,0
2026-08-27 21:57:00,load_35,1.013,0.38,16.67,instantaneous_fallback,2.217,0.514,0.0,1,,20,218,0.0255,-38.33,3,0.0,-38.33,0.0025,0.1042,0.0064,0.0,0.0092,0.0638,0.1042,0
2026-08-27 21:57:01,load_35,1.017,0.36,16.67,instantaneous_fallback,2.217,1.46,0.0,1,,0,206,0.0258,-38.33,3,0.0,-38.33,0.0024,0.1042,0.0182,0.0,0.0092,0.0645,0.1042,0
2026-08-27 21:57:02,load_35,1.014,0.19,16.67,instantaneous_fallback,3.603,1.46,0.0,1,,6,116,0.0321,-38.0,3,0.33,-38.27,0.0013,0.1042,0.0182,0.0,0.015,0.0802,0.1042,0
2026-08-27 21:57:03,load_35,1.013,0.46,16.67,instantaneous_fallback,3.829,1.617,0.0,1,,0,214,0.0263,-38.0,3,0.0,-38.2,0.0031,0.1042,0.0202,0.0,0.016,0.0658,0.1042,0
2026-08-27 21:57:04,load_35,1.012,0.39,20.0,instantaneous_fallback,3.603,1.617,0.0,1,,0,226,0.0258,-37.67,3,0.33,-38.07,0.0026,0.125,0.0202,0.0,0.015,0.0645,0.125,0
2026-08-27 21:57:05,load_35,1.013,0.36,20.0,instantaneous_fallback,2.33,1.547,0.0,1,,4,205,0.0102,-37.67,3,0.0,-37.93,0.0024,0.125,0.0193,0.0,0.0097,0.0255,0.125,0
2026-08-27 21:57:06,load_35,1.044,0.36,20.0,instantaneous_fallback,2.33,1.547,0.0,1,,4,216,0.0141,-37.67,3,0.0,-37.8,0.0024,0.125,0.0193,0.0,0.0097,0.0352,0.125,0
2026-08-27 21:57:07,load_35,1.013,0.47,20.0,instantaneous_fallback,3.274,1.234,0.0,1,,4,221,0.011,-37.33,3,0.33,-37.67,0.0031,0.125,0.0154,0.0,0.0136,0.0275,0.125,0
2026-08-27 21:57:08,load_35,1.015,1.07,20.0,instantaneous_fallback,3.453,1.234,0.0,1,,16,322,0.023,-37.0,3,0.33,-37.47,0.0071,0.125,0.0154,0.0,0.0144,0.0575,0.125,0
2026-08-27 21:57:09,load_35,1.015,0.53,23.33,instantaneous_fallback,3.274,2.681,0.0,1,,18,229,0.0371,-37.0,3,0.0,-37.33,0.0035,0.1458,0.0335,0.0,0.0136,0.0927,0.1458,0
2026-08-27 21:57:10,load_35,1.017,0.81,20.0,instantaneous_fallback,3.453,2.681,0.0,1,,26,277,0.051,-36.67,3,0.33,-37.13,0.0054,0.125,0.0335,0.0,0.0144,0.1275,0.125,0
2026-08-27 21:57:11,load_35,1.012,0.6,23.33,instantaneous_fallback,3.748,1.442,0.0,1,,40,229,0.0753,-36.33,3,0.33,-36.87,0.004,0.1458,0.018,0.0,0.0156,0.1883,0.1458,0
2026-08-27 21:57:12,load_35,1.013,0.48,20.0,instantaneous_fallback,3.748,1.442,0.0,1,,8,242,0.0768,-36.67,3,-0.33,-36.73,0.0032,0.125,0.018,0.0,0.0156,0.192,0.125,0
2026-08-27 21:57:13,load_35,1.019,0.46,20.0,instantaneous_fallback,3.748,1.821,0.0,1,,0,223,0.0712,-37.0,3,-0.33,-36.73,0.0031,0.125,0.0228,0.0,0.0156,0.178,0.125,0
2026-08-27 21:57:14,load_35,1.013,0.39,20.0,instantaneous_fallback,2.374,1.821,0.0,1,,6,217,0.0631,-37.0,3,0.0,-36.73,0.0026,0.125,0.0228,0.0,0.0099,0.1578,0.125,0
2026-08-27 21:57:15,load_35,1.014,0.24,20.0,instantaneous_fallback,2.374,1.0,0.0,1,,20,111,0.0675,-37.0,3,0.0,-36.8,0.0016,0.125,0.0125,0.0,0.0099,0.1688,0.125,0
2026-08-27 21:57:16,load_35,1.013,0.38,20.0,instantaneous_fallback,2.374,1.0,0.0,1,,18,219,0.0489,-37.0,3,0.0,-36.93,0.0025,0.125,0.0125,0.0,0.0099,0.1222,0.125,0
2026-08-27 21:57:17,load_35,1.013,0.37,23.33,instantaneous_fallback,2.23,0.771,0.0,1,,0,206,0.0431,-37.0,3,0.0,-37.0,0.0025,0.1458,0.0096,0.0,0.0093,0.1077,0.1458,0
2026-08-27 21:57:19,load_35,1.014,0.37,23.33,instantaneous_fallback,2.23,0.771,0.0,1,,4,218,0.0471,-37.0,3,0.0,-37.0,0.0025,0.1458,0.0096,0.0,0.0093,0.1177,0.1458,0
2026-08-27 21:57:20,load_35,1.022,0.42,20.0,instantaneous_fallback,2.23,2.027,0.0,1,,2,211,0.0436,-37.0,3,0.0,-37.0,0.0028,0.125,0.0253,0.0,0.0093,0.109,0.125,0
2026-08-27 21:57:21,load_35,1.012,0.4,20.0,instantaneous_fallback,2.351,2.027,0.0,1,,0,225,0.0218,-36.67,3,0.33,-36.93,0.0027,0.125,0.0253,0.0,0.0098,0.0545,0.125,0
2026-08-27 21:57:22,load_35,1.013,0.36,20.0,instantaneous_fallback,2.351,1.264,0.0,1,,0,201,0.0056,-36.67,3,0.0,-36.87,0.0024,0.125,0.0158,0.0,0.0098,0.014,0.125,0
2026-08-27 21:57:23,load_35,1.014,0.37,20.0,instantaneous_fallback,2.351,1.264,0.0,1,,2,218,0.0074,-36.67,3,0.0,-36.8,0.0025,0.125,0.0158,0.0,0.0098,0.0185,0.125,0
2026-08-27 21:57:24,load_35,1.013,0.36,20.0,instantaneous_fallback,2.175,0.696,0.0,1,,0,203,0.0038,-36.67,3,0.0,-36.73,0.0024,0.125,0.0087,0.0,0.0091,0.0095,0.125,0
2026-08-27 21:57:25,load_35,1.013,0.37,13.33,instantaneous_fallback,2.417,0.696,0.0,1,,0,216,0.0019,-36.67,3,0.0,-36.67,0.0025,0.0833,0.0087,0.0,0.0101,0.0047,0.0833,0
2026-08-27 21:57:26,load_35,1.019,0.36,16.67,instantaneous_fallback,2.517,1.11,0.0,1,,2,203,0.0038,-36.67,3,0.0,-36.67,0.0024,0.1042,0.0139,0.0,0.0105,0.0095,0.1042,0
2026-08-27 21:57:27,load_35,1.014,0.45,16.67,instantaneous_fallback,3.991,1.11,0.0,1,,6,228,0.0093,-36.67,3,0.0,-36.67,0.003,0.1042,0.0139,0.0,0.0166,0.0232,0.1042,0
2026-08-27 21:57:28,load_35,1.013,0.3,23.33,instantaneous_fallback,4.675,1.189,0.0,1,,2,128,0.0101,-36.33,3,0.33,-36.6,0.002,0.1458,0.0149,0.0,0.0195,0.0253,0.1458,0
2026-08-27 21:57:29,load_35,1.011,0.38,23.33,instantaneous_fallback,3.991,1.189,0.0,1,,6,220,0.0158,-36.67,3,-0.33,-36.6,0.0025,0.1458,0.0149,0.0,0.0166,0.0395,0.1458,0
2026-08-27 21:57:30,load_35,1.014,0.37,20.0,instantaneous_fallback,4.675,0.828,0.0,1,,0,207,0.016,-36.67,3,0.0,-36.6,0.0025,0.125,0.0103,0.0,0.0195,0.04,0.125,0
2026-08-27 21:57:31,load_35,1.013,0.51,20.0,instantaneous_fallback,3.05,0.828,0.0,1,,2,224,0.0156,-36.67,3,0.0,-36.6,0.0034,0.125,0.0103,0.0,0.0127,0.039,0.125,0
2026-08-27 21:57:32,load_35,1.013,0.37,16.67,instantaneous_fallback,3.05,1.594,0.0,1,,10,206,0.0199,-36.67,3,0.0,-36.6,0.0025,0.1042,0.0199,0.0,0.0127,0.0498,0.1042,0
2026-08-27 21:57:33,load_35,1.013,0.37,23.33,instantaneous_fallback,3.05,1.594,0.0,1,,0,214,0.0165,-36.67,3,0.0,-36.67,0.0025,0.1458,0.0199,0.0,0.0127,0.0413,0.1458,0
2026-08-27 21:57:34,load_35,1.014,0.36,20.0,instantaneous_fallback,3.622,1.587,0.0,1,,0,203,0.0113,-36.67,3,0.0,-36.67,0.0024,0.125,0.0198,0.0,0.0151,0.0282,0.125,0
2026-08-27 22:00:13,load_25,0.0,0.0,16.67,instantaneous,1.855,,,0,,0,0,0.0,-36.0,3,0.0,-36.0,0.0,0.1042,0.0,0.0,0.0077,0.0,0.1042,0
2026-08-27 22:00:15,load_25,1.009,0.37,16.67,instantaneous_fallback,3.13,1.144,0.0,1,,0,204,0.0,-35.67,3,0.33,-35.83,0.0025,0.1042,0.0143,0.0,0.013,0.0,0.1042,0
2026-08-27 22:00:16,load_25,1.008,0.38,16.67,instantaneous_fallback,2.522,1.144,0.0,1,,0,217,0.0,-35.33,3,0.33,-35.67,0.0025,0.1042,0.0143,0.0,0.0105,0.0,0.1042,0
2026-08-27 22:00:17,load_25,1.012,0.18,13.33,instantaneous_fallback,4.406,1.104,0.0,1,,0,102,0.0,-35.33,3,0.0,-35.58,0.0012,0.0833,0.0138,0.0,0.0184,0.0,0.0833,0
2026-08-27 22:00:18,load_25,1.013,0.37,13.33,instantaneous_fallback,2.522,1.104,0.0,1,,0,217,0.0,-35.33,3,0.0,-35.53,0.0025,0.0833,0.0138,0.0,0.0105,0.0,0.0833,0
2026-08-27 22:00:19,load_25,1.01,0.36,13.33,instantaneous_fallback,2.907,0.79,0.0,1,,0,204,0.0,-35.33,3,0.0,-35.4,0.0024,0.0833,0.0099,0.0,0.0121,0.0,0.0833,0
2026-08-27 22:00:20,load_25,1.012,0.37,13.33,instantaneous_fallback,2.907,0.79,0.0,1,,0,215,0.0,-35.33,3,0.0,-35.33,0.0025,0.0833,0.0099,0.0,0.0121,0.0,0.0833,0
2026-08-27 22:00:21,load_25,1.013,0.36,13.33,instantaneous_fallback,2.907,0.743,0.0,1,,0,203,0.0,-35.33,3,0.0,-35.33,0.0024,0.0833,0.0093,0.0,0.0121,0.0,0.0833,0
2026-08-27 22:00:22,load_25,1.013,0.37,13.33,instantaneous_fallback,2.613,0.743,0.0,1,,0,215,0.0,-35.33,3,0.0,-35.33,0.0025,0.0833,0.0093,0.0,0.0109,0.0,0.0833,0
2026-08-27 22:00:23,load_25,1.013,0.36,13.33,instantaneous_fallback,2.139,1.054,0.0,1,,0,204,0.0,-35.33,3,0.0,-35.33,0.0024,0.0833,0.0132,0.0,0.0089,0.0,0.0833,0
2026-08-27 22:00:24,load_25,1.012,0.38,13.33,instantaneous_fallback,2.048,1.054,0.0,1,,2,223,0.0019,-35.33,3,0.0,-35.33,0.0025,0.0833,0.0132,0.0,0.0085,0.0047,0.0833,0
2026-08-27 22:00:25,load_25,1.012,0.36,13.33,instantaneous_fallback,2.048,0.746,0.0,1,,2,202,0.0038,-35.33,3,0.0,-35.33,0.0024,0.0833,0.0093,0.0,0.0085,0.0095,0.0833,0
2026-08-27 22:00:26,load_25,1.017,0.37,13.33,instantaneous_fallback,2.318,0.746,0.0,1,,0,216,0.0038,-35.33,3,0.0,-35.33,0.0025,0.0833,0.0093,0.0,0.0097,0.0095,0.0833,0
2026-08-27 22:00:27,load_25,1.013,0.36,13.33,instantaneous_fallback,3.248,1.145,0.0,1,,0,202,0.0038,-35.33,3,0.0,-35.33,0.0024,0.0833,0.0143,0.0,0.0135,0.0095,0.0833,0
2026-08-27 22:00:28,load_25,1.012,0.37,13.33,instantaneous_fallback,3.248,1.145,0.0,1,,0,214,0.0038,-35.33,3,0.0,-35.33,0.0025,0.0833,0.0143,0.0,0.0135,0.0095,0.0833,0
2026-08-27 22:00:29,load_25,1.024,0.53,13.33,instantaneous_fallback,3.248,1.425,0.0,1,,0,219,0.0019,-35.33,3,0.0,-35.33,0.0035,0.0833,0.0178,0.0,0.0135,0.0047,0.0833,0
2026-08-27 22:00:30,load_25,1.014,0.19,13.33,instantaneous_fallback,9.718,1.425,0.0,1,,0,115,0.0,-35.33,3,0.0,-35.33,0.0013,0.0833,0.0178,0.0,0.0405,0.0,0.0833,0
2026-08-27 22:00:31,load_25,1.012,0.42,13.33,instantaneous_fallback,9.718,1.052,0.0,1,,10,215,0.0103,-35.33,3,0.0,-35.33,0.0028,0.0833,0.0132,0.0,0.0405,0.0258,0.0833,0
2026-08-27 22:00:32,load_25,1.018,2.69,13.33,instantaneous_fallback,4.24,1.052,0.0,1,,0,272,0.0096,-33.0,3,2.33,-34.87,0.0179,0.0833,0.0132,0.0,0.0177,0.024,0.0833,0
2026-08-27 22:00:33,load_25,1.013,0.39,13.33,instantaneous_fallback,2.295,0.818,0.0,1,,0,212,0.0096,-33.0,3,0.0,-34.4,0.0026,0.0833,0.0102,0.0,0.0096,0.024,0.0833,0
2026-08-27 22:00:34,load_25,1.013,0.38,16.67,instantaneous_fallback,2.98,0.818,0.0,1,,0,218,0.0096,-33.0,3,0.0,-33.93,0.0025,0.1042,0.0102,0.0,0.0124,0.024,0.1042,0
2026-08-27 22:00:35,load_25,1.013,2.46,13.33,instantaneous_fallback,2.98,1.81,0.0,1,,0,283,0.0083,-33.0,3,0.0,-33.47,0.0164,0.0833,0.0226,0.0,0.0124,0.0207,0.0833,0
2026-08-27 22:00:36,load_25,1.014,0.39,16.67,instantaneous_fallback,2.98,1.81,0.0,1,,0,223,0.0,-33.0,3,0.0,-33.0,0.0026,0.1042,0.0226,0.0,0.0124,0.0,0.1042,0
2026-08-27 22:00:37,load_25,1.069,0.34,16.67,instantaneous_fallback,3.693,1.367,0.0,1,,0,202,0.0,-33.0,3,0.0,-33.0,0.0023,0.1042,0.0171,0.0,0.0154,0.0,0.1042,0
2026-08-27 22:00:38,load_25,1.011,0.37,16.67,instantaneous_fallback,4.617,1.367,0.0,1,,0,214,0.0,-32.67,3,0.33,-32.93,0.0025,0.1042,0.0171,0.0,0.0192,0.0,0.1042,0
2026-08-27 22:00:39,load_25,1.013,0.54,16.67,instantaneous_fallback,4.617,0.971,0.0,1,,8,225,0.0069,-32.67,3,0.0,-32.87,0.0036,0.1042,0.0121,0.0,0.0192,0.0172,0.1042,0
2026-08-27 22:00:40,load_25,1.013,0.37,33.33,instantaneous_fallback,2.932,0.971,0.0,1,,0,216,0.0074,-32.67,3,0.0,-32.8,0.0025,0.2083,0.0121,0.0,0.0122,0.0185,0.2083,0
2026-08-27 22:00:41,load_25,1.015,0.36,33.33,instantaneous_fallback,2.526,2.273,0.0,1,,0,203,0.0075,-32.67,3,0.0,-32.73,0.0024,0.2083,0.0284,0.0,0.0105,0.0187,0.2083,0
2026-08-27 22:00:42,load_25,1.03,0.37,13.79,instantaneous_fallback,2.526,2.273,0.0,1,,6,216,0.0129,-33.0,3,-0.33,-32.73,0.0025,0.0862,0.0284,0.0,0.0105,0.0323,0.0862,0
2026-08-27 22:00:43,load_25,1.072,0.32,13.79,delta,12.611,6.404,0.532,1,,102,192,0.0993,-33.0,3,0.0,-32.8,0.0021,0.0862,0.08,0.266,0.0525,0.2482,0.266,1
2026-08-27 22:00:44,load_25,1.062,0.07,63.33,instantaneous_fallback,26.861,6.404,0.532,1,,8,48,0.1171,-33.0,3,0.0,-32.87,0.0005,0.6041,0.08,0.266,0.1119,0.3355,0.6041,2
2026-08-27 22:00:45,load_25,1.015,0.07,63.33,instantaneous_fallback,26.861,6.404,0.532,1,,0,16,0.1466,-33.33,3,-0.33,-33.0,0.0005,0.6041,0.08,0.266,0.1119,0.483,0.6041,2
2026-08-27 22:00:46,load_25,1.013,0.42,23.33,instantaneous_fallback,3.732,6.404,0.532,1,,20,103,0.1913,-33.67,3,-0.33,-33.2,0.0028,0.1458,0.08,0.266,0.0156,0.6032,0.266,1
2026-08-27 22:00:47,load_25,1.047,0.35,23.33,instantaneous_fallback,3.732,2.118,0.266,1,,0,202,0.1881,-33.67,3,0.0,-33.33,0.0023,0.1458,0.0265,0.133,0.0156,0.5952,0.1458,0
2026-08-27 22:00:48,load_25,1.019,0.36,23.33,instantaneous_fallback,16.989,2.118,0.266,1,,30,209,0.0912,-33.67,3,0.0,-33.47,0.0024,0.1458,0.0265,0.133,0.0708,0.228,0.1458,0
2026-08-27 22:00:49,load_25,1.012,0.36,40.0,instantaneous_fallback,16.989,1.299,0.0,1,,16,200,0.0829,-33.67,3,0.0,-33.6,0.0024,0.25,0.0162,0.0,0.0708,0.2073,0.25,1
2026-08-27 22:00:50,load_25,1.012,0.38,56.67,instantaneous_fallback,3.118,1.299,0.0,1,,4,219,0.0698,-33.67,3,0.0,-33.67,0.0025,0.5209,0.0162,0.0,0.013,0.1745,0.5209,2
2026-08-27 22:00:52,load_25,1.012,0.36,56.67,instantaneous_fallback,2.158,2.778,0.0,1,,0,203,0.0462,-33.67,3,0.0,-33.67,0.0024,0.5209,0.0347,0.0,0.009,0.1155,0.5209,2
2026-08-27 22:00:53,load_25,1.013,0.36,30.0,instantaneous_fallback,1.73,2.778,0.0,1,,46,208,0.0846,-34.0,3,-0.33,-33.73,0.0024,0.1875,0.0347,0.0,0.0072,0.2115,0.1875,0
2026-08-27 22:00:54,load_25,1.013,0.36,30.0,instantaneous_fallback,1.73,1.673,0.0,1,,0,203,0.0601,-34.0,3,0.0,-33.8,0.0024,0.1875,0.0209,0.0,0.0072,0.1502,0.1875,0
2026-08-27 22:00:55,load_25,1.264,1.94,30.0,instantaneous_fallback,2.037,1.673,0.0,1,,0,268,0.0434,-35.0,3,-1.0,-34.07,0.0129,0.1875,0.0209,0.0,0.0085,0.1085,0.1875,0
2026-08-27 22:00:56,load_25,2.012,21.59,20.0,instantaneous_fallback,2.037,1.673,0.0,1,,1176,1947,0.3017,-40.67,3,-5.67,-35.47,0.1439,0.125,0.0209,0.0,0.0085,0.8362,0.125,0
2026-08-27 22:00:58,load_25,2.022,50.36,20.0,instantaneous_fallback,0.0,1.673,0.0,1,,1032,1572,0.3493,-42.33,3,-1.67,-37.2,0.3357,0.125,0.0209,0.0,1.0,0.9155,1.0,3
2026-08-27 22:01:00,load_25,2.009,25.56,73.33,instantaneous_fallback,0.0,1.673,0.0,1,,4,125,0.3496,-33.33,3,9.0,-37.07,0.1704,0.7291,0.0209,0.0,1.0,0.916,1.0,3
2026-08-27 22:01:02,load_25,2.017,4.26,90.0,instantaneous_fallback,0.0,1.673,0.0,1,,0,27,0.3596,-35.0,3,-1.67,-37.27,0.0284,1.0,0.0209,0.0,1.0,0.9327,1.0,3
2026-08-27 22:01:04,load_25,2.015,1.96,90.0,instantaneous_fallback,0.0,,,0,,2,18,0.3751,-35.0,3,0.0,-37.27,0.0131,1.0,0.0,1.0,1.0,0.9585,1.0,3
2026-08-27 22:01:06,load_25,2.016,2.05,90.0,instantaneous_fallback,0.0,,,0,,0,15,0.3714,-34.67,3,0.33,-36.07,0.0137,1.0,0.0,1.0,1.0,0.9523,1.0,3
2026-08-27 22:01:08,load_25,2.016,2.39,90.0,instantaneous_fallback,0.0,,,0,,2,4,0.0406,-34.33,3,0.33,-34.47,0.0159,1.0,0.0,1.0,1.0,0.1015,1.0,3
2026-08-27 22:01:10,load_25,2.017,14.9,90.0,instantaneous_fallback,0.0,,,0,,0,25,0.043,-34.33,3,0.0,-34.67,0.0993,1.0,0.0,1.0,1.0,0.1075,1.0,3
2026-08-27 22:01:12,load_25,2.016,35.54,90.0,instantaneous_fallback,0.0,,,0,,10,40,0.1207,-35.0,3,-0.67,-34.67,0.2369,1.0,0.0,1.0,1.0,0.3535,1.0,3
2026-08-27 22:01:14,load_25,2.015,38.5,90.0,instantaneous_fallback,0.0,,,0,,0,194,0.0414,-34.67,3,0.33,-34.6,0.2567,1.0,0.0,1.0,1.0,0.1035,1.0,3
2026-08-27 22:01:16,load_25,2.016,36.01,90.0,instantaneous_fallback,0.0,,,0,,20,346,0.0499,-34.67,3,0.0,-34.6,0.2401,1.0,0.0,1.0,1.0,0.1247,1.0,3
2026-08-27 22:01:18,load_25,2.017,27.55,89.66,instantaneous_fallback,0.0,,,0,,114,593,0.1073,-34.33,3,0.33,-34.6,0.1837,0.9943,0.0,1.0,1.0,0.2865,1.0,3
2026-08-27 22:01:20,load_25,2.016,35.94,89.66,instantaneous_fallback,0.0,,,0,,4,363,0.0879,-34.33,3,0.0,-34.6,0.2396,0.9943,0.0,1.0,1.0,0.2198,1.0,3
2026-08-27 22:01:22,load_25,2.016,46.45,89.66,instantaneous_fallback,0.0,,,0,,0,200,0.0752,-34.33,3,0.0,-34.47,0.3097,0.9943,0.0,1.0,1.0,0.188,1.0,3
2026-08-27 22:01:24,load_25,2.016,38.6,86.67,instantaneous_fallback,0.0,,,0,,0,272,0.0722,-34.0,3,0.33,-34.33,0.2573,0.9445,0.0,1.0,1.0,0.1805,1.0,3
2026-08-27 22:01:26,load_25,2.016,41.79,89.66,instantaneous_fallback,0.0,,,0,,0,186,0.0681,-34.0,3,0.0,-34.2,0.2786,0.9943,0.0,1.0,1.0,0.1702,1.0,3
2026-08-27 22:01:28,load_25,2.016,58.89,89.66,delta,0.0,,,0,,0,304,0.003,-33.67,3,0.33,-34.07,0.3926,0.9943,0.0,1.0,1.0,0.0075,1.0,3
2026-08-27 22:01:30,load_25,2.015,55.14,90.0,instantaneous_fallback,0.0,,,0,,0,124,0.0,-33.67,3,0.0,-33.93,0.3676,1.0,0.0,1.0,1.0,0.0,1.0,3
2026-08-27 22:01:32,load_25,2.016,59.21,90.0,instantaneous_fallback,0.0,,,0,,4,73,0.0042,-33.33,3,0.33,-33.73,0.3947,1.0,0.0,1.0,1.0,0.0105,1.0,3
2026-08-27 22:01:34,load_25,2.017,35.66,90.0,instantaneous_fallback,0.0,,,0,,2,160,0.007,-33.67,3,-0.33,-33.67,0.2377,1.0,0.0,1.0,1.0,0.0175,1.0,3
2026-08-27 22:01:36,load_25,2.016,50.07,90.0,instantaneous_fallback,0.0,,,0,,0,405,0.0056,-33.33,3,0.33,-33.53,0.3338,1.0,0.0,1.0,1.0,0.014,1.0,3
2026-08-27 22:01:38,load_25,2.015,43.67,86.67,instantaneous_fallback,0.0,,,0,,4,335,0.009,-33.0,3,0.33,-33.4,0.2911,0.9445,0.0,1.0,1.0,0.0225,1.0,3
2026-08-27 22:01:40,load_25,1.02,98.02,86.67,instantaneous_fallback,64.165,,,0,,876,1347,0.2764,-33.67,3,-0.67,-33.4,0.6535,0.9445,0.0,1.0,0.2674,0.794,1.0,3
2026-08-27 22:01:41,load_25,1.037,61.09,86.67,instantaneous_fallback,147.584,,,0,,1104,3511,0.2565,-34.0,3,-0.33,-33.53,0.4073,0.9445,0.0,1.0,0.5383,0.7608,1.0,3
2026-08-27 22:01:42,load_25,1.031,31.36,90.0,delta,64.165,7.322,0.0,1,,238,1463,0.2394,-33.67,3,0.33,-33.53,0.2091,1.0,0.0915,0.0,0.2674,0.7235,1.0,3
2026-08-27 22:01:43,load_25,1.093,52.31,73.33,instantaneous_fallback,121.004,7.322,0.0,1,,556,2220,0.2384,-33.67,3,0.0,-33.6,0.3487,0.7291,0.0915,0.0,0.5014,0.721,0.7291,2
2026-08-27 22:01:44,load_25,1.035,65.86,79.31,instantaneous_fallback,47.173,25.854,2.394,1,,1412,3412,0.2594,-32.67,3,1.0,-33.53,0.4391,0.8218,0.3963,0.5871,0.1966,0.7657,0.8218,3
2026-08-27 22:01:45,load_25,2.01,28.16,73.33,instantaneous_fallback,15.051,25.854,2.394,1,,3076,2159,0.3335,-32.67,3,0.0,-33.33,0.1877,0.7291,0.3963,0.5871,0.0627,0.8892,0.7291,2
2026-08-27 22:01:47,load_25,2.01,52.56,73.33,instantaneous_fallback,15.051,7.066,0.0,1,,2916,4386,0.3754,-32.67,3,0.0,-33.07,0.3504,0.7291,0.0883,0.0,0.0627,0.959,0.7291,2
2026-08-27 22:01:49,load_25,1.12,131.26,70.0,instantaneous_fallback,112.916,7.066,0.0,1,,2400,4454,0.3838,-33.33,3,-0.67,-33.0,0.8751,0.6875,0.0883,0.0,0.4705,0.973,0.6875,2
2026-08-27 22:01:51,load_25,1.183,67.0,68.97,instantaneous_fallback,112.916,7.066,0.0,1,,1054,3945,0.3717,-33.0,3,0.33,-32.87,0.4467,0.6746,0.0883,0.0,0.4705,0.9528,0.6746,2
2026-08-27 22:01:52,load_25,2.01,34.88,62.07,instantaneous_fallback,112.916,7.066,0.0,1,,746,2791,0.365,-33.67,3,-0.67,-33.07,0.2325,0.5884,0.0883,0.0,0.4705,0.9417,0.5884,2
2026-08-27 22:01:54,load_25,2.01,58.44,62.07,delta,187.014,9.427,0.0,1,,2858,4796,0.3287,-32.67,3,1.0,-33.07,0.3896,0.5884,0.1178,0.0,0.5931,0.8812,0.5931,2
2026-08-27 22:01:56,load_25,1.032,103.68,72.41,instantaneous_fallback,187.014,9.427,0.0,1,,2670,4281,0.3243,-32.67,3,0.0,-33.07,0.6912,0.7176,0.1178,0.0,0.5931,0.8738,0.7176,2
2026-08-27 22:01:57,load_25,1.241,48.85,72.41,instantaneous_fallback,133.589,9.427,0.0,1,,870,3046,0.303,-32.67,3,0.0,-32.93,0.3257,0.7176,0.1178,0.0,0.5189,0.8383,0.7176,2
2026-08-27 22:01:58,load_25,2.009,26.41,66.67,instantaneous_fallback,133.589,11.085,8.511,1,,874,1708,0.3254,-33.0,3,-0.33,-32.93,0.1761,0.6459,0.1386,0.9255,0.5189,0.8757,0.9255,3
2026-08-27 22:02:00,load_25,1.049,124.66,63.33,instantaneous_fallback,133.589,11.085,8.511,1,,2662,4951,0.3459,-33.0,3,0.0,-32.8,0.8311,0.6041,0.1386,0.9255,0.5189,0.9098,0.9255,3
2026-08-27 22:02:01,load_25,1.036,54.42,66.67,instantaneous_fallback,83.358,11.085,8.511,1,,1378,2530,0.3386,-32.67,3,0.33,-32.8,0.3628,0.6459,0.1386,0.9255,0.3473,0.8977,0.9255,3
2026-08-27 22:02:02,load_25,1.037,57.9,63.33,instantaneous_fallback,24.752,7.36,0.0,1,,688,2940,0.299,-33.0,3,-0.33,-32.87,0.386,0.6041,0.092,0.0,0.1031,0.8317,0.6041,2
2026-08-27 22:02:03,load_25,1.018,63.66,63.33,instantaneous_fallback,23.845,7.36,0.0,1,,1464,2756,0.3219,-33.0,3,0.0,-32.93,0.4244,0.6041,0.092,0.0,0.0994,0.8698,0.6041,2
2026-08-27 22:02:04,load_25,1.317,49.37,63.33,instantaneous_fallback,24.752,7.36,0.0,1,,1198,2914,0.3147,-33.33,3,-0.33,-33.0,0.3291,0.6041,0.092,0.0,0.1031,0.8578,0.6041,2
2026-08-27 22:02:05,load_25,2.01,26.82,60.0,instantaneous_fallback,167.25,7.36,0.0,1,,1048,2148,0.303,-33.0,3,0.33,-33.0,0.1788,0.5625,0.092,0.0,0.5656,0.8383,0.5656,2
2026-08-27 22:02:07,load_25,2.035,61.18,63.33,instantaneous_fallback,221.662,11.272,30.585,1,,2828,4208,0.3256,-33.0,3,0.0,-33.07,0.4079,0.6041,0.1409,1.0,0.6412,0.876,1.0,3
2026-08-27 22:02:09,load_25,2.017,67.44,66.67,instantaneous_fallback,221.662,11.272,30.585,1,,1828,3187,0.3548,-32.33,3,0.67,-32.93,0.4496,0.6459,0.1409,1.0,0.6412,0.9247,1.0,3
2026-08-27 22:02:12,load_25,2.015,61.42,66.67,instantaneous_fallback,274.372,11.738,0.266,1,,2846,5135,0.3565,-32.33,3,0.0,-32.8,0.4095,0.6459,0.1467,0.133,0.7144,0.9275,0.7144,2
2026-08-27 22:02:14,load_25,1.076,84.27,66.67,delta,226.666,11.738,0.266,1,,1888,3578,0.3638,-32.33,3,0.0,-32.6,0.5618,0.6459,0.1467,0.133,0.6481,0.9397,0.6481,2
2026-08-27 22:02:15,load_25,1.255,38.93,65.52,instantaneous_fallback,251.765,11.738,0.266,1,,816,2719,0.3515,-32.33,3,0.0,-32.47,0.2595,0.6315,0.1467,0.133,0.683,0.9192,0.683,2
2026-08-27 22:02:16,load_25,2.02,28.3,65.52,instantaneous_fallback,226.666,11.738,0.266,1,,1094,2204,0.3349,-32.67,3,-0.33,-32.4,0.1887,0.6315,0.1467,0.133,0.6481,0.8915,0.6481,2
2026-08-27 22:02:18,load_25,2.007,70.01,65.52,instantaneous_fallback,251.765,11.738,0.266,1,,3202,4905,0.3468,-32.33,3,0.33,-32.4,0.4667,0.6315,0.1467,0.133,0.683,0.9113,0.683,2
2026-08-27 22:02:20,load_25,1.083,87.62,73.33,instantaneous_fallback,140.178,8.515,0.266,1,,1718,4224,0.3309,-32.33,3,0.0,-32.4,0.5841,0.7291,0.1064,0.133,0.528,0.8848,0.7291,2
2026-08-27 22:02:21,load_25,1.284,51.22,63.33,instantaneous_fallback,142.572,8.515,0.266,1,,1122,3241,0.315,-32.33,3,0.0,-32.4,0.3415,0.6041,0.1064,0.133,0.5313,0.8583,0.6041,2
2026-08-27 22:02:22,load_25,2.028,51.73,66.67,instantaneous_fallback,142.572,12.528,0.0,1,,1308,4402,0.308,-32.33,3,0.0,-32.4,0.3449,0.6459,0.1566,0.0,0.5313,0.8467,0.6459,2
2026-08-27 22:02:24,load_25,2.013,82.95,65.52,instantaneous_fallback,221.206,12.528,0.0,1,,3376,5428,0.3258,-32.0,3,0.33,-32.27,0.553,0.6315,0.1566,0.0,0.6406,0.8763,0.6406,2
2026-08-27 22:02:26,load_25,2.016,55.49,65.52,delta,221.206,12.528,0.0,1,,2390,3642,0.3214,-32.67,3,-0.67,-32.33,0.3699,0.6315,0.1566,0.0,0.6406,0.869,0.6406,2
2026-08-27 22:02:28,load_25,1.143,125.81,60.0,instantaneous_fallback,136.112,7.853,0.266,1,,2076,6391,0.3078,-33.0,3,-0.33,-32.47,0.8387,0.5625,0.0982,0.133,0.5224,0.8463,0.5625,2
2026-08-27 22:02:29,load_25,1.113,62.77,60.0,instantaneous_fallback,136.112,7.853,0.266,1,,1072,3184,0.3073,-32.67,3,0.33,-32.53,0.4185,0.5625,0.0982,0.133,0.5224,0.8455,0.5625,2
2026-08-27 22:02:31,load_25,1.042,65.27,63.33,instantaneous_fallback,69.715,7.853,0.266,1,,1570,2617,0.3302,-32.67,3,0.0,-32.6,0.4351,0.6041,0.0982,0.133,0.2905,0.8837,0.6041,2
2026-08-27 22:02:32,load_25,2.01,30.0,63.33,instantaneous_fallback,25.423,43.053,8.511,1,,960,3028,0.2996,-32.67,3,0.0,-32.73,0.2,0.6041,0.6632,0.9255,0.1059,0.8327,0.9255,3
2026-08-27 22:02:34,load_25,1.202,87.67,63.33,instantaneous_fallback,25.423,43.053,8.511,1,,1368,3186,0.2768,-32.67,3,0.0,-32.73,0.5845,0.6041,0.6632,0.9255,0.1059,0.7947,0.9255,3
2026-08-27 22:02:35,load_25,1.044,52.5,73.33,instantaneous_fallback,80.338,43.053,8.511,1,,1324,2627,0.3006,-32.67,3,0.0,-32.67,0.35,0.7291,0.6632,0.9255,0.3347,0.8343,0.9255,3
2026-08-27 22:02:36,load_25,1.021,47.82,73.33,instantaneous_fallback,80.338,43.053,8.511,1,,1202,1939,0.3241,-32.67,3,0.0,-32.67,0.3188,0.7291,0.6632,0.9255,0.3347,0.8735,0.9255,3
2026-08-27 22:02:37,load_25,1.416,27.53,70.0,instantaneous_fallback,80.338,5.606,2.394,1,,558,1938,0.2985,-32.67,3,0.0,-32.67,0.1835,0.6875,0.0701,0.5871,0.3347,0.8308,0.6875,2
2026-08-27 22:02:38,load_25,2.01,27.4,70.0,instantaneous_fallback,214.634,5.606,2.394,1,,754,2406,0.3009,-32.33,3,0.33,-32.6,0.1827,0.6875,0.0701,0.5871,0.6314,0.8348,0.6875,2
2026-08-27 22:02:40,load_25,1.133,89.5,73.33,instantaneous_fallback,214.634,5.606,2.394,1,,2200,3850,0.3212,-33.0,3,-0.67,-32.67,0.5967,0.7291,0.0701,0.5871,0.6314,0.8687,0.7291,2
2026-08-27 22:02:41,load_25,2.011,28.07,73.33,instantaneous_fallback,107.853,8.446,5.851,1,,1040,3080,0.3034,-32.67,3,0.33,-32.67,0.1871,0.7291,0.1056,0.7925,0.4494,0.839,0.7925,3
2026-08-27 22:02:43,load_25,2.011,55.75,72.41,instantaneous_fallback,107.853,8.446,5.851,1,,1896,4338,0.2923,-32.67,3,0.0,-32.67,0.3717,0.7176,0.1056,0.7925,0.4494,0.8205,0.7925,3
2026-08-27 22:02:45,load_25,1.129,92.08,60.0,delta,205.596,8.446,5.851,1,,1768,3871,0.3039,-32.67,3,0.0,-32.67,0.6139,0.5625,0.1056,0.7925,0.6189,0.8398,0.7925,3
2026-08-27 22:02:47,load_25,1.022,101.21,66.67,instantaneous_fallback,205.596,8.446,5.851,1,,2092,4716,0.3118,-32.67,3,0.0,-32.73,0.6747,0.6459,0.1056,0.7925,0.6189,0.853,0.7925,3
2026-08-27 22:02:48,load_25,1.4,20.88,66.67,instantaneous_fallback,205.596,10.93,0.266,1,,386,1486,0.2911,-32.67,3,0.0,-32.67,0.1392,0.6459,0.1366,0.133,0.6189,0.8185,0.6459,2
2026-08-27 22:02:49,load_25,2.013,43.85,66.67,instantaneous_fallback,245.275,10.93,0.266,1,,1210,3092,0.2958,-32.67,3,0.0,-32.67,0.2923,0.6459,0.1366,0.133,0.674,0.8263,0.674,2
2026-08-27 22:02:51,load_25,2.017,73.79,66.67,instantaneous_fallback,280.865,18.01,4.255,1,,3170,4717,0.3254,-32.67,3,0.0,-32.67,0.4919,0.6459,0.2251,0.7034,0.7234,0.8757,0.7234,2
2026-08-27 22:02:53,load_25,2.015,78.76,66.67,instantaneous_fallback,280.865,18.01,4.255,1,,3378,5518,0.3439,-32.67,3,0.0,-32.67,0.5251,0.6459,0.2251,0.7034,0.7234,0.9065,0.7234,2
2026-08-27 22:02:55,load_25,2.016,49.21,66.67,instantaneous_fallback,245.829,14.544,0.266,1,,1916,4261,0.3453,-33.0,3,-0.33,-32.73,0.3281,0.6459,0.1818,0.133,0.6748,0.9088,0.6748,2
2026-08-27 22:02:57,load_25,1.042,67.05,63.33,instantaneous_fallback,176.183,14.544,0.266,1,,1508,3408,0.3475,-32.67,3,0.33,-32.73,0.447,0.6041,0.1818,0.133,0.578,0.9125,0.6041,2
2026-08-27 22:02:58,load_25,1.052,0.06,23.33,instantaneous_fallback,69.87,14.544,0.266,1,,0,37,0.3573,-32.67,3,0.0,-32.73,0.0004,0.1458,0.1818,0.133,0.2911,0.9288,0.2911,1
2026-08-27 22:02:59,load_25,1.022,0.37,17.24,instantaneous_fallback,41.879,6.44,0.0,1,,28,210,0.3371,-32.67,3,0.0,-32.73,0.0025,0.1077,0.0805,0.0,0.1745,0.8952,0.1745,0
2026-08-27 22:03:00,load_25,1.014,0.37,16.67,instantaneous_fallback,34.178,6.44,0.0,1,,18,219,0.299,-32.67,3,0.0,-32.73,0.0025,0.1042,0.0805,0.0,0.1424,0.8317,0.1424,0
2026-08-27 22:03:01,load_25,1.013,0.37,13.33,instantaneous_fallback,2.123,1.023,0.0,1,,0,212,0.2755,-32.67,3,0.0,-32.67,0.0025,0.0833,0.0128,0.0,0.0088,0.7925,0.0833,0
2026-08-27 22:03:02,load_25,1.012,0.4,13.33,instantaneous_fallback,2.075,1.023,0.0,1,,0,231,0.0482,-32.67,3,0.0,-32.67,0.0027,0.0833,0.0128,0.0,0.0086,0.1205,0.0833,0
2026-08-27 22:03:03,load_25,1.013,0.36,13.33,instantaneous_fallback,2.075,0.968,0.0,1,,0,204,0.041,-32.33,3,0.33,-32.6,0.0024,0.0833,0.0121,0.0,0.0086,0.1025,0.0833,0
2026-08-27 22:03:04,load_25,1.014,1.0,16.67,instantaneous_fallback,2.498,0.968,0.0,1,,10,249,0.0245,-32.33,3,0.0,-32.53,0.0067,0.1042,0.0121,0.0,0.0104,0.0613,0.1042,0
2026-08-27 22:03:05,load_25,1.011,0.43,16.67,instantaneous_fallback,2.498,1.005,0.0,1,,0,214,0.0089,-32.33,3,0.0,-32.47,0.0029,0.1042,0.0126,0.0,0.0104,0.0222,0.1042,0
2026-08-27 22:03:06,load_25,1.015,0.4,16.67,instantaneous_fallback,2.911,1.005,0.0,1,,0,227,0.0088,-32.33,3,0.0,-32.4,0.0027,0.1042,0.0126,0.0,0.0121,0.022,0.1042,0
2026-08-27 22:03:07,load_25,1.013,0.36,13.79,delta,2.434,1.055,0.0,1,,0,206,0.009,-32.33,3,0.0,-32.33,0.0024,0.0862,0.0132,0.0,0.0101,0.0225,0.0862,0
2026-08-27 22:03:08,load_25,1.013,0.19,13.33,instantaneous_fallback,2.434,1.055,0.0,1,,0,116,0.0098,-32.33,3,0.0,-32.33,0.0013,0.0833,0.0132,0.0,0.0101,0.0245,0.0833,0
2026-08-27 22:03:09,load_25,1.018,0.36,13.33,instantaneous_fallback,2.434,1.291,0.0,1,,2,205,0.0021,-32.33,3,0.0,-32.33,0.0024,0.0833,0.0161,0.0,0.0101,0.0052,0.0833,0
2026-08-27 22:03:10,load_25,1.012,0.37,13.33,delta,2.159,1.291,0.0,1,,2,213,0.0041,-32.33,3,0.0,-32.33,0.0025,0.0833,0.0161,0.0,0.009,0.0103,0.0833,0
2026-08-27 22:03:11,load_25,1.013,0.36,16.67,instantaneous_fallback,2.968,0.77,0.0,1,,0,204,0.0042,-32.33,3,0.0,-32.33,0.0024,0.1042,0.0096,0.0,0.0124,0.0105,0.1042,0
2026-08-27 22:03:12,load_25,1.015,0.66,16.67,instantaneous_fallback,2.968,0.77,0.0,1,,0,236,0.0041,-32.33,3,0.0,-32.33,0.0044,0.1042,0.0096,0.0,0.0124,0.0103,0.1042,0
2026-08-27 22:03:13,load_25,1.013,0.37,16.67,instantaneous_fallback,2.968,1.295,0.0,1,,2,211,0.0056,-32.33,3,0.0,-32.33,0.0025,0.1042,0.0162,0.0,0.0124,0.014,0.1042,0
2026-08-27 22:03:14,load_25,1.019,0.37,16.67,instantaneous_fallback,3.419,1.295,0.0,1,,32,214,0.0323,-32.33,3,0.0,-32.33,0.0025,0.1042,0.0162,0.0,0.0142,0.0808,0.1042,0
2026-08-27 22:03:15,load_25,1.014,0.36,16.67,instantaneous_fallback,2.257,1.385,0.0,1,,0,203,0.0309,-32.33,3,0.0,-32.33,0.0024,0.1042,0.0173,0.0,0.0094,0.0772,0.1042,0
2026-08-27 22:03:16,load_25,1.017,0.37,16.67,instantaneous_fallback,3.972,1.385,0.0,1,,0,218,0.0305,-32.33,3,0.0,-32.33,0.0025,0.1042,0.0173,0.0,0.0165,0.0762,0.1042,0
2026-08-27 22:03:17,load_25,1.012,0.36,16.67,instantaneous_fallback,3.972,0.95,0.0,1,,0,204,0.0314,-32.33,3,0.0,-32.33,0.0024,0.1042,0.0119,0.0,0.0165,0.0785,0.1042,0
2026-08-27 22:03:18,load_25,1.013,0.37,16.67,instantaneous_fallback,3.972,0.95,0.0,1,,0,217,0.0294,-32.67,3,-0.33,-32.4,0.0025,0.1042,0.0119,0.0,0.0165,0.0735,0.1042,0
2026-08-27 22:03:19,load_25,1.013,0.36,16.67,instantaneous_fallback,2.27,1.204,0.0,1,,0,205,0.0,-32.67,3,0.0,-32.47,0.0024,0.1042,0.015,0.0,0.0095,0.0,0.1042,0
2026-08-27 22:03:20,load_25,1.02,0.37,16.67,instantaneous_fallback,2.27,1.204,0.0,1,,4,218,0.0038,-32.67,3,0.0,-32.53,0.0025,0.1042,0.015,0.0,0.0095,0.0095,0.1042,0
2026-08-27 22:03:21,load_25,1.013,0.18,16.67,instantaneous_fallback,2.27,1.106,0.0,1,,0,104,0.0042,-32.67,3,0.0,-32.6,0.0012,0.1042,0.0138,0.0,0.0095,0.0105,0.1042,0
2026-08-27 22:03:23,load_25,1.014,0.39,16.67,instantaneous_fallback,2.308,1.106,0.0,1,,4,221,0.0082,-33.0,3,-0.33,-32.73,0.0026,0.1042,0.0138,0.0,0.0096,0.0205,0.1042,0
2026-08-27 22:03:24,load_25,1.014,0.36,17.24,instantaneous_fallback,2.308,0.941,0.0,1,,0,205,0.0083,-33.0,3,0.0,-32.8,0.0024,0.1077,0.0118,0.0,0.0096,0.0207,0.1077,0
2026-08-27 22:03:25,load_25,1.013,0.37,17.24,delta,2.734,0.941,0.0,1,,0,218,0.0082,-33.0,3,0.0,-32.87,0.0025,0.1077,0.0118,0.0,0.0114,0.0205,0.1077,0
2026-08-27 22:03:26,load_25,1.019,0.35,17.24,instantaneous_fallback,4.022,0.961,0.0,1,,2,199,0.0063,-33.0,3,0.0,-32.93,0.0023,0.1077,0.012,0.0,0.0168,0.0158,0.1077,0
2026-08-27 22:03:27,load_25,1.013,0.38,20.0,instantaneous_fallback,4.022,0.961,0.0,1,,0,218,0.0056,-33.0,3,0.0,-33.0,0.0025,0.125,0.012,0.0,0.0168,0.014,0.125,0
2026-08-27 22:03:28,load_25,1.015,0.37,20.0,instantaneous_fallback,4.807,0.888,0.0,1,,2,208,0.0038,-33.33,3,-0.33,-33.07,0.0025,0.125,0.0111,0.0,0.02,0.0095,0.125,0
2026-08-27 22:03:29,load_25,1.013,0.37,16.67,instantaneous_fallback,3.986,0.888,0.0,1,,0,215,0.0038,-33.33,3,0.0,-33.13,0.0025,0.1042,0.0111,0.0,0.0166,0.0095,0.1042,0
2026-08-27 22:03:30,load_25,1.012,0.36,16.67,instantaneous_fallback,3.986,0.7,0.0,1,,2,204,0.0057,-33.33,3,0.0,-33.2,0.0024,0.1042,0.0087,0.0,0.0166,0.0143,0.1042,0
2026-08-27 22:03:31,load_25,1.013,0.43,16.67,instantaneous_fallback,2.281,0.7,0.0,1,,0,229,0.0037,-33.33,3,0.0,-33.27,0.0029,0.1042,0.0087,0.0,0.0095,0.0092,0.1042,0
2026-08-27 22:03:32,load_25,1.018,0.36,16.67,instantaneous_fallback,2.281,0.585,0.0,1,,0,206,0.0038,-33.33,3,0.0,-33.33,0.0024,0.1042,0.0073,0.0,0.0095,0.0095,0.1042,0
2026-08-27 22:03:33,load_25,1.012,0.37,13.33,instantaneous_fallback,2.281,0.585,0.0,1,,24,218,0.0237,-33.33,3,0.0,-33.33,0.0025,0.0833,0.0073,0.0,0.0095,0.0593,0.0833,0
2026-08-27 22:03:34,load_25,1.012,0.37,20.0,instantaneous_fallback,4.106,0.819,0.0,1,,2,206,0.0257,-33.33,3,0.0,-33.33,0.0025,0.125,0.0102,0.0,0.0171,0.0643,0.125,0
2026-08-27 22:03:35,load_25,1.013,0.18,27.59,instantaneous_fallback,2.188,0.819,0.0,1,,0,102,0.0263,-33.33,3,0.0,-33.33,0.0012,0.1724,0.0102,0.0,0.0091,0.0658,0.1724,0
2026-08-27 22:03:36,load_25,1.012,0.38,27.59,instantaneous_fallback,2.174,1.076,0.0,1,,0,219,0.0266,-33.33,3,0.0,-33.33,0.0025,0.1724,0.0135,0.0,0.0091,0.0665,0.1724,0
2026-08-27 22:03:37,load_25,1.013,0.39,16.67,instantaneous_fallback,2.174,1.076,0.0,1,,0,211,0.0265,-33.33,3,0.0,-33.33,0.0026,0.1042,0.0135,0.0,0.0091,0.0663,0.1042,0
2026-08-27 22:03:38,load_25,1.021,0.37,13.33,instantaneous_fallback,2.384,1.475,0.0,1,,0,213,0.0021,-33.33,3,0.0,-33.33,0.0025,0.0833,0.0184,0.0,0.0099,0.0052,0.0833,0
2026-08-27 22:03:39,load_25,1.013,0.38,13.33,instantaneous_fallback,2.384,1.475,0.0,1,,0,217,0.0,-33.33,3,0.0,-33.33,0.0025,0.0833,0.0184,0.0,0.0099,0.0,0.0833,0
2026-08-27 22:03:40,load_25,1.016,0.36,16.67,instantaneous_fallback,3.038,1.234,0.0,1,,0,202,0.0,-33.33,3,0.0,-33.33,0.0024,0.1042,0.0154,0.0,0.0127,0.0,0.1042,0
2026-08-27 22:03:41,load_25,1.015,0.37,16.67,instantaneous_fallback,2.743,1.234,0.0,1,,0,219,0.0,-33.33,3,0.0,-33.33,0.0025,0.1042,0.0154,0.0,0.0114,0.0,0.1042,0
2026-08-27 22:03:42,load_25,1.017,0.36,16.67,instantaneous_fallback,3.038,0.812,0.0,1,,0,206,0.0,-33.33,3,0.0,-33.33,0.0024,0.1042,0.0102,0.0,0.0127,0.0,0.1042,0
2026-08-27 22:03:43,load_25,1.013,0.37,16.67,instantaneous_fallback,2.743,0.812,0.0,1,,0,218,0.0,-33.33,3,0.0,-33.33,0.0025,0.1042,0.0102,0.0,0.0114,0.0,0.1042,0
2026-08-27 22:03:44,load_25,1.014,0.42,16.67,instantaneous_fallback,2.596,0.939,0.0,1,,0,209,0.0,-33.33,3,0.0,-33.33,0.0028,0.1042,0.0117,0.0,0.0108,0.0,0.1042,0
2026-08-27 22:03:45,load_25,1.016,0.38,16.67,instantaneous_fallback,2.596,0.939,0.0,1,,0,220,0.0,-33.33,3,0.0,-33.33,0.0025,0.1042,0.0117,0.0,0.0108,0.0,0.1042,0
2026-08-27 22:03:46,load_25,1.014,0.36,16.67,instantaneous_fallback,8.475,1.103,0.0,1,,0,204,0.0,-33.33,3,0.0,-33.33,0.0024,0.1042,0.0138,0.0,0.0353,0.0,0.1042,0
2026-08-27 22:03:47,load_25,1.017,0.37,16.67,instantaneous_fallback,8.475,1.103,0.0,1,,0,218,0.0,-33.33,3,0.0,-33.33,0.0025,0.1042,0.0138,0.0,0.0353,0.0,0.1042,0
2026-08-27 22:03:48,load_25,1.015,0.18,16.67,instantaneous_fallback,3.807,1.042,0.0,1,,0,103,0.0,-33.33,3,0.0,-33.33,0.0012,0.1042,0.013,0.0,0.0159,0.0,0.1042,0
2026-08-27 22:03:49,load_25,1.013,0.36,16.67,instantaneous_fallback,3.471,1.042,0.0,1,,0,203,0.0,-33.33,3,0.0,-33.33,0.0024,0.1042,0.013,0.0,0.0145,0.0,0.1042,0
2026-08-27 22:03:50,load_25,1.012,0.37,16.67,delta,3.471,0.539,0.0,1,,0,216,0.0,-33.33,3,0.0,-33.33,0.0025,0.1042,0.0067,0.0,0.0145,0.0,0.1042,0
2026-08-27 22:03:51,load_25,1.013,0.37,17.24,instantaneous_fallback,2.265,0.539,0.0,1,,0,216,0.0,-33.33,3,0.0,-33.33,0.0025,0.1077,0.0067,0.0,0.0094,0.0,0.1077,0
2026-08-27 22:03:52,load_25,1.013,0.36,0.0,delta,1.791,1.145,0.0,1,,0,209,0.0,-33.67,3,-0.33,-33.4,0.0024,0.0,0.0143,0.0,0.0075,0.0,0.0143,0
2026-08-27 22:09:52,load_15,0.0,0.0,20.0,instantaneous,5.0,,,0,,0,0,0.0,-34.33,3,0.0,-34.33,0.0,0.125,0.0,0.0,0.0208,0.0,0.125,0
2026-08-27 22:09:54,load_15,1.008,0.38,18.34,instantaneous_fallback,3.226,1.135,0.0,1,,4,208,0.0189,-34.33,3,0.0,-34.33,0.0025,0.1146,0.0142,0.0,0.0134,0.0473,0.1146,0
2026-08-27 22:09:55,load_15,1.008,0.19,17.24,instantaneous_fallback,1.769,1.135,0.0,1,,0,116,0.0122,-34.33,3,0.0,-34.33,0.0013,0.1077,0.0142,0.0,0.0074,0.0305,0.1077,0
2026-08-27 22:09:56,load_15,1.01,0.37,16.67,delta,1.769,0.754,0.0,1,,0,208,0.0075,-34.33,3,0.0,-34.33,0.0025,0.1042,0.0094,0.0,0.0074,0.0187,0.1042,0
2026-08-27 22:09:57,load_15,1.012,0.38,13.33,instantaneous_fallback,2.479,0.754,0.0,1,,0,219,0.0053,-34.33,3,0.0,-34.33,0.0025,0.0833,0.0094,0.0,0.0103,0.0133,0.0833,0
2026-08-27 22:09:58,load_15,1.011,0.36,13.33,instantaneous_fallback,2.479,1.36,0.0,1,,0,202,0.0042,-34.33,3,0.0,-34.33,0.0024,0.0833,0.017,0.0,0.0103,0.0105,0.0833,0
2026-08-27 22:09:59,load_15,1.012,0.6,16.67,instantaneous_fallback,2.21,1.36,0.0,1,,0,234,0.0,-34.0,3,0.33,-34.27,0.004,0.1042,0.017,0.0,0.0092,0.0,0.1042,0
2026-08-27 22:10:00,load_15,1.012,0.37,16.67,instantaneous_fallback,2.155,1.069,0.0,1,,0,203,0.0,-34.0,3,0.0,-34.2,0.0025,0.1042,0.0134,0.0,0.009,0.0,0.1042,0
2026-08-27 22:10:01,load_15,1.012,0.37,16.67,instantaneous_fallback,2.155,1.069,0.0,1,,0,216,0.0,-34.0,3,0.0,-34.13,0.0025,0.1042,0.0134,0.0,0.009,0.0,0.1042,0
2026-08-27 22:10:02,load_15,1.014,0.36,13.33,instantaneous_fallback,2.322,0.605,0.0,1,,0,205,0.0,-34.0,3,0.0,-34.07,0.0024,0.0833,0.0076,0.0,0.0097,0.0,0.0833,0
2026-08-27 22:10:03,load_15,1.012,0.37,13.33,instantaneous_fallback,2.322,0.605,0.0,1,,8,215,0.0074,-34.0,3,0.0,-34.0,0.0025,0.0833,0.0076,0.0,0.0097,0.0185,0.0833,0
2026-08-27 22:10:04,load_15,1.015,0.53,13.79,delta,2.322,0.965,0.0,1,,0,211,0.0076,-34.0,3,0.0,-34.0,0.0035,0.0862,0.0121,0.0,0.0097,0.019,0.0862,0
2026-08-27 22:10:05,load_15,1.014,0.4,13.79,instantaneous_fallback,3.284,0.965,0.0,1,,0,224,0.0074,-34.0,3,0.0,-34.0,0.0027,0.0862,0.0121,0.0,0.0137,0.0185,0.0862,0
2026-08-27 22:10:06,load_15,1.012,0.36,13.33,instantaneous_fallback,3.284,0.829,0.0,1,,0,204,0.0075,-34.0,3,0.0,-34.0,0.0024,0.0833,0.0104,0.0,0.0137,0.0187,0.0833,0
2026-08-27 22:10:07,load_15,1.013,0.19,13.33,instantaneous_fallback,2.437,0.829,0.0,1,,0,117,0.0082,-34.0,3,0.0,-34.0,0.0013,0.0833,0.0104,0.0,0.0102,0.0205,0.0833,0
2026-08-27 22:10:08,load_15,1.015,0.36,13.33,instantaneous_fallback,2.437,0.781,0.0,1,,4,202,0.0042,-34.0,3,0.0,-34.0,0.0024,0.0833,0.0098,0.0,0.0102,0.0105,0.0833,0
2026-08-27 22:10:09,load_15,1.013,0.37,13.33,instantaneous_fallback,2.243,0.781,0.0,1,,0,214,0.0041,-34.0,3,0.0,-34.0,0.0025,0.0833,0.0098,0.0,0.0093,0.0103,0.0833,0
2026-08-27 22:10:10,load_15,1.013,0.43,16.67,instantaneous_fallback,3.193,1.281,0.0,1,,0,218,0.0042,-34.0,3,0.0,-34.0,0.0029,0.1042,0.016,0.0,0.0133,0.0105,0.1042,0
2026-08-27 22:10:11,load_15,1.012,2.68,16.67,instantaneous_fallback,2.145,1.281,0.0,1,,0,294,0.0038,-33.67,3,0.33,-33.93,0.0179,0.1042,0.016,0.0,0.0089,0.0095,0.1042,0
2026-08-27 22:10:12,load_15,1.012,0.38,16.67,instantaneous_fallback,2.075,1.271,0.0,1,,0,205,0.0035,-33.67,3,0.0,-33.87,0.0025,0.1042,0.0159,0.0,0.0086,0.0088,0.1042,0
2026-08-27 22:10:13,load_15,1.013,0.39,13.33,instantaneous_fallback,1.814,1.271,0.0,1,,0,226,0.0,-33.67,3,0.0,-33.8,0.0026,0.0833,0.0159,0.0,0.0076,0.0,0.0833,0
2026-08-27 22:10:14,load_15,1.014,0.36,13.33,instantaneous_fallback,1.814,1.038,0.0,1,,0,203,0.0,-33.67,3,0.0,-33.73,0.0024,0.0833,0.013,0.0,0.0076,0.0,0.0833,0
2026-08-27 22:10:15,load_15,1.013,2.67,13.33,instantaneous_fallback,2.266,1.038,0.0,1,,4,278,0.0033,-33.67,3,0.0,-33.67,0.0178,0.0833,0.013,0.0,0.0094,0.0083,0.0833,0
2026-08-27 22:10:16,load_15,1.013,0.38,16.67,instantaneous_fallback,2.266,0.834,0.0,1,,0,212,0.0035,-33.67,3,0.0,-33.67,0.0025,0.1042,0.0104,0.0,0.0094,0.0088,0.1042,0
2026-08-27 22:10:17,load_15,1.014,0.38,16.67,instantaneous_fallback,2.902,0.834,0.0,1,,0,220,0.0035,-33.67,3,0.0,-33.67,0.0025,0.1042,0.0104,0.0,0.0121,0.0088,0.1042,0
2026-08-27 22:10:18,load_15,1.012,0.36,16.67,instantaneous_fallback,1.962,0.94,0.0,1,,0,201,0.0036,-33.67,3,0.0,-33.67,0.0024,0.1042,0.0118,0.0,0.0082,0.009,0.1042,0
2026-08-27 22:10:19,load_15,1.022,0.19,13.79,instantaneous_fallback,2.902,0.94,0.0,1,,0,117,0.0039,-33.67,3,0.0,-33.67,0.0013,0.0862,0.0118,0.0,0.0121,0.0097,0.0862,0
2026-08-27 22:10:20,load_15,1.012,0.36,13.79,delta,2.543,1.024,0.0,1,,0,202,0.0,-33.67,3,0.0,-33.67,0.0024,0.0862,0.0128,0.0,0.0106,0.0,0.0862,0
2026-08-27 22:10:21,load_15,1.013,0.37,13.79,instantaneous_fallback,2.543,1.024,0.0,1,,0,217,0.0,-33.67,3,0.0,-33.67,0.0025,0.0862,0.0128,0.0,0.0106,0.0,0.0862,0
2026-08-27 22:10:22,load_15,1.014,0.36,16.67,instantaneous_fallback,2.543,0.762,0.0,1,,0,203,0.0,-33.67,3,0.0,-33.67,0.0024,0.1042,0.0095,0.0,0.0106,0.0,0.1042,0
2026-08-27 22:10:23,load_15,1.014,0.38,16.67,instantaneous_fallback,2.508,0.762,0.0,1,,0,218,0.0,-33.67,3,0.0,-33.67,0.0025,0.1042,0.0095,0.0,0.0104,0.0,0.1042,0
2026-08-27 22:10:24,load_15,1.016,0.36,13.33,instantaneous_fallback,2.703,0.857,0.0,1,,0,204,0.0,-33.67,3,0.0,-33.67,0.0024,0.0833,0.0107,0.0,0.0113,0.0,0.0833,0
2026-08-27 22:10:25,load_15,1.012,0.6,13.33,instantaneous_fallback,2.129,0.857,0.0,1,,0,224,0.0,-33.67,3,0.0,-33.67,0.004,0.0833,0.0107,0.0,0.0089,0.0,0.0833,0
2026-08-27 22:10:26,load_15,1.013,0.36,16.67,instantaneous_fallback,3.565,0.997,0.0,1,,4,202,0.0038,-33.67,3,0.0,-33.67,0.0024,0.1042,0.0125,0.0,0.0149,0.0095,0.1042,0
2026-08-27 22:10:27,load_15,1.016,0.37,16.67,instantaneous_fallback,2.149,0.997,0.0,1,,2,215,0.0056,-33.67,3,0.0,-33.67,0.0025,0.1042,0.0125,0.0,0.009,0.014,0.1042,0
2026-08-27 22:10:28,load_15,1.011,0.36,13.33,instantaneous_fallback,2.149,0.966,0.0,1,,0,203,0.0057,-33.67,3,0.0,-33.67,0.0024,0.0833,0.0121,0.0,0.009,0.0143,0.0833,0
2026-08-27 22:10:29,load_15,1.013,0.48,13.33,instantaneous_fallback,2.149,0.966,0.0,1,,10,221,0.0148,-33.67,3,0.0,-33.67,0.0032,0.0833,0.0121,0.0,0.009,0.037,0.0833,0
2026-08-27 22:10:30,load_15,1.015,0.36,13.33,instantaneous_fallback,2.95,1.067,0.0,1,,0,203,0.0151,-33.67,3,0.0,-33.67,0.0024,0.0833,0.0133,0.0,0.0123,0.0377,0.0833,0
2026-08-27 22:10:31,load_15,1.013,0.19,13.33,instantaneous_fallback,2.95,1.067,0.0,1,,28,112,0.0402,-34.0,3,-0.33,-33.73,0.0013,0.0833,0.0133,0.0,0.0123,0.1005,0.0833,0
2026-08-27 22:10:32,load_15,1.012,0.37,13.33,instantaneous_fallback,2.75,1.28,0.0,1,,0,207,0.0386,-34.0,3,0.0,-33.8,0.0025,0.0833,0.016,0.0,0.0115,0.0965,0.0833,0
2026-08-27 22:10:33,load_15,1.013,0.38,16.67,instantaneous_fallback,2.75,1.28,0.0,1,,0,219,0.038,-33.67,3,0.33,-33.8,0.0025,0.1042,0.016,0.0,0.0115,0.095,0.1042,0
2026-08-27 22:10:34,load_15,1.015,0.48,16.67,instantaneous_fallback,2.554,1.108,0.0,1,,0,222,0.0283,-33.67,3,0.0,-33.8,0.0032,0.1042,0.0139,0.0,0.0106,0.0708,0.1042,0
2026-08-27 22:10:35,load_15,1.013,0.38,16.67,instantaneous_fallback,2.554,1.108,0.0,1,,0,217,0.0279,-33.67,3,0.0,-33.8,0.0025,0.1042,0.0139,0.0,0.0106,0.0698,0.1042,0
2026-08-27 22:10:36,load_15,1.013,0.36,16.67,instantaneous_fallback,2.554,0.811,0.0,1,,0,202,0.0,-33.67,3,0.0,-33.73,0.0024,0.1042,0.0101,0.0,0.0106,0.0,0.1042,0
2026-08-27 22:10:37,load_15,1.012,0.37,13.33,instantaneous_fallback,2.091,0.811,0.0,1,,0,214,0.0,-33.67,3,0.0,-33.67,0.0025,0.0833,0.0101,0.0,0.0087,0.0,0.0833,0
2026-08-27 22:10:38,load_15,1.016,0.46,13.33,instantaneous_fallback,3.583,0.659,0.0,1,,0,215,0.0,-33.67,3,0.0,-33.67,0.0031,0.0833,0.0082,0.0,0.0149,0.0,0.0833,0
2026-08-27 22:10:40,load_15,1.016,0.38,16.67,instantaneous_fallback,3.322,0.659,0.0,1,,26,217,0.0238,-33.67,3,0.0,-33.67,0.0025,0.1042,0.0082,0.0,0.0138,0.0595,0.1042,0
2026-08-27 22:10:41,load_15,1.014,0.37,16.67,instantaneous_fallback,3.322,0.64,0.0,1,,0,208,0.024,-33.67,3,0.0,-33.67,0.0025,0.1042,0.008,0.0,0.0138,0.06,0.1042,0
2026-08-27 22:10:42,load_15,1.013,0.37,16.67,instantaneous_fallback,2.893,0.64,0.0,1,,0,215,0.0237,-33.67,3,0.0,-33.67,0.0025,0.1042,0.008,0.0,0.0121,0.0593,0.1042,0
2026-08-27 22:10:43,load_15,1.013,0.36,16.67,instantaneous_fallback,2.711,0.713,0.0,1,,0,203,0.024,-33.67,3,0.0,-33.67,0.0024,0.1042,0.0089,0.0,0.0113,0.06,0.1042,0
2026-08-27 22:10:44,load_15,1.014,0.19,13.33,instantaneous_fallback,2.711,0.713,0.0,1,,0,114,0.0264,-34.0,3,-0.33,-33.73,0.0013,0.0833,0.0089,0.0,0.0113,0.066,0.0833,0
2026-08-27 22:10:45,load_15,1.017,0.4,13.33,instantaneous_fallback,2.924,1.747,0.0,1,,0,210,0.0,-34.0,3,0.0,-33.8,0.0027,0.0833,0.0218,0.0,0.0122,0.0,0.0833,0
2026-08-27 22:10:46,load_15,1.014,0.41,13.33,instantaneous_fallback,2.924,1.747,0.0,1,,0,229,0.0,-34.0,3,0.0,-33.87,0.0027,0.0833,0.0218,0.0,0.0122,0.0,0.0833,0
2026-08-27 22:10:47,load_15,1.017,0.37,13.33,instantaneous_fallback,4.129,1.686,0.0,1,,0,214,0.0,-34.0,3,0.0,-33.93,0.0025,0.0833,0.0211,0.0,0.0172,0.0,0.0833,0
2026-08-27 22:10:48,load_15,1.019,0.37,16.67,instantaneous_fallback,5.089,1.686,0.0,1,,0,215,0.0,-34.0,3,0.0,-34.0,0.0025,0.1042,0.0211,0.0,0.0212,0.0,0.1042,0
2026-08-27 22:10:49,load_15,1.014,0.36,13.79,instantaneous_fallback,5.089,0.836,0.0,1,,6,201,0.0056,-34.0,3,0.0,-34.0,0.0024,0.0862,0.0104,0.0,0.0212,0.014,0.0862,0
2026-08-27 22:10:50,load_15,1.012,0.38,16.67,delta,2.464,0.836,0.0,1,,0,218,0.0055,-34.0,3,0.0,-34.0,0.0025,0.1042,0.0104,0.0,0.0103,0.0137,0.1042,0
2026-08-27 22:10:51,load_15,1.015,0.36,16.67,instantaneous_fallback,2.464,0.767,0.0,1,,0,203,0.0057,-34.0,3,0.0,-34.0,0.0024,0.1042,0.0096,0.0,0.0103,0.0143,0.1042,0
2026-08-27 22:10:52,load_15,1.014,0.37,16.67,instantaneous_fallback,3.783,0.767,0.0,1,,6,214,0.0113,-34.0,3,0.0,-34.0,0.0025,0.1042,0.0096,0.0,0.0158,0.0282,0.1042,0
2026-08-27 22:10:53,load_15,1.013,0.37,16.67,instantaneous_fallback,3.783,0.655,0.0,1,,0,206,0.0114,-34.0,3,0.0,-34.0,0.0025,0.1042,0.0082,0.0,0.0158,0.0285,0.1042,0
2026-08-27 22:10:54,load_15,1.014,0.37,16.67,instantaneous_fallback,2.499,0.655,0.0,1,,8,215,0.0131,-34.0,3,0.0,-34.0,0.0025,0.1042,0.0082,0.0,0.0104,0.0328,0.1042,0
2026-08-27 22:10:55,load_15,1.014,0.36,16.67,instantaneous_fallback,2.266,0.763,0.0,1,,0,203,0.0133,-34.0,3,0.0,-34.0,0.0024,0.1042,0.0095,0.0,0.0094,0.0332,0.1042,0
2026-08-27 22:10:56,load_15,1.019,0.19,20.0,instantaneous_fallback,2.499,0.763,0.0,1,,0,113,0.0145,-34.0,3,0.0,-34.0,0.0013,0.125,0.0095,0.0,0.0104,0.0363,0.125,0
2026-08-27 22:10:57,load_15,1.012,0.36,20.0,instantaneous_fallback,2.821,1.492,0.0,1,,0,202,0.0084,-34.0,3,0.0,-34.0,0.0024,0.125,0.0186,0.0,0.0118,0.021,0.125,0
2026-08-27 22:10:58,load_15,1.013,0.37,17.24,instantaneous_fallback,3.288,1.492,0.0,1,,0,217,0.0084,-34.0,3,0.0,-34.0,0.0025,0.1077,0.0186,0.0,0.0137,0.021,0.1077,0
2026-08-27 22:10:59,load_15,1.013,0.37,16.67,instantaneous_fallback,2.821,0.908,0.0,1,,0,206,0.0,-34.33,3,-0.33,-34.07,0.0025,0.1042,0.0114,0.0,0.0118,0.0,0.1042,0
2026-08-27 22:11:00,load_15,1.018,0.37,16.67,instantaneous_fallback,3.288,0.908,0.0,1,,0,216,0.0,-34.33,3,0.0,-34.13,0.0025,0.1042,0.0114,0.0,0.0137,0.0,0.1042,0
2026-08-27 22:11:01,load_15,1.016,0.36,16.67,instantaneous_fallback,3.868,1.276,0.0,1,,0,202,0.0,-34.33,3,0.0,-34.2,0.0024,0.1042,0.0159,0.0,0.0161,0.0,0.1042,0
2026-08-27 22:11:02,load_15,1.015,0.37,16.67,instantaneous_fallback,3.868,1.276,0.0,1,,0,215,0.0,-34.33,3,0.0,-34.27,0.0025,0.1042,0.0159,0.0,0.0161,0.0,0.1042,0
2026-08-27 22:11:03,load_15,1.013,0.36,16.67,instantaneous_fallback,3.205,0.789,0.0,1,,0,202,0.0,-34.33,3,0.0,-34.33,0.0024,0.1042,0.0099,0.0,0.0134,0.0,0.1042,0
2026-08-27 22:11:04,load_15,1.014,0.38,16.67,instantaneous_fallback,3.205,0.789,0.0,1,,6,219,0.0057,-34.33,3,0.0,-34.33,0.0025,0.1042,0.0099,0.0,0.0134,0.0143,0.1042,0
2026-08-27 22:11:05,load_15,1.012,0.36,16.67,instantaneous_fallback,2.617,0.728,0.0,1,,0,201,0.0057,-34.33,3,0.0,-34.33,0.0024,0.1042,0.0091,0.0,0.0109,0.0143,0.1042,0
2026-08-27 22:11:06,load_15,1.013,0.37,16.67,instantaneous_fallback,2.446,0.728,0.0,1,,0,217,0.0057,-34.33,3,0.0,-34.33,0.0025,0.1042,0.0091,0.0,0.0102,0.0143,0.1042,0
2026-08-27 22:11:07,load_15,1.014,0.36,16.67,instantaneous_fallback,2.446,1.141,0.0,1,,0,203,0.0057,-34.33,3,0.0,-34.33,0.0024,0.1042,0.0143,0.0,0.0102,0.0143,0.1042,0
2026-08-27 22:11:08,load_15,1.014,0.37,16.67,instantaneous_fallback,2.446,1.141,0.0,1,,0,215,0.0057,-34.33,3,0.0,-34.33,0.0025,0.1042,0.0143,0.0,0.0102,0.0143,0.1042,0
2026-08-27 22:11:09,load_15,1.013,0.18,13.33,instantaneous_fallback,2.591,0.514,0.0,1,,0,103,0.0,-34.33,3,0.0,-34.33,0.0012,0.0833,0.0064,0.0,0.0108,0.0,0.0833,0
2026-08-27 22:11:10,load_15,1.013,0.37,13.33,instantaneous_fallback,2.391,0.514,0.0,1,,0,217,0.0,-34.33,3,0.0,-34.33,0.0025,0.0833,0.0064,0.0,0.01,0.0,0.0833,0
2026-08-27 22:11:11,load_15,1.012,0.36,13.33,instantaneous_fallback,2.322,0.826,0.0,1,,0,202,0.0,-34.33,3,0.0,-34.33,0.0024,0.0833,0.0103,0.0,0.0097,0.0,0.0833,0
2026-08-27 22:11:12,load_15,1.014,0.37,13.33,instantaneous_fallback,2.322,0.826,0.0,1,,0,218,0.0,-34.67,3,-0.33,-34.4,0.0025,0.0833,0.0103,0.0,0.0097,0.0,0.0833,0
2026-08-27 22:11:13,load_15,1.013,0.36,13.33,instantaneous_fallback,3.66,0.921,0.0,1,,0,203,0.0,-34.67,3,0.0,-34.47,0.0024,0.0833,0.0115,0.0,0.0153,0.0,0.0833,0
2026-08-27 22:11:14,load_15,1.013,0.36,16.67,instantaneous_fallback,3.66,0.921,0.0,1,,0,211,0.0,-34.67,3,0.0,-34.53,0.0024,0.1042,0.0115,0.0,0.0153,0.0,0.1042,0
2026-08-27 22:11:15,load_15,1.013,0.36,13.33,instantaneous_fallback,2.572,1.075,0.0,1,,0,204,0.0,-34.67,3,0.0,-34.6,0.0024,0.0833,0.0134,0.0,0.0107,0.0,0.0833,0
2026-08-27 22:11:16,load_15,1.018,0.37,16.67,instantaneous_fallback,2.572,1.075,0.0,1,,0,218,0.0,-34.67,3,0.0,-34.67,0.0025,0.1042,0.0134,0.0,0.0107,0.0,0.1042,0
2026-08-27 22:11:17,load_15,1.013,0.36,16.67,instantaneous_fallback,2.572,0.878,0.0,1,,0,203,0.0,-34.67,3,0.0,-34.67,0.0024,0.1042,0.011,0.0,0.0107,0.0,0.1042,0
2026-08-27 22:11:18,load_15,1.015,2.68,16.67,instantaneous_fallback,2.826,0.878,0.0,1,,14,284,0.0123,-35.33,3,-0.67,-34.8,0.0179,0.1042,0.011,0.0,0.0118,0.0307,0.1042,0
2026-08-27 22:11:19,load_15,1.079,0.34,16.67,instantaneous_fallback,2.826,5.911,0.0,1,,0,205,0.0124,-35.33,3,0.0,-34.93,0.0023,0.1042,0.0739,0.0,0.0118,0.031,0.1042,0
2026-08-27 22:11:20,load_15,1.144,49.5,16.67,instantaneous_fallback,25.724,5.911,0.0,1,,1780,2473,0.3465,-40.67,3,-5.33,-36.13,0.33,0.1042,0.0739,0.0,0.1072,0.9108,0.1072,0
2026-08-27 22:11:21,load_15,1.063,58.39,17.24,delta,33.571,5.911,0.0,1,,2292,2521,0.4181,-40.33,3,0.33,-37.27,0.3893,0.1077,0.0739,0.0,0.1399,1.0,0.1399,0
2026-08-27 22:11:22,load_15,1.05,52.37,62.07,instantaneous_fallback,89.586,5.911,0.0,1,,1542,2442,0.4153,-39.0,3,1.33,-38.13,0.3491,0.5884,0.0739,0.0,0.3733,1.0,0.5884,2
2026-08-27 22:11:23,load_15,1.042,63.06,62.07,instantaneous_fallback,65.828,5.702,0.0,1,,1106,3139,0.384,-36.67,3,2.33,-38.4,0.4204,0.5884,0.0713,0.0,0.2743,0.9733,0.5884,2
2026-08-27 22:11:24,load_15,1.051,76.03,58.62,instantaneous_fallback,65.828,5.702,0.0,1,,1298,3492,0.3631,-35.33,3,1.33,-38.4,0.5069,0.5453,0.0713,0.0,0.2743,0.9385,0.5453,2
2026-08-27 22:11:26,load_15,1.085,61.4,51.72,delta,63.218,5.768,0.0,1,,878,3016,0.3275,-36.0,3,-0.67,-37.47,0.4093,0.4453,0.0721,0.0,0.2634,0.8792,0.4453,1
2026-08-27 22:11:27,load_15,1.012,59.46,44.83,instantaneous_fallback,30.448,5.768,0.0,1,,1016,2652,0.2838,-36.0,3,0.0,-36.6,0.3964,0.3305,0.0721,0.0,0.1269,0.8063,0.3305,1
2026-08-27 22:11:28,load_15,1.034,67.65,44.83,delta,30.448,5.768,0.0,1,,1320,3065,0.2678,-35.33,3,0.67,-35.87,0.451,0.3305,0.0721,0.0,0.1269,0.7797,0.3305,1
2026-08-27 22:11:29,load_15,1.028,63.74,46.67,instantaneous_fallback,12.825,5.768,0.0,1,,868,2775,0.264,-35.0,3,0.33,-35.53,0.4249,0.3612,0.0721,0.0,0.0534,0.7733,0.3612,1
2026-08-27 22:11:30,load_15,1.198,55.48,50.0,instantaneous_fallback,12.825,5.768,0.0,1,,1076,2990,0.2624,-35.0,3,0.0,-35.47,0.3699,0.4167,0.0721,0.0,0.0534,0.7707,0.4167,1
2026-08-27 22:11:31,load_15,1.127,56.2,48.28,instantaneous_fallback,94.172,6.687,0.0,1,,808,2779,0.263,-35.33,3,-0.33,-35.33,0.3747,0.388,0.0836,0.0,0.3924,0.7717,0.3924,1
2026-08-27 22:11:32,load_15,1.022,66.35,48.28,instantaneous_fallback,94.172,6.687,0.0,1,,1740,3063,0.2837,-35.67,3,-0.33,-35.27,0.4423,0.388,0.0836,0.0,0.3924,0.8062,0.3924,1
2026-08-27 22:11:33,load_15,1.027,63.85,48.28,instantaneous_fallback,15.877,2.864,0.0,1,,998,2923,0.2742,-36.33,3,-0.67,-35.47,0.4257,0.388,0.0358,0.0,0.0662,0.7903,0.388,1
2026-08-27 22:11:34,load_15,1.246,54.0,48.28,instantaneous_fallback,15.877,2.864,0.0,1,,860,3095,0.2696,-36.67,3,-0.33,-35.8,0.36,0.388,0.0358,0.0,0.0662,0.7827,0.388,1
2026-08-27 22:11:35,load_15,1.189,51.96,51.72,instantaneous_fallback,126.598,8.594,0.532,1,,1016,2809,0.2699,-36.67,3,0.0,-36.13,0.3464,0.4453,0.1074,0.266,0.5092,0.7832,0.5092,2
2026-08-27 22:11:36,load_15,2.025,26.88,51.72,delta,126.598,8.594,0.532,1,,1846,1772,0.321,-36.0,3,0.67,-36.27,0.1792,0.4453,0.1074,0.266,0.5092,0.8683,0.5092,2
2026-08-27 22:11:38,load_15,1.141,127.64,56.67,instantaneous_fallback,119.611,8.594,0.532,1,,2998,6705,0.3084,-36.33,3,-0.33,-36.4,0.8509,0.5209,0.1074,0.266,0.4984,0.8473,0.5209,2
2026-08-27 22:11:40,load_15,1.019,63.67,56.67,instantaneous_fallback,77.597,2.634,0.0,1,,440,2854,0.2935,-36.67,3,-0.33,-36.47,0.4245,0.5209,0.0329,0.0,0.3233,0.8225,0.5209,2
2026-08-27 22:11:41,load_15,1.026,64.25,51.72,instantaneous_fallback,57.683,2.634,0.0,1,,874,2992,0.2952,-36.0,3,0.67,-36.33,0.4283,0.4453,0.0329,0.0,0.2403,0.8253,0.4453,1
2026-08-27 22:11:42,load_15,1.027,65.18,46.67,instantaneous_fallback,10.383,5.473,0.0,1,,1140,3054,0.2958,-36.33,3,-0.33,-36.27,0.4345,0.3612,0.0684,0.0,0.0433,0.8263,0.3612,1
2026-08-27 22:11:43,load_15,1.016,61.21,46.67,instantaneous_fallback,8.918,5.473,0.0,1,,612,2775,0.2481,-35.67,3,0.67,-36.2,0.4081,0.3612,0.0684,0.0,0.0372,0.7452,0.3612,1
2026-08-27 22:11:44,load_15,1.115,60.66,44.83,delta,8.918,5.902,0.0,1,,1660,3066,0.2428,-35.0,3,0.67,-35.93,0.4044,0.3305,0.0738,0.0,0.0372,0.732,0.3305,1
2026-08-27 22:11:45,load_15,1.035,61.9,44.83,instantaneous_fallback,31.143,5.902,0.0,1,,886,2782,0.2607,-35.0,3,0.0,-35.6,0.4127,0.3305,0.0738,0.0,0.1298,0.7678,0.3305,1
2026-08-27 22:11:46,load_15,1.307,52.15,53.33,instantaneous_fallback,53.147,5.902,0.0,1,,952,3121,0.2619,-36.0,3,-1.0,-35.6,0.3477,0.4722,0.0738,0.0,0.2214,0.7698,0.4722,1
2026-08-27 22:11:47,load_15,1.014,63.08,55.17,instantaneous_fallback,31.143,5.182,0.0,1,,852,2948,0.2525,-35.33,3,0.67,-35.4,0.4205,0.5021,0.0648,0.0,0.1298,0.7542,0.5021,2
2026-08-27 22:11:48,load_15,1.162,58.94,55.17,delta,124.195,5.182,0.0,1,,934,3065,0.2607,-35.33,3,0.0,-35.33,0.3929,0.5021,0.0648,0.0,0.5058,0.7678,0.5058,2
2026-08-27 22:11:49,load_15,1.398,66.86,55.17,instantaneous_fallback,124.195,5.171,0.0,1,,2010,4033,0.261,-35.33,3,0.0,-35.4,0.4457,0.5021,0.0646,0.0,0.5058,0.7683,0.5058,2
2026-08-27 22:11:51,load_15,1.141,50.14,53.33,instantaneous_fallback,201.991,8.306,7.181,1,,832,2501,0.2626,-34.67,3,0.67,-35.33,0.3343,0.4722,0.1038,0.859,0.6139,0.771,0.859,3
2026-08-27 22:11:52,load_15,1.124,42.59,56.67,instantaneous_fallback,201.991,8.306,7.181,1,,1316,1931,0.2911,-35.0,3,-0.33,-35.13,0.2839,0.5209,0.1038,0.859,0.6139,0.8185,0.859,3
2026-08-27 22:11:53,load_15,1.045,55.3,68.97,instantaneous_fallback,69.112,8.306,7.181,1,,752,2996,0.2869,-34.67,3,0.33,-35.0,0.3687,0.6746,0.1038,0.859,0.288,0.8115,0.859,3
2026-08-27 22:11:54,load_15,1.026,52.55,68.97,delta,61.657,13.265,0.0,1,,650,2371,0.2867,-35.33,3,-0.67,-35.0,0.3503,0.6746,0.1658,0.0,0.2569,0.8112,0.6746,2
2026-08-27 22:11:55,load_15,1.222,42.79,68.97,instantaneous_fallback,69.112,13.265,0.0,1,,530,2409,0.2505,-35.0,3,0.33,-34.93,0.2853,0.6746,0.1658,0.0,0.288,0.7508,0.6746,2
2026-08-27 22:11:56,load_15,1.124,64.25,70.0,instantaneous_fallback,123.002,13.265,0.0,1,,742,2916,0.2402,-35.0,3,0.0,-35.0,0.4283,0.6875,0.1658,0.0,0.5042,0.7255,0.6875,2
2026-08-27 22:11:57,load_15,1.024,49.06,70.0,instantaneous_fallback,123.002,13.265,0.0,1,,1078,2316,0.2239,-34.67,3,0.33,-34.93,0.3271,0.6875,0.1658,0.0,0.5042,0.6847,0.6875,2
2026-08-27 22:11:58,load_15,1.089,45.94,70.0,instantaneous_fallback,45.734,7.387,0.266,1,,806,2340,0.2355,-34.67,3,0.0,-34.93,0.3063,0.6875,0.0923,0.133,0.1906,0.7137,0.6875,2
2026-08-27 22:12:00,load_15,2.018,26.61,72.41,instantaneous_fallback,40.273,7.387,0.266,1,,816,1955,0.2497,-35.0,3,-0.33,-34.87,0.1774,0.7176,0.0923,0.133,0.1678,0.7492,0.7176,2
2026-08-27 22:12:02,load_15,1.217,96.07,63.33,instantaneous_fallback,45.734,7.387,0.266,1,,1380,5324,0.2451,-34.33,3,0.67,-34.73,0.6405,0.6041,0.0923,0.133,0.1906,0.7378,0.6041,2
2026-08-27 22:12:03,load_15,1.285,46.02,66.67,instantaneous_fallback,192.356,7.387,0.266,1,,894,2430,0.2572,-34.67,3,-0.33,-34.67,0.3068,0.6459,0.0923,0.133,0.6005,0.762,0.6459,2
2026-08-27 22:12:04,load_15,2.009,35.36,66.67,instantaneous_fallback,284.051,7.523,0.0,1,,1346,2958,0.2589,-35.0,3,-0.33,-34.73,0.2357,0.6459,0.094,0.0,0.7278,0.7648,0.7278,2
2026-08-27 22:12:06,load_15,2.016,71.9,66.67,instantaneous_fallback,288.434,7.523,0.0,1,,2220,4876,0.2751,-35.67,3,-0.67,-34.93,0.4793,0.6459,0.094,0.0,0.7339,0.7918,0.7339,2
2026-08-27 22:12:08,load_15,2.016,66.63,63.33,instantaneous_fallback,307.744,7.523,0.0,1,,2594,5238,0.2882,-34.67,3,1.0,-34.87,0.4442,0.6041,0.094,0.0,0.7539,0.8137,0.7539,3
2026-08-27 22:12:10,load_15,1.087,132.77,63.33,instantaneous_fallback,288.434,7.523,0.0,1,,2734,4868,0.3246,-34.67,3,0.0,-34.93,0.8851,0.6041,0.094,0.0,0.7339,0.8743,0.7339,2
2026-08-27 22:12:11,load_15,2.017,40.59,63.33,instantaneous_fallback,153.462,9.08,0.266,1,,1480,3146,0.3298,-35.0,3,-0.33,-35.0,0.2706,0.6041,0.1135,0.133,0.5465,0.883,0.6041,2
2026-08-27 22:12:13,load_15,1.028,105.35,63.33,instantaneous_fallback,108.785,9.08,0.266,1,,1120,5020,0.3048,-35.0,3,0.0,-35.0,0.7023,0.6041,0.1135,0.133,0.4533,0.8413,0.6041,2
2026-08-27 22:12:14,load_15,1.018,63.15,53.33,instantaneous_fallback,5.869,9.08,0.266,1,,1616,2752,0.3122,-35.33,3,-0.33,-34.93,0.421,0.4722,0.1135,0.133,0.0245,0.8537,0.4722,1
2026-08-27 22:12:15,load_15,1.107,58.96,46.67,instantaneous_fallback,55.164,4.681,0.0,1,,1200,2966,0.303,-35.0,3,0.33,-35.0,0.3931,0.3612,0.0585,0.0,0.2298,0.8383,0.3612,1
2026-08-27 22:12:16,load_15,1.029,65.75,46.67,instantaneous_fallback,31.94,4.681,0.0,1,,1060,3129,0.2757,-35.67,3,-0.67,-35.2,0.4383,0.3612,0.0585,0.0,0.1331,0.7928,0.3612,1
2026-08-27 22:12:17,load_15,1.223,53.44,46.67,instantaneous_fallback,55.164,6.238,0.0,1,,1026,2928,0.2639,-35.33,3,0.33,-35.27,0.3563,0.3612,0.078,0.0,0.2298,0.7732,0.3612,1
2026-08-27 22:12:19,load_15,1.014,94.11,50.0,instantaneous_fallback,97.853,6.238,0.0,1,,1878,3995,0.3007,-35.33,3,0.0,-35.33,0.6274,0.4167,0.078,0.0,0.4077,0.8345,0.4167,1
2026-08-27 22:12:20,load_15,1.186,30.58,50.0,instantaneous_fallback,97.853,4.588,0.0,1,,628,1831,0.2806,-35.0,3,0.33,-35.27,0.2039,0.4167,0.0573,0.0,0.4077,0.801,0.4167,1
2026-08-27 22:12:21,load_15,1.018,91.97,50.0,instantaneous_fallback,95.767,4.588,0.0,1,,1046,3957,0.2625,-35.0,3,0.0,-35.27,0.6131,0.4167,0.0573,0.0,0.399,0.7708,0.4167,1
2026-08-27 22:12:22,load_15,1.018,66.85,53.33,instantaneous_fallback,63.935,4.588,0.0,1,,1040,2994,0.2635,-35.0,3,0.0,-35.13,0.4457,0.4722,0.0573,0.0,0.2664,0.7725,0.4722,1
2026-08-27 22:12:23,load_15,1.035,64.01,53.33,instantaneous_fallback,19.677,4.588,0.0,1,,1200,2950,0.2692,-35.33,3,-0.33,-35.13,0.4267,0.4722,0.0573,0.0,0.082,0.782,0.4722,1
2026-08-27 22:12:24,load_15,1.069,60.98,51.72,instantaneous_fallback,19.677,3.546,0.0,1,,974,2921,0.2501,-35.0,3,0.33,-35.07,0.4065,0.4453,0.0443,0.0,0.082,0.7502,0.4453,1
2026-08-27 22:12:25,load_15,2.011,30.86,46.67,delta,41.626,8.929,0.0,1,,1132,2746,0.2573,-34.67,3,0.33,-35.0,0.2057,0.3612,0.1116,0.0,0.1734,0.7622,0.3612,1
2026-08-27 22:12:27,load_15,2.008,35.16,51.72,instantaneous_fallback,157.469,8.929,0.0,1,,1362,2679,0.2854,-34.33,3,0.33,-34.87,0.2344,0.4453,0.1116,0.0,0.552,0.809,0.552,2
2026-08-27 22:12:29,load_15,1.031,98.94,68.97,instantaneous_fallback,157.469,8.929,0.0,1,,2086,4198,0.3036,-34.67,3,-0.33,-34.8,0.6596,0.6746,0.1116,0.0,0.552,0.8393,0.6746,2
2026-08-27 22:12:30,load_15,1.223,47.57,68.97,instantaneous_fallback,138.727,8.929,0.0,1,,862,3068,0.2913,-34.67,3,0.0,-34.67,0.3171,0.6746,0.1116,0.0,0.526,0.8188,0.6746,2
2026-08-27 22:12:31,load_15,2.015,26.71,63.33,instantaneous_fallback,50.257,8.084,0.0,1,,694,2451,0.2884,-34.33,3,0.33,-34.53,0.1781,0.6041,0.1011,0.0,0.2094,0.814,0.6041,2
2026-08-27 22:12:33,load_15,1.064,102.96,60.0,instantaneous_fallback,56.684,4.919,0.0,1,,1674,4990,0.2775,-34.33,3,0.0,-34.47,0.6864,0.5625,0.0615,0.0,0.2362,0.7958,0.5625,2
2026-08-27 22:12:34,load_15,1.074,38.01,60.0,instantaneous_fallback,50.257,4.919,0.0,1,,804,1698,0.2717,-34.33,3,0.0,-34.47,0.2534,0.5625,0.0615,0.0,0.2094,0.7862,0.5625,2
2026-08-27 22:12:35,load_15,1.116,48.96,65.52,instantaneous_fallback,56.684,4.919,0.0,1,,630,2702,0.2383,-34.33,3,0.0,-34.4,0.3264,0.6315,0.0615,0.0,0.2362,0.7208,0.6315,2
2026-08-27 22:12:36,load_15,1.194,42.41,68.97,instantaneous_fallback,63.264,12.146,0.0,1,,736,2256,0.2435,-34.33,3,0.0,-34.33,0.2827,0.6746,0.1518,0.0,0.2636,0.7337,0.6746,2
2026-08-27 22:12:38,load_15,1.321,38.97,65.52,delta,117.894,12.146,0.0,1,,668,2077,0.2474,-34.33,3,0.0,-34.33,0.2598,0.6315,0.1518,0.0,0.4912,0.7435,0.6315,2
2026-08-27 22:12:39,load_15,2.041,35.94,68.97,instantaneous_fallback,117.894,12.146,0.0,1,,1240,2746,0.2621,-34.33,3,0.0,-34.33,0.2396,0.6746,0.1518,0.0,0.4912,0.7702,0.6746,2
2026-08-27 22:12:41,load_15,1.178,106.82,60.0,instantaneous_fallback,97.527,7.547,0.0,1,,1502,5789,0.2347,-35.0,3,-0.67,-34.47,0.7121,0.5625,0.0943,0.0,0.4064,0.7117,0.5625,2
2026-08-27 22:12:42,load_15,1.167,43.24,63.33,instantaneous_fallback,97.527,7.547,0.0,1,,762,2114,0.2468,-35.0,3,0.0,-34.6,0.2883,0.6041,0.0943,0.0,0.4064,0.742,0.6041,2
2026-08-27 22:12:43,load_15,1.02,50.55,63.33,instantaneous_fallback,97.527,7.547,0.0,1,,1060,1929,0.2631,-34.33,3,0.67,-34.6,0.337,0.6041,0.0943,0.0,0.4064,0.7718,0.6041,2
2026-08-27 22:12:44,load_15,1.268,44.44,66.67,instantaneous_fallback,130.437,7.547,0.0,1,,672,2815,0.2538,-34.33,3,0.0,-34.6,0.2963,0.6459,0.0943,0.0,0.5145,0.7563,0.6459,2
2026-08-27 22:12:46,load_15,1.096,43.52,66.67,instantaneous_fallback,130.437,8.272,0.0,1,,598,1921,0.2397,-34.33,3,0.0,-34.6,0.2901,0.6459,0.1034,0.0,0.5145,0.7242,0.6459,2
2026-08-27 22:12:47,load_15,1.062,64.73,70.0,instantaneous_fallback,130.437,8.272,0.0,1,,1848,3400,0.2886,-34.67,3,-0.33,-34.53,0.4315,0.6875,0.1034,0.0,0.5145,0.8143,0.6875,2
2026-08-27 22:12:48,load_15,1.101,51.77,66.67,instantaneous_fallback,123.884,8.272,0.0,1,,636,2410,0.2784,-34.0,3,0.67,-34.33,0.3451,0.6459,0.1034,0.0,0.5054,0.7973,0.6459,2
2026-08-27 22:12:49,load_15,1.463,51.3,66.67,instantaneous_fallback,123.884,8.272,0.0,1,,1076,3153,0.2607,-34.67,3,-0.67,-34.4,0.342,0.6459,0.1034,0.0,0.5054,0.7678,0.6459,2
2026-08-27 22:12:50,load_15,2.038,41.53,63.33,instantaneous_fallback,284.118,7.096,0.532,1,,790,3326,0.2583,-34.67,3,0.0,-34.47,0.2769,0.6041,0.0887,0.266,0.7279,0.7638,0.7279,2
2026-08-27 22:12:52,load_15,2.016,83.03,62.07,instantaneous_fallback,284.118,7.096,0.532,1,,2130,4629,0.2769,-35.0,3,-0.33,-34.6,0.5535,0.5884,0.0887,0.266,0.7279,0.7948,0.7279,2
2026-08-27 22:12:54,load_15,1.156,114.25,62.07,instantaneous_fallback,229.584,7.096,0.532,1,,1746,5343,0.2527,-34.0,3,1.0,-34.47,0.7617,0.5884,0.0887,0.266,0.6522,0.7545,0.6522,2
2026-08-27 22:12:56,load_15,2.011,34.75,62.07,instantaneous_fallback,229.584,9.1,0.0,1,,626,3174,0.245,-34.33,3,-0.33,-34.53,0.2317,0.5884,0.1137,0.0,0.6522,0.7375,0.6522,2
2026-08-27 22:12:58,load_15,1.147,144.97,66.67,instantaneous_fallback,170.043,9.1,0.0,1,,1872,5048,0.2498,-34.33,3,0.0,-34.47,0.9665,0.6459,0.1137,0.0,0.5695,0.7495,0.6459,2
2026-08-27 22:12:59,load_15,2.011,35.12,63.33,instantaneous_fallback,256.288,9.1,0.0,1,,1258,2484,0.2696,-35.0,3,-0.67,-34.53,0.2341,0.6041,0.1137,0.0,0.6893,0.7827,0.6893,2
2026-08-27 22:13:01,load_15,2.027,68.35,63.33,instantaneous_fallback,170.043,9.1,0.0,1,,2562,4842,0.2785,-35.33,3,-0.33,-34.6,0.4557,0.6041,0.1137,0.0,0.5695,0.7975,0.6041,2
2026-08-27 22:13:03,load_15,2.015,34.04,63.33,instantaneous_fallback,0.0,9.1,0.0,1,,18,290,0.2857,-35.0,3,0.33,-34.8,0.2269,0.6041,0.1137,0.0,1.0,0.8095,1.0,3
2026-08-27 22:13:05,load_15,2.996,14.66,63.33,instantaneous_fallback,0.0,86.854,59.84,1,,0,204,0.3074,-33.67,3,1.33,-34.67,0.0977,0.6041,0.9343,1.0,1.0,0.8457,1.0,3
2026-08-27 22:13:08,load_15,3.024,41.5,76.67,instantaneous_fallback,996.019,86.854,59.84,1,,0,1618,0.2891,-34.33,3,-0.67,-34.67,0.2767,0.7778,0.9343,1.0,1.0,0.8152,1.0,3
2026-08-27 22:13:11,load_15,1.054,110.36,76.67,instantaneous_fallback,996.019,86.854,59.84,1,,0,1488,0.2341,-34.67,3,-0.33,-34.6,0.7357,0.7778,0.9343,1.0,1.0,0.7103,1.0,3
2026-08-27 22:13:12,load_15,1.018,59.17,63.33,instantaneous_fallback,266.169,4.38,0.266,1,,846,2839,0.1183,-34.67,3,0.0,-34.47,0.3945,0.6041,0.0548,0.133,0.703,0.3415,0.703,2
2026-08-27 22:13:13,load_15,1.039,67.88,58.62,instantaneous_fallback,29.554,4.38,0.266,1,,470,3181,0.1236,-34.67,3,0.0,-34.4,0.4525,0.5453,0.0548,0.133,0.1231,0.368,0.5453,2
2026-08-27 22:13:14,load_15,1.066,61.43,50.0,instantaneous_fallback,29.554,3.555,0.0,1,,866,2943,0.1531,-34.67,3,0.0,-34.6,0.4095,0.4167,0.0444,0.0,0.1231,0.5078,0.4167,1
2026-08-27 22:13:15,load_15,1.05,59.39,50.0,instantaneous_fallback,24.301,3.555,0.0,1,,822,2785,0.185,-34.67,3,0.0,-34.67,0.3959,0.4167,0.0444,0.0,0.1013,0.5875,0.4167,1
2026-08-27 22:13:16,load_15,1.14,57.77,50.0,instantaneous_fallback,30.018,4.967,0.0,1,,986,2974,0.2132,-34.33,3,0.33,-34.6,0.3851,0.4167,0.0621,0.0,0.1251,0.658,0.4167,1
2026-08-27 22:15:56,load_15b,0.0,0.0,13.33,instantaneous,3.495,,,0,,0,0,0.0,-35.0,3,0.0,-35.0,0.0,0.0833,0.0,0.0,0.0146,0.0,0.0833,0
2026-08-27 22:15:58,load_15b,1.009,0.18,13.33,instantaneous_fallback,3.167,1.641,0.0,1,,0,102,0.0,-35.0,3,0.0,-35.0,0.0012,0.0833,0.0205,0.0,0.0132,0.0,0.0833,0
2026-08-27 22:15:59,load_15b,1.01,0.71,13.33,instantaneous_fallback,2.84,1.641,0.0,1,,0,239,0.0,-35.33,3,-0.33,-35.11,0.0047,0.0833,0.0205,0.0,0.0118,0.0,0.0833,0
2026-08-27 22:16:00,load_15b,1.009,0.36,13.33,instantaneous_fallback,2.84,1.148,0.0,1,,0,201,0.0,-35.33,3,0.0,-35.17,0.0024,0.0833,0.0143,0.0,0.0118,0.0,0.0833,0
2026-08-27 22:16:01,load_15b,1.012,0.38,13.33,instantaneous_fallback,2.603,1.148,0.0,1,,4,219,0.0052,-35.33,3,0.0,-35.2,0.0025,0.0833,0.0143,0.0,0.0108,0.013,0.0833,0
2026-08-27 22:16:02,load_15b,1.011,0.36,13.33,instantaneous_fallback,2.603,1.396,0.0,1,,0,201,0.0041,-35.33,3,0.0,-35.27,0.0024,0.0833,0.0175,0.0,0.0108,0.0103,0.0833,0
2026-08-27 22:16:03,load_15b,1.014,0.37,13.33,instantaneous_fallback,2.603,1.396,0.0,1,,0,215,0.0037,-35.33,3,0.0,-35.33,0.0025,0.0833,0.0175,0.0,0.0108,0.0092,0.0833,0
2026-08-27 22:16:04,load_15b,1.013,0.36,16.67,instantaneous_fallback,2.368,1.296,0.0,1,,0,203,0.0038,-35.33,3,0.0,-35.33,0.0024,0.1042,0.0162,0.0,0.0099,0.0095,0.1042,0
2026-08-27 22:16:05,load_15b,1.013,0.37,13.33,instantaneous_fallback,2.69,1.296,0.0,1,,8,215,0.0113,-35.33,3,0.0,-35.33,0.0025,0.0833,0.0162,0.0,0.0112,0.0282,0.0833,0
2026-08-27 22:16:06,load_15b,1.013,0.36,20.0,instantaneous_fallback,2.301,0.882,0.0,1,,0,204,0.0076,-35.33,3,0.0,-35.33,0.0024,0.125,0.011,0.0,0.0096,0.019,0.125,0
2026-08-27 22:16:07,load_15b,1.017,0.37,13.33,instantaneous_fallback,2.69,0.882,0.0,1,,0,216,0.0075,-35.33,3,0.0,-35.33,0.0025,0.0833,0.011,0.0,0.0112,0.0187,0.0833,0
2026-08-27 22:16:08,load_15b,1.013,0.36,13.33,instantaneous_fallback,2.557,1.391,0.0,1,,0,202,0.0076,-35.33,3,0.0,-35.33,0.0024,0.0833,0.0174,0.0,0.0107,0.019,0.0833,0
2026-08-27 22:16:09,load_15b,1.013,0.38,13.33,instantaneous_fallback,3.12,1.391,0.0,1,,0,218,0.0075,-35.33,3,0.0,-35.33,0.0025,0.0833,0.0174,0.0,0.013,0.0187,0.0833,0
2026-08-27 22:16:10,load_15b,1.013,0.37,16.67,instantaneous_fallback,2.557,1.987,0.0,1,,0,206,0.0,-35.33,3,0.0,-35.33,0.0025,0.1042,0.0248,0.0,0.0107,0.0,0.1042,0
2026-08-27 22:16:11,load_15b,1.013,0.19,16.67,instantaneous_fallback,2.43,1.987,0.0,1,,6,116,0.0062,-35.33,3,0.0,-35.33,0.0013,0.1042,0.0248,0.0,0.0101,0.0155,0.1042,0
2026-08-27 22:16:12,load_15b,1.014,0.37,16.67,instantaneous_fallback,2.43,1.237,0.0,1,,2,207,0.0084,-35.33,3,0.0,-35.33,0.0025,0.1042,0.0155,0.0,0.0101,0.021,0.1042,0
2026-08-27 22:16:13,load_15b,1.013,0.37,13.79,delta,2.43,1.237,0.0,1,,4,214,0.0123,-35.67,3,-0.33,-35.4,0.0025,0.0862,0.0155,0.0,0.0101,0.0307,0.0862,0
2026-08-27 22:16:14,load_15b,1.013,0.57,13.79,instantaneous_fallback,2.322,0.937,0.266,1,,84,224,0.0903,-35.33,3,0.33,-35.4,0.0038,0.0862,0.0117,0.133,0.0097,0.2258,0.133,0
2026-08-27 22:16:15,load_15b,1.013,2.79,16.67,instantaneous_fallback,2.162,0.937,0.266,1,,22,291,0.1009,-35.67,3,-0.33,-35.47,0.0186,0.1042,0.0117,0.133,0.009,0.2545,0.133,0
2026-08-27 22:16:16,load_15b,1.013,0.38,16.67,instantaneous_fallback,1.764,1.096,0.0,1,,0,208,0.0892,-35.67,3,0.0,-35.53,0.0025,0.1042,0.0137,0.0,0.0073,0.223,0.1042,0
2026-08-27 22:16:17,load_15b,1.016,0.38,16.67,instantaneous_fallback,1.764,1.096,0.0,1,,8,219,0.0926,-35.67,3,0.0,-35.6,0.0025,0.1042,0.0137,0.0,0.0073,0.2315,0.1042,0
2026-08-27 22:16:18,load_15b,1.014,2.92,13.33,instantaneous_fallback,2.484,0.78,0.0,1,,0,216,0.0896,-36.0,3,-0.33,-35.67,0.0195,0.0833,0.0097,0.0,0.0103,0.224,0.0833,0
2026-08-27 22:16:19,load_15b,1.013,0.41,16.67,instantaneous_fallback,3.356,0.78,0.0,1,,0,304,0.0237,-36.0,3,0.0,-35.8,0.0027,0.1042,0.0097,0.0,0.014,0.0593,0.1042,0
2026-08-27 22:16:20,load_15b,1.013,0.38,16.67,instantaneous_fallback,3.102,1.142,0.0,1,,0,209,0.0069,-36.0,3,0.0,-35.87,0.0025,0.1042,0.0143,0.0,0.0129,0.0172,0.1042,0
2026-08-27 22:16:21,load_15b,1.016,0.37,16.67,instantaneous_fallback,3.356,1.142,0.0,1,,0,215,0.0068,-36.0,3,0.0,-35.93,0.0025,0.1042,0.0143,0.0,0.014,0.017,0.1042,0
2026-08-27 22:16:22,load_15b,1.014,0.36,13.33,instantaneous_fallback,3.102,0.778,0.0,1,,0,204,0.0,-36.0,3,0.0,-36.0,0.0024,0.0833,0.0097,0.0,0.0129,0.0,0.0833,0
2026-08-27 22:16:23,load_15b,1.014,0.19,13.33,instantaneous_fallback,3.187,0.778,0.0,1,,0,114,0.0,-36.0,3,0.0,-36.0,0.0013,0.0833,0.0097,0.0,0.0133,0.0,0.0833,0
2026-08-27 22:16:24,load_15b,1.013,0.36,16.67,instantaneous_fallback,2.43,1.033,0.0,1,,0,202,0.0,-36.0,3,0.0,-36.0,0.0024,0.1042,0.0129,0.0,0.0101,0.0,0.1042,0
2026-08-27 22:16:25,load_15b,1.014,0.37,16.67,instantaneous_fallback,2.599,1.033,0.0,1,,0,218,0.0,-36.0,3,0.0,-36.0,0.0025,0.1042,0.0129,0.0,0.0108,0.0,0.1042,0
2026-08-27 22:16:26,load_15b,1.013,0.36,16.67,instantaneous_fallback,2.599,4.114,0.0,1,,0,203,0.0,-36.0,3,0.0,-36.0,0.0024,0.1042,0.0514,0.0,0.0108,0.0,0.1042,0
2026-08-27 22:16:27,load_15b,1.017,0.36,13.33,instantaneous_fallback,2.617,4.114,0.0,1,,0,212,0.0,-36.0,3,0.0,-36.0,0.0024,0.0833,0.0514,0.0,0.0109,0.0,0.0833,0
2026-08-27 22:16:28,load_15b,1.057,0.35,13.33,instantaneous_fallback,4.39,0.899,0.0,1,,0,202,0.0,-36.0,3,0.0,-36.0,0.0023,0.0833,0.0112,0.0,0.0183,0.0,0.0833,0
2026-08-27 22:16:29,load_15b,1.09,13.57,13.33,instantaneous_fallback,24.065,0.899,0.0,1,,384,832,0.1872,-38.67,3,-2.67,-36.53,0.0905,0.0833,0.0112,0.0,0.1003,0.593,0.1003,0
2026-08-27 22:16:30,load_15b,1.143,27.07,13.33,instantaneous_fallback,75.653,6.427,0.0,1,,792,1524,0.2834,-40.0,3,-1.33,-37.33,0.1805,0.0833,0.0803,0.0,0.3152,0.8057,0.3152,1
2026-08-27 22:16:31,load_15b,1.071,43.41,60.0,instantaneous_fallback,75.653,6.427,0.0,1,,1262,2029,0.3369,-38.0,3,2.0,-37.73,0.2894,0.5625,0.0803,0.0,0.3152,0.8948,0.5625,2
2026-08-27 22:16:32,load_15b,1.136,48.08,66.67,instantaneous_fallback,79.411,5.732,0.0,1,,1304,2294,0.3523,-40.0,3,-2.0,-38.53,0.3205,0.6459,0.0717,0.0,0.3309,0.9205,0.6459,2
2026-08-27 22:16:34,load_15b,1.024,45.54,66.67,instantaneous_fallback,65.304,5.732,0.0,1,,754,2398,0.3312,-39.0,3,1.0,-39.13,0.3036,0.6459,0.0717,0.0,0.2721,0.8853,0.6459,2
2026-08-27 22:16:35,load_15b,1.034,72.39,66.67,delta,13.382,5.236,0.0,1,,1198,3227,0.3164,-41.0,3,-2.0,-39.6,0.4826,0.6459,0.0654,0.0,0.0558,0.8607,0.6459,2
2026-08-27 22:16:36,load_15b,1.059,48.15,62.07,instantaneous_fallback,13.382,5.236,0.0,1,,1114,2167,0.3173,-40.0,3,1.0,-39.6,0.321,0.5884,0.0654,0.0,0.0558,0.8622,0.5884,2
2026-08-27 22:16:37,load_15b,1.398,47.03,60.0,instantaneous_fallback,28.467,5.236,0.0,1,,1180,3145,0.2955,-40.67,3,-0.67,-40.13,0.3135,0.5625,0.0654,0.0,0.1186,0.8258,0.5625,2
2026-08-27 22:16:38,load_15b,2.041,46.7,60.0,instantaneous_fallback,54.758,6.565,5.851,1,,1676,2960,0.2988,-39.33,3,1.33,-40.0,0.3113,0.5625,0.0821,0.7925,0.2282,0.8313,0.7925,3
2026-08-27 22:16:40,load_15b,1.137,94.7,60.0,instantaneous_fallback,68.313,6.565,5.851,1,,2046,5353,0.2998,-40.0,3,-0.67,-40.2,0.6313,0.5625,0.0821,0.7925,0.2846,0.833,0.7925,3
2026-08-27 22:16:41,load_15b,1.643,24.1,68.97,instantaneous_fallback,68.313,6.565,5.851,1,,422,1836,0.294,-35.33,3,4.67,-39.07,0.1607,0.6746,0.0821,0.7925,0.2846,0.8233,0.7925,3
2026-08-27 22:16:43,load_15b,2.021,34.18,73.33,instantaneous_fallback,198.139,7.967,0.0,1,,1138,1721,0.3009,-37.67,3,-2.33,-38.6,0.2279,0.7291,0.0996,0.0,0.6085,0.8348,0.7291,2
2026-08-27 22:16:45,load_15b,2.016,61.23,73.33,instantaneous_fallback,198.139,7.967,0.0,1,,2152,4131,0.3172,-38.33,3,-0.67,-38.13,0.4082,0.7291,0.0996,0.0,0.6085,0.862,0.7291,2
2026-08-27 22:16:47,load_15b,1.098,131.83,66.67,instantaneous_fallback,83.829,7.967,0.0,1,,1398,5618,0.2772,-37.67,3,0.67,-37.8,0.8789,0.6459,0.0996,0.0,0.3493,0.7953,0.6459,2
2026-08-27 22:16:48,load_15b,1.085,58.93,53.33,instantaneous_fallback,70.044,5.775,0.0,1,,894,2708,0.2727,-37.67,3,0.0,-37.33,0.3929,0.4722,0.0722,0.0,0.2918,0.7878,0.4722,1
2026-08-27 22:16:49,load_15b,1.104,64.21,53.33,instantaneous_fallback,70.044,5.775,0.0,1,,610,3320,0.2614,-37.67,3,0.0,-37.8,0.4281,0.4722,0.0722,0.0,0.2918,0.769,0.4722,1
2026-08-27 22:16:50,load_15b,2.024,37.11,56.67,instantaneous_fallback,88.187,12.731,3.989,1,,1340,2615,0.258,-37.33,3,0.33,-37.73,0.2474,0.5209,0.1591,0.6868,0.3674,0.7633,0.6868,2
2026-08-27 22:16:52,load_15b,2.016,67.49,62.07,instantaneous_fallback,88.187,12.731,3.989,1,,2178,6463,0.2365,-37.0,3,0.33,-37.47,0.4499,0.5884,0.1591,0.6868,0.3674,0.7162,0.6868,2
2026-08-27 22:16:54,load_15b,2.027,40.86,63.33,instantaneous_fallback,111.74,12.731,3.989,1,,1714,638,0.2996,-37.0,3,0.0,-37.33,0.2724,0.6041,0.1591,0.6868,0.4656,0.8327,0.6868,2
2026-08-27 22:16:56,load_15b,2.036,39.84,72.41,delta,508.711,12.731,3.989,1,,0,814,0.2967,-36.67,3,0.33,-37.13,0.2656,0.7176,0.1591,0.6868,0.8544,0.8278,0.8544,3
2026-08-27 22:16:58,load_15b,2.016,22.15,86.21,instantaneous_fallback,508.711,12.731,3.989,1,,2,400,0.3238,-36.33,3,0.33,-36.87,0.1477,0.9368,0.1591,0.6868,0.8544,0.873,0.9368,3
2026-08-27 22:17:00,load_15b,2.016,44.59,86.21,instantaneous_fallback,626.978,12.731,3.989,1,,0,547,0.3053,-36.67,3,-0.33,-36.73,0.2973,0.9368,0.1591,0.6868,0.9135,0.8422,0.9368,3
2026-08-27 22:17:02,load_15b,2.017,35.2,86.21,instantaneous_fallback,626.978,,,0,,0,588,0.3649,-36.67,3,0.0,-36.67,0.2347,0.9368,0.0,1.0,0.9135,0.9415,1.0,3
2026-08-27 22:17:04,load_15b,2.016,37.33,80.0,instantaneous_fallback,626.978,,,0,,0,1089,0.0006,-36.33,3,0.33,-36.53,0.2489,0.8333,0.0,1.0,0.9135,0.0015,1.0,3
2026-08-27 22:17:06,load_15b,1.03,106.99,73.33,instantaneous_fallback,47.011,5.822,0.0,1,,1300,4112,0.162,-37.0,3,-0.67,-36.6,0.7133,0.7291,0.0728,0.0,0.1959,0.53,0.7291,2
2026-08-27 22:17:07,load_15b,1.299,51.16,70.0,instantaneous_fallback,47.011,5.822,0.0,1,,410,2959,0.1554,-36.33,3,0.67,-36.6,0.3411,0.6875,0.0728,0.0,0.1959,0.5135,0.6875,2
2026-08-27 22:17:09,load_15b,2.023,28.05,60.0,instantaneous_fallback,118.185,7.845,2.128,1,,856,2314,0.1883,-36.33,3,0.0,-36.53,0.187,0.5625,0.0981,0.5705,0.4924,0.5958,0.5705,2
2026-08-27 22:17:11,load_15b,1.174,96.55,53.33,instantaneous_fallback,137.552,7.845,2.128,1,,1314,5483,0.1956,-36.33,3,0.0,-36.47,0.6437,0.4722,0.0981,0.5705,0.5244,0.614,0.5705,2
2026-08-27 22:17:12,load_15b,1.055,49.65,60.0,instantaneous_fallback,118.185,9.851,0.266,1,,702,1653,0.2171,-36.67,3,-0.33,-36.53,0.331,0.5625,0.1231,0.133,0.4924,0.6677,0.5625,2
2026-08-27 22:17:13,load_15b,1.22,51.54,63.33,instantaneous_fallback,137.552,9.851,0.266,1,,628,2758,0.205,-36.67,3,0.0,-36.47,0.3436,0.6041,0.1231,0.133,0.5244,0.6375,0.6041,2
2026-08-27 22:17:14,load_15b,2.021,41.23,68.97,instantaneous_fallback,94.126,9.851,0.266,1,,926,3144,0.2238,-37.0,3,-0.33,-36.6,0.2749,0.6746,0.1231,0.133,0.3922,0.6845,0.6746,2
2026-08-27 22:17:16,load_15b,1.12,132.76,63.33,instantaneous_fallback,139.843,7.439,0.0,1,,2666,6516,0.2418,-36.67,3,0.33,-36.67,0.8851,0.6041,0.093,0.0,0.5276,0.7295,0.6041,2
2026-08-27 22:17:17,load_15b,1.04,80.79,68.97,delta,40.529,7.439,0.0,1,,1680,3936,0.2683,-36.67,3,0.0,-36.73,0.5386,0.6746,0.093,0.0,0.1689,0.7805,0.6746,2
2026-08-27 22:17:18,load_15b,1.234,60.35,51.72,instantaneous_fallback,139.843,7.439,0.0,1,,950,3445,0.257,-36.67,3,0.0,-36.73,0.4023,0.4453,0.093,0.0,0.5276,0.7617,0.5276,2
2026-08-27 22:17:20,load_15b,2.014,33.56,51.72,delta,158.517,11.169,0.0,1,,874,2888,0.2626,-36.67,3,0.0,-36.73,0.2237,0.4453,0.1396,0.0,0.5535,0.771,0.5535,2
2026-08-27 22:17:22,load_15b,2.016,56.94,51.72,instantaneous_fallback,228.315,11.169,0.0,1,,2494,4033,0.2939,-36.33,3,0.33,-36.6,0.3796,0.4453,0.1396,0.0,0.6504,0.8232,0.6504,2
2026-08-27 22:17:24,load_15b,1.032,139.6,46.67,instantaneous_fallback,228.315,1.963,0.266,1,,3194,6874,0.3027,-36.67,3,-0.33,-36.6,0.9307,0.3612,0.0245,0.133,0.6504,0.8378,0.6504,2
2026-08-27 22:17:25,load_15b,1.413,22.12,46.67,instantaneous_fallback,202.919,1.963,0.266,1,,456,1400,0.2995,-36.67,3,0.0,-36.6,0.1475,0.3612,0.0245,0.133,0.6152,0.8325,0.6152,2
2026-08-27 22:17:26,load_15b,2.035,46.04,46.67,instantaneous_fallback,62.734,8.229,6.383,1,,1218,3938,0.3009,-36.33,3,0.33,-36.53,0.3069,0.3612,0.1029,0.8192,0.2614,0.8348,0.8192,3
2026-08-27 22:17:28,load_15b,1.045,125.81,53.33,instantaneous_fallback,26.885,8.229,6.383,1,,1846,5587,0.2966,-37.0,3,-0.67,-36.6,0.8387,0.4722,0.1029,0.8192,0.112,0.8277,0.8192,3
2026-08-27 22:17:29,load_15b,1.088,67.63,53.33,instantaneous_fallback,26.885,8.229,6.383,1,,636,3318,0.2582,-36.67,3,0.33,-36.67,0.4509,0.4722,0.1029,0.8192,0.112,0.7637,0.8192,3
2026-08-27 22:17:30,load_15b,1.019,61.35,51.72,instantaneous_fallback,26.885,4.922,0.0,1,,546,2804,0.2162,-36.67,3,0.0,-36.67,0.409,0.4453,0.0615,0.0,0.112,0.6655,0.4453,1
2026-08-27 22:17:31,load_15b,1.014,69.45,48.28,delta,22.801,4.922,0.0,1,,1156,3171,0.223,-36.33,3,0.33,-36.6,0.463,0.388,0.0615,0.0,0.095,0.6825,0.388,1
2026-08-27 22:17:32,load_15b,1.133,58.54,51.72,instantaneous_fallback,22.801,4.922,0.0,1,,944,2981,0.2231,-36.67,3,-0.33,-36.67,0.3903,0.4453,0.0615,0.0,0.095,0.6827,0.4453,1
2026-08-27 22:17:33,load_15b,1.028,59.44,50.0,instantaneous_fallback,30.082,7.118,0.0,1,,1272,2613,0.2342,-37.0,3,-0.33,-36.67,0.3963,0.4167,0.089,0.0,0.1253,0.7105,0.4167,1
2026-08-27 22:17:35,load_15b,1.16,57.49,53.33,instantaneous_fallback,66.509,7.118,0.0,1,,1514,3027,0.2712,-36.33,3,0.67,-36.6,0.3833,0.4722,0.089,0.0,0.2771,0.7853,0.4722,1
2026-08-27 22:17:36,load_15b,2.017,30.3,58.62,instantaneous_fallback,66.296,6.017,0.0,1,,1246,2459,0.3008,-36.67,3,-0.33,-36.6,0.202,0.5453,0.0752,0.0,0.2762,0.8347,0.5453,2
2026-08-27 22:17:38,load_15b,1.029,133.58,58.62,instantaneous_fallback,72.722,5.908,0.0,1,,1630,6523,0.2729,-36.33,3,0.33,-36.6,0.8905,0.5453,0.0738,0.0,0.303,0.7882,0.5453,2
2026-08-27 22:17:39,load_15b,1.021,68.38,56.67,instantaneous_fallback,66.296,5.908,0.0,1,,1188,3141,0.2783,-36.67,3,-0.33,-36.6,0.4559,0.5209,0.0738,0.0,0.2762,0.7972,0.5209,2
2026-08-27 22:17:40,load_15b,1.053,62.48,56.67,instantaneous_fallback,51.696,5.908,0.0,1,,982,2950,0.266,-36.67,3,0.0,-36.53,0.4165,0.5209,0.0738,0.0,0.2154,0.7767,0.5209,2
2026-08-27 22:17:41,load_15b,1.126,57.58,56.67,instantaneous_fallback,51.696,6.856,0.0,1,,726,2887,0.2432,-37.0,3,-0.33,-36.67,0.3839,0.5209,0.0857,0.0,0.2154,0.733,0.5209,2
2026-08-27 22:17:42,load_15b,2.01,32.58,55.17,instantaneous_fallback,69.292,6.902,0.798,1,,1290,3005,0.2391,-36.67,3,0.33,-36.67,0.2172,0.5021,0.0863,0.399,0.2887,0.7228,0.5021,2
2026-08-27 22:17:44,load_15b,1.141,117.82,56.67,delta,74.123,6.902,0.798,1,,2248,5989,0.2636,-37.0,3,-0.33,-36.8,0.7855,0.5209,0.0863,0.399,0.3088,0.7727,0.5209,2
2026-08-27 22:17:45,load_15b,1.021,63.78,55.17,instantaneous_fallback,74.123,5.041,0.0,1,,736,2816,0.2532,-37.0,3,0.0,-36.87,0.4252,0.5021,0.063,0.0,0.3088,0.7553,0.5021,2
2026-08-27 22:17:46,load_15b,1.095,63.25,100.0,delta,60.925,5.041,0.0,1,,910,3185,0.2484,-36.67,3,0.33,-36.87,0.4217,1.0,0.063,0.0,0.2539,0.746,1.0,3
2026-08-27 22:17:47,load_15b,1.086,55.96,46.67,instantaneous_fallback,60.925,5.041,0.0,1,,1008,2603,0.2603,-36.67,3,0.0,-36.8,0.3731,0.3612,0.063,0.0,0.2539,0.7672,0.3612,1
2026-08-27 22:17:48,load_15b,1.261,54.47,46.67,instantaneous_fallback,62.175,5.394,0.0,1,,744,3090,0.242,-36.67,3,0.0,-36.8,0.3631,0.3612,0.0674,0.0,0.2591,0.73,0.3612,1
2026-08-27 22:17:50,load_15b,1.016,62.03,46.67,instantaneous_fallback,70.805,5.394,0.0,1,,838,2786,0.2263,-36.67,3,0.0,-36.73,0.4135,0.3612,0.0674,0.0,0.295,0.6907,0.3612,1
2026-08-27 22:17:51,load_15b,1.149,57.0,46.67,instantaneous_fallback,78.104,6.293,0.0,1,,1116,3051,0.2388,-36.67,3,0.0,-36.67,0.38,0.3612,0.0787,0.0,0.3254,0.722,0.3612,1
2026-08-27 22:17:52,load_15b,1.092,64.31,46.67,instantaneous_fallback,78.104,6.293,0.0,1,,736,3088,0.2331,-37.0,3,-0.33,-36.73,0.4287,0.3612,0.0787,0.0,0.3254,0.7077,0.3612,1
2026-08-27 22:17:53,load_15b,1.195,58.55,46.67,instantaneous_fallback,92.111,6.94,0.0,1,,1134,3045,0.2327,-37.0,3,0.0,-36.8,0.3903,0.3612,0.0868,0.0,0.3838,0.7067,0.3838,1
2026-08-27 22:17:54,load_15b,2.041,27.65,46.67,instantaneous_fallback,92.111,6.94,0.0,1,,910,2280,0.2494,-37.0,3,0.0,-36.87,0.1843,0.3612,0.0868,0.0,0.3838,0.7485,0.3838,1
2026-08-27 22:17:56,load_15b,1.231,113.79,56.67,instantaneous_fallback,182.222,6.94,0.0,1,,1738,6233,0.2415,-36.33,3,0.67,-36.8,0.7586,0.5209,0.0868,0.0,0.5864,0.7288,0.5864,2
2026-08-27 22:17:57,load_15b,2.033,42.12,63.33,instantaneous_fallback,114.417,6.94,0.0,1,,2344,3061,0.2793,-36.0,3,0.33,-36.67,0.2808,0.6041,0.0868,0.0,0.4767,0.7988,0.6041,2
2026-08-27 22:17:59,load_15b,1.066,95.25,56.67,instantaneous_fallback,114.417,6.94,0.0,1,,1616,4960,0.2834,-36.33,3,-0.33,-36.53,0.635,0.5209,0.0868,0.0,0.4767,0.8057,0.5209,2
2026-08-27 22:18:00,load_15b,1.047,59.85,63.33,instantaneous_fallback,52.55,6.94,0.0,1,,918,2384,0.2846,-36.67,3,-0.33,-36.47,0.399,0.6041,0.0868,0.0,0.219,0.8077,0.6041,2
2026-08-27 22:18:01,load_15b,1.102,69.62,56.67,instantaneous_fallback,52.55,6.94,0.0,1,,1180,3536,0.2787,-36.67,3,0.0,-36.4,0.4641,0.5209,0.0868,0.0,0.219,0.7978,0.5209,2
2026-08-27 22:18:03,load_15b,1.02,70.11,56.67,instantaneous_fallback,52.55,6.94,0.0,1,,1104,3047,0.2966,-36.67,3,0.0,-36.47,0.4674,0.5209,0.0868,0.0,0.219,0.8277,0.5209,2
2026-08-27 22:18:04,load_15b,1.025,61.94,51.72,instantaneous_fallback,40.642,6.94,0.0,1,,1100,2655,0.263,-36.33,3,0.33,-36.53,0.4129,0.4453,0.0868,0.0,0.1693,0.7717,0.4453,1
2026-08-27 22:18:05,load_15b,1.04,59.19,50.0,instantaneous_fallback,23.39,6.94,0.0,1,,778,2467,0.265,-36.67,3,-0.33,-36.6,0.3946,0.4167,0.0868,0.0,0.0975,0.775,0.4167,1
2026-08-27 22:18:06,load_15b,1.016,68.28,50.0,instantaneous_fallback,10.874,,,0,,958,3141,0.2564,-36.67,3,0.0,-36.6,0.4552,0.4167,0.0,1.0,0.0453,0.7607,1.0,3
2026-08-27 22:18:07,load_15b,1.027,65.9,50.0,instantaneous_fallback,9.479,,,0,,1084,2875,0.2615,-36.33,3,0.33,-36.53,0.4393,0.4167,0.0,1.0,0.0395,0.7692,1.0,3
2026-08-27 22:18:08,load_15b,1.146,57.77,50.0,instantaneous_fallback,9.479,6.001,0.0,1,,744,2986,0.2482,-37.0,3,-0.67,-36.6,0.3851,0.4167,0.075,0.0,0.0395,0.7455,0.4167,1
2026-08-27 22:18:09,load_15b,1.159,52.2,50.0,instantaneous_fallback,73.689,6.001,0.0,1,,876,2719,0.2384,-36.67,3,0.33,-36.67,0.348,0.4167,0.075,0.0,0.307,0.721,0.4167,1
2026-08-27 22:18:10,load_15b,1.016,68.11,50.0,instantaneous_fallback,73.689,4.217,0.0,1,,1592,3080,0.262,-37.0,3,-0.33,-36.73,0.4541,0.4167,0.0527,0.0,0.307,0.77,0.4167,1
2026-08-27 22:18:11,load_15b,1.19,56.48,51.72,instantaneous_fallback,96.482,4.217,0.0,1,,1164,3039,0.2708,-37.0,3,0.0,-36.8,0.3765,0.4453,0.0527,0.0,0.402,0.7847,0.4453,1
2026-08-27 22:18:12,load_15b,2.009,44.98,51.72,delta,96.482,8.29,0.266,1,,1184,3845,0.2619,-36.33,3,0.67,-36.8,0.2999,0.4453,0.1036,0.133,0.402,0.7698,0.4453,1
2026-08-27 22:18:14,load_15b,1.106,74.67,63.33,instantaneous_fallback,120.505,8.29,0.266,1,,2280,3384,0.3064,-36.33,3,0.0,-36.67,0.4978,0.6041,0.1036,0.133,0.5007,0.844,0.6041,2
2026-08-27 22:18:15,load_15b,1.02,73.09,63.33,instantaneous_fallback,120.505,8.29,0.266,1,,1200,3676,0.3036,-37.0,3,-0.67,-36.73,0.4873,0.6041,0.1036,0.133,0.5007,0.8393,0.6041,2
2026-08-27 22:18:16,load_15b,2.011,31.7,60.0,instantaneous_fallback,83.813,8.29,0.266,1,,448,2356,0.278,-37.0,3,0.0,-36.73,0.2113,0.5625,0.1036,0.133,0.3492,0.7967,0.5625,2
2026-08-27 22:18:18,load_15b,1.181,99.08,58.62,delta,83.813,5.339,10.372,1,,2268,5198,0.2856,-36.67,3,0.33,-36.67,0.6605,0.5453,0.0667,1.0,0.3492,0.8093,1.0,3
2026-08-27 22:18:19,load_15b,1.026,69.36,50.0,instantaneous_fallback,70.257,6.057,0.0,1,,866,3218,0.2837,-37.0,3,-0.33,-36.8,0.4624,0.4167,0.0757,0.0,0.2927,0.8062,0.4167,1
2026-08-27 22:18:20,load_15b,1.278,59.99,50.0,instantaneous_fallback,115.16,6.057,0.0,1,,950,3390,0.2432,-37.0,3,0.0,-36.93,0.3999,0.4167,0.0757,0.0,0.4798,0.733,0.4798,1
2026-08-27 22:18:22,load_15b,2.027,48.56,53.33,instantaneous_fallback,70.257,6.972,0.266,1,,1074,4031,0.2356,-36.67,3,0.33,-36.87,0.3237,0.4722,0.0872,0.133,0.2927,0.714,0.4722,1
2026-08-27 22:18:24,load_15b,2.011,60.46,56.67,instantaneous_fallback,144.704,9.185,10.372,1,,2108,5264,0.2561,-36.67,3,0.0,-36.8,0.4031,0.5209,0.1148,1.0,0.5343,0.7602,1.0,3
2026-08-27 22:18:26,load_15b,2.021,40.46,56.67,instantaneous_fallback,61.444,9.185,10.372,1,,2442,3021,0.2822,-36.67,3,0.0,-36.8,0.2697,0.5209,0.1148,1.0,0.256,0.8037,1.0,3
2026-08-27 22:18:28,load_15b,2.016,35.63,70.0,instantaneous_fallback,0.0,9.185,10.372,1,,1150,831,0.3184,-36.67,3,0.0,-36.73,0.2375,0.6875,0.1148,1.0,1.0,0.864,1.0,3
2026-08-27 22:18:30,load_15b,2.016,28.18,83.33,instantaneous_fallback,0.0,9.185,10.372,1,,0,506,0.3316,-36.0,3,0.67,-36.53,0.1879,0.8888,0.1148,1.0,1.0,0.886,1.0,3
2026-08-27 22:18:32,load_15b,2.016,33.04,86.67,instantaneous_fallback,0.0,9.185,10.372,1,,0,441,0.3616,-36.0,3,0.0,-36.4,0.2203,0.9445,0.1148,1.0,1.0,0.936,1.0,3
2026-08-27 22:18:34,load_15b,2.016,23.11,86.67,instantaneous_fallback,0.0,9.185,10.372,1,,0,201,0.4181,-36.0,3,0.0,-36.27,0.1541,0.9445,0.1148,1.0,1.0,1.0,1.0,3
2026-08-27 22:18:36,load_15b,2.017,48.71,86.67,instantaneous_fallback,0.0,,,0,,0,455,0.3209,-36.33,3,-0.33,-36.2,0.3247,0.9445,0.0,1.0,1.0,0.8682,1.0,3
2026-08-27 22:18:38,load_15b,2.016,38.7,86.67,instantaneous_fallback,0.0,,,0,,0,426,0.0,-36.33,3,0.0,-36.13,0.258,0.9445,0.0,1.0,1.0,0.0,1.0,3
2026-08-27 22:18:40,load_15b,2.016,36.69,83.33,instantaneous_fallback,0.0,,,0,,0,753,0.0,-36.33,3,0.0,-36.2,0.2446,0.8888,0.0,1.0,1.0,0.0,1.0,3
2026-08-27 22:18:42,load_15b,2.016,35.26,80.0,instantaneous_fallback,0.0,,,0,,6,524,0.0025,-36.33,3,0.0,-36.27,0.2351,0.8333,0.0,1.0,1.0,0.0063,1.0,3
2026-08-27 22:18:44,load_15b,1.081,65.52,80.0,instantaneous_fallback,67.448,,,0,,658,1979,0.1383,-36.33,3,0.0,-36.33,0.4368,0.8333,0.0,1.0,0.281,0.4415,1.0,3
2026-08-27 22:18:45,load_15b,1.045,78.96,80.0,instantaneous_fallback,67.448,6.192,0.266,1,,1522,4236,0.2163,-36.67,3,-0.33,-36.4,0.5264,0.8333,0.0774,0.133,0.281,0.6657,0.8333,3
2026-08-27 22:18:46,load_15b,1.032,67.28,58.62,instantaneous_fallback,35.442,6.192,0.266,1,,790,3078,0.2197,-36.67,3,0.0,-36.47,0.4485,0.5453,0.0774,0.133,0.1477,0.6743,0.5453,2
2026-08-27 22:18:47,load_15b,1.044,62.11,53.33,instantaneous_fallback,35.442,3.22,1.064,1,,1238,2891,0.249,-36.67,3,0.0,-36.53,0.4141,0.4722,0.0403,0.504,0.1477,0.7475,0.504,2
2026-08-27 22:18:48,load_15b,1.012,64.79,53.33,instantaneous_fallback,15.294,3.22,1.064,1,,1282,3007,0.2655,-36.67,3,0.0,-36.6,0.4319,0.4722,0.0403,0.504,0.0637,0.7758,0.504,2
2026-08-27 22:18:49,load_15b,1.049,63.33,53.33,instantaneous_fallback,19.862,6.175,0.0,1,,1730,2999,0.2881,-36.67,3,0.0,-36.67,0.4222,0.4722,0.0772,0.0,0.0828,0.8135,0.4722,1
2026-08-27 22:18:50,load_15b,1.09,64.29,53.33,instantaneous_fallback,19.862,6.175,0.0,1,,1312,3172,0.2955,-36.33,3,0.33,-36.6,0.4286,0.4722,0.0772,0.0,0.0828,0.8258,0.4722,1
2026-08-27 22:18:51,load_15b,1.045,59.3,50.0,instantaneous_fallback,31.685,5.934,0.0,1,,1454,2702,0.322,-36.67,3,-0.33,-36.6,0.3953,0.4167,0.0742,0.0,0.132,0.87,0.4167,1
2026-08-27 22:18:52,load_15b,1.014,68.26,50.0,delta,31.685,5.934,0.0,1,,1698,3235,0.3309,-36.67,3,0.0,-36.6,0.4551,0.4167,0.0742,0.0,0.132,0.8848,0.4167,1
2026-08-27 22:18:53,load_15b,1.1,58.34,55.17,instantaneous_fallback,31.685,2.606,0.0,1,,1272,2885,0.3324,-36.67,3,0.0,-36.6,0.3889,0.5021,0.0326,0.0,0.132,0.8873,0.5021,2
2026-08-27 22:18:54,load_15b,1.149,59.3,55.17,instantaneous_fallback,49.683,2.606,0.0,1,,706,3083,0.2994,-36.33,3,0.33,-36.53,0.3953,0.5021,0.0326,0.0,0.207,0.8323,0.5021,2
2026-08-27 22:18:56,load_15b,1.027,54.36,51.72,instantaneous_fallback,49.683,7.599,1.33,1,,3108,2556,0.3629,-36.33,3,0.0,-36.53,0.3624,0.4453,0.095,0.5206,0.207,0.9382,0.5206,2
2026-08-27 22:18:57,load_15b,2.012,22.89,51.72,delta,102.467,6.609,0.0,1,,656,2150,0.3485,-36.33,3,0.0,-36.47,0.1526,0.4453,0.0826,0.0,0.4269,0.9142,0.4453,1
2026-08-27 22:18:59,load_15b,1.025,97.37,68.97,instantaneous_fallback,24.025,6.609,0.0,1,,1912,4487,0.3355,-36.33,3,0.0,-36.4,0.6491,0.6746,0.0826,0.0,0.1001,0.8925,0.6746,2
2026-08-27 22:19:00,load_15b,1.245,44.91,68.97,instantaneous_fallback,115.64,6.609,0.0,1,,622,2611,0.3199,-36.33,3,0.0,-36.33,0.2994,0.6746,0.0826,0.0,0.4818,0.8665,0.6746,2
2026-08-27 22:19:01,load_15b,2.038,20.63,66.67,instantaneous_fallback,122.096,6.681,0.266,1,,354,1130,0.3396,-36.33,3,0.0,-36.33,0.1375,0.6459,0.0835,0.133,0.5029,0.8993,0.6459,2
2026-08-27 22:19:03,load_15b,2.016,62.9,66.67,instantaneous_fallback,122.096,6.681,0.266,1,,1670,2975,0.2808,-36.67,3,-0.33,-36.4,0.4193,0.6459,0.0835,0.133,0.5029,0.8013,0.6459,2
2026-08-27 22:19:05,load_15b,1.048,157.95,66.67,instantaneous_fallback,54.901,6.681,0.266,1,,1926,7671,0.2557,-36.67,3,0.0,-36.47,1.0,0.6459,0.0835,0.133,0.2288,0.7595,0.6459,2
2026-08-27 22:19:06,load_15b,1.041,71.4,75.86,delta,43.53,3.918,0.0,1,,810,3347,0.2328,-36.67,3,0.0,-36.53,0.476,0.7643,0.049,0.0,0.1814,0.707,0.7643,3
2026-08-27 22:19:07,load_15b,1.054,60.13,51.72,instantaneous_fallback,32.822,3.918,0.0,1,,1160,2954,0.2467,-36.67,3,0.0,-36.6,0.4009,0.4453,0.049,0.0,0.1368,0.7418,0.4453,1
2026-08-27 22:19:08,load_15b,1.084,63.88,51.72,instantaneous_fallback,32.822,4.756,0.0,1,,1080,3088,0.2491,-36.67,3,0.0,-36.67,0.4259,0.4453,0.0595,0.0,0.1368,0.7478,0.4453,1
2026-08-27 22:19:09,load_15b,1.053,61.73,50.0,instantaneous_fallback,55.192,4.756,0.0,1,,1224,2827,0.2377,-36.67,3,0.0,-36.67,0.4115,0.4167,0.0595,0.0,0.23,0.7192,0.4167,1
2026-08-27 22:19:10,load_15b,1.014,65.45,50.0,instantaneous_fallback,55.192,6.167,0.0,1,,1188,3099,0.2629,-36.67,3,0.0,-36.67,0.4363,0.4167,0.0771,0.0,0.23,0.7715,0.4167,1
2026-08-27 22:19:11,load_15b,1.058,64.71,50.0,instantaneous_fallback,40.14,6.167,0.0,1,,1474,3142,0.2885,-36.67,3,0.0,-36.67,0.4314,0.4167,0.0771,0.0,0.1673,0.8142,0.4167,1
2026-08-27 22:19:12,load_15b,1.065,58.43,50.0,instantaneous_fallback,40.14,6.772,0.266,1,,1046,2700,0.2881,-36.33,3,0.33,-36.6,0.3895,0.4167,0.0847,0.133,0.1673,0.8135,0.4167,1
2026-08-27 22:19:13,load_15b,1.324,28.7,53.33,instantaneous_fallback,94.381,6.772,0.266,1,,1402,1908,0.3165,-36.0,3,0.33,-36.47,0.1913,0.4722,0.0847,0.133,0.3933,0.8608,0.4722,1
2026-08-27 22:19:15,load_15b,2.01,20.27,70.0,instantaneous_fallback,123.937,6.772,0.266,1,,898,1552,0.3264,-36.0,3,0.0,-36.33,0.1351,0.6875,0.0847,0.133,0.5055,0.8773,0.6875,2
2026-08-27 22:19:17,load_15b,2.01,55.13,73.33,instantaneous_fallback,123.937,6.772,0.266,1,,1916,3332,0.3478,-36.67,3,-0.67,-36.33,0.3675,0.7291,0.0847,0.133,0.5055,0.913,0.7291,2
2026-08-27 22:19:19,load_15b,1.022,165.17,73.33,instantaneous_fallback,71.622,5.107,0.266,1,,1956,7389,0.2995,-36.67,3,0.0,-36.33,1.0,0.7291,0.0638,0.133,0.2984,0.8325,0.7291,2
2026-08-27 22:19:20,load_15b,1.018,68.3,46.67,instantaneous_fallback,39.288,5.107,0.266,1,,1162,3139,0.2975,-37.0,3,-0.33,-36.47,0.4553,0.3612,0.0638,0.133,0.1637,0.8292,0.3612,1
2026-08-27 22:19:21,load_15b,1.11,59.57,46.67,instantaneous_fallback,39.288,3.569,0.0,1,,892,2978,0.2706,-37.0,3,0.0,-36.67,0.3971,0.3612,0.0446,0.0,0.1637,0.7843,0.3612,1
2026-08-27 22:19:22,load_15b,1.014,61.02,46.67,instantaneous_fallback,7.728,3.569,0.0,1,,830,2582,0.2581,-36.67,3,0.33,-36.8,0.4068,0.3612,0.0446,0.0,0.0322,0.7635,0.3612,1
2026-08-27 22:19:23,load_15b,1.115,63.53,53.33,instantaneous_fallback,53.423,7.699,0.0,1,,1320,3420,0.24,-37.0,3,-0.33,-36.87,0.4235,0.4722,0.0962,0.0,0.2226,0.725,0.4722,1
2026-08-27 22:19:24,load_15b,1.072,59.37,53.33,instantaneous_fallback,53.423,7.699,0.0,1,,886,2731,0.2553,-37.0,3,0.0,-36.93,0.3958,0.4722,0.0962,0.0,0.2226,0.7588,0.4722,1
2026-08-27 22:19:25,load_15b,1.142,59.47,51.72,instantaneous_fallback,62.891,7.185,0.0,1,,1152,3153,0.2547,-37.0,3,0.0,-36.93,0.3965,0.4453,0.0898,0.0,0.262,0.7578,0.4453,1
2026-08-27 22:19:26,load_15b,1.051,62.13,50.0,instantaneous_fallback,65.014,7.185,0.0,1,,1246,2947,0.2681,-36.33,3,0.67,-36.8,0.4142,0.4167,0.0898,0.0,0.2709,0.7802,0.4167,1
2026-08-27 22:19:27,load_15b,1.014,67.02,51.72,instantaneous_fallback,65.014,4.794,0.0,1,,1208,3004,0.2759,-36.67,3,-0.33,-36.8,0.4468,0.4453,0.0599,0.0,0.2709,0.7932,0.4453,1
2026-08-27 22:19:28,load_15b,1.26,53.95,53.33,instantaneous_fallback,65.014,4.794,0.0,1,,1186,3142,0.2749,-37.0,3,-0.33,-36.8,0.3597,0.4722,0.0599,0.0,0.2709,0.7915,0.4722,1
2026-08-27 22:19:30,load_15b,2.014,28.6,53.33,instantaneous_fallback,121.585,8.345,0.0,1,,1044,2306,0.2862,-36.67,3,0.33,-36.73,0.1907,0.4722,0.1043,0.0,0.5022,0.8103,0.5022,2
2026-08-27 22:19:32,load_15b,1.046,136.59,50.0,instantaneous_fallback,121.585,7.837,0.0,1,,3016,6688,0.2986,-37.0,3,-0.33,-36.73,0.9106,0.4167,0.098,0.0,0.5022,0.831,0.5022,2
2026-08-27 22:19:33,load_15b,1.091,58.35,50.0,instantaneous_fallback,62.04,7.837,0.0,1,,1262,2759,0.3012,-36.67,3,0.33,-36.8,0.389,0.4167,0.098,0.0,0.2585,0.8353,0.4167,1
2026-08-27 22:19:34,load_15b,1.013,62.18,50.0,delta,41.129,7.837,0.0,1,,1538,2564,0.3155,-36.67,3,0.0,-36.8,0.4145,0.4167,0.098,0.0,0.1714,0.8592,0.4167,1
2026-08-27 22:19:35,load_15b,1.115,59.24,51.72,instantaneous_fallback,54.087,7.837,0.0,1,,1380,2846,0.3244,-36.67,3,0.0,-36.73,0.3949,0.4453,0.098,0.0,0.2254,0.874,0.4453,1
2026-08-27 22:19:36,load_15b,1.125,60.84,51.72,delta,54.087,5.281,0.0,1,,1876,3056,0.3362,-36.67,3,0.0,-36.73,0.4056,0.4453,0.066,0.0,0.2254,0.8937,0.4453,1
2026-08-27 22:19:37,load_15b,1.202,57.88,58.62,instantaneous_fallback,100.434,5.281,0.0,1,,1302,3355,0.3354,-37.0,3,-0.33,-36.73,0.3859,0.5453,0.066,0.0,0.4185,0.8923,0.5453,2
2026-08-27 22:19:38,load_15b,1.031,59.78,58.62,instantaneous_fallback,100.434,5.281,0.0,1,,498,2518,0.315,-36.67,3,0.33,-36.73,0.3985,0.5453,0.066,0.0,0.4185,0.8583,0.5453,2
2026-08-27 22:19:39,load_15b,1.013,63.83,53.33,instantaneous_fallback,49.882,5.281,0.0,1,,1640,2849,0.3141,-37.0,3,-0.33,-36.8,0.4255,0.4722,0.066,0.0,0.2078,0.8568,0.4722,1
2026-08-27 22:19:40,load_15b,1.045,65.98,51.72,instantaneous_fallback,26.069,5.684,0.0,1,,1200,3069,0.305,-37.0,3,0.0,-36.87,0.4399,0.4453,0.0711,0.0,0.1086,0.8417,0.4453,1
2026-08-27 22:19:41,load_15b,1.113,58.44,53.33,delta,26.069,5.684,0.0,1,,688,2789,0.2676,-36.67,3,0.33,-36.87,0.3896,0.4722,0.0711,0.0,0.1086,0.7793,0.4722,1
2026-08-27 22:19:42,load_15b,1.102,62.28,51.72,instantaneous_fallback,57.485,4.612,0.0,1,,1278,3251,0.2681,-37.0,3,-0.33,-36.87,0.4152,0.4453,0.0576,0.0,0.2395,0.7802,0.4453,1
2026-08-27 22:19:43,load_15b,1.045,64.03,50.0,instantaneous_fallback,57.485,4.612,0.0,1,,1536,2998,0.2978,-37.0,3,0.0,-36.93,0.4269,0.4167,0.0576,0.0,0.2395,0.8297,0.4167,1
2026-08-27 22:19:45,load_15b,1.086,59.96,50.0,instantaneous_fallback,71.078,4.612,0.0,1,,912,2865,0.2727,-37.0,3,0.0,-36.93,0.3997,0.4167,0.0576,0.0,0.2962,0.7878,0.4167,1
2026-08-27 22:19:46,load_15b,1.204,52.55,50.0,instantaneous_fallback,71.078,6.357,0.0,1,,1084,2757,0.2727,-37.0,3,0.0,-36.93,0.3503,0.4167,0.0795,0.0,0.2962,0.7878,0.4167,1
2026-08-27 22:19:47,load_15b,1.029,67.75,50.0,instantaneous_fallback,71.078,6.357,0.0,1,,772,3180,0.2705,-37.0,3,0.0,-37.0,0.4517,0.4167,0.0795,0.0,0.2962,0.7842,0.4167,1
2026-08-27 22:19:48,load_15b,1.133,58.66,50.0,instantaneous_fallback,83.634,6.357,0.0,1,,988,2893,0.2648,-37.0,3,0.0,-37.0,0.3911,0.4167,0.0795,0.0,0.3485,0.7747,0.4167,1
2026-08-27 22:19:49,load_15b,1.067,54.79,50.0,instantaneous_fallback,67.435,6.246,0.0,1,,1094,2215,0.2585,-36.67,3,0.33,-36.93,0.3653,0.4167,0.0781,0.0,0.281,0.7642,0.4167,1
2026-08-27 22:19:50,load_15b,1.178,77.18,51.72,instantaneous_fallback,83.634,6.246,0.0,1,,1588,4459,0.2628,-36.67,3,0.0,-36.87,0.5145,0.4453,0.0781,0.0,0.3485,0.7713,0.4453,1
2026-08-27 22:19:51,load_15b,2.026,33.55,53.33,instantaneous_fallback,98.698,7.523,0.266,1,,1202,2458,0.2707,-36.67,3,0.0,-36.8,0.2237,0.4722,0.094,0.133,0.4112,0.7845,0.4722,1
2026-08-27 22:19:53,load_15b,1.043,104.64,53.33,instantaneous_fallback,98.698,7.523,0.266,1,,1342,5461,0.2622,-37.0,3,-0.33,-36.8,0.6976,0.4722,0.094,0.133,0.4112,0.7703,0.4722,1
2026-08-27 22:19:54,load_15b,1.014,69.2,53.33,instantaneous_fallback,21.148,3.21,0.0,1,,256,3200,0.2355,-37.0,3,0.0,-36.8,0.4613,0.4722,0.0401,0.0,0.0881,0.7137,0.4722,1
2026-08-27 22:19:55,load_15b,1.03,65.19,53.33,instantaneous_fallback,11.93,3.21,0.0,1,,1376,3035,0.2365,-37.0,3,0.0,-36.87,0.4346,0.4722,0.0401,0.0,0.0497,0.7162,0.4722,1
2026-08-27 22:19:56,load_15b,1.122,56.67,50.0,instantaneous_fallback,11.93,3.976,0.0,1,,1298,2780,0.2443,-37.0,3,0.0,-36.93,0.3778,0.4167,0.0497,0.0,0.0497,0.7358,0.4167,1
2026-08-27 22:19:57,load_15b,1.214,52.29,50.0,instantaneous_fallback,58.471,3.976,0.0,1,,674,2765,0.2229,-36.67,3,0.33,-36.93,0.3486,0.4167,0.0497,0.0,0.2436,0.6823,0.4167,1
2026-08-27 22:19:59,load_15b,1.014,94.83,50.0,instantaneous_fallback,95.373,3.976,0.0,1,,1818,3971,0.2561,-36.67,3,0.0,-36.87,0.6322,0.4167,0.0497,0.0,0.3974,0.7602,0.4167,1
2026-08-27 22:20:00,load_15b,1.128,53.87,56.67,instantaneous_fallback,95.373,6.363,0.0,1,,1124,3097,0.2867,-37.0,3,-0.33,-36.87,0.3591,0.5209,0.0795,0.0,0.3974,0.8112,0.5209,2
2026-08-27 22:20:01,load_15b,1.066,70.16,56.67,instantaneous_fallback,67.764,6.363,0.0,1,,660,3185,0.2608,-37.0,3,0.0,-36.87,0.4677,0.5209,0.0795,0.0,0.2823,0.768,0.5209,2
2026-08-27 22:20:02,load_15b,2.011,33.02,51.72,instantaneous_fallback,64.94,8.699,0.0,1,,1406,3066,0.261,-37.0,3,0.0,-36.87,0.2201,0.4453,0.1087,0.0,0.2706,0.7683,0.4453,1
2026-08-27 22:20:04,load_15b,1.08,123.82,51.72,instantaneous_fallback,39.22,8.699,0.0,1,,2812,6074,0.2874,-37.0,3,0.0,-36.93,0.8255,0.4453,0.1087,0.0,0.1634,0.8123,0.4453,1
2026-08-27 22:20:05,load_15b,1.222,50.82,51.72,delta,39.22,6.414,0.0,1,,1284,2700,0.2868,-36.67,3,0.33,-36.93,0.3388,0.4453,0.0802,0.0,0.1634,0.8113,0.4453,1
2026-08-27 22:20:06,load_15b,1.151,51.22,58.62,instantaneous_fallback,141.375,6.414,0.0,1,,1230,2521,0.2964,-36.67,3,0.0,-36.87,0.3415,0.5453,0.0802,0.0,0.5297,0.8273,0.5453,2
2026-08-27 22:20:07,load_15b,1.12,41.88,100.0,delta,141.375,6.012,0.532,1,,1560,2031,0.3359,-36.67,3,0.0,-36.8,0.2792,1.0,0.0751,0.266,0.5297,0.8932,1.0,3
2026-08-27 22:20:08,load_15b,2.011,33.31,63.33,instantaneous_fallback,113.474,6.012,0.532,1,,848,3233,0.3184,-36.67,3,0.0,-36.73,0.2221,0.6041,0.0751,0.266,0.4728,0.864,0.6041,2
2026-08-27 22:20:10,load_15b,1.141,112.26,63.33,instantaneous_fallback,113.474,6.012,0.532,1,,2030,5422,0.3041,-36.67,3,0.0,-36.67,0.7484,0.6041,0.0751,0.266,0.4728,0.8402,0.6041,2
2026-08-27 22:20:12,load_15b,1.045,76.12,63.33,instantaneous_fallback,126.286,5.598,0.0,1,,834,3110,0.2849,-37.0,3,-0.33,-36.73,0.5075,0.6041,0.07,0.0,0.5087,0.8082,0.6041,2
2026-08-27 22:20:13,load_15b,1.021,80.77,62.07,delta,126.286,5.598,0.0,1,,1770,4133,0.282,-37.0,3,0.0,-36.8,0.5385,0.5884,0.07,0.0,0.5087,0.8033,0.5884,2
2026-08-27 22:20:14,load_15b,1.142,55.61,53.33,instantaneous_fallback,73.334,5.598,0.0,1,,1044,2679,0.26,-36.67,3,0.33,-36.8,0.3707,0.4722,0.07,0.0,0.3056,0.7667,0.4722,1
2026-08-27 22:20:15,load_15b,1.069,59.59,53.33,instantaneous_fallback,73.334,5.598,0.0,1,,1312,2644,0.2798,-36.67,3,0.0,-36.8,0.3973,0.4722,0.07,0.0,0.3056,0.7997,0.4722,1
2026-08-27 22:20:16,load_15b,1.337,38.43,56.67,instantaneous_fallback,100.382,9.74,0.0,1,,1528,2409,0.3023,-36.67,3,0.0,-36.8,0.2562,0.5209,0.1217,0.0,0.4183,0.8372,0.5209,2
2026-08-27 22:20:17,load_15b,2.034,31.85,56.67,instantaneous_fallback,196.138,9.74,0.0,1,,1282,2531,0.3251,-36.67,3,0.0,-36.73,0.2123,0.5209,0.1217,0.0,0.6057,0.8752,0.6057,2
2026-08-27 22:20:19,load_15b,1.056,83.36,66.67,instantaneous_fallback,196.138,9.74,0.0,1,,1958,3864,0.3352,-36.67,3,0.0,-36.67,0.5557,0.6459,0.1217,0.0,0.6057,0.892,0.6459,2
2026-08-27 22:20:20,load_15b,2.01,34.1,66.67,instantaneous_fallback,79.876,12.499,0.0,1,,834,3273,0.3196,-36.67,3,0.0,-36.67,0.2273,0.6459,0.1562,0.0,0.3328,0.866,0.6459,2
2026-08-27 22:20:22,load_15b,1.037,153.3,66.67,instantaneous_fallback,64.813,12.499,0.0,1,,2404,5825,0.309,-37.0,3,-0.33,-36.73,1.0,0.6459,0.1562,0.0,0.2701,0.8483,0.6459,2
2026-08-27 22:20:23,load_15b,1.162,70.53,62.07,instantaneous_fallback,79.876,12.499,0.0,1,,1408,3818,0.29,-36.67,3,0.33,-36.73,0.4702,0.5884,0.1562,0.0,0.3328,0.8167,0.5884,2
2026-08-27 22:20:25,load_15b,1.024,64.03,55.17,instantaneous_fallback,64.813,12.499,0.0,1,,686,2788,0.2714,-37.0,3,-0.33,-36.8,0.4269,0.5021,0.1562,0.0,0.2701,0.7857,0.5021,2
2026-08-27 22:20:26,load_15b,1.037,58.9,50.0,instantaneous_fallback,54.093,3.299,0.0,1,,1696,2568,0.2778,-36.67,3,0.33,-36.8,0.3927,0.4167,0.0412,0.0,0.2254,0.7963,0.4167,1
2026-08-27 22:20:27,load_15b,1.013,50.36,55.17,instantaneous_fallback,26.72,3.299,0.0,1,,1228,2529,0.2975,-36.67,3,0.0,-36.8,0.3357,0.5021,0.0412,0.0,0.1113,0.8292,0.5021,2
2026-08-27 22:20:28,load_15b,1.033,63.82,56.67,instantaneous_fallback,37.704,3.299,0.0,1,,1138,2824,0.2976,-37.0,3,-0.33,-36.8,0.4255,0.5209,0.0412,0.0,0.1571,0.8293,0.5209,2
2026-08-27 22:20:29,load_15b,1.013,71.97,56.67,instantaneous_fallback,26.72,6.073,0.266,1,,912,3388,0.2865,-37.0,3,0.0,-36.87,0.4798,0.5209,0.0759,0.133,0.1113,0.8108,0.5209,2
2026-08-27 22:20:30,load_15b,1.012,25.49,56.67,instantaneous_fallback,4.388,6.073,0.266,1,,152,1341,0.2884,-37.0,3,0.0,-36.87,0.1699,0.5209,0.0759,0.133,0.0183,0.814,0.5209,2
2026-08-27 22:20:31,load_15b,1.019,0.36,48.28,instantaneous_fallback,4.388,1.64,0.0,1,,0,203,0.2501,-37.33,3,-0.33,-37.0,0.0024,0.388,0.0205,0.0,0.0183,0.7502,0.388,1
2026-08-27 22:20:32,load_15b,1.013,0.38,16.67,instantaneous_fallback,4.441,1.64,0.0,1,,0,220,0.2163,-37.33,3,0.0,-37.13,0.0025,0.1042,0.0205,0.0,0.0185,0.6657,0.1042,0
2026-08-27 22:20:33,load_15b,1.015,0.37,16.67,instantaneous_fallback,4.441,1.603,0.0,1,,0,205,0.1657,-37.33,3,0.0,-37.2,0.0025,0.1042,0.02,0.0,0.0185,0.5393,0.1042,0
2026-08-27 22:20:34,load_15b,1.013,0.6,16.67,instantaneous_fallback,2.989,1.603,0.0,1,,0,249,0.0641,-37.33,3,0.0,-37.27,0.004,0.1042,0.02,0.0,0.0125,0.1603,0.1042,0
2026-08-27 22:20:35,load_15b,1.012,0.41,16.67,instantaneous_fallback,2.353,0.802,0.0,1,,0,213,0.0,-37.33,3,0.0,-37.33,0.0027,0.1042,0.01,0.0,0.0098,0.0,0.1042,0
2026-08-27 22:20:36,load_15b,1.013,0.37,16.67,instantaneous_fallback,2.204,0.802,0.0,1,,6,215,0.0054,-37.33,3,0.0,-37.33,0.0025,0.1042,0.01,0.0,0.0092,0.0135,0.1042,0
2026-08-27 22:20:37,load_15b,1.012,0.18,16.67,instantaneous_fallback,1.996,1.1,0.0,1,,0,104,0.006,-37.33,3,0.0,-37.33,0.0012,0.1042,0.0138,0.0,0.0083,0.015,0.1042,0
2026-08-27 22:20:38,load_15b,1.018,0.37,16.67,instantaneous_fallback,2.204,1.1,0.0,1,,0,216,0.006,-37.33,3,0.0,-37.33,0.0025,0.1042,0.0138,0.0,0.0092,0.015,0.1042,0
2026-08-27 22:20:39,load_15b,1.013,0.48,16.67,instantaneous_fallback,1.996,0.803,0.0,1,,0,216,0.0062,-37.33,3,0.0,-37.33,0.0032,0.1042,0.01,0.0,0.0083,0.0155,0.1042,0
2026-08-27 22:20:40,load_15b,1.013,0.38,16.67,instantaneous_fallback,2.772,0.803,0.0,1,,0,219,0.0061,-37.33,3,0.0,-37.33,0.0025,0.1042,0.01,0.0,0.0115,0.0152,0.1042,0
2026-08-27 22:20:41,load_15b,1.015,0.36,16.67,instantaneous_fallback,2.772,1.042,0.0,1,,8,205,0.0083,-37.33,3,0.0,-37.33,0.0024,0.1042,0.013,0.0,0.0115,0.0207,0.1042,0
2026-08-27 22:20:42,load_15b,1.012,0.37,16.67,instantaneous_fallback,2.886,1.042,0.0,1,,0,216,0.0074,-37.33,3,0.0,-37.33,0.0025,0.1042,0.013,0.0,0.012,0.0185,0.1042,0
2026-08-27 22:20:43,load_15b,1.019,0.36,16.67,instantaneous_fallback,5.338,2.587,0.0,1,,0,206,0.0075,-37.33,3,0.0,-37.33,0.0024,0.1042,0.0323,0.0,0.0222,0.0187,0.1042,0
2026-08-27 22:20:44,load_15b,1.013,0.38,16.67,instantaneous_fallback,2.886,2.587,0.0,1,,0,220,0.0074,-37.33,3,0.0,-37.33,0.0025,0.1042,0.0323,0.0,0.012,0.0185,0.1042,0
2026-08-27 22:20:45,load_15b,1.02,0.36,16.67,instantaneous_fallback,5.735,2.088,0.0,1,,0,202,0.0076,-37.33,3,0.0,-37.33,0.0024,0.1042,0.0261,0.0,0.0239,0.019,0.1042,0
2026-08-27 22:20:46,load_15b,1.012,0.37,16.67,instantaneous_fallback,2.328,2.088,0.0,1,,0,216,0.0,-37.33,3,0.0,-37.33,0.0025,0.1042,0.0261,0.0,0.0097,0.0,0.1042,0
2026-08-27 22:20:47,load_15b,1.013,0.36,13.33,instantaneous_fallback,2.328,0.894,0.0,1,,0,204,0.0,-37.33,3,0.0,-37.33,0.0024,0.0833,0.0112,0.0,0.0097,0.0,0.0833,0
2026-08-27 22:20:48,load_15b,1.014,0.37,16.67,instantaneous_fallback,2.312,0.894,0.0,1,,0,216,0.0,-37.33,3,0.0,-37.33,0.0025,0.1042,0.0112,0.0,0.0096,0.0,0.1042,0
2026-08-27 22:20:49,load_15b,1.014,0.18,16.67,instantaneous_fallback,2.312,1.292,0.0,1,,0,104,0.0,-37.33,3,0.0,-37.33,0.0012,0.1042,0.0162,0.0,0.0096,0.0,0.1042,0
2026-08-27 22:20:50,load_15b,1.012,0.43,16.67,instantaneous_fallback,2.312,1.292,0.0,1,,0,222,0.0,-37.33,3,0.0,-37.33,0.0029,0.1042,0.0162,0.0,0.0096,0.0,0.1042,0
2026-08-27 22:20:51,load_15b,1.023,0.36,16.67,instantaneous_fallback,2.508,2.385,0.0,1,,0,204,0.0,-37.33,3,0.0,-37.33,0.0024,0.1042,0.0298,0.0,0.0104,0.0,0.1042,0
2026-08-27 22:20:52,load_15b,1.013,0.37,16.67,delta,2.893,2.385,0.0,1,,0,216,0.0,-37.33,3,0.0,-37.33,0.0025,0.1042,0.0298,0.0,0.0121,0.0,0.1042,0
2026-08-27 22:20:53,load_15b,1.024,0.38,16.67,instantaneous_fallback,7.655,0.602,0.0,1,,0,213,0.0,-37.33,3,0.0,-37.33,0.0025,0.1042,0.0075,0.0,0.0319,0.0,0.1042,0
2026-08-27 22:32:26,load_45b,0.0,0.0,23.33,instantaneous,4.531,,,0,,0,0,0.0,-35.0,3,0.0,-35.0,0.0,0.1458,0.0,0.0,0.0189,0.0,0.1458,0
2026-08-27 22:32:28,load_45b,1.009,0.45,21.66,instantaneous_fallback,3.334,0.846,0.0,1,,0,208,0.0,-35.0,3,0.0,-35.0,0.003,0.1354,0.0106,0.0,0.0139,0.0,0.1354,0
2026-08-27 22:32:29,load_45b,1.009,0.37,20.0,instantaneous_fallback,3.195,0.846,0.0,1,,0,216,0.0,-35.33,3,-0.33,-35.11,0.0025,0.125,0.0106,0.0,0.0133,0.0,0.125,0
2026-08-27 22:32:30,load_45b,1.01,0.18,16.67,instantaneous_fallback,3.195,1.862,0.0,1,,0,102,0.0,-35.33,3,0.0,-35.17,0.0012,0.1042,0.0233,0.0,0.0133,0.0,0.1042,0
2026-08-27 22:32:31,load_45b,1.013,0.45,13.33,instantaneous_fallback,3.195,1.862,0.0,1,,0,234,0.0,-36.0,3,-0.67,-35.33,0.003,0.0833,0.0233,0.0,0.0133,0.0,0.0833,0
2026-08-27 22:32:32,load_45b,1.008,0.36,13.33,instantaneous_fallback,1.774,0.831,0.0,1,,0,203,0.0,-36.0,3,0.0,-35.53,0.0024,0.0833,0.0104,0.0,0.0074,0.0,0.0833,0
2026-08-27 22:32:33,load_45b,1.008,0.38,13.33,instantaneous_fallback,1.746,0.831,0.0,1,,0,223,0.0,-36.33,3,-0.33,-35.8,0.0025,0.0833,0.0104,0.0,0.0073,0.0,0.0833,0
2026-08-27 22:32:34,load_45b,1.009,0.36,13.33,instantaneous_fallback,1.774,1.164,0.0,1,,0,202,0.0,-36.33,3,0.0,-36.0,0.0024,0.0833,0.0145,0.0,0.0074,0.0,0.0833,0
2026-08-27 22:32:35,load_45b,1.015,0.37,16.67,instantaneous_fallback,5.611,1.164,0.0,1,,0,218,0.0,-36.67,3,-0.33,-36.27,0.0025,0.1042,0.0145,0.0,0.0234,0.0,0.1042,0
2026-08-27 22:32:36,load_45b,1.01,0.37,16.67,instantaneous_fallback,5.611,1.428,0.0,1,,0,206,0.0,-37.0,3,-0.33,-36.47,0.0025,0.1042,0.0178,0.0,0.0234,0.0,0.1042,0
2026-08-27 22:32:37,load_45b,1.012,0.37,16.67,instantaneous_fallback,5.611,1.428,0.0,1,,0,216,0.0,-37.0,3,0.0,-36.67,0.0025,0.1042,0.0178,0.0,0.0234,0.0,0.1042,0
2026-08-27 22:32:38,load_45b,1.012,0.48,16.67,instantaneous_fallback,2.381,1.701,0.0,1,,0,212,0.0,-37.33,3,-0.33,-36.87,0.0032,0.1042,0.0213,0.0,0.0099,0.0,0.1042,0
2026-08-27 22:32:39,load_45b,1.012,0.37,16.67,instantaneous_fallback,1.99,1.701,0.0,1,,4,213,0.0037,-37.33,3,0.0,-37.07,0.0025,0.1042,0.0213,0.0,0.0083,0.0092,0.1042,0
2026-08-27 22:32:40,load_45b,1.014,0.36,16.67,instantaneous_fallback,1.99,1.228,0.0,1,,0,202,0.0038,-37.33,3,0.0,-37.2,0.0024,0.1042,0.0153,0.0,0.0083,0.0095,0.1042,0
2026-08-27 22:32:41,load_45b,1.02,0.38,16.67,instantaneous_fallback,5.105,1.228,0.0,1,,10,219,0.013,-37.33,3,0.0,-37.27,0.0025,0.1042,0.0153,0.0,0.0213,0.0325,0.1042,0
2026-08-27 22:32:42,load_45b,1.013,0.18,36.67,instantaneous_fallback,5.105,1.667,0.0,1,,0,103,0.0145,-37.33,3,0.0,-37.33,0.0012,0.2292,0.0208,0.0,0.0213,0.0363,0.2292,0
2026-08-27 22:32:43,load_45b,1.016,0.38,36.67,instantaneous_fallback,4.342,1.667,0.0,1,,0,219,0.0144,-37.33,3,0.0,-37.33,0.0025,0.2292,0.0208,0.0,0.0181,0.036,0.2292,0
2026-08-27 22:32:45,load_45b,1.02,0.42,36.67,instantaneous_fallback,4.342,1.173,0.0,1,,0,215,0.0103,-37.33,3,0.0,-37.33,0.0028,0.2292,0.0147,0.0,0.0181,0.0258,0.2292,0
2026-08-27 22:32:46,load_45b,1.013,2.84,36.67,instantaneous_fallback,4.342,1.173,0.0,1,,0,277,0.0096,-34.0,3,3.33,-36.67,0.0189,0.2292,0.0147,0.0,0.0181,0.024,0.2292,0
2026-08-27 22:32:47,load_45b,1.012,0.38,26.67,instantaneous_fallback,3.074,1.585,0.0,1,,0,207,0.0,-34.0,3,0.0,-36.0,0.0025,0.1667,0.0198,0.0,0.0128,0.0,0.1667,0
2026-08-27 22:32:48,load_45b,1.014,0.39,33.33,instantaneous_fallback,3.045,1.585,0.0,1,,2,227,0.0017,-34.0,3,0.0,-35.33,0.0026,0.2083,0.0198,0.0,0.0127,0.0042,0.2083,0
2026-08-27 22:32:49,load_45b,1.012,0.37,33.33,instantaneous_fallback,2.653,1.358,0.0,1,,0,207,0.0018,-34.0,3,0.0,-34.67,0.0025,0.2083,0.017,0.0,0.0111,0.0045,0.2083,0
2026-08-27 22:32:50,load_45b,1.014,3.51,33.33,instantaneous_fallback,3.045,1.358,0.0,1,,4,356,0.0047,-36.67,3,-2.67,-34.53,0.0234,0.2083,0.017,0.0,0.0127,0.0118,0.2083,0
2026-08-27 22:32:51,load_45b,1.013,0.44,20.0,instantaneous_fallback,2.653,0.927,0.0,1,,0,214,0.0049,-36.67,3,0.0,-35.07,0.0029,0.125,0.0116,0.0,0.0111,0.0123,0.125,0
2026-08-27 22:32:52,load_45b,1.013,0.41,20.0,instantaneous_fallback,2.574,0.927,0.0,1,,0,224,0.0049,-36.67,3,0.0,-35.6,0.0027,0.125,0.0116,0.0,0.0107,0.0123,0.125,0
2026-08-27 22:32:53,load_45b,1.013,0.36,20.0,instantaneous_fallback,2.405,0.958,0.0,1,,0,202,0.0033,-36.67,3,0.0,-36.13,0.0024,0.125,0.012,0.0,0.01,0.0083,0.125,0
2026-08-27 22:32:54,load_45b,1.013,0.38,20.0,instantaneous_fallback,2.405,0.958,0.0,1,,6,217,0.0082,-36.67,3,0.0,-36.67,0.0025,0.125,0.012,0.0,0.01,0.0205,0.125,0
2026-08-27 22:32:55,load_45b,1.014,0.18,20.0,instantaneous_fallback,2.471,1.118,0.0,1,,0,103,0.0062,-36.67,3,0.0,-36.67,0.0012,0.125,0.014,0.0,0.0103,0.0155,0.125,0
2026-08-27 22:32:56,load_45b,1.016,0.37,20.0,instantaneous_fallback,3.823,1.118,0.0,1,,0,216,0.0062,-37.0,3,-0.33,-36.73,0.0025,0.125,0.014,0.0,0.0159,0.0155,0.125,0
2026-08-27 22:32:57,load_45b,1.012,0.36,20.0,instantaneous_fallback,3.823,1.275,0.0,1,,0,204,0.0063,-37.0,3,0.0,-36.8,0.0024,0.125,0.0159,0.0,0.0159,0.0158,0.125,0
2026-08-27 22:32:58,load_45b,1.014,0.37,16.67,instantaneous_fallback,2.588,1.275,0.0,1,,0,214,0.0063,-37.33,3,-0.33,-36.93,0.0025,0.1042,0.0159,0.0,0.0108,0.0158,0.1042,0
2026-08-27 22:32:59,load_45b,1.013,0.58,20.0,instantaneous_fallback,2.509,0.743,0.0,1,,0,229,0.0,-37.0,3,0.33,-37.0,0.0039,0.125,0.0093,0.0,0.0105,0.0,0.125,0
2026-08-27 22:33:00,load_45b,1.013,0.61,16.67,instantaneous_fallback,2.509,0.743,0.0,1,,0,235,0.0,-37.0,3,0.0,-37.07,0.0041,0.1042,0.0093,0.0,0.0105,0.0,0.1042,0
2026-08-27 22:33:01,load_45b,1.014,0.36,20.0,instantaneous_fallback,2.509,0.618,0.0,1,,0,203,0.0,-37.33,3,-0.33,-37.13,0.0024,0.125,0.0077,0.0,0.0105,0.0,0.125,0
2026-08-27 22:33:02,load_45b,1.015,0.37,20.0,instantaneous_fallback,2.805,0.618,0.0,1,,0,218,0.0,-37.33,3,0.0,-37.2,0.0025,0.125,0.0077,0.0,0.0117,0.0,0.125,0
2026-08-27 22:33:03,load_45b,1.013,0.36,20.0,instantaneous_fallback,2.805,0.676,0.0,1,,0,202,0.0,-37.33,3,0.0,-37.2,0.0024,0.125,0.0085,0.0,0.0117,0.0,0.125,0
2026-08-27 22:33:04,load_45b,1.021,0.37,16.67,instantaneous_fallback,3.445,0.676,0.0,1,,0,215,0.0,-37.33,3,0.0,-37.27,0.0025,0.1042,0.0085,0.0,0.0144,0.0,0.1042,0
2026-08-27 22:33:05,load_45b,1.015,0.36,16.67,instantaneous_fallback,5.849,3.597,0.0,1,,12,202,0.0114,-37.33,3,0.0,-37.33,0.0024,0.1042,0.045,0.0,0.0244,0.0285,0.1042,0
2026-08-27 22:33:06,load_45b,1.014,0.48,33.33,instantaneous_fallback,5.849,3.597,0.0,1,,0,222,0.0112,-37.0,3,0.33,-37.27,0.0032,0.2083,0.045,0.0,0.0244,0.028,0.2083,0
2026-08-27 22:33:07,load_45b,1.019,0.47,33.33,instantaneous_fallback,5.849,5.733,0.0,1,,10,224,0.0202,-36.67,3,0.33,-37.13,0.0031,0.2083,0.0717,0.0,0.0244,0.0505,0.2083,0
2026-08-27 22:33:08,load_45b,1.03,0.19,20.0,instantaneous_fallback,6.497,5.733,0.0,1,,0,110,0.0221,-36.67,3,0.0,-37.0,0.0013,0.125,0.0717,0.0,0.0271,0.0553,0.125,0
2026-08-27 22:33:09,load_45b,1.023,0.37,20.0,instantaneous_fallback,36.431,9.349,0.0,1,,19,206,0.0408,-36.67,3,0.0,-36.87,0.0025,0.125,0.1169,0.0,0.1518,0.102,0.1518,0
2026-08-27 22:33:10,load_45b,1.092,0.32,30.0,instantaneous_fallback,38.942,9.349,0.0,1,,0,188,0.0296,-36.33,3,0.33,-36.67,0.0021,0.1875,0.1169,0.0,0.1623,0.074,0.1875,0
2026-08-27 22:33:11,load_45b,1.014,0.48,30.0,instantaneous_fallback,36.431,9.463,0.0,1,,0,226,0.0295,-35.67,3,0.67,-36.4,0.0032,0.1875,0.1183,0.0,0.1518,0.0737,0.1875,0
2026-08-27 22:33:12,load_45b,1.014,0.36,16.67,instantaneous_fallback,31.263,9.463,0.0,1,,4,208,0.0239,-36.0,3,-0.33,-36.27,0.0024,0.1042,0.1183,0.0,0.1303,0.0598,0.1303,0
2026-08-27 22:33:13,load_45b,1.013,0.36,16.67,instantaneous_fallback,4.422,0.995,0.0,1,,0,202,0.0218,-36.0,3,0.0,-36.13,0.0024,0.1042,0.0124,0.0,0.0184,0.0545,0.1042,0
2026-08-27 22:33:14,load_45b,1.02,0.57,16.67,instantaneous_fallback,4.422,0.995,0.0,1,,0,241,0.0037,-35.67,3,0.33,-35.93,0.0038,0.1042,0.0124,0.0,0.0184,0.0092,0.1042,0
2026-08-27 22:33:15,load_45b,1.013,0.36,16.67,instantaneous_fallback,4.422,1.353,0.0,1,,0,207,0.0037,-35.33,3,0.33,-35.73,0.0024,0.1042,0.0169,0.0,0.0184,0.0092,0.1042,0
2026-08-27 22:33:16,load_45b,1.012,0.47,16.67,instantaneous_fallback,2.295,1.353,0.0,1,,0,232,0.0037,-35.0,3,0.33,-35.6,0.0031,0.1042,0.0169,0.0,0.0096,0.0092,0.1042,0
2026-08-27 22:33:17,load_45b,1.014,0.41,16.67,instantaneous_fallback,2.295,0.835,0.0,1,,6,225,0.0054,-34.67,3,0.33,-35.33,0.0027,0.1042,0.0104,0.0,0.0096,0.0135,0.1042,0
2026-08-27 22:33:18,load_45b,1.016,0.43,20.69,instantaneous_fallback,2.55,0.835,0.0,1,,0,242,0.0052,-34.67,3,0.0,-35.07,0.0029,0.1293,0.0104,0.0,0.0106,0.013,0.1293,0
2026-08-27 22:33:19,load_45b,1.013,0.62,20.69,instantaneous_fallback,2.55,0.67,0.0,1,,0,240,0.0052,-34.33,3,0.33,-34.8,0.0041,0.1293,0.0084,0.0,0.0106,0.013,0.1293,0
2026-08-27 22:33:20,load_45b,1.013,0.47,16.67,instantaneous_fallback,2.34,0.67,0.0,1,,0,234,0.0051,-34.33,3,0.0,-34.6,0.0031,0.1042,0.0084,0.0,0.0097,0.0128,0.1042,0
2026-08-27 22:33:21,load_45b,1.014,0.43,16.67,instantaneous_fallback,2.34,0.893,0.0,1,,0,221,0.0051,-34.33,3,0.0,-34.47,0.0029,0.1042,0.0112,0.0,0.0097,0.0128,0.1042,0
2026-08-27 22:33:22,load_45b,1.012,0.75,16.67,instantaneous_fallback,2.573,0.893,0.0,1,,20,274,0.0162,-34.0,3,0.33,-34.33,0.005,0.1042,0.0112,0.0,0.0107,0.0405,0.1042,0
2026-08-27 22:33:23,load_45b,1.013,0.31,16.67,instantaneous_fallback,2.634,1.464,0.0,1,,0,118,0.0181,-34.0,3,0.0,-34.2,0.0021,0.1042,0.0183,0.0,0.011,0.0452,0.1042,0
2026-08-27 22:33:24,load_45b,1.016,0.63,16.67,instantaneous_fallback,2.634,1.464,0.0,1,,0,248,0.0179,-34.0,3,0.0,-34.13,0.0042,0.1042,0.0183,0.0,0.011,0.0447,0.1042,0
2026-08-27 22:33:25,load_45b,1.014,0.36,16.67,instantaneous_fallback,2.634,1.32,0.0,1,,0,202,0.0185,-34.0,3,0.0,-34.07,0.0024,0.1042,0.0165,0.0,0.011,0.0462,0.1042,0
2026-08-27 22:33:26,load_45b,1.012,0.37,16.67,instantaneous_fallback,2.58,1.32,0.0,1,,0,216,0.0186,-34.0,3,0.0,-34.0,0.0025,0.1042,0.0165,0.0,0.0108,0.0465,0.1042,0
2026-08-27 22:33:27,load_45b,1.013,0.36,16.67,instantaneous_fallback,2.106,1.263,0.0,1,,0,205,0.0,-34.0,3,0.0,-34.0,0.0024,0.1042,0.0158,0.0,0.0088,0.0,0.1042,0
2026-08-27 22:33:28,load_45b,1.019,0.37,16.67,instantaneous_fallback,2.106,1.263,0.0,1,,0,216,0.0,-34.0,3,0.0,-34.0,0.0025,0.1042,0.0158,0.0,0.0088,0.0,0.1042,0
2026-08-27 22:33:29,load_45b,1.013,1.51,16.67,instantaneous_fallback,2.516,2.706,0.0,1,,0,341,0.0,-33.67,3,0.33,-33.93,0.0101,0.1042,0.0338,0.0,0.0105,0.0,0.1042,0
2026-08-27 22:33:30,load_45b,1.016,1.38,16.67,instantaneous_fallback,3.741,2.706,0.0,1,,22,414,0.0156,-33.67,3,0.0,-33.87,0.0092,0.1042,0.0338,0.0,0.0156,0.039,0.1042,0
2026-08-27 22:33:31,load_45b,1.013,0.44,20.0,instantaneous_fallback,2.516,0.945,0.0,1,,0,229,0.0154,-34.0,3,-0.33,-33.87,0.0029,0.125,0.0118,0.0,0.0105,0.0385,0.125,0
2026-08-27 22:33:32,load_45b,1.013,0.38,20.0,instantaneous_fallback,3.741,0.945,0.0,1,,0,217,0.0153,-34.33,3,-0.33,-33.93,0.0025,0.125,0.0118,0.0,0.0156,0.0382,0.125,0
2026-08-27 22:33:33,load_45b,1.014,0.36,16.67,instantaneous_fallback,3.871,0.521,0.0,1,,0,202,0.0154,-34.33,3,0.0,-34.0,0.0024,0.1042,0.0065,0.0,0.0161,0.0385,0.1042,0
2026-08-27 22:33:34,load_45b,1.013,0.37,16.67,instantaneous_fallback,3.871,0.521,0.0,1,,0,215,0.0169,-34.33,3,0.0,-34.13,0.0025,0.1042,0.0065,0.0,0.0161,0.0422,0.1042,0
2026-08-27 22:33:35,load_45b,1.021,0.36,16.67,instantaneous_fallback,3.871,1.284,0.0,1,,0,204,0.0,-34.33,3,0.0,-34.27,0.0024,0.1042,0.0161,0.0,0.0161,0.0,0.1042,0
2026-08-27 22:33:36,load_45b,1.012,0.19,16.67,instantaneous_fallback,2.449,1.284,0.0,1,,0,114,0.0,-34.33,3,0.0,-34.33,0.0013,0.1042,0.0161,0.0,0.0102,0.0,0.1042,0
2026-08-27 22:33:37,load_45b,1.013,0.36,16.67,instantaneous_fallback,2.753,0.763,0.0,1,,0,202,0.0,-34.0,3,0.33,-34.27,0.0024,0.1042,0.0095,0.0,0.0115,0.0,0.1042,0
2026-08-27 22:33:38,load_45b,1.012,0.37,16.67,instantaneous_fallback,2.449,0.763,0.0,1,,12,216,0.0125,-34.0,3,0.0,-34.2,0.0025,0.1042,0.0095,0.0,0.0102,0.0312,0.1042,0
2026-08-27 22:33:39,load_45b,1.024,0.37,16.67,instantaneous_fallback,2.753,1.334,0.0,1,,0,209,0.0125,-34.0,3,0.0,-34.13,0.0025,0.1042,0.0167,0.0,0.0115,0.0312,0.1042,0
2026-08-27 22:33:40,load_45b,1.019,0.37,16.67,instantaneous_fallback,5.184,1.334,0.0,1,,0,215,0.0124,-34.0,3,0.0,-34.07,0.0025,0.1042,0.0167,0.0,0.0216,0.031,0.1042,0
2026-08-27 22:33:41,load_45b,1.013,0.37,16.67,instantaneous_fallback,5.184,0.974,0.0,1,,0,210,0.0113,-34.0,3,0.0,-34.0,0.0025,0.1042,0.0122,0.0,0.0216,0.0282,0.1042,0
2026-08-27 22:33:42,load_45b,1.013,0.37,23.33,instantaneous_fallback,2.799,0.974,0.0,1,,0,215,0.0111,-34.0,3,0.0,-34.0,0.0025,0.1458,0.0122,0.0,0.0117,0.0278,0.1458,0
2026-08-27 22:33:43,load_45b,1.015,0.36,23.33,instantaneous_fallback,2.799,3.614,0.0,1,,0,203,0.0,-34.0,3,0.0,-34.0,0.0024,0.1458,0.0452,0.0,0.0117,0.0,0.1458,0
2026-08-27 22:33:44,load_45b,1.012,0.34,20.0,instantaneous_fallback,2.799,3.614,0.0,1,,10,199,0.0095,-34.0,3,0.0,-34.0,0.0023,0.125,0.0452,0.0,0.0117,0.0238,0.125,0
2026-08-27 22:33:45,load_45b,1.012,0.37,20.0,instantaneous_fallback,2.701,0.642,0.0,1,,4,205,0.0134,-34.0,3,0.0,-34.0,0.0025,0.125,0.008,0.0,0.0113,0.0335,0.125,0
2026-08-27 22:33:46,load_45b,1.015,0.37,26.67,instantaneous_fallback,2.701,0.642,0.0,1,,0,217,0.0133,-34.0,3,0.0,-34.0,0.0025,0.1667,0.008,0.0,0.0113,0.0332,0.1667,0
2026-08-27 22:33:47,load_45b,1.013,0.36,26.67,instantaneous_fallback,2.701,1.033,0.0,1,,0,203,0.0134,-34.0,3,0.0,-34.0,0.0024,0.1667,0.0129,0.0,0.0113,0.0335,0.1667,0
2026-08-27 22:33:49,load_45b,1.012,0.38,17.24,instantaneous_fallback,2.7,1.033,0.0,1,,2,222,0.0151,-34.0,3,0.0,-34.0,0.0025,0.1077,0.0129,0.0,0.0113,0.0377,0.1077,0
2026-08-27 22:33:50,load_45b,1.013,0.18,16.67,delta,2.162,1.516,0.0,1,,0,102,0.0063,-34.0,3,0.0,-34.0,0.0012,0.1042,0.019,0.0,0.009,0.0158,0.1042,0
2026-08-27 22:33:51,load_45b,1.023,0.36,17.24,instantaneous_fallback,2.162,1.516,0.0,1,,0,204,0.0021,-34.0,3,0.0,-34.0,0.0024,0.1077,0.019,0.0,0.009,0.0052,0.1077,0
2026-08-27 22:33:52,load_45b,1.021,0.37,17.24,instantaneous_fallback,7.288,2.295,0.0,1,,0,214,0.0021,-34.0,3,0.0,-34.0,0.0025,0.1077,0.0287,0.0,0.0304,0.0052,0.1077,0
2026-08-27 22:33:53,load_45b,1.013,0.37,23.33,delta,7.288,2.295,0.0,1,,16,211,0.0185,-34.0,3,0.0,-34.0,0.0025,0.1458,0.0287,0.0,0.0304,0.0462,0.1458,0
2026-08-27 22:33:54,load_45b,1.012,0.35,60.0,instantaneous_fallback,3.2,0.97,0.0,1,,4,199,0.0211,-34.0,3,0.0,-34.0,0.0023,0.5625,0.0121,0.0,0.0133,0.0527,0.5625,2
2026-08-27 22:33:55,load_45b,1.016,0.38,60.0,instantaneous_fallback,3.2,0.97,0.0,1,,0,222,0.0187,-34.0,3,0.0,-34.0,0.0025,0.5625,0.0121,0.0,0.0133,0.0467,0.5625,2
2026-08-27 22:33:56,load_45b,1.012,0.36,20.0,instantaneous_fallback,3.2,1.096,0.0,1,,0,202,0.0187,-34.0,3,0.0,-34.0,0.0024,0.125,0.0137,0.0,0.0133,0.0467,0.125,0
2026-08-27 22:33:57,load_45b,1.012,0.37,13.33,instantaneous_fallback,3.617,1.096,0.0,1,,0,212,0.0188,-34.0,3,0.0,-34.0,0.0025,0.0833,0.0137,0.0,0.0151,0.047,0.0833,0
2026-08-27 22:33:58,load_45b,1.016,0.36,13.33,instantaneous_fallback,3.617,1.214,0.0,1,,0,203,0.0038,-34.0,3,0.0,-34.0,0.0024,0.0833,0.0152,0.0,0.0151,0.0095,0.0833,0
2026-08-27 22:33:59,load_45b,1.012,0.37,16.67,instantaneous_fallback,3.617,1.214,0.0,1,,0,213,0.0,-34.0,3,0.0,-34.0,0.0025,0.1042,0.0152,0.0,0.0151,0.0,0.1042,0
2026-08-27 22:34:00,load_45b,1.012,0.36,23.33,instantaneous_fallback,2.005,1.083,0.0,1,,0,202,0.0,-34.0,3,0.0,-34.0,0.0024,0.1458,0.0135,0.0,0.0084,0.0,0.1458,0
2026-08-27 22:34:01,load_45b,1.015,0.37,16.67,instantaneous_fallback,2.005,1.083,0.0,1,,0,217,0.0,-34.0,3,0.0,-34.0,0.0025,0.1042,0.0135,0.0,0.0084,0.0,0.1042,0
2026-08-27 22:34:02,load_45b,1.017,0.36,16.67,instantaneous_fallback,3.307,0.964,0.0,1,,0,202,0.0,-34.0,3,0.0,-34.0,0.0024,0.1042,0.012,0.0,0.0138,0.0,0.1042,0
2026-08-27 22:34:03,load_45b,1.013,0.18,16.67,instantaneous_fallback,3.307,0.964,0.0,1,,0,103,0.0,-34.0,3,0.0,-34.0,0.0012,0.1042,0.012,0.0,0.0138,0.0,0.1042,0
2026-08-27 22:34:04,load_45b,1.013,0.38,16.67,instantaneous_fallback,3.358,1.192,0.0,1,,0,218,0.0,-34.0,3,0.0,-34.0,0.0025,0.1042,0.0149,0.0,0.014,0.0,0.1042,0
2026-08-27 22:34:05,load_45b,1.016,0.39,16.67,instantaneous_fallback,3.358,1.192,0.0,1,,0,215,0.0,-34.0,3,0.0,-34.0,0.0026,0.1042,0.0149,0.0,0.014,0.0,0.1042,0
2026-08-27 22:34:06,load_45b,1.013,0.37,16.67,instantaneous_fallback,3.358,1.669,0.0,1,,4,213,0.0042,-34.0,3,0.0,-34.0,0.0025,0.1042,0.0209,0.0,0.014,0.0105,0.1042,0
2026-08-27 22:34:07,load_45b,1.013,0.36,23.33,instantaneous_fallback,2.3,1.669,0.0,1,,0,200,0.0042,-34.0,3,0.0,-34.0,0.0024,0.1458,0.0209,0.0,0.0096,0.0105,0.1458,0
2026-08-27 22:34:08,load_45b,1.014,0.37,23.33,instantaneous_fallback,2.3,1.467,0.0,1,,0,214,0.0038,-34.0,3,0.0,-34.0,0.0025,0.1458,0.0183,0.0,0.0096,0.0095,0.1458,0
2026-08-27 22:34:09,load_45b,1.014,0.37,23.33,instantaneous_fallback,2.747,1.467,0.0,1,,0,216,0.0038,-33.67,3,0.33,-33.93,0.0025,0.1458,0.0183,0.0,0.0114,0.0095,0.1458,0
2026-08-27 22:34:10,load_45b,1.013,0.36,23.33,instantaneous_fallback,2.747,1.47,0.0,1,,0,203,0.0038,-33.67,3,0.0,-33.87,0.0024,0.1458,0.0184,0.0,0.0114,0.0095,0.1458,0
2026-08-27 22:34:11,load_45b,1.012,0.37,20.0,instantaneous_fallback,2.674,1.47,0.0,1,,0,218,0.0,-33.67,3,0.0,-33.8,0.0025,0.125,0.0184,0.0,0.0111,0.0,0.125,0
2026-08-27 22:34:12,load_45b,1.012,0.36,16.67,instantaneous_fallback,2.306,1.833,0.0,1,,0,200,0.0,-33.67,3,0.0,-33.73,0.0024,0.1042,0.0229,0.0,0.0096,0.0,0.1042,0
2026-08-27 22:34:13,load_45b,1.013,0.36,13.33,instantaneous_fallback,2.674,1.833,0.0,1,,0,211,0.0,-34.0,3,-0.33,-33.73,0.0024,0.0833,0.0229,0.0,0.0111,0.0,0.0833,0
2026-08-27 22:34:14,load_45b,1.015,0.36,13.33,instantaneous_fallback,5.149,0.612,0.0,1,,0,201,0.0,-34.0,3,0.0,-33.8,0.0024,0.0833,0.0076,0.0,0.0215,0.0,0.0833,0
2026-08-27 22:34:15,load_45b,1.016,0.18,40.0,instantaneous_fallback,5.149,0.612,0.0,1,,0,102,0.0,-34.0,3,0.0,-33.87,0.0012,0.25,0.0076,0.0,0.0215,0.0,0.25,1
2026-08-27 22:34:16,load_45b,1.015,0.37,40.0,instantaneous_fallback,3.566,1.401,0.0,1,,0,215,0.0,-34.33,3,-0.33,-34.0,0.0025,0.25,0.0175,0.0,0.0149,0.0,0.25,1
2026-08-27 22:34:17,load_45b,1.013,0.36,20.0,instantaneous_fallback,2.854,1.401,0.0,1,,0,202,0.0,-34.67,3,-0.33,-34.2,0.0024,0.125,0.0175,0.0,0.0119,0.0,0.125,0
2026-08-27 22:34:18,load_45b,1.016,0.37,20.0,instantaneous_fallback,2.854,0.921,0.0,1,,0,218,0.0,-35.0,3,-0.33,-34.4,0.0025,0.125,0.0115,0.0,0.0119,0.0,0.125,0
2026-08-27 22:34:19,load_45b,1.013,0.37,20.0,instantaneous_fallback,3.612,0.921,0.0,1,,0,203,0.0,-35.0,3,0.0,-34.6,0.0025,0.125,0.0115,0.0,0.0151,0.0,0.125,0
2026-08-27 22:34:20,load_45b,1.022,0.42,23.33,instantaneous_fallback,7.081,0.906,0.0,1,,0,228,0.0,-35.67,3,-0.67,-34.93,0.0028,0.1458,0.0113,0.0,0.0295,0.0,0.1458,0
2026-08-27 22:34:21,load_45b,1.012,0.36,23.33,instantaneous_fallback,7.081,0.906,0.0,1,,0,201,0.0,-35.67,3,0.0,-35.2,0.0024,0.1458,0.0113,0.0,0.0295,0.0,0.1458,0
2026-08-27 22:34:22,load_45b,1.012,0.38,23.33,instantaneous_fallback,2.846,3.147,0.0,1,,0,218,0.0,-36.0,3,-0.33,-35.47,0.0025,0.1458,0.0393,0.0,0.0119,0.0,0.1458,0
2026-08-27 22:34:23,load_45b,1.013,0.36,23.33,instantaneous_fallback,2.053,3.147,0.0,1,,0,204,0.0,-36.0,3,0.0,-35.67,0.0024,0.1458,0.0393,0.0,0.0086,0.0,0.1458,0
2026-08-27 22:34:24,load_45b,1.016,0.35,20.0,instantaneous_fallback,2.053,0.711,0.0,1,,12,207,0.0112,-36.33,3,-0.33,-35.93,0.0023,0.125,0.0089,0.0,0.0086,0.028,0.125,0
2026-08-27 22:34:25,load_45b,1.013,0.37,20.0,instantaneous_fallback,2.096,0.711,0.0,1,,0,216,0.0113,-36.67,3,-0.33,-36.13,0.0025,0.125,0.0089,0.0,0.0087,0.0282,0.125,0
2026-08-27 22:34:26,load_45b,1.014,0.36,16.67,instantaneous_fallback,2.475,1.413,0.0,1,,0,203,0.0113,-36.67,3,0.0,-36.33,0.0024,0.1042,0.0177,0.0,0.0103,0.0282,0.1042,0
2026-08-27 22:34:27,load_45b,1.012,0.37,16.67,instantaneous_fallback,2.272,1.413,0.0,1,,0,213,0.0114,-37.0,3,-0.33,-36.53,0.0025,0.1042,0.0177,0.0,0.0095,0.0285,0.1042,0
2026-08-27 22:34:28,load_45b,1.014,0.18,16.67,instantaneous_fallback,2.475,0.788,0.0,1,,0,102,0.0126,-37.0,3,0.0,-36.73,0.0012,0.1042,0.0099,0.0,0.0103,0.0315,0.1042,0
2026-08-27 22:34:29,load_45b,1.018,0.36,16.67,instantaneous_fallback,2.601,0.788,0.0,1,,0,203,0.0,-37.33,3,-0.33,-36.93,0.0024,0.1042,0.0099,0.0,0.0108,0.0,0.1042,0
2026-08-27 22:34:30,load_45b,1.013,0.37,16.67,delta,2.601,0.621,0.0,1,,0,213,0.0,-37.67,3,-0.33,-37.13,0.0025,0.1042,0.0078,0.0,0.0108,0.0,0.1042,0
2026-08-27 22:34:31,load_45b,1.013,0.36,16.67,instantaneous_fallback,3.906,0.621,0.0,1,,0,202,0.0,-37.67,3,0.0,-37.33,0.0024,0.1042,0.0078,0.0,0.0163,0.0,0.1042,0
2026-08-27 22:34:32,load_45b,1.013,0.37,16.67,instantaneous_fallback,2.29,1.345,0.0,1,,0,215,0.0,-37.67,3,0.0,-37.47,0.0025,0.1042,0.0168,0.0,0.0095,0.0,0.1042,0
2026-08-27 22:34:33,load_45b,1.011,0.36,16.67,instantaneous_fallback,2.29,1.345,0.0,1,,0,204,0.0,-38.0,3,-0.33,-37.67,0.0024,0.1042,0.0168,0.0,0.0095,0.0,0.1042,0
2026-08-27 22:34:34,load_45b,1.015,0.37,16.67,instantaneous_fallback,2.29,1.087,0.0,1,,6,214,0.0057,-38.0,3,0.0,-37.8,0.0025,0.1042,0.0136,0.0,0.0095,0.0143,0.1042,0
2026-08-27 22:34:35,load_45b,1.013,0.36,16.67,instantaneous_fallback,2.866,1.087,0.0,1,,0,203,0.0057,-38.0,3,0.0,-37.87,0.0024,0.1042,0.0136,0.0,0.0119,0.0143,0.1042,0
2026-08-27 22:34:36,load_45b,1.017,0.37,16.67,instantaneous_fallback,4.091,1.124,0.0,1,,0,213,0.0057,-37.67,3,0.33,-37.87,0.0025,0.1042,0.0141,0.0,0.017,0.0143,0.1042,0
2026-08-27 22:34:37,load_45b,1.111,2.58,16.67,instantaneous_fallback,4.091,1.124,0.0,1,,4,267,0.009,-35.67,3,2.0,-37.47,0.0172,0.1042,0.0141,0.0,0.017,0.0225,0.1042,0
2026-08-27 22:34:38,load_45b,2.011,0.21,16.67,instantaneous_fallback,51.452,21.449,3.989,1,,2,251,0.0103,-35.67,3,0.0,-37.0,0.0014,0.1042,0.2862,0.6868,0.2144,0.0258,0.6868,2
2026-08-27 22:34:40,load_45b,2.019,78.54,20.69,instantaneous_fallback,79.687,21.449,3.989,1,,1750,3394,0.2886,-35.33,3,0.33,-36.47,0.5236,0.1293,0.2862,0.6868,0.332,0.8143,0.6868,2
2026-08-27 22:34:42,load_45b,2.011,55.0,70.0,instantaneous_fallback,200.87,21.449,3.989,1,,1372,2070,0.3355,-34.33,3,1.0,-35.73,0.3667,0.6875,0.2862,0.6868,0.6123,0.8925,0.6875,2
2026-08-27 22:34:44,load_45b,2.01,76.08,73.33,instantaneous_fallback,203.979,21.449,3.989,1,,1726,3070,0.3491,-34.67,3,-0.33,-35.13,0.5072,0.7291,0.2862,0.6868,0.6166,0.9152,0.7291,2
2026-08-27 22:34:46,load_45b,1.247,141.52,70.0,instantaneous_fallback,321.603,21.449,3.989,1,,1468,3256,0.3441,-34.67,3,0.0,-34.93,0.9435,0.6875,0.2862,0.6868,0.7608,0.9068,0.7608,3
2026-08-27 22:34:48,load_45b,2.012,33.7,73.33,instantaneous_fallback,321.603,6.368,7.447,1,,1148,2018,0.3509,-35.33,3,-0.67,-34.87,0.2247,0.7291,0.0796,0.8723,0.7608,0.9182,0.8723,3
2026-08-27 22:34:50,load_45b,2.011,85.87,73.33,instantaneous_fallback,321.603,6.368,7.447,1,,1922,3481,0.3547,-35.33,3,0.0,-34.87,0.5725,0.7291,0.0796,0.8723,0.7608,0.9245,0.8723,3
2026-08-27 22:34:52,load_45b,2.02,85.99,73.33,instantaneous_fallback,494.171,6.368,7.447,1,,1642,2584,0.3543,-35.33,3,0.0,-35.07,0.5733,0.7291,0.0796,0.8723,0.8471,0.9238,0.8723,3
2026-08-27 22:34:54,load_45b,1.366,100.99,70.0,instantaneous_fallback,494.171,6.368,7.447,1,,1956,2273,0.3741,-35.33,3,0.0,-35.2,0.6733,0.6875,0.0796,0.8723,0.8471,0.9568,0.8723,3
2026-08-27 22:34:55,load_45b,1.162,40.02,70.0,instantaneous_fallback,422.924,6.368,7.447,1,,1576,1106,0.4183,-35.0,3,0.33,-35.27,0.2668,0.6875,0.0796,0.8723,0.8115,1.0,0.8723,3
2026-08-27 22:34:56,load_45b,2.006,20.38,73.33,instantaneous_fallback,237.37,5.817,2.394,1,,2210,2285,0.4424,-34.33,3,0.67,-35.07,0.1359,0.7291,0.0727,0.5871,0.663,1.0,0.7291,2
2026-08-27 22:34:58,load_45b,1.238,62.41,73.33,delta,135.786,5.817,2.394,1,,1478,3153,0.4373,-34.0,3,0.33,-34.8,0.4161,0.7291,0.0727,0.5871,0.5219,1.0,0.7291,2
2026-08-27 22:34:59,load_45b,2.021,34.09,75.86,instantaneous_fallback,135.786,8.253,14.362,1,,664,2186,0.4174,-34.0,3,0.0,-34.53,0.2273,0.7643,0.1032,1.0,0.5219,1.0,1.0,3
2026-08-27 22:35:01,load_45b,1.038,80.81,66.67,instantaneous_fallback,135.786,8.253,14.362,1,,1390,2912,0.386,-33.67,3,0.33,-34.2,0.5387,0.6459,0.1032,1.0,0.5219,0.9767,1.0,3
2026-08-27 22:35:02,load_45b,2.01,38.07,66.67,instantaneous_fallback,59.338,8.253,14.362,1,,628,3739,0.3085,-33.67,3,0.0,-33.93,0.2538,0.6459,0.1032,1.0,0.2472,0.8475,1.0,3
2026-08-27 22:35:04,load_45b,2.011,90.35,66.67,instantaneous_fallback,59.338,8.253,14.362,1,,1908,5091,0.2621,-34.0,3,-0.33,-33.87,0.6023,0.6459,0.1032,1.0,0.2472,0.7702,1.0,3
2026-08-27 22:35:06,load_45b,2.011,84.71,66.67,instantaneous_fallback,205.849,8.271,0.266,1,,1422,3716,0.2541,-33.67,3,0.33,-33.8,0.5647,0.6459,0.1034,0.133,0.6192,0.7568,0.6459,2
2026-08-27 22:35:09,load_45b,2.011,72.18,66.67,instantaneous_fallback,302.23,8.271,0.266,1,,1952,3487,0.2781,-33.67,3,0.0,-33.73,0.4812,0.6459,0.1034,0.133,0.7511,0.7968,0.7511,3
2026-08-27 22:35:11,load_45b,2.024,49.38,75.86,instantaneous_fallback,368.393,8.271,0.266,1,,956,2521,0.2701,-33.67,3,0.0,-33.73,0.3292,0.7643,0.1034,0.133,0.7842,0.7835,0.7842,3
2026-08-27 22:35:13,load_45b,2.016,85.72,70.0,instantaneous_fallback,368.393,8.271,0.266,1,,1788,2883,0.312,-33.67,3,0.0,-33.73,0.5715,0.6875,0.1034,0.133,0.7842,0.8533,0.7842,3
2026-08-27 22:35:15,load_45b,1.165,158.35,70.0,instantaneous_fallback,206.003,8.271,0.266,1,,1396,5244,0.2962,-34.0,3,-0.33,-33.73,1.0,0.6875,0.1034,0.133,0.6194,0.827,0.6875,2
2026-08-27 22:35:16,load_45b,2.035,46.28,70.0,instantaneous_fallback,206.003,8.271,0.266,1,,990,1586,0.3106,-34.33,3,-0.33,-33.87,0.3085,0.6875,0.1034,0.133,0.6194,0.851,0.6875,2
2026-08-27 22:35:18,load_45b,2.016,91.6,70.0,instantaneous_fallback,308.722,,,0,,1678,5760,0.2745,-34.33,3,0.0,-34.0,0.6107,0.6875,0.0,1.0,0.7544,0.7908,1.0,3
2026-08-27 22:35:20,load_45b,2.015,90.28,70.0,instantaneous_fallback,308.722,,,0,,2026,3525,0.2931,-34.33,3,0.0,-34.13,0.6019,0.6875,0.0,1.0,0.7544,0.8218,1.0,3
2026-08-27 22:35:22,load_45b,2.011,80.75,66.67,instantaneous_fallback,281.65,,,0,,1906,4488,0.2796,-34.67,3,-0.33,-34.33,0.5383,0.6459,0.0,1.0,0.7245,0.7993,1.0,3
2026-08-27 22:35:24,load_45b,2.021,56.53,70.0,instantaneous_fallback,235.818,,,0,,1482,2851,0.3074,-35.0,3,-0.33,-34.53,0.3769,0.6875,0.0,1.0,0.6609,0.8457,1.0,3
2026-08-27 22:35:26,load_45b,2.009,89.75,70.0,instantaneous_fallback,281.65,14.209,22.074,1,,1482,4431,0.2894,-34.67,3,0.33,-34.6,0.5983,0.6875,0.1776,1.0,0.7245,0.8157,1.0,3
2026-08-27 22:35:28,load_45b,2.005,77.02,70.0,instantaneous_fallback,314.891,14.209,22.074,1,,1460,3307,0.31,-35.0,3,-0.33,-34.73,0.5135,0.6875,0.1776,1.0,0.7574,0.85,1.0,3
2026-08-27 22:35:30,load_45b,2.285,71.23,75.86,delta,492.184,14.209,22.074,1,,816,2301,0.2914,-35.0,3,0.0,-34.87,0.4749,0.7643,0.1776,1.0,0.8461,0.819,1.0,3
2026-08-27 22:35:32,load_45b,2.01,86.91,75.86,instantaneous_fallback,492.184,14.209,22.074,1,,1104,3487,0.2792,-35.33,3,-0.33,-35.0,0.5794,0.7643,0.1776,1.0,0.8461,0.7987,1.0,3
2026-08-27 22:35:34,load_45b,2.01,82.71,73.33,instantaneous_fallback,366.547,7.575,0.266,1,,1662,3852,0.2729,-35.0,3,0.33,-35.0,0.5514,0.7291,0.0947,0.133,0.7833,0.7882,0.7833,3
2026-08-27 22:35:36,load_45b,2.01,90.91,73.33,instantaneous_fallback,366.547,7.575,0.266,1,,1170,3682,0.272,-35.67,3,-0.67,-35.2,0.6061,0.7291,0.0947,0.133,0.7833,0.7867,0.7833,3
2026-08-27 22:35:38,load_45b,2.009,69.37,70.0,instantaneous_fallback,323.235,7.575,0.266,1,,928,2183,0.2681,-34.33,3,1.33,-35.07,0.4625,0.6875,0.0947,0.133,0.7616,0.7802,0.7616,3
2026-08-27 22:35:40,load_45b,2.015,89.33,73.33,instantaneous_fallback,375.649,7.575,0.266,1,,1520,4464,0.2654,-34.0,3,0.33,-34.87,0.5955,0.7291,0.0947,0.133,0.7878,0.7757,0.7878,3
2026-08-27 22:35:42,load_45b,2.006,87.22,73.33,instantaneous_fallback,451.727,47.925,11.968,1,,520,1259,0.2731,-33.67,3,0.33,-34.53,0.5815,0.7291,0.7241,1.0,0.8259,0.7885,1.0,3
2026-08-27 22:35:44,load_45b,2.006,87.08,73.33,instantaneous_fallback,451.727,47.925,11.968,1,,1170,3895,0.2553,-33.67,3,0.0,-34.27,0.5805,0.7291,0.7241,1.0,0.8259,0.7588,1.0,3
2026-08-27 22:35:46,load_45b,2.01,61.13,73.33,instantaneous_fallback,355.313,47.925,11.968,1,,764,2437,0.2561,-33.67,3,0.0,-33.87,0.4075,0.7291,0.7241,1.0,0.7777,0.7602,1.0,3
2026-08-27 22:35:48,load_45b,1.108,154.07,73.33,instantaneous_fallback,274.78,47.925,11.968,1,,1784,3521,0.2699,-33.33,3,0.33,-33.67,1.0,0.7291,0.7241,1.0,0.715,0.7832,1.0,3
2026-08-27 22:35:49,load_45b,1.119,54.4,73.33,instantaneous_fallback,242.544,7.466,0.266,1,,616,2036,0.2696,-33.33,3,0.0,-33.53,0.3627,0.7291,0.0933,0.133,0.6702,0.7827,0.7291,2
2026-08-27 22:35:50,load_45b,2.011,30.33,75.86,delta,274.78,7.466,0.266,1,,776,2218,0.2659,-33.33,3,0.0,-33.47,0.2022,0.7643,0.0933,0.133,0.715,0.7765,0.7643,3
2026-08-27 22:35:52,load_45b,1.021,138.82,75.86,instantaneous_fallback,100.546,7.466,0.266,1,,1518,4412,0.2718,-33.0,3,0.33,-33.33,0.9255,0.7643,0.0933,0.133,0.4189,0.7863,0.7643,3
2026-08-27 22:35:53,load_45b,1.511,39.43,66.67,instantaneous_fallback,261.173,5.852,0.266,1,,664,2954,0.2614,-33.0,3,0.0,-33.2,0.2629,0.6459,0.0732,0.133,0.6961,0.769,0.6961,2
2026-08-27 22:35:55,load_45b,2.026,62.99,66.67,instantaneous_fallback,261.173,5.852,0.266,1,,866,4294,0.2181,-33.0,3,0.0,-33.13,0.4199,0.6459,0.0732,0.133,0.6961,0.6703,0.6961,2
2026-08-27 22:35:57,load_45b,2.017,64.61,66.67,instantaneous_fallback,329.521,5.852,0.266,1,,1694,3355,0.2425,-32.67,3,0.33,-33.0,0.4307,0.6459,0.0732,0.133,0.7648,0.7312,0.7648,3
2026-08-27 22:35:59,load_45b,2.015,62.62,73.33,instantaneous_fallback,329.521,5.852,0.266,1,,1364,2344,0.2602,-33.67,3,-1.0,-33.07,0.4175,0.7291,0.0732,0.133,0.7648,0.767,0.7648,3
2026-08-27 22:36:01,load_45b,2.016,60.95,76.67,instantaneous_fallback,329.521,5.852,0.266,1,,798,2103,0.2636,-33.67,3,0.0,-33.2,0.4063,0.7778,0.0732,0.133,0.7648,0.7727,0.7778,3
2026-08-27 22:36:03,load_45b,2.016,82.29,76.67,instantaneous_fallback,323.137,5.852,0.266,1,,1160,1695,0.299,-34.0,3,-0.33,-33.4,0.5486,0.7778,0.0732,0.133,0.7616,0.8317,0.7778,3
2026-08-27 22:36:05,load_45b,2.017,82.2,73.33,instantaneous_fallback,396.995,,,0,,1164,4035,0.3135,-34.0,3,0.0,-33.6,0.548,0.7291,0.0,1.0,0.7985,0.8558,1.0,3
2026-08-27 22:36:07,load_45b,2.016,86.63,72.41,instantaneous_fallback,343.536,,,0,,1572,3728,0.3035,-33.67,3,0.33,-33.8,0.5775,0.7176,0.0,1.0,0.7718,0.8392,1.0,3
2026-08-27 22:36:09,load_45b,2.016,63.94,72.41,delta,343.536,,,0,,950,2169,0.2913,-33.67,3,0.0,-33.8,0.4263,0.7176,0.0,1.0,0.7718,0.8188,1.0,3
2026-08-27 22:36:11,load_45b,2.016,87.35,73.33,instantaneous_fallback,318.461,15.303,1.862,1,,1920,4442,0.2963,-33.67,3,0.0,-33.8,0.5823,0.7291,0.1913,0.5539,0.7592,0.8272,0.7592,3
2026-08-27 22:36:13,load_45b,1.191,91.21,73.33,instantaneous_fallback,163.126,15.303,1.862,1,,1330,4730,0.2664,-33.33,3,0.33,-33.67,0.6081,0.7291,0.1913,0.5539,0.5599,0.7773,0.7291,2
2026-08-27 22:36:14,load_45b,2.041,23.32,70.0,instantaneous_fallback,148.455,11.591,0.266,1,,574,1584,0.2759,-33.0,3,0.33,-33.47,0.1555,0.6875,0.1449,0.133,0.5395,0.7932,0.6875,2
2026-08-27 22:36:16,load_45b,1.032,109.83,70.0,instantaneous_fallback,148.455,11.591,0.266,1,,1014,5407,0.24,-33.0,3,0.0,-33.33,0.7322,0.6875,0.1449,0.133,0.5395,0.725,0.6875,2
2026-08-27 22:36:17,load_45b,1.224,31.31,70.0,delta,136.688,5.167,1.33,1,,390,1732,0.2261,-32.67,3,0.33,-33.13,0.2087,0.6875,0.0646,0.5206,0.5232,0.6903,0.6875,2
2026-08-27 22:36:19,load_45b,2.011,15.54,75.86,instantaneous_fallback,112.581,5.167,1.33,1,,490,1582,0.2017,-33.0,3,-0.33,-33.0,0.1036,0.7643,0.0646,0.5206,0.4691,0.6292,0.7643,3
2026-08-27 22:36:21,load_45b,2.037,21.76,89.66,instantaneous_fallback,112.581,5.167,1.33,1,,820,1846,0.213,-32.33,3,0.67,-32.8,0.1451,0.9943,0.0646,0.5206,0.4691,0.6575,0.9943,3
2026-08-27 22:36:23,load_45b,2.016,13.36,89.66,delta,0.0,5.167,1.33,1,,0,258,0.2005,-32.67,3,-0.33,-32.73,0.0891,0.9943,0.0646,0.5206,1.0,0.6262,1.0,3
2026-08-27 22:36:25,load_45b,2.016,45.08,93.1,instantaneous_fallback,0.0,5.167,1.33,1,,0,170,0.2333,-33.0,3,-0.33,-32.73,0.3005,1.0,0.0646,0.5206,1.0,0.7083,1.0,3
2026-08-27 22:36:27,load_45b,2.017,39.4,93.1,delta,0.0,5.167,1.33,1,,0,182,0.245,-32.67,3,0.33,-32.73,0.2627,1.0,0.0646,0.5206,1.0,0.7375,1.0,3
2026-08-27 22:36:29,load_45b,2.016,31.54,90.0,instantaneous_fallback,0.0,,,0,,0,101,0.2428,-32.33,3,0.33,-32.6,0.2103,1.0,0.0,1.0,1.0,0.732,1.0,3
2026-08-27 22:36:31,load_45b,2.015,11.53,90.0,instantaneous_fallback,0.0,,,0,,0,6,0.0,-32.67,3,-0.33,-32.67,0.0769,1.0,0.0,1.0,1.0,0.0,1.0,3
2026-08-27 22:39:19,load_45b,168.321,0.0,90.0,instantaneous_fallback,0.0,,,0,,0,0,0.0,-35.0,1,-2.33,-33.13,0.0,1.0,0.0,1.0,1.0,0.0,1.0,3
2026-08-27 22:39:21,load_45b,2.01,0.07,40.0,instantaneous_fallback,0.0,,,0,,6,33,0.0183,-36.0,1,-1.0,-33.73,0.0005,0.25,0.0,1.0,1.0,0.0457,1.0,3
2026-08-27 22:39:23,load_45b,2.022,0.83,23.33,instantaneous_fallback,0.0,,,0,,1934,148,0.8707,-30.5,2,5.5,-33.3,0.0055,0.1458,0.0,0.0,0.0,1.0,0.1458,0
2026-08-27 22:39:25,load_45b,1.02,0.09,17.24,delta,99.292,,,0,,0,16,0.9053,-37.0,3,-6.5,-34.23,0.0006,0.1077,0.0,0.0,0.4137,1.0,0.4137,1
2026-08-27 22:39:26,load_45b,1.058,0.25,17.24,instantaneous_fallback,99.292,,,0,,186,53,0.8948,-36.67,3,0.33,-35.03,0.0017,0.1077,0.0,0.0,0.4137,1.0,0.4137,1
2026-08-27 22:39:27,load_45b,1.019,0.98,0.0,delta,24.585,7.014,0.0,1,,748,260,0.8493,-37.0,3,-0.33,-35.43,0.0065,0.0,0.0877,0.0,0.1024,1.0,0.1024,0
2026-08-27 22:39:28,load_45b,1.046,0.44,16.67,instantaneous_fallback,20.115,7.014,0.0,1,,0,220,0.8045,-37.33,3,-0.33,-35.7,0.0029,0.1042,0.0877,0.0,0.0838,1.0,0.1042,0
2026-08-27 22:39:29,load_45b,1.139,0.76,16.67,instantaneous_fallback,20.115,7.014,0.0,1,,130,305,0.5547,-38.33,3,-1.0,-37.27,0.0051,0.1042,0.0877,0.0,0.0838,1.0,0.1042,0
2026-08-27 22:39:30,load_45b,1.014,0.69,16.67,instantaneous_fallback,20.115,5.653,0.0,1,,0,253,0.4937,-38.67,3,-0.33,-37.6,0.0046,0.1042,0.0707,0.0,0.0838,1.0,0.1042,0
2026-08-27 22:39:31,load_45b,1.013,12.27,20.0,instantaneous_fallback,8.111,5.653,0.0,1,,740,1258,0.4134,-37.33,3,1.33,-37.73,0.0818,0.125,0.0707,0.0,0.0338,1.0,0.125,0
2026-08-27 22:39:32,load_45b,1.013,6.36,23.33,instantaneous_fallback,2.947,1.92,0.0,1,,134,733,0.2661,-37.67,3,-0.33,-37.87,0.0424,0.1458,0.024,0.0,0.0123,0.7768,0.1458,0
2026-08-27 22:39:33,load_45b,1.014,0.38,23.33,instantaneous_fallback,2.575,1.92,0.0,1,,4,216,0.2672,-37.67,3,0.0,-37.93,0.0025,0.1458,0.024,0.0,0.0107,0.7787,0.1458,0
2026-08-27 22:39:34,load_45b,1.014,0.37,23.33,instantaneous_fallback,2.575,2.109,0.0,1,,0,201,0.2481,-38.0,3,-0.33,-37.87,0.0025,0.1458,0.0264,0.0,0.0107,0.7452,0.1458,0
2026-08-27 22:39:35,load_45b,1.026,0.35,26.67,instantaneous_fallback,3.74,2.109,0.0,1,,10,202,0.2539,-37.67,3,0.33,-37.67,0.0023,0.1667,0.0264,0.0,0.0156,0.7565,0.1667,0
2026-08-27 22:39:36,load_45b,1.013,0.37,17.24,instantaneous_fallback,6.281,1.48,0.0,1,,0,204,0.0869,-38.0,3,-0.33,-37.8,0.0025,0.1077,0.0185,0.0,0.0262,0.2173,0.1077,0
2026-08-27 22:39:37,load_45b,1.013,0.38,17.24,delta,6.281,1.48,0.0,1,,0,214,0.0133,-37.67,3,0.33,-37.8,0.0025,0.1077,0.0185,0.0,0.0262,0.0332,0.1077,0
2026-08-27 22:39:38,load_45b,1.014,0.19,16.67,instantaneous_fallback,4.643,1.346,0.0,1,,6,100,0.0171,-37.67,3,0.0,-37.8,0.0013,0.1042,0.0168,0.0,0.0193,0.0427,0.1042,0
2026-08-27 22:39:40,load_45b,1.013,0.56,16.67,instantaneous_fallback,4.076,1.346,0.0,1,,24,254,0.0394,-37.33,3,0.33,-37.67,0.0037,0.1042,0.0168,0.0,0.017,0.0985,0.1042,0
2026-08-27 22:39:41,load_45b,1.017,0.44,23.33,instantaneous_fallback,4.643,0.831,0.0,1,,0,217,0.0294,-37.0,3,0.33,-37.53,0.0029,0.1458,0.0104,0.0,0.0193,0.0735,0.1458,0
2026-08-27 22:39:42,load_45b,1.013,0.46,26.67,instantaneous_fallback,4.076,0.831,0.0,1,,4,224,0.0326,-36.67,3,0.33,-37.27,0.0031,0.1667,0.0104,0.0,0.017,0.0815,0.1667,0
2026-08-27 22:39:43,load_45b,1.015,0.37,30.0,instantaneous_fallback,3.833,1.163,0.0,1,,0,206,0.0329,-36.67,3,0.0,-37.07,0.0025,0.1875,0.0145,0.0,0.016,0.0823,0.1875,0
2026-08-27 22:39:44,load_45b,1.012,0.6,30.0,instantaneous_fallback,3.821,1.163,0.0,1,,14,248,0.0353,-36.0,3,0.67,-36.73,0.004,0.1875,0.0145,0.0,0.0159,0.0882,0.1875,0
2026-08-27 22:39:45,load_45b,1.017,0.75,27.59,instantaneous_fallback,3.833,0.827,0.0,1,,6,266,0.0203,-35.67,3,0.33,-36.4,0.005,0.1724,0.0103,0.0,0.016,0.0507,0.1724,0
2026-08-27 22:39:46,load_45b,1.014,0.66,27.59,delta,2.284,0.827,0.0,1,,4,255,0.0228,-35.67,3,0.0,-36.13,0.0044,0.1724,0.0103,0.0,0.0095,0.057,0.1724,0
2026-08-27 22:39:47,load_45b,1.014,0.37,27.59,instantaneous_fallback,3.526,1.658,0.0,1,,0,205,0.0199,-35.67,3,0.0,-35.93,0.0025,0.1724,0.0207,0.0,0.0147,0.0498,0.1724,0
2026-08-27 22:39:48,load_45b,1.014,0.39,16.67,instantaneous_fallback,3.526,1.658,0.0,1,,0,214,0.0198,-36.0,3,-0.33,-35.8,0.0026,0.1042,0.0207,0.0,0.0147,0.0495,0.1042,0
2026-08-27 22:39:49,load_45b,1.012,0.36,16.67,instantaneous_fallback,3.526,0.937,0.0,1,,0,202,0.0087,-36.0,3,0.0,-35.8,0.0024,0.1042,0.0117,0.0,0.0147,0.0217,0.1042,0
2026-08-27 22:39:50,load_45b,1.013,0.53,16.67,delta,3.049,0.937,0.0,1,,4,225,0.0072,-36.33,3,-0.33,-35.93,0.0035,0.1042,0.0117,0.0,0.0127,0.018,0.1042,0
2026-08-27 22:39:51,load_45b,1.015,0.37,17.24,instantaneous_fallback,3.049,1.422,0.0,1,,0,205,0.0038,-36.33,3,0.0,-36.07,0.0025,0.1077,0.0178,0.0,0.0127,0.0095,0.1077,0
2026-08-27 22:39:52,load_45b,1.013,0.19,26.67,instantaneous_fallback,2.93,1.422,0.0,1,,0,116,0.0041,-36.33,3,0.0,-36.2,0.0013,0.1667,0.0178,0.0,0.0122,0.0103,0.1667,0
2026-08-27 22:39:53,load_45b,1.013,0.36,26.67,instantaneous_fallback,2.81,1.721,0.0,1,,0,204,0.0042,-36.33,3,0.0,-36.27,0.0024,0.1667,0.0215,0.0,0.0117,0.0105,0.1667,0
2026-08-27 22:39:54,load_45b,1.012,0.4,26.67,instantaneous_fallback,2.81,1.721,0.0,1,,4,218,0.0082,-36.67,3,-0.33,-36.4,0.0027,0.1667,0.0215,0.0,0.0117,0.0205,0.1667,0
2026-08-27 22:39:55,load_45b,1.013,0.45,26.67,instantaneous_fallback,2.81,0.834,0.0,1,,0,232,0.0041,-36.67,3,0.0,-36.47,0.003,0.1667,0.0104,0.0,0.0117,0.0103,0.1667,0
2026-08-27 22:39:56,load_45b,1.012,0.37,26.67,instantaneous_fallback,2.488,0.834,0.0,1,,0,216,0.004,-36.67,3,0.0,-36.53,0.0025,0.1667,0.0104,0.0,0.0104,0.01,0.1667,0
2026-08-27 22:39:57,load_45b,1.014,0.39,26.67,instantaneous_fallback,2.488,1.047,0.0,1,,0,208,0.0037,-37.0,3,-0.33,-36.67,0.0026,0.1667,0.0131,0.0,0.0104,0.0092,0.1667,0
2026-08-27 22:39:58,load_45b,1.013,2.95,23.33,instantaneous_fallback,2.546,1.047,0.0,1,,30,297,0.0282,-37.33,3,-0.33,-36.87,0.0197,0.1458,0.0131,0.0,0.0106,0.0705,0.1458,0
2026-08-27 22:39:59,load_45b,1.013,0.38,20.0,instantaneous_fallback,2.546,1.856,0.0,1,,0,209,0.0252,-37.33,3,0.0,-37.0,0.0025,0.125,0.0232,0.0,0.0106,0.063,0.125,0
2026-08-27 22:40:00,load_45b,1.024,0.39,20.0,instantaneous_fallback,3.059,1.856,0.0,1,,8,225,0.0319,-37.33,3,0.0,-37.13,0.0026,0.125,0.0232,0.0,0.0127,0.0798,0.125,0
2026-08-27 22:40:01,load_45b,1.015,0.36,20.0,instantaneous_fallback,5.691,1.786,0.0,1,,4,205,0.0354,-37.33,3,0.0,-37.27,0.0024,0.125,0.0223,0.0,0.0237,0.0885,0.125,0
2026-08-27 22:40:02,load_45b,1.014,0.38,20.0,instantaneous_fallback,5.691,1.786,0.0,1,,4,218,0.0383,-37.33,3,0.0,-37.33,0.0025,0.125,0.0223,0.0,0.0237,0.0958,0.125,0
2026-08-27 22:40:03,load_45b,1.013,1.02,33.33,instantaneous_fallback,3.779,1.625,0.0,1,,0,228,0.0145,-37.33,3,0.0,-37.33,0.0068,0.2083,0.0203,0.0,0.0157,0.0363,0.2083,0
2026-08-27 22:40:04,load_45b,1.013,0.39,33.33,instantaneous_fallback,2.436,1.625,0.0,1,,4,220,0.0179,-37.33,3,0.0,-37.33,0.0026,0.2083,0.0203,0.0,0.0101,0.0447,0.2083,0
2026-08-27 22:40:05,load_45b,1.014,0.18,26.67,instantaneous_fallback,2.436,0.972,0.0,1,,0,102,0.0122,-37.33,3,0.0,-37.33,0.0012,0.1667,0.0121,0.0,0.0101,0.0305,0.1667,0
2026-08-27 22:40:06,load_45b,1.014,0.37,26.67,instantaneous_fallback,2.436,0.972,0.0,1,,4,220,0.012,-37.33,3,0.0,-37.33,0.0025,0.1667,0.0121,0.0,0.0101,0.03,0.1667,0
2026-08-27 22:40:07,load_45b,1.013,2.85,20.0,instantaneous_fallback,2.018,1.208,0.0,1,,18,265,0.0245,-37.33,3,0.0,-37.33,0.019,0.125,0.0151,0.0,0.0084,0.0613,0.125,0
2026-08-27 22:40:08,load_45b,1.013,0.39,20.0,instantaneous_fallback,2.018,1.208,0.0,1,,4,218,0.0284,-37.33,3,0.0,-37.33,0.0026,0.125,0.0151,0.0,0.0084,0.071,0.125,0
2026-08-27 22:40:09,load_45b,1.015,0.62,20.0,instantaneous_fallback,2.404,0.842,0.0,1,,0,219,0.0248,-37.33,3,0.0,-37.33,0.0041,0.125,0.0105,0.0,0.01,0.062,0.125,0
2026-08-27 22:40:10,load_45b,1.015,0.48,20.0,instantaneous_fallback,2.772,0.842,0.0,1,,0,228,0.0221,-37.33,3,0.0,-37.33,0.0032,0.125,0.0105,0.0,0.0115,0.0553,0.125,0
2026-08-27 22:40:11,load_45b,1.013,0.37,20.0,instantaneous_fallback,4.038,0.783,0.0,1,,0,208,0.019,-37.33,3,0.0,-37.33,0.0025,0.125,0.0098,0.0,0.0168,0.0475,0.125,0
2026-08-27 22:40:12,load_45b,1.012,1.3,23.33,instantaneous_fallback,4.038,0.783,0.0,1,,0,249,0.0036,-37.67,3,-0.33,-37.4,0.0087,0.1458,0.0098,0.0,0.0168,0.009,0.1458,0
2026-08-27 22:44:32,load_15c,0.0,0.0,20.0,instantaneous,15.969,,,0,,0,0,0.0,-40.33,3,0.0,-40.33,0.0,0.125,0.0,0.0,0.0665,0.0,0.125,0
2026-08-27 22:44:34,load_15c,1.009,0.36,20.0,instantaneous_fallback,9.201,1.378,0.0,1,,20,200,0.0909,-40.33,3,0.0,-40.33,0.0024,0.125,0.0172,0.0,0.0383,0.2273,0.125,0
2026-08-27 22:44:35,load_15c,1.009,0.38,20.0,instantaneous_fallback,5.853,1.378,0.0,1,,6,218,0.0586,-40.33,3,0.0,-40.33,0.0025,0.125,0.0172,0.0,0.0244,0.1465,0.125,0
2026-08-27 22:44:36,load_15c,1.008,0.36,20.0,instantaneous_fallback,2.434,2.92,0.0,1,,28,201,0.0802,-40.33,3,0.0,-40.33,0.0024,0.125,0.0365,0.0,0.0101,0.2005,0.125,0
2026-08-27 22:44:37,load_15c,1.014,0.2,26.67,instantaneous_fallback,2.987,2.92,0.0,1,,0,118,0.0683,-40.0,3,0.33,-40.27,0.0013,0.1667,0.0365,0.0,0.0124,0.1708,0.1667,0
2026-08-27 22:44:38,load_15c,1.008,0.36,20.0,instantaneous_fallback,2.312,1.174,0.0,1,,0,201,0.0544,-40.0,3,0.0,-40.2,0.0024,0.125,0.0147,0.0,0.0096,0.136,0.125,0
2026-08-27 22:44:39,load_15c,1.009,0.37,20.0,instantaneous_fallback,2.987,1.174,0.0,1,,0,216,0.0344,-40.0,3,0.0,-40.13,0.0025,0.125,0.0147,0.0,0.0124,0.086,0.125,0
2026-08-27 22:44:40,load_15c,1.011,0.36,16.67,instantaneous_fallback,3.336,1.667,0.0,1,,0,205,0.0289,-40.0,3,0.0,-40.07,0.0024,0.1042,0.0208,0.0,0.0139,0.0722,0.1042,0
2026-08-27 22:44:41,load_15c,1.008,0.38,16.67,instantaneous_fallback,3.336,1.667,0.0,1,,4,219,0.0042,-40.0,3,0.0,-40.0,0.0025,0.1042,0.0208,0.0,0.0139,0.0105,0.1042,0
2026-08-27 22:44:42,load_15c,1.025,0.36,16.67,instantaneous_fallback,5.519,1.136,0.0,1,,0,205,0.0038,-40.0,3,0.0,-40.0,0.0024,0.1042,0.0142,0.0,0.023,0.0095,0.1042,0
2026-08-27 22:44:43,load_15c,1.021,0.38,17.24,delta,6.295,1.136,0.0,1,,0,218,0.0037,-40.0,3,0.0,-40.0,0.0025,0.1077,0.0142,0.0,0.0262,0.0092,0.1077,0
2026-08-27 22:44:44,load_15c,1.031,0.35,20.0,instantaneous_fallback,9.962,8.304,0.0,1,,0,199,0.0038,-40.0,3,0.0,-40.0,0.0023,0.125,0.1038,0.0,0.0415,0.0095,0.125,0
2026-08-27 22:44:45,load_15c,1.015,0.33,56.67,instantaneous_fallback,12.375,8.304,0.0,1,,188,193,0.1566,-39.67,3,0.33,-39.93,0.0022,0.5209,0.1038,0.0,0.0516,0.5165,0.5209,2
2026-08-27 22:44:46,load_15c,1.017,0.38,56.67,instantaneous_fallback,12.375,1.179,0.0,1,,34,216,0.1772,-39.67,3,0.0,-39.87,0.0025,0.5209,0.0147,0.0,0.0516,0.568,0.5209,2
2026-08-27 22:44:47,load_15c,1.012,0.38,56.67,instantaneous_fallback,4.335,1.179,0.0,1,,4,218,0.178,-39.67,3,0.0,-39.8,0.0025,0.5209,0.0147,0.0,0.0181,0.57,0.5209,2
2026-08-27 22:44:48,load_15c,1.013,0.52,40.0,instantaneous_fallback,4.335,4.817,0.0,1,,0,214,0.1785,-39.33,3,0.33,-39.67,0.0035,0.25,0.0602,0.0,0.0181,0.5712,0.25,1
2026-08-27 22:44:49,load_15c,1.01,0.44,20.0,instantaneous_fallback,2.153,4.817,0.0,1,,6,230,0.1781,-39.0,3,0.33,-39.47,0.0029,0.125,0.0602,0.0,0.009,0.5703,0.125,0
2026-08-27 22:44:50,load_15c,1.014,2.72,20.0,instantaneous_fallback,2.661,0.636,0.0,1,,4,170,0.0438,-39.0,3,0.0,-39.33,0.0181,0.125,0.008,0.0,0.0111,0.1095,0.125,0
2026-08-27 22:44:51,load_15c,1.014,0.38,20.0,instantaneous_fallback,2.661,0.636,0.0,1,,0,214,0.0132,-39.0,3,0.0,-39.2,0.0025,0.125,0.008,0.0,0.0111,0.033,0.125,0
2026-08-27 22:44:52,load_15c,1.013,0.37,16.67,instantaneous_fallback,2.67,1.0,0.0,1,,0,208,0.0096,-39.0,3,0.0,-39.07,0.0025,0.1042,0.0125,0.0,0.0111,0.024,0.1042,0
2026-08-27 22:44:54,load_15c,1.012,0.35,16.67,instantaneous_fallback,2.67,1.0,0.0,1,,28,204,0.0357,-39.0,3,0.0,-39.0,0.0023,0.1042,0.0125,0.0,0.0111,0.0893,0.1042,0
2026-08-27 22:44:55,load_15c,1.013,0.38,16.67,instantaneous_fallback,2.67,2.633,0.0,1,,0,210,0.0308,-39.0,3,0.0,-39.0,0.0025,0.1042,0.0329,0.0,0.0111,0.077,0.1042,0
2026-08-27 22:44:56,load_15c,1.014,0.37,16.67,instantaneous_fallback,3.199,2.633,0.0,1,,0,217,0.0259,-39.0,3,0.0,-39.0,0.0025,0.1042,0.0329,0.0,0.0133,0.0648,0.1042,0
2026-08-27 22:44:57,load_15c,1.015,2.91,16.67,instantaneous_fallback,3.199,1.451,0.0,1,,10,275,0.033,-39.0,3,0.0,-39.0,0.0194,0.1042,0.0181,0.0,0.0133,0.0825,0.1042,0
2026-08-27 22:44:58,load_15c,1.011,0.4,16.67,instantaneous_fallback,2.18,1.451,0.0,1,,6,229,0.0373,-39.0,3,0.0,-39.0,0.0027,0.1042,0.0181,0.0,0.0091,0.0932,0.1042,0
2026-08-27 22:44:59,load_15c,1.013,0.37,16.67,instantaneous_fallback,2.18,0.624,0.0,1,,64,206,0.0657,-39.0,3,0.0,-39.0,0.0025,0.1042,0.0078,0.0,0.0091,0.1642,0.1042,0
2026-08-27 22:45:00,load_15c,1.015,0.37,16.67,instantaneous_fallback,2.239,0.624,0.0,1,,6,214,0.0701,-39.0,3,0.0,-39.0,0.0025,0.1042,0.0078,0.0,0.0093,0.1752,0.1042,0
2026-08-27 22:45:01,load_15c,1.013,0.36,16.67,instantaneous_fallback,2.403,0.755,0.0,1,,0,203,0.0709,-39.0,3,0.0,-39.0,0.0024,0.1042,0.0094,0.0,0.01,0.1773,0.1042,0
2026-08-27 22:45:02,load_15c,1.165,0.32,17.24,instantaneous_fallback,2.914,0.755,0.0,1,,48,213,0.1043,-39.0,3,0.0,-39.0,0.0021,0.1077,0.0094,0.0,0.0121,0.2715,0.1077,0
2026-08-27 22:45:03,load_15c,1.015,0.34,16.67,delta,13.75,3.271,0.0,1,,0,193,0.1029,-39.0,3,0.0,-39.0,0.0023,0.1042,0.0409,0.0,0.0573,0.2645,0.1042,0
2026-08-27 22:45:04,load_15c,1.017,2.96,17.24,instantaneous_fallback,13.75,3.271,0.0,1,,24,341,0.0628,-39.67,3,-0.67,-39.13,0.0197,0.1077,0.0409,0.0,0.0573,0.157,0.1077,0
2026-08-27 22:45:05,load_15c,1.097,11.23,23.33,instantaneous_fallback,13.75,25.831,1.33,1,,382,711,0.2147,-39.67,3,0.0,-39.27,0.0749,0.1458,0.3958,0.5206,0.0573,0.6617,0.5206,2
2026-08-27 22:45:06,load_15c,1.013,50.12,23.33,instantaneous_fallback,5.948,25.831,1.33,1,,3840,2214,0.539,-38.33,3,1.33,-39.13,0.3341,0.1458,0.3958,0.5206,0.0248,1.0,0.5206,2
2026-08-27 22:45:07,load_15c,2.011,29.47,23.33,instantaneous_fallback,18.735,25.831,1.33,1,,772,2568,0.4543,-37.33,3,1.0,-38.8,0.1965,0.1458,0.3958,0.5206,0.0781,1.0,0.5206,2
2026-08-27 22:45:09,load_15c,2.01,40.11,58.62,instantaneous_fallback,18.735,25.831,1.33,1,,2322,2693,0.4626,-37.67,3,-0.33,-38.53,0.2674,0.5453,0.3958,0.5206,0.0781,1.0,0.5453,2
2026-08-27 22:45:11,load_15c,1.129,118.59,60.0,instantaneous_fallback,156.16,25.831,1.33,1,,3170,5458,0.4346,-36.67,3,1.0,-37.93,0.7906,0.5625,0.3958,0.5206,0.5502,1.0,0.5625,2
2026-08-27 22:45:12,load_15c,1.066,59.22,62.07,instantaneous_fallback,156.16,5.347,0.266,1,,1760,3350,0.4215,-41.0,3,-4.33,-38.2,0.3948,0.5884,0.0668,0.133,0.5502,1.0,0.5884,2
2026-08-27 22:45:13,load_15c,2.01,36.2,60.0,instantaneous_fallback,173.835,5.347,0.266,1,,906,3222,0.3406,-39.33,3,1.67,-38.4,0.2413,0.5625,0.0668,0.133,0.5748,0.901,0.5748,2
2026-08-27 22:45:15,load_15c,1.016,109.29,62.07,instantaneous_fallback,156.432,11.058,0.0,1,,2850,4320,0.3663,-47.33,3,-8.0,-40.4,0.7286,0.5884,0.1382,0.0,0.5506,0.9438,0.5884,2
2026-08-27 22:45:16,load_15c,1.068,51.26,43.33,delta,156.432,11.058,0.0,1,,1886,2247,0.3624,-49.0,3,-1.67,-42.67,0.3417,0.3055,0.1382,0.0,0.5506,0.9373,0.5506,2
2026-08-27 22:45:17,load_15c,2.01,22.16,50.0,instantaneous_fallback,37.679,11.058,0.0,1,,682,2296,0.3437,-51.33,3,-2.33,-45.6,0.1477,0.4167,0.1382,0.0,0.157,0.9062,0.4167,1
2026-08-27 22:45:19,load_15c,1.012,90.19,50.0,instantaneous_fallback,37.679,11.058,0.0,1,,1440,3627,0.3307,-50.0,3,1.33,-47.4,0.6013,0.4167,0.1382,0.0,0.157,0.8845,0.4167,1
2026-08-27 22:45:20,load_15c,1.057,60.86,56.67,instantaneous_fallback,36.26,11.058,0.0,1,,878,2495,0.3405,-46.33,3,3.67,-48.8,0.4057,0.5209,0.1382,0.0,0.1511,0.9008,0.5209,2
2026-08-27 22:45:21,load_15c,1.042,63.85,56.67,instantaneous_fallback,36.26,11.058,0.0,1,,1206,2570,0.3152,-41.33,3,5.0,-47.6,0.4257,0.5209,0.1382,0.0,0.1511,0.8587,0.5209,2
2026-08-27 22:45:22,load_15c,1.212,62.77,56.67,instantaneous_fallback,36.26,11.058,0.0,1,,892,3462,0.2608,-38.33,3,3.0,-45.47,0.4185,0.5209,0.1382,0.0,0.1511,0.768,0.5209,2
2026-08-27 22:45:24,load_15c,2.026,40.85,56.67,instantaneous_fallback,107.52,11.058,0.0,1,,1084,2627,0.2712,-39.33,3,-1.0,-43.07,0.2723,0.5209,0.1382,0.0,0.448,0.7853,0.5209,2
2026-08-27 22:45:26,load_15c,2.011,77.22,50.0,instantaneous_fallback,107.52,,,0,,2116,6488,0.2593,-35.67,3,3.67,-40.2,0.5148,0.4167,0.0,1.0,0.448,0.7655,1.0,3
2026-08-27 22:45:28,load_15c,1.064,87.68,50.0,instantaneous_fallback,51.424,,,0,,2042,3689,0.2804,-36.33,3,-0.67,-38.2,0.5845,0.4167,0.0,1.0,0.2143,0.8007,1.0,3
2026-08-27 22:45:29,load_15c,1.214,56.39,46.67,instantaneous_fallback,51.424,,,0,,1414,3171,0.2797,-35.33,3,1.0,-37.0,0.3759,0.3612,0.0,1.0,0.2143,0.7995,1.0,3
2026-08-27 22:45:30,load_15c,2.016,42.0,56.67,instantaneous_fallback,148.478,8.676,0.798,1,,1978,3181,0.3107,-36.33,3,-1.0,-36.6,0.28,0.5209,0.1085,0.399,0.5396,0.8512,0.5396,2
2026-08-27 22:45:32,load_15c,2.011,43.47,58.62,instantaneous_fallback,148.478,8.676,0.798,1,,2578,4362,0.3265,-36.33,3,0.0,-36.0,0.2898,0.5453,0.1085,0.399,0.5396,0.8775,0.5453,2
2026-08-27 22:45:34,load_15c,2.009,64.83,58.62,instantaneous_fallback,313.977,8.676,0.798,1,,1532,5682,0.3221,-36.33,3,0.0,-36.13,0.4322,0.5453,0.1085,0.399,0.757,0.8702,0.757,3
2026-08-27 22:45:36,load_15c,1.355,80.8,58.62,delta,313.977,8.659,0.0,1,,2364,3958,0.3265,-36.67,3,-0.33,-36.2,0.5387,0.5453,0.1082,0.0,0.757,0.8775,0.757,3
2026-08-27 22:45:37,load_15c,2.018,25.6,70.0,instantaneous_fallback,313.977,8.659,0.0,1,,1880,2042,0.3496,-35.33,3,1.33,-36.2,0.1707,0.6875,0.1082,0.0,0.757,0.916,0.757,3
2026-08-27 22:45:39,load_15c,1.265,52.27,70.0,instantaneous_fallback,146.608,8.659,0.0,1,,1628,3101,0.3427,-35.33,3,0.0,-36.0,0.3485,0.6875,0.1082,0.0,0.537,0.9045,0.6875,2
2026-08-27 22:45:41,load_15c,2.032,42.88,70.0,delta,141.299,10.969,0.0,1,,1610,3071,0.3355,-35.67,3,-0.33,-35.87,0.2859,0.6875,0.1371,0.0,0.5296,0.8925,0.6875,2
2026-08-27 22:45:43,load_15c,2.015,73.96,72.41,instantaneous_fallback,146.608,10.969,0.0,1,,2838,5415,0.3698,-36.0,3,-0.33,-35.8,0.4931,0.7176,0.1371,0.0,0.537,0.9497,0.7176,2
2026-08-27 22:45:45,load_15c,2.016,33.07,75.86,instantaneous_fallback,248.883,10.969,0.0,1,,1676,2322,0.3765,-36.0,3,0.0,-35.67,0.2205,0.7643,0.1371,0.0,0.679,0.9608,0.7643,3
2026-08-27 22:45:47,load_15c,2.016,42.13,72.41,delta,369.274,10.969,0.0,1,,2632,3361,0.3755,-35.67,3,0.33,-35.73,0.2809,0.7176,0.1371,0.0,0.7846,0.9592,0.7846,3
2026-08-27 22:45:49,load_15c,2.015,43.94,73.33,instantaneous_fallback,363.649,7.904,0.266,1,,2448,3859,0.3833,-35.67,3,0.0,-35.8,0.2929,0.7291,0.0988,0.133,0.7818,0.9722,0.7818,3
2026-08-27 22:45:51,load_15c,2.016,50.57,73.33,instantaneous_fallback,363.649,7.904,0.266,1,,2790,3593,0.4003,-36.0,3,-0.33,-35.87,0.3371,0.7291,0.0988,0.133,0.7818,1.0,0.7818,3
2026-08-27 22:45:53,load_15c,2.017,72.33,73.33,instantaneous_fallback,262.664,7.205,0.266,1,,3316,4176,0.4263,-36.67,3,-0.67,-36.0,0.4822,0.7291,0.0901,0.133,0.6981,1.0,0.7291,2
2026-08-27 22:45:55,load_15c,2.016,47.88,70.0,instantaneous_fallback,252.929,7.205,0.266,1,,2816,3102,0.4363,-36.0,3,0.67,-36.0,0.3192,0.6875,0.0901,0.133,0.6846,1.0,0.6875,2
2026-08-27 22:45:57,load_15c,2.011,54.27,70.0,instantaneous_fallback,107.526,7.205,0.266,1,,2608,3201,0.4381,-35.67,3,0.33,-36.0,0.3618,0.6875,0.0901,0.133,0.448,1.0,0.6875,2
2026-08-27 22:45:59,load_15c,2.025,58.09,72.41,instantaneous_fallback,0.0,7.205,0.266,1,,1898,3179,0.4377,-36.0,3,-0.33,-36.07,0.3873,0.7176,0.0901,0.133,1.0,1.0,1.0,3
2026-08-27 22:46:01,load_15c,2.012,36.75,73.33,delta,0.0,7.205,0.266,1,,112,786,0.4267,-36.33,3,-0.33,-36.13,0.245,0.7291,0.0901,0.133,1.0,1.0,1.0,3
2026-08-27 22:46:03,load_15c,2.289,32.58,72.41,instantaneous_fallback,0.0,7.205,0.266,1,,178,990,0.4034,-36.33,3,0.0,-36.07,0.2172,0.7176,0.0901,0.133,1.0,1.0,1.0,3
2026-08-27 22:46:05,load_15c,2.366,32.29,72.41,instantaneous_fallback,641.514,,,0,,4,856,0.3475,-36.33,3,0.0,-36.13,0.2153,0.7176,0.0,1.0,0.9208,0.9125,1.0,3
2026-08-27 22:46:07,load_15c,2.208,32.31,66.67,instantaneous_fallback,641.514,,,0,,0,675,0.2526,-36.0,3,0.33,-36.2,0.2154,0.6459,0.0,1.0,0.9208,0.7543,1.0,3
2026-08-27 22:46:10,load_15c,2.01,44.46,63.33,instantaneous_fallback,598.651,,,0,,642,1984,0.1503,-36.67,3,-0.67,-36.33,0.2964,0.6041,0.0,1.0,0.8993,0.5008,1.0,3
2026-08-27 22:46:12,load_15c,2.038,37.02,56.67,instantaneous_fallback,598.651,35.041,19.681,1,,4,1048,0.1298,-36.33,3,0.33,-36.33,0.2468,0.5209,0.563,1.0,0.8993,0.399,1.0,3
2026-08-27 22:46:14,load_15c,2.016,38.16,56.67,instantaneous_fallback,486.841,35.041,19.681,1,,2,1074,0.1037,-36.33,3,0.0,-36.33,0.2544,0.5209,0.563,1.0,0.8434,0.2685,1.0,3
2026-08-27 22:46:16,load_15c,2.017,35.58,73.33,instantaneous_fallback,1054.799,35.041,19.681,1,,2,663,0.1067,-37.33,3,-1.0,-36.53,0.2372,0.7291,0.563,1.0,1.0,0.2835,1.0,3
2026-08-27 22:46:18,load_15c,2.478,27.92,79.31,instantaneous_fallback,734.576,35.041,19.681,1,,30,527,0.1138,-37.0,3,0.33,-36.73,0.1861,0.8218,0.563,1.0,0.9673,0.319,1.0,3
2026-08-27 22:46:20,load_15c,2.012,50.01,73.33,instantaneous_fallback,734.576,35.041,19.681,1,,998,2871,0.1435,-38.0,3,-1.0,-37.0,0.3334,0.7291,0.563,1.0,0.9673,0.4675,1.0,3
2026-08-27 22:46:22,load_15c,1.021,126.94,53.33,instantaneous_fallback,147.234,35.041,19.681,1,,2398,6108,0.2338,-37.0,3,1.0,-37.13,0.8463,0.4722,0.563,1.0,0.5378,0.7095,1.0,3
2026-08-27 22:46:23,load_15c,1.316,54.74,46.67,instantaneous_fallback,147.234,35.041,19.681,1,,614,3105,0.2334,-37.33,3,-0.33,-37.33,0.3649,0.3612,0.563,1.0,0.5378,0.7085,1.0,3
2026-08-27 22:46:25,load_15c,2.037,26.4,50.0,instantaneous_fallback,162.486,8.779,0.266,1,,610,1884,0.2429,-37.67,3,-0.33,-37.4,0.176,0.4167,0.1097,0.133,0.559,0.7322,0.559,2
2026-08-27 22:46:27,load_15c,2.007,55.76,50.0,instantaneous_fallback,184.894,12.026,5.585,1,,1832,5259,0.2513,-35.67,3,2.0,-37.13,0.3717,0.4167,0.1503,0.7792,0.5901,0.7522,0.7792,3
2026-08-27 22:46:29,load_15c,2.025,41.87,58.62,delta,184.894,12.026,5.585,1,,1390,2479,0.2665,-46.0,3,-10.33,-38.73,0.2791,0.5453,0.1503,0.7792,0.5901,0.7775,0.7792,3
2026-08-27 22:46:31,load_15c,2.011,46.11,76.67,instantaneous_fallback,175.101,12.026,5.585,1,,318,546,0.2641,-48.33,3,-2.33,-41.0,0.3074,0.7778,0.1503,0.7792,0.5765,0.7735,0.7792,3
2026-08-27 22:46:33,load_15c,2.021,45.22,76.67,instantaneous_fallback,175.101,12.026,5.585,1,,2110,3024,0.3218,-48.67,3,-0.33,-43.27,0.3015,0.7778,0.1503,0.7792,0.5765,0.8697,0.7792,3
2026-08-27 22:46:35,load_15c,1.648,43.41,63.33,instantaneous_fallback,190.059,12.026,5.585,1,,1362,2201,0.3417,-49.0,3,-0.33,-45.53,0.2894,0.6041,0.1503,0.7792,0.5973,0.9028,0.7792,3
2026-08-27 22:46:36,load_15c,2.01,39.98,62.07,instantaneous_fallback,361.46,12.026,5.585,1,,2392,3064,0.4009,-45.67,3,3.33,-47.53,0.2665,0.5884,0.1503,0.7792,0.7807,1.0,0.7807,3
2026-08-27 22:46:38,load_15c,2.011,30.4,56.67,delta,361.46,,,0,,1664,1785,0.4249,-44.0,3,1.67,-47.13,0.2027,0.5209,0.0,1.0,0.7807,1.0,1.0,3
2026-08-27 22:46:40,load_15c,2.011,46.2,55.17,instantaneous_fallback,247.842,6.808,9.309,1,,2642,4081,0.4181,-43.33,3,0.67,-46.13,0.308,0.5021,0.0851,0.9654,0.6776,1.0,0.9654,3
2026-08-27 22:46:42,load_15c,1.326,55.34,55.17,delta,176.972,6.808,9.309,1,,2022,3158,0.4137,-41.0,3,2.33,-44.6,0.3689,0.5021,0.0851,0.9654,0.5791,1.0,0.9654,3
2026-08-27 22:46:44,load_15c,2.011,14.1,58.62,instantaneous_fallback,176.972,6.808,9.309,1,,916,1006,0.4239,-40.33,3,0.67,-42.87,0.094,0.5453,0.0851,0.9654,0.5791,1.0,0.9654,3
2026-08-27 22:46:46,load_15c,2.038,34.89,62.07,instantaneous_fallback,176.972,6.808,9.309,1,,1934,1762,0.4377,-42.33,3,-2.0,-42.2,0.2326,0.5884,0.0851,0.9654,0.5791,1.0,0.9654,3
2026-08-27 22:46:48,load_15c,2.016,34.86,62.07,delta,189.497,6.808,9.309,1,,0,133,0.4256,-46.0,3,-3.67,-42.6,0.2324,0.5884,0.0851,0.9654,0.5965,1.0,0.9654,3
2026-08-27 22:46:50,load_15c,2.017,38.11,86.67,instantaneous_fallback,0.0,6.808,9.309,1,,6,111,0.4415,-44.67,3,1.33,-42.87,0.2541,0.9445,0.0851,0.9654,1.0,1.0,1.0,3
2026-08-27 22:46:52,load_15c,2.02,46.06,86.67,instantaneous_fallback,0.0,6.808,9.309,1,,30,584,0.4452,-43.33,3,1.33,-43.33,0.3071,0.9445,0.0851,0.9654,1.0,1.0,1.0,3
2026-08-27 22:46:54,load_15c,2.012,39.67,86.67,instantaneous_fallback,0.0,,,0,,0,436,0.3943,-45.67,3,-2.33,-44.4,0.2645,0.9445,0.0,1.0,1.0,0.9905,1.0,3
2026-08-27 22:46:56,load_15c,2.016,40.26,83.33,instantaneous_fallback,0.0,,,0,,8,190,0.0294,-36.67,3,9.0,-43.27,0.2684,0.8888,0.0,1.0,1.0,0.0735,1.0,3
2026-08-27 22:46:58,load_15c,2.016,46.06,83.33,instantaneous_fallback,918.597,,,0,,78,592,0.06,-35.33,3,1.33,-41.13,0.3071,0.8888,0.0,1.0,1.0,0.15,1.0,3
2026-08-27 22:47:00,load_15c,2.016,43.45,83.33,instantaneous_fallback,918.597,,,0,,102,1071,0.0705,-34.67,3,0.67,-39.13,0.2897,0.8888,0.0,1.0,1.0,0.1762,1.0,3
2026-08-27 22:47:02,load_15c,2.016,27.14,76.67,instantaneous_fallback,0.0,,,0,,0,470,0.0638,-35.33,3,-0.67,-37.53,0.1809,0.7778,0.0,1.0,1.0,0.1595,1.0,3
2026-08-27 22:47:04,load_15c,2.016,31.31,76.67,instantaneous_fallback,0.0,,,0,,0,690,0.0587,-35.33,3,0.0,-35.47,0.2087,0.7778,0.0,1.0,1.0,0.1467,1.0,3
2026-08-27 22:47:06,load_15c,2.015,48.68,82.76,delta,48.468,,,0,,1250,2326,0.2174,-35.67,3,-0.33,-35.27,0.3245,0.8793,0.0,1.0,0.202,0.6685,1.0,3
2026-08-27 22:47:08,load_15c,1.089,129.64,82.76,instantaneous_fallback,56.149,,,0,,2136,6431,0.241,-36.33,3,-0.67,-35.47,0.8643,0.8793,0.0,1.0,0.234,0.7275,1.0,3
2026-08-27 22:47:09,load_15c,1.066,61.24,48.28,instantaneous_fallback,56.149,4.602,0.0,1,,788,2978,0.2445,-36.0,3,0.33,-35.73,0.4083,0.388,0.0575,0.0,0.234,0.7362,0.388,1
2026-08-27 22:47:10,load_15c,1.056,60.44,48.28,instantaneous_fallback,78.847,4.602,0.0,1,,976,2715,0.2538,-36.0,3,0.0,-35.87,0.4029,0.388,0.0575,0.0,0.3285,0.7563,0.388,1
2026-08-27 22:47:11,load_15c,1.227,54.74,50.0,instantaneous_fallback,103.132,5.37,0.0,1,,1776,3146,0.2824,-35.67,3,0.33,-35.93,0.3649,0.4167,0.0671,0.0,0.4297,0.804,0.4297,1
2026-08-27 22:47:12,load_15c,2.026,30.91,53.33,instantaneous_fallback,151.724,5.51,0.0,1,,1266,2644,0.2793,-35.67,3,0.0,-35.93,0.2061,0.4722,0.0689,0.0,0.5441,0.7988,0.5441,2
2026-08-27 22:47:14,load_15c,1.02,133.49,53.33,instantaneous_fallback,151.724,5.51,0.0,1,,3112,6331,0.3077,-36.33,3,-0.67,-35.93,0.8899,0.4722,0.0689,0.0,0.5441,0.8462,0.5441,2
2026-08-27 22:47:15,load_15c,1.026,66.53,53.33,instantaneous_fallback,55.951,5.51,0.0,1,,484,2874,0.3007,-36.67,3,-0.33,-36.07,0.4435,0.4722,0.0689,0.0,0.2331,0.8345,0.4722,1
2026-08-27 22:47:16,load_15c,1.025,59.68,53.33,instantaneous_fallback,35.958,5.51,0.0,1,,920,2603,0.3004,-37.0,3,-0.33,-36.27,0.3979,0.4722,0.0689,0.0,0.1498,0.834,0.4722,1
2026-08-27 22:47:17,load_15c,1.04,67.03,51.72,instantaneous_fallback,19.953,6.359,0.0,1,,1296,3204,0.2862,-36.33,3,0.67,-36.4,0.4469,0.4453,0.0795,0.0,0.0831,0.8103,0.4453,1
2026-08-27 22:47:18,load_15c,1.05,58.32,51.72,instantaneous_fallback,19.953,6.359,0.0,1,,1140,2654,0.2824,-37.33,3,-1.0,-36.73,0.3888,0.4453,0.0795,0.0,0.0831,0.804,0.4453,1
2026-08-27 22:47:19,load_15c,1.04,66.42,50.0,instantaneous_fallback,35.23,6.359,0.0,1,,802,3030,0.2442,-37.0,3,0.33,-36.87,0.4428,0.4167,0.0795,0.0,0.1468,0.7355,0.4167,1
2026-08-27 22:47:20,load_15c,1.235,51.26,50.0,instantaneous_fallback,83.741,6.359,0.0,1,,1436,2666,0.2832,-37.33,3,-0.33,-37.0,0.3417,0.4167,0.0795,0.0,0.3489,0.8053,0.4167,1
2026-08-27 22:47:22,load_15c,1.024,62.03,50.0,instantaneous_fallback,58.815,2.698,0.0,1,,1776,2626,0.3127,-36.67,3,0.67,-36.93,0.4135,0.4167,0.0337,0.0,0.2451,0.8545,0.4167,1
2026-08-27 22:47:23,load_15c,1.155,61.19,53.33,instantaneous_fallback,74.955,2.698,0.0,1,,1478,3463,0.3147,-36.0,3,0.67,-36.87,0.4079,0.4722,0.0337,0.0,0.3123,0.8578,0.4722,1
2026-08-27 22:47:24,load_15c,1.025,59.51,53.33,instantaneous_fallback,58.815,4.927,0.0,1,,612,2610,0.2978,-36.33,3,-0.33,-36.67,0.3967,0.4722,0.0616,0.0,0.2451,0.8297,0.4722,1
2026-08-27 22:47:25,load_15c,1.096,62.67,53.33,delta,46.878,4.927,0.0,1,,1732,3246,0.325,-36.33,3,0.0,-36.53,0.4178,0.4722,0.0616,0.0,0.1953,0.875,0.4722,1
2026-08-27 22:47:26,load_15c,1.033,62.74,51.72,instantaneous_fallback,45.417,4.31,0.0,1,,1586,2895,0.3262,-36.33,3,0.0,-36.33,0.4183,0.4453,0.0539,0.0,0.1892,0.877,0.4453,1
2026-08-27 22:47:27,load_15c,1.139,59.48,100.0,delta,45.417,4.31,0.0,1,,674,3098,0.2843,-36.0,3,0.33,-36.2,0.3965,1.0,0.0539,0.0,0.1892,0.8072,1.0,3
2026-08-27 22:47:28,load_15c,1.015,59.85,53.33,instantaneous_fallback,53.203,5.218,0.0,1,,618,2774,0.2631,-36.33,3,-0.33,-36.27,0.399,0.4722,0.0652,0.0,0.2217,0.7718,0.4722,1
2026-08-27 22:47:29,load_15c,1.096,63.53,53.33,instantaneous_fallback,53.203,5.218,0.0,1,,2128,3118,0.3081,-36.33,3,0.0,-36.27,0.4235,0.4722,0.0652,0.0,0.2217,0.8468,0.4722,1
2026-08-27 22:47:30,load_15c,1.13,58.22,50.0,instantaneous_fallback,53.203,6.946,0.0,1,,1328,2998,0.2985,-36.33,3,0.0,-36.27,0.3881,0.4167,0.0868,0.0,0.2217,0.8308,0.4167,1
2026-08-27 22:47:31,load_15c,1.06,55.18,50.0,instantaneous_fallback,58.697,6.946,0.0,1,,970,2346,0.2852,-36.67,3,-0.33,-36.33,0.3679,0.4167,0.0868,0.0,0.2446,0.8087,0.4167,1
2026-08-27 22:47:33,load_15c,1.08,66.99,50.0,instantaneous_fallback,58.697,6.946,0.0,1,,1302,3524,0.3007,-36.33,3,0.33,-36.4,0.4466,0.4167,0.0868,0.0,0.2446,0.8345,0.4167,1
2026-08-27 22:47:34,load_15c,1.019,64.99,50.0,instantaneous_fallback,55.159,5.657,0.0,1,,1106,2954,0.3139,-36.33,3,0.0,-36.4,0.4333,0.4167,0.0707,0.0,0.2298,0.8565,0.4167,1
2026-08-27 22:47:35,load_15c,1.024,64.53,55.17,instantaneous_fallback,17.754,5.657,0.0,1,,1184,3042,0.2838,-36.67,3,-0.33,-36.47,0.4302,0.5021,0.0707,0.0,0.074,0.8063,0.5021,2
2026-08-27 22:47:36,load_15c,1.013,63.86,46.67,instantaneous_fallback,8.741,4.049,0.0,1,,708,2865,0.2635,-36.67,3,0.0,-36.53,0.4257,0.3612,0.0506,0.0,0.0364,0.7725,0.3612,1
2026-08-27 22:47:37,load_15c,1.033,64.47,46.67,instantaneous_fallback,8.741,4.049,0.0,1,,1096,3072,0.2588,-37.0,3,-0.33,-36.6,0.4298,0.3612,0.0506,0.0,0.0364,0.7647,0.3612,1
2026-08-27 22:47:38,load_15c,1.143,56.37,46.67,delta,13.211,5.083,0.0,1,,1424,2871,0.2715,-37.0,3,0.0,-36.73,0.3758,0.3612,0.0635,0.0,0.055,0.7858,0.3612,1
2026-08-27 22:47:39,load_15c,1.068,60.32,53.33,instantaneous_fallback,73.448,5.083,0.0,1,,1268,2963,0.2772,-37.0,3,0.0,-36.87,0.4021,0.4722,0.0635,0.0,0.306,0.7953,0.4722,1
2026-08-27 22:47:40,load_15c,1.019,59.95,63.33,instantaneous_fallback,73.448,6.118,0.0,1,,1530,2642,0.2948,-37.0,3,0.0,-36.93,0.3997,0.6041,0.0765,0.0,0.306,0.8247,0.6041,2
2026-08-27 22:47:41,load_15c,1.021,70.61,62.07,instantaneous_fallback,31.847,6.118,0.0,1,,652,3351,0.2861,-37.33,3,-0.33,-37.07,0.4707,0.5884,0.0765,0.0,0.1327,0.8102,0.5884,2
2026-08-27 22:47:42,load_15c,1.027,63.9,62.07,instantaneous_fallback,16.112,12.22,0.0,1,,814,2992,0.2774,-37.0,3,0.33,-37.07,0.426,0.5884,0.1527,0.0,0.0671,0.7957,0.5884,2
2026-08-27 22:47:43,load_15c,1.014,63.97,56.67,instantaneous_fallback,13.842,12.22,0.0,1,,1322,2843,0.2741,-37.67,3,-0.67,-37.2,0.4265,0.5209,0.1527,0.0,0.0577,0.7902,0.5209,2
2026-08-27 22:47:44,load_15c,1.014,64.27,56.67,instantaneous_fallback,9.571,6.033,0.0,1,,380,2964,0.241,-37.33,3,0.33,-37.27,0.4285,0.5209,0.0754,0.0,0.0399,0.7275,0.5209,2
2026-08-27 22:47:45,load_15c,1.06,61.81,60.0,instantaneous_fallback,9.571,6.033,0.0,1,,1192,2944,0.2241,-37.33,3,0.0,-37.33,0.4121,0.5625,0.0754,0.0,0.0399,0.6853,0.5625,2
2026-08-27 22:47:46,load_15c,1.072,58.35,60.0,instantaneous_fallback,28.225,5.107,0.0,1,,398,2809,0.2201,-37.0,3,0.33,-37.27,0.389,0.5625,0.0638,0.0,0.1176,0.6752,0.5625,2
2026-08-27 22:47:47,load_15c,1.124,53.47,62.07,instantaneous_fallback,48.754,5.107,0.0,1,,2030,2723,0.2715,-37.33,3,-0.33,-37.33,0.3565,0.5884,0.0638,0.0,0.2031,0.7858,0.5884,2
2026-08-27 22:47:48,load_15c,1.041,64.28,62.07,instantaneous_fallback,66.495,6.908,0.0,1,,482,2997,0.2369,-37.33,3,0.0,-37.27,0.4285,0.5884,0.0864,0.0,0.2771,0.7173,0.5884,2
2026-08-27 22:47:49,load_15c,1.024,70.26,63.33,delta,66.495,6.908,0.0,1,,1344,3276,0.2697,-38.0,3,-0.67,-37.4,0.4684,0.6041,0.0864,0.0,0.2771,0.7828,0.6041,2
2026-08-27 22:47:50,load_15c,1.013,63.89,62.07,instantaneous_fallback,12.3,3.545,0.0,1,,1162,2928,0.2688,-38.0,3,0.0,-37.53,0.4259,0.5884,0.0443,0.0,0.0513,0.7813,0.5884,2
2026-08-27 22:47:51,load_15c,1.022,32.91,56.67,instantaneous_fallback,9.145,3.545,0.0,1,,658,1528,0.2967,-38.0,3,0.0,-37.73,0.2194,0.5209,0.0443,0.0,0.0381,0.8278,0.5209,2
2026-08-27 22:47:52,load_15c,1.178,55.23,56.67,instantaneous_fallback,12.3,3.545,0.0,1,,1390,2964,0.2689,-38.0,3,0.0,-37.87,0.3682,0.5209,0.0443,0.0,0.0513,0.7815,0.5209,2
2026-08-27 22:47:54,load_15c,1.084,86.86,53.33,instantaneous_fallback,89.648,7.543,0.266,1,,2232,4053,0.3151,-38.0,3,0.0,-38.0,0.5791,0.4722,0.0943,0.133,0.3735,0.8585,0.4722,1
2026-08-27 22:47:55,load_15c,1.016,66.91,53.33,instantaneous_fallback,89.648,7.543,0.266,1,,1668,3157,0.327,-38.33,3,-0.33,-38.07,0.4461,0.4722,0.0943,0.133,0.3735,0.8783,0.4722,1
2026-08-27 22:47:56,load_15c,1.078,65.21,53.33,instantaneous_fallback,36.984,6.305,0.0,1,,2658,3567,0.3605,-38.67,3,-0.33,-38.2,0.4347,0.4722,0.0788,0.0,0.1541,0.9342,0.4722,1
2026-08-27 22:47:57,load_15c,1.151,56.07,50.0,instantaneous_fallback,36.984,6.305,0.0,1,,1748,2786,0.3698,-39.0,3,-0.33,-38.4,0.3738,0.4167,0.0788,0.0,0.1541,0.9497,0.4167,1
2026-08-27 22:47:58,load_15c,1.161,55.08,50.0,instantaneous_fallback,89.436,6.305,0.0,1,,2304,2716,0.3946,-39.33,3,-0.33,-38.67,0.3672,0.4167,0.0788,0.0,0.3727,0.991,0.4167,1
2026-08-27 22:47:59,load_15c,1.057,60.68,53.33,instantaneous_fallback,99.14,6.305,0.0,1,,1174,2776,0.389,-39.0,3,0.33,-38.87,0.4045,0.4722,0.0788,0.0,0.4131,0.9817,0.4722,1
2026-08-27 22:48:00,load_15c,1.188,57.48,53.33,instantaneous_fallback,100.593,8.125,0.0,1,,1568,3233,0.3853,-38.33,3,0.67,-38.87,0.3832,0.4722,0.1016,0.0,0.4191,0.9755,0.4722,1
2026-08-27 22:48:01,load_15c,1.34,45.72,55.17,delta,103.84,8.125,0.0,1,,786,2693,0.348,-38.33,3,0.0,-38.8,0.3048,0.5021,0.1016,0.0,0.4327,0.9133,0.5021,2
2026-08-27 22:48:03,load_15c,1.025,81.74,66.67,instantaneous_fallback,124.504,8.892,3.989,1,,2190,3491,0.3498,-38.0,3,0.33,-38.6,0.5449,0.6459,0.1111,0.6868,0.5063,0.9163,0.6868,2
2026-08-27 22:48:04,load_15c,1.21,50.45,66.67,instantaneous_fallback,210.92,8.892,3.989,1,,1700,3063,0.3272,-38.33,3,-0.33,-38.4,0.3363,0.6459,0.1111,0.6868,0.6263,0.8787,0.6868,2
2026-08-27 22:48:05,load_15c,2.01,33.48,66.67,instantaneous_fallback,176.242,8.892,3.989,1,,822,2718,0.3174,-38.33,3,0.0,-38.27,0.2232,0.6459,0.1111,0.6868,0.5781,0.8623,0.6868,2
2026-08-27 22:48:07,load_15c,1.05,116.78,66.67,instantaneous_fallback,176.242,8.892,3.989,1,,2496,4143,0.3317,-38.0,3,0.33,-38.2,0.7785,0.6459,0.1111,0.6868,0.5781,0.8862,0.6868,2
2026-08-27 22:48:08,load_15c,1.015,80.15,66.67,instantaneous_fallback,118.994,8.892,3.989,1,,2024,3997,0.3465,-38.33,3,-0.33,-38.2,0.5343,0.6459,0.1111,0.6868,0.4958,0.9108,0.6868,2
2026-08-27 22:48:09,load_15c,1.033,32.0,66.67,instantaneous_fallback,13.465,8.892,3.989,1,,320,1411,0.3244,-38.33,3,0.0,-38.27,0.2133,0.6459,0.1111,0.6868,0.0561,0.874,0.6868,2
2026-08-27 22:48:10,load_15c,1.029,60.91,70.0,delta,13.312,8.892,3.989,1,,630,2547,0.2981,-38.67,3,-0.33,-38.33,0.4061,0.6875,0.1111,0.6868,0.0555,0.8302,0.6875,2
2026-08-27 22:48:11,load_15c,1.161,54.3,53.33,instantaneous_fallback,13.465,8.892,3.989,1,,1362,2705,0.3158,-38.33,3,0.33,-38.33,0.362,0.4722,0.1111,0.6868,0.0561,0.8597,0.6868,2
2026-08-27 22:48:12,load_15c,1.029,93.38,53.33,instantaneous_fallback,79.319,8.892,3.989,1,,2768,3895,0.328,-38.0,3,0.33,-38.33,0.6225,0.4722,0.1111,0.6868,0.3305,0.88,0.6868,2
2026-08-27 22:48:13,load_15c,1.213,28.47,53.33,instantaneous_fallback,117.782,8.892,3.989,1,,910,1598,0.3301,-37.67,3,0.33,-38.2,0.1898,0.4722,0.1111,0.6868,0.4908,0.8835,0.6868,2
2026-08-27 22:48:14,load_15c,2.01,47.97,51.72,instantaneous_fallback,121.679,,,0,,2734,4090,0.3616,-37.0,3,0.67,-37.93,0.3198,0.4453,0.0,1.0,0.5023,0.936,1.0,3
2026-08-27 22:48:16,load_15c,1.056,79.85,53.33,delta,121.679,,,0,,2140,2986,0.3936,-38.0,3,-1.0,-37.8,0.5323,0.4722,0.0,1.0,0.5023,0.9893,1.0,3
2026-08-27 22:48:17,load_15c,1.098,71.74,58.62,instantaneous_fallback,83.808,6.629,0.266,1,,2368,3962,0.3978,-37.33,3,0.67,-37.6,0.4783,0.5453,0.0829,0.133,0.3492,0.9963,0.5453,2
2026-08-27 22:48:19,load_15c,1.231,81.54,58.62,instantaneous_fallback,83.808,6.629,0.266,1,,1150,4586,0.3507,-38.0,3,-0.67,-37.6,0.5436,0.5453,0.0829,0.133,0.3492,0.9178,0.5453,2
2026-08-27 22:48:20,load_15c,1.129,55.85,53.33,instantaneous_fallback,122.608,1.469,0.0,1,,1228,2827,0.3427,-37.0,3,1.0,-37.47,0.3723,0.4722,0.0184,0.0,0.5036,0.9045,0.5036,2
2026-08-27 22:48:21,load_15c,1.029,65.47,50.0,instantaneous_fallback,123.411,1.469,0.0,1,,1480,3130,0.3235,-37.67,3,-0.67,-37.6,0.4365,0.4167,0.0184,0.0,0.5047,0.8725,0.5047,2
2026-08-27 22:48:22,load_15c,1.287,48.56,50.0,delta,161.977,1.469,0.0,1,,1890,2750,0.3199,-38.0,3,-0.33,-37.6,0.3237,0.4167,0.0184,0.0,0.5583,0.8665,0.5583,2
2026-08-27 22:48:23,load_15c,2.037,32.68,51.72,instantaneous_fallback,161.977,5.424,0.0,1,,1234,3091,0.2988,-38.33,3,-0.33,-37.8,0.2179,0.4453,0.0678,0.0,0.5583,0.8313,0.5583,2
2026-08-27 22:48:25,load_15c,1.118,114.62,51.72,instantaneous_fallback,68.132,5.424,0.0,1,,3552,5327,0.354,-38.33,3,0.0,-37.87,0.7641,0.4453,0.0678,0.0,0.2839,0.9233,0.4453,1
2026-08-27 22:48:26,load_15c,1.101,59.96,51.72,instantaneous_fallback,55.686,5.424,0.0,1,,1090,2963,0.3488,-38.33,3,0.0,-38.13,0.3997,0.4453,0.0678,0.0,0.232,0.9147,0.4453,1
2026-08-27 22:48:27,load_15c,2.036,29.5,56.67,instantaneous_fallback,55.686,7.486,1.064,1,,700,2621,0.3357,-38.0,3,0.33,-38.2,0.1967,0.5209,0.0936,0.504,0.232,0.8928,0.5209,2
2026-08-27 22:48:29,load_15c,1.251,81.21,62.07,delta,55.686,7.486,1.064,1,,1466,4713,0.3006,-38.67,3,-0.67,-38.33,0.5414,0.5884,0.0936,0.504,0.232,0.8343,0.5884,2
2026-08-27 22:48:31,load_15c,2.013,44.92,68.97,instantaneous_fallback,109.239,9.882,0.0,1,,1686,3479,0.3078,-39.0,3,-0.33,-38.47,0.2995,0.6746,0.1235,0.0,0.4552,0.8463,0.6746,2
2026-08-27 22:48:33,load_15c,1.022,122.19,68.97,instantaneous_fallback,109.239,9.882,0.0,1,,1310,5201,0.2478,-38.67,3,0.33,-38.53,0.8146,0.6746,0.1235,0.0,0.4552,0.7445,0.6746,2
2026-08-27 22:48:34,load_15c,1.017,65.1,58.62,instantaneous_fallback,11.494,9.882,0.0,1,,820,2804,0.2412,-39.0,3,-0.33,-38.67,0.434,0.5453,0.1235,0.0,0.0479,0.728,0.5453,2
2026-08-27 22:48:35,load_15c,1.025,60.14,58.62,delta,8.321,5.286,0.0,1,,1408,2639,0.2621,-38.67,3,0.33,-38.8,0.4009,0.5453,0.0661,0.0,0.0347,0.7702,0.5453,2
2026-08-27 22:48:36,load_15c,1.02,64.25,51.72,instantaneous_fallback,8.321,5.286,0.0,1,,970,2999,0.2657,-38.67,3,0.0,-38.8,0.4283,0.4453,0.0661,0.0,0.0347,0.7762,0.4453,1
2026-08-27 22:48:37,load_15c,1.154,58.78,51.72,delta,8.667,4.504,0.0,1,,1250,3158,0.2552,-37.33,3,1.33,-38.47,0.3919,0.4453,0.0563,0.0,0.0361,0.7587,0.4453,1
2026-08-27 22:48:38,load_15c,1.12,56.94,46.67,instantaneous_fallback,60.397,4.504,0.0,1,,1822,2892,0.302,-37.67,3,-0.33,-38.27,0.3796,0.3612,0.0563,0.0,0.2517,0.8367,0.3612,1
2026-08-27 22:48:39,load_15c,1.145,56.33,46.67,instantaneous_fallback,75.48,7.411,0.0,1,,652,2906,0.2948,-40.0,3,-2.33,-38.47,0.3755,0.3612,0.0926,0.0,0.3145,0.8247,0.3612,1
2026-08-27 22:48:40,load_15c,1.136,53.6,53.33,instantaneous_fallback,78.041,7.411,0.0,1,,670,2764,0.2671,-40.67,3,-0.67,-38.87,0.3573,0.4722,0.0926,0.0,0.3252,0.7785,0.4722,1
2026-08-27 22:48:41,load_15c,1.021,94.47,56.67,instantaneous_fallback,90.352,4.957,0.0,1,,1358,4224,0.2651,-41.0,3,-0.33,-39.33,0.6298,0.5209,0.062,0.0,0.3765,0.7752,0.5209,2
2026-08-27 22:48:42,load_15c,1.019,72.17,56.67,instantaneous_fallback,78.041,4.957,0.0,1,,1852,3376,0.2822,-39.33,3,1.67,-39.73,0.4811,0.5209,0.062,0.0,0.3252,0.8037,0.5209,2
2026-08-27 22:48:43,load_15c,1.019,29.35,56.67,instantaneous_fallback,13.061,4.957,0.0,1,,532,1251,0.2586,-39.33,3,0.0,-40.07,0.1957,0.5209,0.062,0.0,0.0544,0.7643,0.5209,2
2026-08-27 22:48:44,load_15c,1.03,66.77,56.67,instantaneous_fallback,13.061,5.261,0.0,1,,1830,3267,0.2955,-41.0,3,-1.67,-40.27,0.4451,0.5209,0.0658,0.0,0.0544,0.8258,0.5209,2
2026-08-27 22:48:45,load_15c,1.133,58.09,50.0,instantaneous_fallback,15.002,5.261,0.0,1,,1102,2985,0.3065,-40.33,3,0.67,-40.2,0.3873,0.4167,0.0658,0.0,0.0625,0.8442,0.4167,1
2026-08-27 22:48:47,load_15c,1.013,62.04,50.0,instantaneous_fallback,57.805,7.3,0.266,1,,1192,2728,0.3235,-40.33,3,0.0,-40.07,0.4136,0.4167,0.0912,0.133,0.2409,0.8725,0.4167,1
2026-08-27 22:48:48,load_15c,1.14,56.76,46.67,delta,75.899,7.3,0.266,1,,1712,2933,0.326,-37.33,3,3.0,-39.67,0.3784,0.3612,0.0912,0.133,0.3162,0.8767,0.3612,1
2026-08-27 22:48:49,load_15c,1.016,66.18,53.33,instantaneous_fallback,57.805,4.274,0.0,1,,1082,3057,0.3161,-36.67,3,0.67,-39.13,0.4412,0.4722,0.0534,0.0,0.2409,0.8602,0.4722,1
2026-08-27 22:48:50,load_15c,1.016,65.31,53.33,instantaneous_fallback,49.818,4.274,0.0,1,,746,3018,0.2838,-36.67,3,0.0,-38.27,0.4354,0.4722,0.0534,0.0,0.2076,0.8063,0.4722,1
2026-08-27 22:48:51,load_15c,1.15,57.62,53.33,instantaneous_fallback,49.818,3.258,0.0,1,,566,2995,0.2645,-36.33,3,0.33,-37.47,0.3841,0.4722,0.0407,0.0,0.2076,0.7742,0.4722,1
2026-08-27 22:48:52,load_15c,1.014,61.3,46.67,instantaneous_fallback,43.023,3.258,0.0,1,,476,2844,0.2358,-35.67,3,0.67,-36.53,0.4087,0.3612,0.0407,0.0,0.1793,0.7145,0.3612,1
2026-08-27 22:48:53,load_15c,1.038,66.74,46.67,instantaneous_fallback,43.023,6.954,0.0,1,,1160,3121,0.2114,-35.67,3,0.0,-36.2,0.4449,0.3612,0.0869,0.0,0.1793,0.6535,0.3612,1
2026-08-27 22:48:54,load_15c,1.018,63.58,50.0,instantaneous_fallback,15.123,6.954,0.0,1,,848,2904,0.2032,-35.67,3,0.0,-36.0,0.4239,0.4167,0.0869,0.0,0.063,0.633,0.4167,1
2026-08-27 22:48:55,load_15c,1.058,60.77,50.0,instantaneous_fallback,15.123,2.902,0.0,1,,1242,2857,0.2257,-35.33,3,0.33,-35.73,0.4051,0.4167,0.0363,0.0,0.063,0.6893,0.4167,1
2026-08-27 22:48:56,load_15c,1.061,64.05,50.0,instantaneous_fallback,36.357,2.902,0.0,1,,888,3106,0.2373,-36.0,3,-0.67,-35.67,0.427,0.4167,0.0363,0.0,0.1515,0.7183,0.4167,1
2026-08-27 22:48:57,load_15c,1.025,63.16,48.28,instantaneous_fallback,36.357,4.695,0.0,1,,1292,2918,0.267,-35.67,3,0.33,-35.67,0.4211,0.388,0.0587,0.0,0.1515,0.7783,0.388,1
2026-08-27 22:48:58,load_15c,1.021,62.73,46.67,instantaneous_fallback,28.925,4.695,0.0,1,,1510,2858,0.283,-34.0,3,1.67,-35.33,0.4182,0.3612,0.0587,0.0,0.1205,0.805,0.3612,1
2026-08-27 22:48:59,load_15c,1.014,62.07,46.67,instantaneous_fallback,19.481,4.695,0.0,1,,770,2730,0.2827,-34.67,3,-0.67,-35.13,0.4138,0.3612,0.0587,0.0,0.0812,0.8045,0.3612,1
2026-08-27 22:49:00,load_15c,1.248,54.01,50.0,instantaneous_fallback,28.925,2.695,0.0,1,,1076,3192,0.2722,-34.67,3,0.0,-35.0,0.3601,0.4167,0.0337,0.0,0.1205,0.787,0.4167,1
2026-08-27 22:49:01,load_15c,1.149,52.94,50.0,instantaneous_fallback,124.561,6.093,0.266,1,,1362,2530,0.297,-34.0,3,0.67,-34.6,0.3529,0.4167,0.0762,0.133,0.5063,0.8283,0.5063,2
2026-08-27 22:49:03,load_15c,1.125,60.77,50.0,instantaneous_fallback,124.561,6.093,0.266,1,,1612,3277,0.3026,-34.33,3,-0.33,-34.33,0.4051,0.4167,0.0762,0.133,0.5063,0.8377,0.5063,2
2026-08-27 22:49:04,load_15c,1.064,58.95,58.62,instantaneous_fallback,114.459,6.093,0.266,1,,588,2808,0.2711,-34.33,3,0.0,-34.4,0.393,0.5453,0.0762,0.133,0.4769,0.7852,0.5453,2
2026-08-27 22:49:05,load_15c,1.016,68.87,63.33,delta,91.128,6.227,0.0,1,,1144,3193,0.2782,-34.0,3,0.33,-34.27,0.4591,0.6041,0.0778,0.0,0.3797,0.797,0.6041,2
2026-08-27 22:49:06,load_15c,1.061,61.66,58.62,instantaneous_fallback,39.147,6.227,0.0,1,,1076,2922,0.2819,-34.33,3,-0.33,-34.2,0.4111,0.5453,0.0778,0.0,0.1631,0.8032,0.5453,2
2026-08-27 22:49:07,load_15c,1.058,57.87,53.33,instantaneous_fallback,32.496,6.991,0.0,1,,998,2614,0.2678,-34.0,3,0.33,-34.2,0.3858,0.4722,0.0874,0.0,0.1354,0.7797,0.4722,1
2026-08-27 22:49:08,load_15c,1.013,71.16,53.33,instantaneous_fallback,31.61,6.991,0.0,1,,1368,3327,0.2582,-34.0,3,0.0,-34.13,0.4744,0.4722,0.0874,0.0,0.1317,0.7637,0.4722,1
2026-08-27 22:49:09,load_15c,1.092,60.52,53.33,instantaneous_fallback,32.496,6.611,0.0,1,,1302,3033,0.2807,-33.67,3,0.33,-34.0,0.4035,0.4722,0.0826,0.0,0.1354,0.8012,0.4722,1
2026-08-27 22:49:10,load_15c,1.112,55.3,53.33,instantaneous_fallback,49.144,6.611,0.0,1,,810,2670,0.276,-33.67,3,0.0,-33.93,0.3687,0.4722,0.0826,0.0,0.2048,0.7933,0.4722,1
2026-08-27 22:49:11,load_15c,1.16,56.13,55.17,instantaneous_fallback,65.931,3.824,0.0,1,,1412,3006,0.2868,-34.0,3,-0.33,-33.87,0.3742,0.5021,0.0478,0.0,0.2747,0.8113,0.5021,2
2026-08-27 22:49:12,load_15c,1.078,86.36,55.17,delta,110.77,3.824,0.0,1,,1402,4163,0.2798,-33.33,3,0.67,-33.73,0.5757,0.5021,0.0478,0.0,0.4615,0.7997,0.5021,2
2026-08-27 22:49:13,load_15c,1.084,60.45,63.33,instantaneous_fallback,110.77,7.353,0.0,1,,1498,2948,0.2888,-33.67,3,-0.33,-33.67,0.403,0.6041,0.0919,0.0,0.4615,0.8147,0.6041,2
2026-08-27 22:49:14,load_15c,1.016,68.75,65.52,instantaneous_fallback,72.723,7.353,0.0,1,,1992,3074,0.3096,-34.0,3,-0.33,-33.73,0.4583,0.6315,0.0919,0.0,0.303,0.8493,0.6315,2
2026-08-27 22:49:15,load_15c,1.06,30.2,63.33,instantaneous_fallback,29.725,7.353,0.0,1,,748,1584,0.3231,-34.0,3,0.0,-33.8,0.2013,0.6041,0.0919,0.0,0.1239,0.8718,0.6041,2
2026-08-27 22:49:17,load_15c,1.015,65.21,53.33,instantaneous_fallback,29.725,5.895,0.0,1,,1478,2901,0.3267,-34.0,3,0.0,-33.8,0.4347,0.4722,0.0737,0.0,0.1239,0.8778,0.4722,1
2026-08-27 22:49:18,load_15c,1.048,63.5,53.33,instantaneous_fallback,36.356,5.895,0.0,1,,1202,3084,0.3373,-34.0,3,0.0,-33.93,0.4233,0.4722,0.0737,0.0,0.1515,0.8955,0.4722,1
2026-08-27 22:49:19,load_15c,1.143,52.86,50.0,instantaneous_fallback,54.71,5.741,0.266,1,,1120,2599,0.3306,-34.33,3,-0.33,-34.07,0.3524,0.4167,0.0718,0.133,0.228,0.8843,0.4167,1
2026-08-27 22:49:20,load_15c,1.067,63.58,53.33,instantaneous_fallback,54.699,5.741,0.266,1,,1492,3176,0.3116,-34.0,3,0.33,-34.07,0.4239,0.4722,0.0718,0.133,0.2279,0.8527,0.4722,1
2026-08-27 22:49:21,load_15c,1.077,57.53,50.0,delta,54.699,6.149,0.0,1,,1124,2635,0.3083,-34.0,3,0.0,-34.07,0.3835,0.4167,0.0769,0.0,0.2279,0.8472,0.4167,1
2026-08-27 22:49:22,load_15c,1.042,95.63,56.67,instantaneous_fallback,54.699,6.149,0.0,1,,1990,4561,0.3014,-34.0,3,0.0,-34.07,0.6375,0.5209,0.0769,0.0,0.2279,0.8357,0.5209,2
2026-08-27 22:49:23,load_15c,1.084,26.26,56.67,instantaneous_fallback,57.499,5.435,0.0,1,,544,1359,0.3044,-34.0,3,0.0,-34.07,0.1751,0.5209,0.0679,0.0,0.2396,0.8407,0.5209,2
2026-08-27 22:49:24,load_15c,1.234,77.5,60.0,instantaneous_fallback,62.325,5.435,0.0,1,,1068,4229,0.2804,-34.0,3,0.0,-34.0,0.5167,0.5625,0.0679,0.0,0.2597,0.8007,0.5625,2
2026-08-27 22:49:25,load_15c,1.201,47.91,60.0,delta,151.938,9.542,0.798,1,,1006,2520,0.2725,-34.0,3,0.0,-34.0,0.3194,0.5625,0.1193,0.399,0.5444,0.7875,0.5625,2
2026-08-27 22:49:26,load_15c,2.018,31.85,65.52,instantaneous_fallback,168.898,9.542,0.798,1,,1024,2831,0.2665,-34.0,3,0.0,-34.0,0.2123,0.6315,0.1193,0.399,0.5679,0.7775,0.6315,2
2026-08-27 22:49:28,load_15c,1.02,128.53,56.67,instantaneous_fallback,168.898,6.14,0.266,1,,2178,5942,0.2564,-34.0,3,0.0,-34.0,0.8569,0.5209,0.0767,0.133,0.5679,0.7607,0.5679,2
2026-08-27 22:49:29,load_15c,1.041,74.97,56.67,instantaneous_fallback,45.803,6.14,0.266,1,,1232,3558,0.2543,-34.0,3,0.0,-34.0,0.4998,0.5209,0.0767,0.133,0.1908,0.7572,0.5209,2
2026-08-27 22:49:31,load_15c,1.166,52.73,53.33,instantaneous_fallback,45.803,4.19,0.0,1,,606,2766,0.2555,-33.67,3,0.33,-33.93,0.3515,0.4722,0.0524,0.0,0.1908,0.7592,0.4722,1
2026-08-27 22:49:32,load_15c,1.053,56.78,53.33,delta,87.993,4.19,0.0,1,,1264,2480,0.264,-33.67,3,0.0,-33.87,0.3785,0.4722,0.0524,0.0,0.3666,0.7733,0.4722,1
2026-08-27 22:49:33,load_15c,2.025,32.02,60.0,instantaneous_fallback,87.993,4.19,0.0,1,,1480,2987,0.276,-34.0,3,-0.33,-33.87,0.2135,0.5625,0.0524,0.0,0.3666,0.7933,0.5625,2
2026-08-27 22:49:35,load_15c,2.015,40.31,73.33,instantaneous_fallback,0.0,4.19,0.0,1,,368,1490,0.2715,-33.67,3,0.33,-33.8,0.2687,0.7291,0.0524,0.0,1.0,0.7858,1.0,3
2026-08-27 22:49:37,load_15c,2.016,27.27,73.33,instantaneous_fallback,0.0,4.19,0.0,1,,2,382,0.2691,-33.67,3,0.0,-33.73,0.1818,0.7291,0.0524,0.0,1.0,0.7818,1.0,3
2026-08-27 22:49:39,load_15c,2.016,30.2,83.33,instantaneous_fallback,0.0,4.19,0.0,1,,0,324,0.2889,-34.0,3,-0.33,-33.8,0.2013,0.8888,0.0524,0.0,1.0,0.8148,1.0,3
2026-08-27 22:54:11,load_20,0.0,0.0,30.0,instantaneous,2.773,,,0,,0,0,0.0,-33.33,3,0.0,-33.33,0.0,0.1875,0.0,0.0,0.0116,0.0,0.1875,0
2026-08-27 22:54:13,load_20,1.011,0.37,23.34,instantaneous_fallback,3.196,1.045,0.0,1,,0,202,0.0,-33.33,3,0.0,-33.33,0.0025,0.1459,0.0131,0.0,0.0133,0.0,0.1459,0
2026-08-27 22:54:14,load_20,1.009,0.53,26.67,instantaneous_fallback,2.773,1.045,0.0,1,,2,133,0.0059,-33.33,3,0.0,-33.33,0.0035,0.1667,0.0131,0.0,0.0116,0.0147,0.1667,0
2026-08-27 22:54:15,load_20,1.011,0.37,20.0,instantaneous_fallback,3.619,0.71,0.0,1,,0,202,0.0037,-33.33,3,0.0,-33.33,0.0025,0.125,0.0089,0.0,0.0151,0.0092,0.125,0
2026-08-27 22:54:16,load_20,1.012,0.38,20.0,instantaneous_fallback,2.282,0.71,0.0,1,,0,220,0.0026,-33.33,3,0.0,-33.33,0.0025,0.125,0.0089,0.0,0.0095,0.0065,0.125,0
2026-08-27 22:54:17,load_20,1.008,0.37,13.33,instantaneous_fallback,4.859,0.667,0.0,1,,0,204,0.0021,-33.33,3,0.0,-33.33,0.0025,0.0833,0.0083,0.0,0.0202,0.0052,0.0833,0
2026-08-27 22:54:18,load_20,1.008,0.38,13.33,instantaneous_fallback,2.184,0.667,0.0,1,,4,218,0.0061,-33.33,3,0.0,-33.33,0.0025,0.0833,0.0083,0.0,0.0091,0.0152,0.0833,0
2026-08-27 22:54:19,load_20,1.008,0.38,16.67,instantaneous_fallback,2.128,1.419,0.0,1,,0,205,0.0038,-33.33,3,0.0,-33.33,0.0025,0.1042,0.0177,0.0,0.0089,0.0095,0.1042,0
2026-08-27 22:54:20,load_20,1.015,0.37,16.67,instantaneous_fallback,2.128,1.419,0.0,1,,0,217,0.0037,-33.33,3,0.0,-33.33,0.0025,0.1042,0.0177,0.0,0.0089,0.0092,0.1042,0
2026-08-27 22:54:21,load_20,1.01,0.36,16.67,instantaneous_fallback,2.203,1.07,0.0,1,,8,202,0.0113,-33.33,3,0.0,-33.33,0.0024,0.1042,0.0134,0.0,0.0092,0.0282,0.1042,0
2026-08-27 22:54:22,load_20,1.017,0.37,16.67,instantaneous_fallback,4.146,1.07,0.0,1,,0,216,0.0112,-33.33,3,0.0,-33.33,0.0025,0.1042,0.0134,0.0,0.0173,0.028,0.1042,0
2026-08-27 22:54:23,load_20,1.016,0.37,16.67,instantaneous_fallback,4.146,0.901,0.0,1,,2,210,0.0094,-33.33,3,0.0,-33.33,0.0025,0.1042,0.0113,0.0,0.0173,0.0235,0.1042,0
2026-08-27 22:54:24,load_20,1.023,0.37,16.67,instantaneous_fallback,5.344,0.901,0.0,1,,0,219,0.0093,-33.33,3,0.0,-33.33,0.0025,0.1042,0.0113,0.0,0.0223,0.0232,0.1042,0
2026-08-27 22:54:25,load_20,1.013,0.36,16.67,instantaneous_fallback,5.344,1.261,0.0,1,,0,201,0.0095,-33.33,3,0.0,-33.33,0.0024,0.1042,0.0158,0.0,0.0223,0.0238,0.1042,0
2026-08-27 22:54:26,load_20,1.016,0.37,16.67,instantaneous_fallback,3.826,1.261,0.0,1,,32,214,0.0311,-33.33,3,0.0,-33.33,0.0025,0.1042,0.0158,0.0,0.0159,0.0777,0.1042,0
2026-08-27 22:54:27,load_20,1.013,0.19,16.67,instantaneous_fallback,3.826,1.703,0.0,1,,0,107,0.0345,-33.33,3,0.0,-33.33,0.0013,0.1042,0.0213,0.0,0.0159,0.0863,0.1042,0
2026-08-27 22:54:28,load_20,1.012,0.33,16.67,instantaneous_fallback,3.826,1.703,0.0,1,,8,192,0.0411,-33.33,3,0.0,-33.33,0.0022,0.1042,0.0213,0.0,0.0159,0.1027,0.1042,0
2026-08-27 22:54:29,load_20,1.017,0.42,20.0,instantaneous_fallback,4.19,1.012,0.0,1,,40,222,0.0787,-33.33,3,0.0,-33.33,0.0028,0.125,0.0126,0.0,0.0175,0.1968,0.125,0
2026-08-27 22:54:30,load_20,1.012,3.01,30.0,instantaneous_fallback,1.926,1.012,0.0,1,,18,310,0.0857,-33.67,3,-0.33,-33.4,0.0201,0.1875,0.0126,0.0,0.008,0.2142,0.1875,0
2026-08-27 22:54:31,load_20,1.014,0.39,30.0,instantaneous_fallback,3.914,0.944,0.0,1,,0,210,0.0596,-33.67,3,0.0,-33.47,0.0026,0.1875,0.0118,0.0,0.0163,0.149,0.1875,0
2026-08-27 22:54:32,load_20,1.016,0.37,16.67,instantaneous_fallback,3.914,0.944,0.0,1,,8,219,0.0603,-33.67,3,0.0,-33.53,0.0025,0.1042,0.0118,0.0,0.0163,0.1507,0.1042,0
2026-08-27 22:54:33,load_20,1.013,3.24,16.67,instantaneous_fallback,3.914,1.24,0.0,1,,156,340,0.1458,-33.67,3,0.0,-33.6,0.0216,0.1042,0.0155,0.0,0.0163,0.479,0.1042,0
2026-08-27 22:54:34,load_20,1.012,0.4,16.67,instantaneous_fallback,3.112,1.24,0.0,1,,0,229,0.1221,-33.67,3,0.0,-33.67,0.0027,0.1042,0.0155,0.0,0.013,0.3605,0.1042,0
2026-08-27 22:54:35,load_20,1.012,0.35,16.67,instantaneous_fallback,2.239,0.851,0.0,1,,0,196,0.1208,-33.67,3,0.0,-33.67,0.0023,0.1042,0.0106,0.0,0.0093,0.354,0.1042,0
2026-08-27 22:54:36,load_20,1.015,0.57,16.67,instantaneous_fallback,3.112,0.851,0.0,1,,0,234,0.1187,-33.33,3,0.33,-33.6,0.0038,0.1042,0.0106,0.0,0.013,0.3435,0.1042,0
2026-08-27 22:54:37,load_20,1.013,0.36,16.67,instantaneous_fallback,4.479,1.091,0.0,1,,0,201,0.115,-33.33,3,0.0,-33.53,0.0024,0.1042,0.0136,0.0,0.0187,0.325,0.1042,0
2026-08-27 22:54:38,load_20,1.013,0.37,20.0,instantaneous_fallback,4.479,1.091,0.0,1,,0,217,0.0,-33.33,3,0.0,-33.47,0.0025,0.125,0.0136,0.0,0.0187,0.0,0.125,0
2026-08-27 22:54:39,load_20,1.013,0.18,20.0,instantaneous_fallback,3.513,1.066,0.0,1,,0,102,0.0,-33.33,3,0.0,-33.4,0.0012,0.125,0.0133,0.0,0.0146,0.0,0.125,0
2026-08-27 22:54:40,load_20,1.012,0.53,20.0,instantaneous_fallback,2.494,1.066,0.0,1,,14,252,0.0137,-34.0,3,-0.67,-33.47,0.0035,0.125,0.0133,0.0,0.0104,0.0343,0.125,0
2026-08-27 22:54:41,load_20,1.309,0.28,17.24,delta,2.494,1.082,0.0,1,,0,203,0.0142,-34.0,3,0.0,-33.6,0.0019,0.1077,0.0135,0.0,0.0104,0.0355,0.1077,0
2026-08-27 22:54:42,load_20,1.095,0.48,17.24,instantaneous_fallback,42.881,1.082,0.0,1,,0,292,0.013,-34.0,3,0.0,-33.73,0.0032,0.1077,0.0135,0.0,0.1787,0.0325,0.1787,0
2026-08-27 22:54:43,load_20,1.028,0.34,16.67,instantaneous_fallback,42.881,6.969,6.649,1,,90,191,0.0909,-34.33,3,-0.33,-33.93,0.0023,0.1042,0.0871,0.8325,0.1787,0.2273,0.8325,3
2026-08-27 22:54:44,load_20,1.033,2.06,23.33,instantaneous_fallback,13.642,6.969,6.649,1,,296,294,0.2451,-34.33,3,0.0,-34.13,0.0137,0.1458,0.0871,0.8325,0.0568,0.7378,0.8325,3
2026-08-27 22:54:45,load_20,1.242,1.74,76.67,instantaneous_fallback,13.642,6.527,5.585,1,,200,316,0.3114,-34.33,3,0.0,-34.2,0.0116,0.7778,0.0816,0.7792,0.0568,0.8523,0.7792,3
2026-08-27 22:54:47,load_20,1.104,7.34,76.67,instantaneous_fallback,63.473,6.527,5.585,1,,428,576,0.3779,-36.33,3,-2.0,-34.67,0.0489,0.7778,0.0816,0.7792,0.2645,0.9632,0.7792,3
2026-08-27 22:54:48,load_20,1.024,20.39,79.31,delta,63.473,7.498,3.989,1,,776,1079,0.4216,-36.0,3,0.33,-35.07,0.1359,0.8218,0.0937,0.6868,0.2645,1.0,0.8218,3
2026-08-27 22:54:49,load_20,1.208,18.39,79.31,instantaneous_fallback,63.473,7.498,3.989,1,,478,897,0.4079,-35.0,3,1.0,-35.2,0.1226,0.8218,0.0937,0.6868,0.2645,1.0,0.8218,3
2026-08-27 22:54:50,load_20,2.022,25.88,76.67,instantaneous_fallback,36.574,8.091,0.0,1,,834,2375,0.3412,-35.0,3,0.0,-35.33,0.1725,0.7778,0.1011,0.0,0.1524,0.902,0.7778,3
2026-08-27 22:54:52,load_20,1.04,88.89,66.67,instantaneous_fallback,36.574,7.235,0.0,1,,992,4383,0.2737,-33.67,3,1.33,-35.2,0.5926,0.6459,0.0904,0.0,0.1524,0.7895,0.6459,2
2026-08-27 22:54:53,load_20,1.027,12.63,66.67,instantaneous_fallback,36.574,7.235,0.0,1,,352,850,0.2637,-33.67,3,0.0,-34.67,0.0842,0.6459,0.0904,0.0,0.1524,0.7728,0.6459,2
2026-08-27 22:54:54,load_20,1.034,30.89,68.97,delta,27.73,6.96,0.0,1,,358,1581,0.2301,-33.33,3,0.33,-34.13,0.2059,0.6746,0.087,0.0,0.1155,0.7003,0.6746,2
2026-08-27 22:54:55,load_20,1.101,26.17,70.0,instantaneous_fallback,37.921,6.96,0.0,1,,548,1342,0.2265,-33.67,3,-0.33,-33.87,0.1745,0.6875,0.087,0.0,0.158,0.6913,0.6875,2
2026-08-27 22:54:56,load_20,1.067,47.66,73.33,instantaneous_fallback,31.488,7.345,0.0,1,,578,2361,0.2119,-33.67,3,0.0,-33.6,0.3177,0.7291,0.0918,0.0,0.1312,0.6548,0.7291,2
2026-08-27 22:54:57,load_20,1.114,39.52,70.0,instantaneous_fallback,53.783,7.345,0.0,1,,1024,2062,0.2587,-33.67,3,0.0,-33.6,0.2635,0.6875,0.0918,0.0,0.2241,0.7645,0.6875,2
2026-08-27 22:54:58,load_20,1.039,18.86,73.33,delta,45.995,7.345,0.0,1,,254,836,0.2524,-33.33,3,0.33,-33.53,0.1257,0.7291,0.0918,0.0,0.1916,0.754,0.7291,2
2026-08-27 22:54:59,load_20,1.06,13.8,76.67,instantaneous_fallback,45.995,7.345,0.0,1,,226,627,0.2668,-33.0,3,0.33,-33.47,0.092,0.7778,0.0918,0.0,0.1916,0.778,0.7778,3
2026-08-27 22:55:01,load_20,1.056,19.25,83.33,instantaneous_fallback,43.464,7.345,0.0,1,,406,892,0.2685,-32.33,3,0.67,-33.2,0.1283,0.8888,0.0918,0.0,0.1811,0.7808,0.8888,3
2026-08-27 22:55:02,load_20,1.298,14.87,76.67,instantaneous_fallback,43.464,10.287,0.0,1,,286,1003,0.2883,-32.67,3,-0.33,-33.0,0.0991,0.7778,0.1286,0.0,0.1811,0.8138,0.7778,3
2026-08-27 22:55:03,load_20,1.043,52.14,76.67,instantaneous_fallback,43.464,10.287,0.0,1,,2012,2349,0.3581,-34.0,3,-1.33,-33.07,0.3476,0.7778,0.1286,0.0,0.1811,0.9302,0.7778,3
2026-08-27 22:55:04,load_20,1.033,16.99,70.0,instantaneous_fallback,41.034,10.287,0.0,1,,1212,1021,0.4128,-32.33,3,1.67,-32.87,0.1133,0.6875,0.1286,0.0,0.171,1.0,0.6875,2
2026-08-27 22:55:05,load_20,1.186,7.91,70.0,instantaneous_fallback,41.034,7.042,0.0,1,,112,586,0.4077,-33.0,3,-0.67,-32.87,0.0527,0.6875,0.088,0.0,0.171,1.0,0.6875,2
2026-08-27 22:55:06,load_20,1.054,6.0,73.33,instantaneous_fallback,30.684,7.042,0.0,1,,128,318,0.4154,-32.67,3,0.33,-32.93,0.04,0.7291,0.088,0.0,0.1278,1.0,0.7291,2
2026-08-27 22:55:07,load_20,1.422,8.12,83.33,instantaneous_fallback,103.476,7.042,0.0,1,,160,495,0.4318,-32.67,3,0.0,-32.93,0.0541,0.8888,0.088,0.0,0.4312,1.0,0.8888,3
2026-08-27 22:55:09,load_20,1.06,25.34,83.33,instantaneous_fallback,207.801,6.54,14.894,1,,382,888,0.3761,-32.67,3,0.0,-32.67,0.1689,0.8888,0.0818,1.0,0.6219,0.9602,1.0,3
2026-08-27 22:55:10,load_20,1.217,26.73,80.0,instantaneous_fallback,207.801,6.54,14.894,1,,570,1725,0.2521,-32.33,3,0.33,-32.67,0.1782,0.8333,0.0818,1.0,0.6219,0.7535,1.0,3
2026-08-27 22:55:11,load_20,1.07,62.66,73.33,instantaneous_fallback,142.927,7.941,0.0,1,,624,2803,0.2303,-33.0,3,-0.67,-32.67,0.4177,0.7291,0.0993,0.0,0.5318,0.7007,0.7291,2
2026-08-27 22:55:12,load_20,1.039,67.94,60.0,instantaneous_fallback,123.979,7.941,0.0,1,,788,3045,0.2199,-32.67,3,0.33,-32.67,0.4529,0.5625,0.0993,0.0,0.5055,0.6748,0.5625,2
2026-08-27 22:55:13,load_20,1.191,45.17,60.0,instantaneous_fallback,132.191,7.941,0.0,1,,486,2634,0.2044,-32.67,3,0.0,-32.67,0.3011,0.5625,0.0993,0.0,0.5169,0.636,0.5625,2
2026-08-27 22:55:14,load_20,1.022,65.66,56.67,instantaneous_fallback,123.715,7.941,0.0,1,,538,2665,0.1893,-32.33,3,0.33,-32.6,0.4377,0.5209,0.0993,0.0,0.5052,0.5982,0.5209,2
2026-08-27 22:55:15,load_20,1.156,42.96,56.67,instantaneous_fallback,123.715,7.941,0.0,1,,788,2374,0.1925,-32.33,3,0.0,-32.6,0.2864,0.5209,0.0993,0.0,0.5052,0.6062,0.5209,2
2026-08-27 22:55:16,load_20,2.038,28.02,56.67,instantaneous_fallback,83.542,4.971,0.0,1,,438,2542,0.1864,-32.67,3,-0.33,-32.53,0.1868,0.5209,0.0621,0.0,0.3481,0.591,0.5209,2
2026-08-27 22:55:18,load_20,1.088,112.44,60.0,instantaneous_fallback,80.32,7.974,0.0,1,,1028,5578,0.1719,-32.33,3,0.33,-32.47,0.7496,0.5625,0.0997,0.0,0.3347,0.5548,0.5625,2
2026-08-27 22:55:20,load_20,1.045,53.79,60.0,instantaneous_fallback,49.875,7.974,0.0,1,,1216,2412,0.2047,-32.0,3,0.33,-32.33,0.3586,0.5625,0.0997,0.0,0.2078,0.6367,0.5625,2
2026-08-27 22:55:21,load_20,1.015,50.11,63.33,instantaneous_fallback,41.508,6.917,0.0,1,,862,2456,0.22,-32.0,3,0.0,-32.27,0.3341,0.6041,0.0865,0.0,0.173,0.675,0.6041,2
2026-08-27 22:55:22,load_20,1.053,33.01,63.33,instantaneous_fallback,38.569,6.917,0.0,1,,316,1665,0.2085,-32.0,3,0.0,-32.2,0.2201,0.6041,0.0865,0.0,0.1607,0.6462,0.6041,2
2026-08-27 22:55:23,load_20,1.025,21.02,63.33,instantaneous_fallback,17.072,7.857,0.0,1,,606,1079,0.2339,-32.0,3,0.0,-32.07,0.1401,0.6041,0.0982,0.0,0.0711,0.7097,0.6041,2
2026-08-27 22:55:24,load_20,1.033,23.71,63.33,delta,38.569,7.857,0.0,1,,476,1237,0.282,-32.0,3,0.0,-32.0,0.1581,0.6041,0.0982,0.0,0.1607,0.8033,0.6041,2
2026-08-27 22:55:25,load_20,1.025,18.51,72.41,instantaneous_fallback,17.072,7.857,0.0,1,,526,974,0.2732,-32.0,3,0.0,-32.0,0.1234,0.7176,0.0982,0.0,0.0711,0.7887,0.7176,2
2026-08-27 22:55:26,load_20,1.115,23.59,73.33,instantaneous_fallback,44.031,5.637,0.0,1,,424,1284,0.2734,-31.33,3,0.67,-31.87,0.1573,0.7291,0.0705,0.0,0.1835,0.789,0.7291,2
2026-08-27 22:55:27,load_20,1.191,24.23,76.67,instantaneous_fallback,56.935,5.637,0.0,1,,496,1286,0.3014,-30.33,3,1.0,-31.53,0.1615,0.7778,0.0705,0.0,0.2372,0.8357,0.7778,3
2026-08-27 22:55:28,load_20,1.127,26.8,73.33,instantaneous_fallback,84.896,5.637,0.0,1,,530,1269,0.2884,-31.0,3,-0.67,-31.33,0.1787,0.7291,0.0705,0.0,0.3537,0.814,0.7291,2
2026-08-27 22:55:29,load_20,1.424,34.07,73.33,instantaneous_fallback,94.822,5.637,0.0,1,,1032,2170,0.3011,-31.0,3,0.0,-31.13,0.2271,0.7291,0.0705,0.0,0.3951,0.8352,0.7291,2
2026-08-27 22:55:31,load_20,2.034,24.76,73.33,instantaneous_fallback,84.896,8.824,1.596,1,,1628,2099,0.3364,-31.0,3,0.0,-30.93,0.1651,0.7291,0.1103,0.5373,0.3537,0.894,0.7291,2
2026-08-27 22:55:33,load_20,2.016,40.91,73.33,instantaneous_fallback,0.0,8.824,1.596,1,,0,439,0.3367,-30.67,3,0.33,-30.8,0.2727,0.7291,0.1103,0.5373,1.0,0.8945,1.0,3
2026-08-27 22:55:35,load_20,2.016,19.71,73.33,delta,0.0,8.824,1.596,1,,2,354,0.3352,-30.67,3,0.0,-30.87,0.1314,0.7291,0.1103,0.5373,1.0,0.892,1.0,3
2026-08-27 22:55:37,load_20,2.016,55.1,86.21,instantaneous_fallback,0.0,8.824,1.596,1,,0,330,0.3305,-30.33,3,0.33,-30.73,0.3673,0.9368,0.1103,0.5373,1.0,0.8842,1.0,3
2026-08-27 22:55:39,load_20,2.016,67.81,86.67,instantaneous_fallback,0.0,8.824,1.596,1,,0,203,0.3225,-31.0,3,-0.67,-30.73,0.4521,0.9445,0.1103,0.5373,1.0,0.8708,1.0,3
2026-08-27 22:55:41,load_20,2.016,89.01,86.67,instantaneous_fallback,0.0,8.824,1.596,1,,0,232,0.0013,-31.33,3,-0.33,-30.8,0.5934,0.9445,0.1103,0.5373,1.0,0.0033,1.0,3
2026-08-27 22:55:43,load_20,2.015,82.72,86.67,instantaneous_fallback,0.0,,,0,,0,415,0.0013,-31.33,3,0.0,-30.93,0.5515,0.9445,0.0,1.0,1.0,0.0033,1.0,3
2026-08-27 22:55:45,load_20,2.016,52.31,86.67,instantaneous_fallback,0.0,,,0,,0,219,0.0,-30.67,3,0.67,-30.93,0.3487,0.9445,0.0,1.0,1.0,0.0,1.0,3
2026-08-27 22:55:47,load_20,2.017,62.08,86.67,instantaneous_fallback,0.0,,,0,,0,156,0.0,-31.0,3,-0.33,-31.07,0.4139,0.9445,0.0,1.0,1.0,0.0,1.0,3
2026-08-27 22:55:49,load_20,2.016,66.91,86.67,instantaneous_fallback,0.0,,,0,,2,187,0.0017,-30.67,3,0.33,-31.0,0.4461,0.9445,0.0,1.0,1.0,0.0042,1.0,3
2026-08-27 22:55:51,load_20,2.016,53.56,86.67,instantaneous_fallback,0.0,,,0,,0,244,0.0016,-30.67,3,0.0,-30.87,0.3571,0.9445,0.0,1.0,1.0,0.004,1.0,3
2026-08-27 22:55:53,load_20,2.016,33.51,90.0,instantaneous_fallback,0.0,,,0,,0,309,0.0018,-31.0,3,-0.33,-30.8,0.2234,1.0,0.0,1.0,1.0,0.0045,1.0,3
2026-08-27 22:55:55,load_20,2.016,41.94,86.67,instantaneous_fallback,0.0,,,0,,0,132,0.0019,-31.0,3,0.0,-30.87,0.2796,0.9445,0.0,1.0,1.0,0.0047,1.0,3
2026-08-27 23:33:38,load_25b,0.0,0.0,16.67,instantaneous,6.894,0.756,0.0,1,,0,0,0.0,-34.33,3,0.0,-34.33,0.0,0.1042,0.0095,0.0,0.0287,0.0,0.1042,0
2026-08-27 23:33:40,load_25b,1.07,0.35,16.67,instantaneous_fallback,20.018,0.756,0.0,1,,0,212,0.0,-34.33,3,0.0,-34.33,0.0023,0.1042,0.0095,0.0,0.0834,0.0,0.1042,0
2026-08-27 23:33:41,load_25b,1.009,0.01,16.67,instantaneous_fallback,6.894,0.756,0.0,1,,0,9,0.0,-34.33,3,0.0,-34.33,0.0001,0.1042,0.0095,0.0,0.0287,0.0,0.1042,0
2026-08-27 23:33:42,load_25b,1.011,0.04,16.67,delta,2.77,0.756,0.0,1,,0,28,0.0,-34.33,3,0.0,-34.33,0.0003,0.1042,0.0095,0.0,0.0115,0.0,0.1042,0
2026-08-27 23:33:43,load_25b,1.013,0.36,17.24,instantaneous_fallback,2.77,1.251,0.0,1,,0,201,0.0,-34.33,3,0.0,-34.33,0.0024,0.1077,0.0156,0.0,0.0115,0.0,0.1077,0
2026-08-27 23:33:44,load_25b,1.008,1.26,16.67,instantaneous_fallback,2.937,1.251,0.0,1,,76,338,0.088,-34.33,3,0.0,-34.33,0.0084,0.1042,0.0156,0.0,0.0122,0.22,0.1042,0
2026-08-27 23:33:45,load_25b,1.008,0.27,16.67,instantaneous_fallback,2.937,0.653,0.0,1,,0,121,0.0983,-34.33,3,0.0,-34.33,0.0018,0.1042,0.0082,0.0,0.0122,0.2457,0.1042,0
2026-08-27 23:33:46,load_25b,1.007,0.56,16.67,instantaneous_fallback,3.269,0.653,0.0,1,,0,234,0.0762,-34.33,3,0.0,-34.33,0.0037,0.1042,0.0082,0.0,0.0136,0.1905,0.1042,0
2026-08-27 23:33:47,load_25b,1.009,1.57,16.67,instantaneous_fallback,2.935,0.729,0.0,1,,26,320,0.0775,-34.33,3,0.0,-34.33,0.0105,0.1042,0.0091,0.0,0.0122,0.1938,0.1042,0
2026-08-27 23:33:48,load_25b,1.008,0.5,20.0,instantaneous_fallback,3.987,0.729,0.0,1,,22,221,0.0913,-34.33,3,0.0,-34.33,0.0033,0.125,0.0091,0.0,0.0166,0.2283,0.125,0
2026-08-27 23:33:49,load_25b,1.012,0.37,20.0,instantaneous_fallback,2.935,0.722,0.0,1,,0,213,0.0415,-34.33,3,0.0,-34.33,0.0025,0.125,0.009,0.0,0.0122,0.1038,0.125,0
2026-08-27 23:33:50,load_25b,1.013,0.49,20.0,instantaneous_fallback,2.327,0.722,0.0,1,,0,211,0.0385,-34.33,3,0.0,-34.33,0.0033,0.125,0.009,0.0,0.0097,0.0963,0.125,0
2026-08-27 23:33:51,load_25b,1.017,0.37,16.67,instantaneous_fallback,2.327,1.413,0.0,1,,0,213,0.0392,-34.33,3,0.0,-34.33,0.0025,0.1042,0.0177,0.0,0.0097,0.098,0.1042,0
2026-08-27 23:33:52,load_25b,1.015,0.37,16.67,instantaneous_fallback,4.245,1.413,0.0,1,,6,210,0.0255,-34.33,3,0.0,-34.33,0.0025,0.1042,0.0177,0.0,0.0177,0.0638,0.1042,0
2026-08-27 23:33:53,load_25b,1.016,0.36,16.67,instantaneous_fallback,4.245,0.752,0.0,1,,4,209,0.0094,-34.33,3,0.0,-34.33,0.0024,0.1042,0.0094,0.0,0.0177,0.0235,0.1042,0
2026-08-27 23:33:54,load_25b,1.012,0.7,20.0,instantaneous_fallback,4.245,0.752,0.0,1,,4,250,0.0126,-34.67,3,-0.33,-34.4,0.0047,0.125,0.0094,0.0,0.0177,0.0315,0.125,0
2026-08-27 23:33:55,load_25b,1.028,0.43,20.0,instantaneous_fallback,5.18,1.468,0.0,1,,2,227,0.0142,-34.67,3,0.0,-34.47,0.0029,0.125,0.0183,0.0,0.0216,0.0355,0.125,0
2026-08-27 23:33:56,load_25b,1.016,4.1,16.67,instantaneous_fallback,5.18,1.468,0.0,1,,54,409,0.0509,-34.67,3,0.0,-34.53,0.0273,0.1042,0.0183,0.0,0.0216,0.1273,0.1042,0
2026-08-27 23:33:57,load_25b,1.012,0.2,13.33,instantaneous_fallback,4.3,0.537,0.0,1,,0,108,0.0505,-34.67,3,0.0,-34.6,0.0013,0.0833,0.0067,0.0,0.0179,0.1263,0.0833,0
2026-08-27 23:33:58,load_25b,1.012,0.53,13.33,instantaneous_fallback,2.505,0.537,0.0,1,,24,223,0.0646,-34.67,3,0.0,-34.67,0.0035,0.0833,0.0067,0.0,0.0104,0.1615,0.0833,0
2026-08-27 23:33:59,load_25b,1.013,0.39,20.0,instantaneous_fallback,2.37,2.787,0.0,1,,6,226,0.0672,-34.67,3,0.0,-34.67,0.0026,0.125,0.0348,0.0,0.0099,0.168,0.125,0
2026-08-27 23:34:00,load_25b,1.011,0.38,20.0,instantaneous_fallback,2.505,2.787,0.0,1,,0,219,0.0662,-34.67,3,0.0,-34.67,0.0025,0.125,0.0348,0.0,0.0104,0.1655,0.125,0
2026-08-27 23:34:01,load_25b,1.013,3.22,20.0,instantaneous_fallback,2.409,1.389,0.0,1,,4,335,0.0297,-34.33,3,0.33,-34.6,0.0215,0.125,0.0174,0.0,0.01,0.0743,0.125,0
2026-08-27 23:34:02,load_25b,1.023,0.46,16.67,instantaneous_fallback,3.012,1.389,0.0,1,,4,227,0.03,-34.67,3,-0.33,-34.6,0.0031,0.1042,0.0174,0.0,0.0126,0.075,0.1042,0
2026-08-27 23:34:03,load_25b,1.016,0.38,20.0,instantaneous_fallback,5.994,1.002,0.0,1,,2,221,0.0129,-34.67,3,0.0,-34.6,0.0025,0.125,0.0125,0.0,0.025,0.0323,0.125,0
2026-08-27 23:34:04,load_25b,1.018,1.07,16.67,instantaneous_fallback,5.994,1.002,0.0,1,,8,281,0.0138,-35.0,3,-0.33,-34.67,0.0071,0.1042,0.0125,0.0,0.025,0.0345,0.1042,0
2026-08-27 23:34:05,load_25b,1.013,0.64,16.67,instantaneous_fallback,4.788,0.975,0.0,1,,0,255,0.0135,-35.0,3,0.0,-34.73,0.0043,0.1042,0.0122,0.0,0.02,0.0338,0.1042,0
2026-08-27 23:34:06,load_25b,1.013,2.68,16.67,instantaneous_fallback,4.788,0.975,0.0,1,,176,440,0.1177,-36.33,3,-1.33,-35.13,0.0179,0.1042,0.0122,0.0,0.02,0.3385,0.1042,0
2026-08-27 23:34:07,load_25b,1.015,0.68,16.67,instantaneous_fallback,5.291,1.43,0.0,1,,4,251,0.116,-37.0,3,-0.67,-35.6,0.0045,0.1042,0.0179,0.0,0.022,0.33,0.1042,0
2026-08-27 23:34:08,load_25b,1.012,3.22,16.67,delta,5.291,1.43,0.0,1,,184,503,0.177,-39.0,3,-2.0,-36.47,0.0215,0.1042,0.0179,0.0,0.022,0.5675,0.1042,0
2026-08-27 23:34:09,load_25b,1.014,0.75,16.67,instantaneous_fallback,2.961,0.741,0.0,1,,102,256,0.2146,-39.33,3,-0.33,-37.33,0.005,0.1042,0.0093,0.0,0.0123,0.6615,0.1042,0
2026-08-27 23:34:10,load_25b,1.012,1.16,16.67,instantaneous_fallback,2.03,0.741,0.0,1,,32,196,0.2323,-40.33,3,-1.0,-38.4,0.0077,0.1042,0.0093,0.0,0.0085,0.7057,0.1042,0
2026-08-27 23:34:11,load_25b,1.015,0.72,16.67,instantaneous_fallback,2.961,0.632,0.0,1,,0,239,0.1822,-41.0,3,-0.67,-39.33,0.0048,0.1042,0.0079,0.0,0.0123,0.5805,0.1042,0
2026-08-27 23:34:12,load_25b,1.018,0.47,16.67,instantaneous_fallback,3.762,0.632,0.0,1,,0,214,0.1842,-41.0,3,0.0,-40.13,0.0031,0.1042,0.0079,0.0,0.0157,0.5855,0.1042,0
2026-08-27 23:34:13,load_25b,1.013,0.37,16.67,instantaneous_fallback,3.762,1.085,0.0,1,,0,216,0.1068,-41.0,3,0.0,-40.53,0.0025,0.1042,0.0136,0.0,0.0157,0.284,0.1042,0
2026-08-27 23:34:14,load_25b,1.02,0.37,16.67,instantaneous_fallback,4.45,1.085,0.0,1,,0,202,0.0291,-41.0,3,0.0,-40.87,0.0025,0.1042,0.0136,0.0,0.0185,0.0728,0.1042,0
2026-08-27 23:34:15,load_25b,1.017,0.37,16.67,instantaneous_fallback,4.052,1.002,0.0,1,,2,211,0.0018,-41.0,3,0.0,-41.0,0.0025,0.1042,0.0125,0.0,0.0169,0.0045,0.1042,0
2026-08-27 23:34:16,load_25b,1.012,0.36,16.67,delta,4.052,1.002,0.0,1,,4,205,0.0057,-41.0,3,0.0,-41.0,0.0024,0.1042,0.0125,0.0,0.0169,0.0143,0.1042,0
2026-08-27 23:34:17,load_25b,1.013,0.36,16.67,instantaneous_fallback,4.052,1.143,0.0,1,,4,210,0.0095,-41.0,3,0.0,-41.0,0.0024,0.1042,0.0143,0.0,0.0169,0.0238,0.1042,0
2026-08-27 23:34:18,load_25b,1.013,0.37,16.67,instantaneous_fallback,2.702,1.143,0.0,1,,4,208,0.0133,-41.33,3,-0.33,-41.07,0.0025,0.1042,0.0143,0.0,0.0113,0.0332,0.1042,0
2026-08-27 23:34:19,load_25b,1.014,0.37,16.67,instantaneous_fallback,2.702,0.428,0.0,1,,0,214,0.0132,-41.0,3,0.33,-41.07,0.0025,0.1042,0.0053,0.0,0.0113,0.033,0.1042,0
2026-08-27 23:34:20,load_25b,1.015,0.36,16.67,instantaneous_fallback,2.702,0.428,0.0,1,,0,206,0.0114,-41.0,3,0.0,-41.07,0.0024,0.1042,0.0053,0.0,0.0113,0.0285,0.1042,0
2026-08-27 23:34:21,load_25b,1.013,0.54,16.67,instantaneous_fallback,2.62,1.273,0.0,1,,0,216,0.0075,-41.0,3,0.0,-41.07,0.0036,0.1042,0.0159,0.0,0.0109,0.0187,0.1042,0
2026-08-27 23:34:22,load_25b,1.013,0.37,16.67,instantaneous_fallback,3.686,1.273,0.0,1,,0,201,0.0038,-41.0,3,0.0,-41.07,0.0025,0.1042,0.0159,0.0,0.0154,0.0095,0.1042,0
2026-08-27 23:34:23,load_25b,1.013,0.37,16.67,instantaneous_fallback,2.126,0.409,0.0,1,,4,212,0.0038,-41.0,3,0.0,-41.0,0.0025,0.1042,0.0051,0.0,0.0089,0.0095,0.1042,0
2026-08-27 23:34:24,load_25b,1.013,0.18,16.67,instantaneous_fallback,3.029,0.409,0.0,1,,2,104,0.0063,-41.0,3,0.0,-41.0,0.0012,0.1042,0.0051,0.0,0.0126,0.0158,0.1042,0
2026-08-27 23:34:25,load_25b,1.025,0.37,16.67,instantaneous_fallback,3.029,0.409,0.0,1,,42,215,0.0482,-41.0,3,0.0,-41.0,0.0025,0.1042,0.0051,0.0,0.0126,0.1205,0.1042,0
2026-08-27 23:34:27,load_25b,1.021,0.37,16.67,instantaneous_fallback,4.229,1.52,0.0,1,,0,213,0.0483,-41.0,3,0.0,-41.0,0.0025,0.1042,0.019,0.0,0.0176,0.1207,0.1042,0
2026-08-27 23:34:28,load_25b,1.016,0.37,16.67,instantaneous_fallback,4.229,1.52,0.0,1,,0,212,0.0478,-41.0,3,0.0,-41.0,0.0025,0.1042,0.019,0.0,0.0176,0.1195,0.1042,0
2026-08-27 23:34:29,load_25b,1.013,0.36,16.67,instantaneous_fallback,3.895,0.889,0.0,1,,0,201,0.0445,-41.0,3,0.0,-41.0,0.0024,0.1042,0.0111,0.0,0.0162,0.1113,0.1042,0
2026-08-27 23:34:30,load_25b,1.096,2.86,16.67,instantaneous_fallback,3.895,0.889,0.0,1,,14,304,0.0466,-41.33,3,-0.33,-41.07,0.0191,0.1042,0.0111,0.0,0.0162,0.1165,0.1042,0
2026-08-27 23:34:31,load_25b,1.216,2.95,16.67,instantaneous_fallback,43.904,9.947,0.0,1,,44,371,0.0427,-42.0,3,-0.67,-41.27,0.0197,0.1042,0.1243,0.0,0.1829,0.1068,0.1829,0
2026-08-27 23:34:32,load_25b,2.019,43.98,16.67,instantaneous_fallback,169.742,8.468,0.0,1,,2000,3402,0.3143,-40.0,3,2.0,-41.07,0.2932,0.1042,0.1058,0.0,0.5691,0.8572,0.5691,2
2026-08-27 23:34:34,load_25b,2.016,87.32,20.0,instantaneous_fallback,249.492,8.468,0.0,1,,4744,5904,0.4005,-34.67,3,5.33,-39.8,0.5821,0.125,0.1058,0.0,0.6798,1.0,0.6798,2
2026-08-27 23:34:36,load_25b,1.066,152.79,53.33,instantaneous_fallback,249.492,8.468,0.0,1,,3362,5714,0.3931,-36.67,3,-2.0,-38.93,1.0,0.4722,0.1058,0.0,0.6798,0.9885,0.6798,2
2026-08-27 23:34:37,load_25b,2.011,47.44,53.33,instantaneous_fallback,73.39,8.468,0.0,1,,1766,4390,0.3759,-37.0,3,-0.33,-38.07,0.3163,0.4722,0.1058,0.0,0.3058,0.9598,0.4722,1
2026-08-27 23:34:39,load_25b,1.456,110.91,60.0,instantaneous_fallback,73.39,8.468,0.0,1,,2690,4916,0.3745,-37.33,3,-0.33,-37.13,0.7394,0.5625,0.1058,0.0,0.3058,0.9575,0.5625,2
2026-08-27 23:34:40,load_25b,2.006,64.44,73.33,instantaneous_fallback,160.981,17.034,9.043,1,,2118,2141,0.3889,-36.67,3,0.67,-36.47,0.4296,0.7291,0.2129,0.9521,0.5569,0.9815,0.9521,3
2026-08-27 23:34:42,load_25b,1.41,89.54,73.33,instantaneous_fallback,237.286,17.034,9.043,1,,2902,5686,0.3598,-36.0,3,0.67,-36.73,0.5969,0.7291,0.2129,0.9521,0.6629,0.933,0.9521,3
2026-08-27 23:34:44,load_25b,2.036,46.09,44.83,delta,237.286,9.412,0.0,1,,1306,3704,0.341,-36.33,3,-0.33,-36.67,0.3073,0.3305,0.1177,0.0,0.6629,0.9017,0.6629,2
2026-08-27 23:34:46,load_25b,2.016,81.36,44.83,instantaneous_fallback,237.286,9.412,0.0,1,,3178,4265,0.3706,-36.33,3,0.0,-36.53,0.5424,0.3305,0.1177,0.0,0.6629,0.951,0.6629,2
2026-08-27 23:34:48,load_25b,2.01,89.65,63.33,instantaneous_fallback,253.503,9.412,0.0,1,,1562,3698,0.3621,-35.67,3,0.67,-36.2,0.5977,0.6041,0.1177,0.0,0.6854,0.9368,0.6854,2
2026-08-27 23:34:50,load_25b,2.01,71.43,63.33,instantaneous_fallback,189.967,6.895,0.266,1,,2122,3702,0.3446,-35.67,3,0.0,-36.0,0.4762,0.6041,0.0862,0.133,0.5972,0.9077,0.6041,2
2026-08-27 23:34:52,load_25b,1.094,152.99,56.67,instantaneous_fallback,189.967,6.895,0.266,1,,3780,5070,0.3689,-35.67,3,0.0,-35.93,1.0,0.5209,0.0862,0.133,0.5972,0.9482,0.5972,2
2026-08-27 23:34:53,load_25b,2.022,47.53,56.67,instantaneous_fallback,189.967,6.895,0.266,1,,1934,4534,0.3716,-35.67,3,0.0,-35.8,0.3169,0.5209,0.0862,0.133,0.5972,0.9527,0.5972,2
2026-08-27 23:34:55,load_25b,2.015,89.07,56.67,delta,149.467,6.895,0.266,1,,3426,5266,0.3654,-35.0,3,0.67,-35.53,0.5938,0.5209,0.0862,0.133,0.5409,0.9423,0.5409,2
2026-08-27 23:34:57,load_25b,1.314,130.85,46.67,instantaneous_fallback,311.079,5.258,0.0,1,,2588,7029,0.3511,-35.0,3,0.0,-35.4,0.8723,0.3612,0.0657,0.0,0.7555,0.9185,0.7555,3
2026-08-27 23:34:58,load_25b,2.014,44.73,46.67,instantaneous_fallback,230.562,5.258,0.0,1,,1992,3091,0.3544,-35.33,3,-0.33,-35.33,0.2982,0.3612,0.0657,0.0,0.6536,0.924,0.6536,2
2026-08-27 23:35:00,load_25b,2.016,92.15,46.67,delta,230.562,5.258,0.0,1,,3704,4701,0.3566,-35.33,3,0.0,-35.27,0.6143,0.3612,0.0657,0.0,0.6536,0.9277,0.6536,2
2026-08-27 23:35:02,load_25b,2.017,85.06,51.72,instantaneous_fallback,177.882,17.159,0.266,1,,3948,6326,0.3722,-35.33,3,0.0,-35.2,0.5671,0.4453,0.2145,0.133,0.5804,0.9537,0.5804,2
2026-08-27 23:35:04,load_25b,2.016,84.62,100.0,delta,134.609,17.159,0.266,1,,3106,4648,0.3729,-35.0,3,0.33,-35.2,0.5641,1.0,0.2145,0.133,0.5203,0.9548,1.0,3
2026-08-27 23:35:06,load_25b,2.016,84.51,58.62,instantaneous_fallback,134.609,17.159,0.266,1,,2730,6037,0.3843,-35.0,3,0.0,-35.2,0.5634,0.5453,0.2145,0.133,0.5203,0.9738,0.5453,2
2026-08-27 23:35:08,load_25b,1.349,102.56,100.0,delta,134.609,17.159,0.266,1,,2100,5463,0.3645,-35.0,3,0.0,-35.13,0.6837,1.0,0.2145,0.133,0.5203,0.9408,1.0,3
2026-08-27 23:35:10,load_25b,2.01,71.49,58.62,instantaneous_fallback,64.199,11.809,0.532,1,,2136,5270,0.3357,-35.0,3,0.0,-35.07,0.4766,0.5453,0.1476,0.266,0.2675,0.8928,0.5453,2
2026-08-27 23:35:12,load_25b,1.611,106.27,60.0,instantaneous_fallback,193.375,11.809,0.532,1,,2524,6899,0.3079,-35.0,3,0.0,-35.0,0.7085,0.5625,0.1476,0.266,0.6019,0.8465,0.6019,2
2026-08-27 23:35:13,load_25b,2.037,64.27,53.33,instantaneous_fallback,339.329,16.216,1.862,1,,1802,4480,0.2863,-35.0,3,0.0,-35.0,0.4285,0.4722,0.2027,0.5539,0.7697,0.8105,0.7697,3
2026-08-27 23:35:15,load_25b,2.016,86.01,60.0,instantaneous_fallback,339.329,16.216,1.862,1,,2554,3398,0.3035,-35.0,3,0.0,-35.0,0.5734,0.5625,0.2027,0.5539,0.7697,0.8392,0.7697,3
2026-08-27 23:35:17,load_25b,2.016,91.7,58.62,instantaneous_fallback,267.582,16.216,1.862,1,,4416,5970,0.3405,-35.0,3,0.0,-35.0,0.6113,0.5453,0.2027,0.5539,0.705,0.9008,0.705,2
2026-08-27 23:35:19,load_25b,2.016,71.76,58.62,instantaneous_fallback,241.546,10.385,0.266,1,,2746,5562,0.348,-35.0,3,0.0,-35.0,0.4784,0.5453,0.1298,0.133,0.6688,0.9133,0.6688,2
2026-08-27 23:35:21,load_25b,2.017,86.62,56.67,instantaneous_fallback,267.582,10.385,0.266,1,,3068,5880,0.3658,-35.33,3,-0.33,-35.07,0.5775,0.5209,0.1298,0.133,0.705,0.943,0.705,2
2026-08-27 23:35:24,load_25b,2.016,66.8,56.67,instantaneous_fallback,241.546,10.385,0.266,1,,3620,2728,0.4107,-35.33,3,0.0,-35.13,0.4453,0.5209,0.1298,0.133,0.6688,1.0,0.6688,2
2026-08-27 23:35:26,load_25b,2.015,17.27,63.33,instantaneous_fallback,0.0,10.385,0.266,1,,2,154,0.4057,-35.33,3,0.0,-35.2,0.1151,0.6041,0.1298,0.133,1.0,1.0,1.0,3
2026-08-27 23:37:10,load_25b,104.877,0.0,63.33,instantaneous_fallback,0.0,,,0,,0,0,0.3971,-28.0,1,7.33,-33.8,0.0,0.6041,0.0,1.0,1.0,0.9952,1.0,3
2026-08-27 23:37:12,load_25b,2.035,0.08,36.67,instantaneous_fallback,0.0,,,0,,8,45,0.432,-27.5,2,0.5,-32.3,0.0005,0.2292,0.0,0.0,0.0,1.0,0.2292,0
2026-08-27 23:37:14,load_25b,1.014,1.98,34.48,instantaneous_fallback,2.324,,,0,,244,226,0.5513,-33.67,3,-6.17,-31.97,0.0132,0.2155,0.0,0.0,0.0097,1.0,0.2155,0
2026-08-27 23:37:15,load_25b,1.021,0.3,23.33,instantaneous_fallback,8.021,,,0,,152,81,0.4452,-33.67,3,0.0,-31.63,0.002,0.1458,0.0,0.0,0.0334,1.0,0.1458,0
2026-08-27 23:37:16,load_25b,1.015,0.84,20.0,instantaneous_fallback,4.913,2.03,0.0,1,,166,278,0.475,-33.67,3,0.0,-31.3,0.0056,0.125,0.0254,0.0,0.0205,1.0,0.125,0
2026-08-27 23:37:18,load_25b,1.035,0.47,20.0,instantaneous_fallback,8.021,2.03,0.0,1,,52,234,0.4186,-33.33,3,0.33,-32.37,0.0031,0.125,0.0254,0.0,0.0334,1.0,0.125,0
2026-08-27 23:37:19,load_25b,1.015,1.07,30.0,instantaneous_fallback,4.913,0.811,0.0,1,,134,320,0.3964,-33.67,3,-0.33,-33.6,0.0071,0.1875,0.0101,0.0,0.0205,0.994,0.1875,0
2026-08-27 23:37:20,load_25b,1.017,2.06,34.48,instantaneous_fallback,7.094,0.811,0.0,1,,94,334,0.3241,-33.67,3,0.0,-33.6,0.0137,0.2155,0.0101,0.0,0.0296,0.8735,0.2155,0
2026-08-27 23:37:21,load_25b,1.021,1.62,30.0,instantaneous_fallback,5.933,4.899,0.0,1,,114,454,0.2569,-33.33,3,0.33,-33.53,0.0108,0.1875,0.0612,0.0,0.0247,0.7615,0.1875,0
2026-08-27 23:37:22,load_25b,1.013,15.91,20.0,instantaneous_fallback,5.933,4.899,0.0,1,,800,1565,0.2911,-33.33,3,0.0,-33.47,0.1061,0.125,0.0612,0.0,0.0247,0.8185,0.125,0
2026-08-27 23:37:23,load_25b,1.015,1.41,20.0,instantaneous_fallback,5.933,4.928,0.0,1,,102,328,0.2931,-33.33,3,0.0,-33.47,0.0094,0.125,0.0616,0.0,0.0247,0.8218,0.125,0
2026-08-27 23:37:24,load_25b,1.015,0.38,20.0,instantaneous_fallback,3.462,4.928,0.0,1,,92,215,0.2933,-33.33,3,0.0,-33.4,0.0025,0.125,0.0616,0.0,0.0144,0.8222,0.125,0
2026-08-27 23:37:25,load_25b,1.024,0.19,30.0,instantaneous_fallback,8.118,0.789,0.0,1,,0,102,0.2937,-33.33,3,0.0,-33.33,0.0013,0.1875,0.0099,0.0,0.0338,0.8228,0.1875,0
2026-08-27 23:37:26,load_25b,1.013,0.53,30.0,instantaneous_fallback,3.462,0.789,0.0,1,,4,230,0.2903,-33.33,3,0.0,-33.33,0.0035,0.1875,0.0099,0.0,0.0144,0.8172,0.1875,0
2026-08-27 23:37:27,load_25b,1.015,0.4,16.67,instantaneous_fallback,3.091,2.386,0.0,1,,0,223,0.1528,-33.33,3,0.0,-33.33,0.0027,0.1042,0.0298,0.0,0.0129,0.507,0.1042,0
2026-08-27 23:37:28,load_25b,1.013,0.51,16.67,instantaneous_fallback,2.637,2.386,0.0,1,,40,218,0.121,-33.33,3,0.0,-33.33,0.0034,0.1042,0.0298,0.0,0.011,0.355,0.1042,0
2026-08-27 23:37:29,load_25b,1.015,0.39,23.33,instantaneous_fallback,2.637,1.649,0.0,1,,4,212,0.0465,-33.33,3,0.0,-33.33,0.0026,0.1458,0.0206,0.0,0.011,0.1163,0.1458,0
2026-08-27 23:37:30,load_25b,1.013,0.39,23.33,instantaneous_fallback,2.654,1.649,0.0,1,,6,223,0.0466,-33.33,3,0.0,-33.33,0.0026,0.1458,0.0206,0.0,0.0111,0.1165,0.1458,0
2026-08-27 23:37:31,load_25b,1.013,0.37,30.0,instantaneous_fallback,2.654,3.045,0.0,1,,2,210,0.0457,-33.33,3,0.0,-33.33,0.0025,0.1875,0.0381,0.0,0.0111,0.1142,0.1875,0
2026-08-27 23:37:32,load_25b,1.019,0.38,26.67,instantaneous_fallback,2.654,3.045,0.0,1,,2,222,0.0474,-33.33,3,0.0,-33.33,0.0025,0.1667,0.0381,0.0,0.0111,0.1185,0.1667,0
2026-08-27 23:37:33,load_25b,1.017,0.42,26.67,instantaneous_fallback,3.886,1.067,0.0,1,,0,213,0.0128,-33.33,3,0.0,-33.33,0.0028,0.1667,0.0133,0.0,0.0162,0.032,0.1667,0
2026-08-27 23:37:34,load_25b,1.014,0.39,23.33,instantaneous_fallback,3.886,1.067,0.0,1,,0,219,0.0091,-33.33,3,0.0,-33.33,0.0026,0.1458,0.0133,0.0,0.0162,0.0227,0.1458,0
2026-08-27 23:37:35,load_25b,1.014,0.37,13.33,instantaneous_fallback,3.886,0.916,0.0,1,,0,206,0.0037,-33.33,3,0.0,-33.33,0.0025,0.0833,0.0115,0.0,0.0162,0.0092,0.0833,0
2026-08-27 23:37:36,load_25b,1.014,0.37,13.33,instantaneous_fallback,3.363,0.916,0.0,1,,0,217,0.0019,-33.33,3,0.0,-33.33,0.0025,0.0833,0.0115,0.0,0.014,0.0047,0.0833,0
2026-08-27 23:37:37,load_25b,1.014,0.18,13.33,instantaneous_fallback,3.369,1.815,0.0,1,,0,104,0.0,-33.33,3,0.0,-33.33,0.0012,0.0833,0.0227,0.0,0.014,0.0,0.0833,0
2026-08-27 23:37:38,load_25b,1.014,0.5,13.33,instantaneous_fallback,3.363,1.815,0.0,1,,0,214,0.0,-33.33,3,0.0,-33.33,0.0033,0.0833,0.0227,0.0,0.014,0.0,0.0833,0
2026-08-27 23:37:39,load_25b,1.014,0.38,13.33,instantaneous_fallback,1.886,2.387,0.0,1,,6,217,0.0062,-33.0,3,0.33,-33.27,0.0025,0.0833,0.0298,0.0,0.0079,0.0155,0.0833,0
2026-08-27 23:37:40,load_25b,1.015,0.36,13.33,instantaneous_fallback,1.886,2.387,0.0,1,,0,202,0.0063,-33.0,3,0.0,-33.2,0.0024,0.0833,0.0298,0.0,0.0079,0.0158,0.0833,0
2026-08-27 23:37:41,load_25b,1.014,0.37,16.67,instantaneous_fallback,2.923,2.685,0.0,1,,0,214,0.0063,-33.0,3,0.0,-33.13,0.0025,0.1042,0.0336,0.0,0.0122,0.0158,0.1042,0
2026-08-27 23:37:42,load_25b,1.015,0.36,20.0,instantaneous_fallback,3.311,2.685,0.0,1,,4,209,0.0094,-33.33,3,-0.33,-33.13,0.0024,0.125,0.0336,0.0,0.0138,0.0235,0.125,0
2026-08-27 23:37:43,load_25b,1.018,0.37,20.0,instantaneous_fallback,3.311,1.632,0.0,1,,0,208,0.0094,-33.33,3,0.0,-33.13,0.0025,0.125,0.0204,0.0,0.0138,0.0235,0.125,0
2026-08-27 23:37:44,load_25b,1.019,0.4,20.0,instantaneous_fallback,5.138,1.632,0.0,1,,4,215,0.0076,-33.33,3,0.0,-33.2,0.0027,0.125,0.0204,0.0,0.0214,0.019,0.125,0
2026-08-27 23:37:45,load_25b,1.013,0.38,26.67,delta,5.138,1.229,0.0,1,,8,208,0.015,-33.33,3,0.0,-33.27,0.0025,0.1667,0.0154,0.0,0.0214,0.0375,0.1667,0
2026-08-27 23:37:46,load_25b,1.012,0.37,16.67,instantaneous_fallback,2.514,1.229,0.0,1,,0,212,0.015,-33.33,3,0.0,-33.33,0.0025,0.1042,0.0154,0.0,0.0105,0.0375,0.1042,0
2026-08-27 23:37:47,load_25b,1.013,0.36,16.67,instantaneous_fallback,1.963,1.531,0.0,1,,0,205,0.0113,-33.33,3,0.0,-33.33,0.0024,0.1042,0.0191,0.0,0.0082,0.0282,0.1042,0
2026-08-27 23:37:48,load_25b,1.016,0.38,16.67,instantaneous_fallback,1.963,1.531,0.0,1,,0,222,0.0112,-33.33,3,0.0,-33.33,0.0025,0.1042,0.0191,0.0,0.0082,0.028,0.1042,0
2026-08-27 23:37:49,load_25b,1.013,0.36,16.67,instantaneous_fallback,2.379,2.251,0.0,1,,0,206,0.0075,-33.33,3,0.0,-33.33,0.0024,0.1042,0.0281,0.0,0.0099,0.0187,0.1042,0
2026-08-27 23:37:50,load_25b,1.013,0.18,16.67,delta,2.731,2.251,0.0,1,,8,103,0.0084,-33.33,3,0.0,-33.33,0.0012,0.1042,0.0281,0.0,0.0114,0.021,0.1042,0
2026-08-27 23:37:51,load_25b,1.017,0.37,17.24,instantaneous_fallback,2.731,1.604,0.0,1,,18,215,0.0266,-33.33,3,0.0,-33.33,0.0025,0.1077,0.0201,0.0,0.0114,0.0665,0.1077,0
2026-08-27 23:37:52,load_25b,1.013,0.52,16.67,instantaneous_fallback,2.731,1.604,0.0,1,,2,223,0.0281,-33.67,3,-0.33,-33.4,0.0035,0.1042,0.0201,0.0,0.0114,0.0703,0.1042,0
2026-08-27 23:37:53,load_25b,1.015,3.04,23.33,instantaneous_fallback,3.608,3.51,0.0,1,,86,271,0.1007,-33.67,3,0.0,-33.47,0.0203,0.1458,0.0439,0.0,0.015,0.2535,0.1458,0
2026-08-27 23:37:54,load_25b,1.017,1.74,23.33,instantaneous_fallback,3.608,3.51,0.0,1,,4,276,0.0978,-33.67,3,0.0,-33.53,0.0116,0.1458,0.0439,0.0,0.015,0.2445,0.1458,0
2026-08-27 23:37:55,load_25b,1.024,0.4,23.33,instantaneous_fallback,4.068,1.1,0.0,1,,8,231,0.0885,-33.67,3,0.0,-33.6,0.0027,0.1458,0.0138,0.0,0.0169,0.2213,0.1458,0
2026-08-27 23:37:56,load_25b,1.016,1.04,46.67,delta,4.068,1.1,0.0,1,,6,234,0.079,-33.67,3,0.0,-33.67,0.0069,0.3612,0.0138,0.0,0.0169,0.1975,0.3612,1
2026-08-27 23:37:57,load_25b,1.015,0.4,13.79,instantaneous_fallback,4.289,1.166,0.0,1,,14,224,0.0871,-33.67,3,0.0,-33.67,0.0027,0.0862,0.0146,0.0,0.0179,0.2177,0.0862,0
2026-08-27 23:37:58,load_25b,1.018,0.37,20.0,instantaneous_fallback,4.289,1.166,0.0,1,,0,215,0.0264,-33.67,3,0.0,-33.67,0.0025,0.125,0.0146,0.0,0.0179,0.066,0.125,0
2026-08-27 23:37:59,load_25b,1.018,0.37,13.33,instantaneous_fallback,7.133,1.636,0.0,1,,0,213,0.0245,-33.67,3,0.0,-33.67,0.0025,0.0833,0.0204,0.0,0.0297,0.0613,0.0833,0
2026-08-27 23:38:00,load_25b,1.013,3.62,16.67,instantaneous_fallback,7.133,1.636,0.0,1,,32,404,0.0387,-33.67,3,0.0,-33.67,0.0241,0.1042,0.0204,0.0,0.0297,0.0967,0.1042,0
2026-08-27 23:38:01,load_25b,1.016,0.45,16.67,instantaneous_fallback,3.258,2.81,0.0,1,,18,221,0.0477,-34.0,3,-0.33,-33.73,0.003,0.1042,0.0351,0.0,0.0136,0.1192,0.1042,0
2026-08-27 23:38:02,load_25b,1.013,0.38,23.33,instantaneous_fallback,2.939,2.81,0.0,1,,0,219,0.0378,-34.0,3,0.0,-33.8,0.0025,0.1458,0.0351,0.0,0.0122,0.0945,0.1458,0
2026-08-27 23:38:03,load_25b,1.031,0.18,23.33,instantaneous_fallback,3.258,4.014,0.0,1,,0,104,0.0413,-34.0,3,0.0,-33.87,0.0012,0.1458,0.0502,0.0,0.0136,0.1033,0.1458,0
2026-08-27 23:38:04,load_25b,1.013,0.36,20.0,instantaneous_fallback,5.413,4.014,0.0,1,,2,204,0.0432,-34.0,3,0.0,-33.93,0.0024,0.125,0.0502,0.0,0.0226,0.108,0.125,0
2026-08-27 23:38:05,load_25b,1.013,0.38,20.0,instantaneous_fallback,5.413,0.892,0.0,1,,46,219,0.0639,-34.0,3,0.0,-34.0,0.0025,0.125,0.0112,0.0,0.0226,0.1598,0.125,0
2026-08-27 23:38:06,load_25b,1.012,0.53,43.33,instantaneous_fallback,2.528,0.892,0.0,1,,20,221,0.0657,-34.0,3,0.0,-34.0,0.0035,0.3055,0.0112,0.0,0.0105,0.1642,0.3055,1
2026-08-27 23:38:07,load_25b,1.013,0.38,43.33,instantaneous_fallback,2.052,1.537,0.0,1,,0,223,0.0654,-34.0,3,0.0,-34.0,0.0025,0.3055,0.0192,0.0,0.0086,0.1635,0.3055,1
2026-08-27 23:38:08,load_25b,1.018,0.36,20.0,instantaneous_fallback,2.528,1.537,0.0,1,,0,204,0.0597,-34.0,3,0.0,-34.0,0.0024,0.125,0.0192,0.0,0.0105,0.1493,0.125,0
2026-08-27 23:38:09,load_25b,1.027,0.37,20.0,instantaneous_fallback,4.709,2.248,0.0,1,,8,219,0.0638,-34.0,3,0.0,-34.0,0.0025,0.125,0.0281,0.0,0.0196,0.1595,0.125,0
