timestamp,scenario,poll_interval_s,throughput_mbps,channel_occupancy_percent,channel_occupancy_method,latency_ms,probe_jitter_ms,probe_loss_pct,probe_ok,packet_loss_udp_percent,tx_retx_delta,tx_packets_delta,tx_retry_ratio,rssi_dbm,connected_clients,rssi_delta_db,rssi_moving_avg_dbm,sta_tx_bitrate_min,sta_tx_bitrate_mean,throughput_score,occupancy_score,jitter_score,loss_score,latency_score,retry_score,congestion_score,label
2026-08-28 19:59:07,step_run1,0.0,0.0,20.0,instantaneous,5.899,,,0,,0,0,0.0,-39.0,3,0.0,-39.0,0.0,0.0,0.0,0.125,0.0,0.0,0.0246,0.0,0.125,0
2026-08-28 19:59:09,step_run1,1.008,0.46,18.34,instantaneous_fallback,3.975,1.306,0.0,1,,0,213,0.0,-39.0,3,0.0,-39.0,13.0,13.0,0.0031,0.1146,0.0163,0.0,0.0166,0.0,0.1146,0
2026-08-28 19:59:10,step_run1,1.01,0.38,16.67,instantaneous_fallback,3.621,1.306,0.0,1,,0,215,0.0,-39.0,3,0.0,-39.0,13.5,13.5,0.0025,0.1042,0.0163,0.0,0.0151,0.0,0.1042,0
2026-08-28 19:59:11,step_run1,1.01,0.21,16.67,instantaneous_fallback,2.526,0.947,0.0,1,,0,112,0.0,-39.0,3,0.0,-39.0,6.5,32.5,0.0014,0.1042,0.0118,0.0,0.0105,0.0,0.1042,0
2026-08-28 19:59:12,step_run1,1.016,0.5,16.67,instantaneous_fallback,3.086,0.947,0.0,1,,0,224,0.0,-38.67,3,0.33,-38.93,7.2,36.1,0.0033,0.1042,0.0118,0.0,0.0129,0.0,0.1042,0
2026-08-28 19:59:13,step_run1,1.013,0.37,16.67,instantaneous_fallback,3.086,1.841,0.0,1,,0,209,0.0,-38.67,3,0.0,-38.87,6.5,63.2,0.0025,0.1042,0.023,0.0,0.0129,0.0,0.1042,0
2026-08-28 19:59:14,step_run1,1.015,0.38,20.0,instantaneous_fallback,3.086,1.841,0.0,1,,0,214,0.0,-38.33,3,0.33,-38.73,65.0,65.0,0.0025,0.125,0.023,0.0,0.0129,0.0,0.125,0
2026-08-28 19:59:15,step_run1,1.017,0.39,20.0,instantaneous_fallback,3.74,0.904,0.0,1,,0,218,0.0,-38.0,3,0.33,-38.53,72.2,72.2,0.0026,0.125,0.0113,0.0,0.0156,0.0,0.125,0
2026-08-28 19:59:16,step_run1,1.014,0.39,20.0,instantaneous_fallback,2.089,0.904,0.0,1,,4,229,0.0036,-38.0,3,0.0,-38.33,6.5,9.8,0.0026,0.125,0.0113,0.0,0.0087,0.009,0.125,0
2026-08-28 19:59:17,step_run1,1.018,0.37,20.0,instantaneous_fallback,3.74,1.209,0.0,1,,0,211,0.0037,-38.0,3,0.0,-38.2,28.9,28.9,0.0025,0.125,0.0151,0.0,0.0156,0.0092,0.125,0
2026-08-28 19:59:45,step_run1,0.0,0.0,20.0,instantaneous,1.94,,,0,,0,0,0.0,-38.33,3,0.0,-38.33,0.0,0.0,0.0,0.125,0.0,0.0,0.0081,0.0,0.125,0
2026-08-28 19:59:47,step_run1,1.014,1.34,20.0,instantaneous_fallback,3.438,1.892,0.0,1,,0,253,0.0,-37.67,3,0.67,-38.0,135.0,135.0,0.0089,0.125,0.0236,0.0,0.0143,0.0,0.125,0
2026-08-28 19:59:48,step_run1,1.011,2.22,20.0,instantaneous_fallback,3.359,1.892,0.0,1,,10,360,0.0161,-37.67,3,0.0,-37.89,72.2,72.2,0.0148,0.125,0.0236,0.0,0.014,0.0402,0.125,0
2026-08-28 19:59:49,step_run1,1.009,0.43,20.0,instantaneous_fallback,4.742,1.227,0.0,1,,0,224,0.0118,-37.67,3,0.0,-37.83,13.5,13.5,0.0029,0.125,0.0153,0.0,0.0198,0.0295,0.125,0
2026-08-28 19:59:50,step_run1,1.014,0.24,16.67,instantaneous_fallback,3.452,1.227,0.0,1,,6,127,0.0163,-37.67,3,0.0,-37.8,150.0,150.0,0.0016,0.1042,0.0153,0.0,0.0144,0.0407,0.1042,0
2026-08-28 19:59:51,step_run1,1.016,0.91,16.67,instantaneous_fallback,3.452,1.884,0.0,1,,0,240,0.0131,-38.0,3,-0.33,-37.73,65.0,65.0,0.0061,0.1042,0.0235,0.0,0.0144,0.0328,0.1042,0
2026-08-28 19:59:52,step_run1,1.016,0.4,20.0,instantaneous_fallback,3.452,1.884,0.0,1,,6,232,0.0183,-38.0,3,0.0,-37.8,28.9,34.0,0.0027,0.125,0.0235,0.0,0.0144,0.0457,0.125,0
2026-08-28 19:59:53,step_run1,1.014,3.09,20.0,instantaneous_fallback,2.391,1.224,0.0,1,,4,288,0.0142,-37.0,3,1.0,-37.67,6.5,29.8,0.0206,0.125,0.0153,0.0,0.01,0.0355,0.125,0
2026-08-28 19:59:54,step_run1,1.021,0.47,20.0,instantaneous_fallback,4.106,1.224,0.0,1,,4,247,0.0173,-37.0,3,0.0,-37.53,81.0,81.0,0.0031,0.125,0.0153,0.0,0.0171,0.0432,0.125,0
2026-08-28 19:59:55,step_run1,1.019,0.39,20.0,instantaneous_fallback,4.316,1.356,0.0,1,,0,222,0.0113,-37.0,3,0.0,-37.4,7.2,7.2,0.0026,0.125,0.0169,0.0,0.018,0.0282,0.125,0
2026-08-28 19:59:56,step_run1,1.048,1.13,20.0,instantaneous_fallback,4.848,1.356,0.0,1,,0,281,0.0109,-36.67,3,0.33,-37.13,39.0,39.0,0.0075,0.125,0.0169,0.0,0.0202,0.0273,0.125,0
2026-08-28 19:59:57,step_run1,1.018,0.42,20.0,instantaneous_fallback,4.316,3.944,0.0,1,,0,214,0.0063,-36.33,3,0.33,-36.8,6.5,35.9,0.0028,0.125,0.0493,0.0,0.018,0.0158,0.125,0
2026-08-28 19:59:58,step_run1,1.016,3.22,20.0,instantaneous_fallback,3.893,3.944,0.0,1,,28,362,0.0236,-35.67,3,0.67,-36.53,6.5,16.2,0.0215,0.125,0.0493,0.0,0.0162,0.059,0.125,0
2026-08-28 19:59:59,step_run1,1.017,3.76,20.0,delta,3.893,1.138,0.0,1,,8,440,0.0232,-36.0,3,-0.33,-36.33,6.5,33.5,0.0251,0.125,0.0142,0.0,0.0162,0.058,0.125,0
2026-08-28 20:00:00,step_run1,1.033,10.74,23.33,instantaneous_fallback,4.592,1.138,0.0,1,,82,895,0.0511,-35.0,3,1.0,-35.93,6.5,17.6,0.0716,0.1458,0.0142,0.0,0.0191,0.1278,0.1458,0
2026-08-28 20:00:01,step_run1,1.016,43.59,23.33,instantaneous_fallback,9.307,1.793,0.0,1,,508,2452,0.1255,-33.33,3,1.67,-35.27,39.0,39.0,0.2906,0.1458,0.0224,0.0,0.0388,0.3775,0.1458,0
2026-08-28 20:00:02,step_run1,1.022,43.52,36.67,instantaneous_fallback,9.417,1.793,0.0,1,,368,2467,0.1306,-35.33,3,-2.0,-35.07,52.0,52.0,0.2901,0.2292,0.0224,0.0,0.0392,0.403,0.2292,0
2026-08-28 20:00:03,step_run1,1.017,37.61,40.0,instantaneous_fallback,9.417,5.116,0.0,1,,296,2149,0.1306,-34.67,3,0.67,-34.87,58.5,58.5,0.2507,0.25,0.0639,0.0,0.0392,0.403,0.25,1
2026-08-28 20:00:04,step_run1,1.04,25.1,40.0,instantaneous_fallback,10.504,5.116,0.0,1,,572,1435,0.1627,-36.0,3,-1.33,-34.87,14.4,14.4,0.1673,0.25,0.0639,0.0,0.0438,0.5317,0.25,1
2026-08-28 20:00:05,step_run1,1.017,43.0,40.0,instantaneous_fallback,4.186,3.802,0.0,1,,590,2399,0.1763,-37.33,3,-1.33,-35.33,6.5,51.2,0.2867,0.25,0.0475,0.0,0.0174,0.5658,0.25,1
2026-08-28 20:00:06,step_run1,1.2,35.71,50.0,instantaneous_fallback,18.786,3.802,0.0,1,,228,2277,0.1607,-36.0,3,1.33,-35.87,6.5,23.5,0.2381,0.4167,0.0475,0.0,0.0783,0.5268,0.4167,1
2026-08-28 20:00:08,step_run1,1.053,63.49,50.0,delta,61.403,7.322,0.0,1,,1198,3725,0.194,-35.0,3,1.0,-35.8,26.0,26.0,0.4233,0.4167,0.0915,0.0,0.2558,0.61,0.4167,1
2026-08-28 20:00:09,step_run1,1.028,45.46,55.17,instantaneous_fallback,61.403,7.322,0.0,1,,814,2522,0.2159,-35.33,3,-0.33,-35.93,13.0,13.0,0.3031,0.5021,0.0915,0.0,0.2558,0.6647,0.5021,2
2026-08-28 20:00:10,step_run1,1.043,21.47,63.33,instantaneous_fallback,16.622,7.322,0.0,1,,600,1172,0.2209,-35.33,3,0.0,-35.8,65.0,65.0,0.1431,0.6041,0.0915,0.0,0.0693,0.6773,0.6041,2
2026-08-28 20:00:11,step_run1,1.135,31.61,63.33,instantaneous_fallback,16.622,6.721,0.0,1,,440,2003,0.219,-35.33,3,0.0,-35.4,121.5,121.5,0.2107,0.6041,0.084,0.0,0.0693,0.6725,0.6041,2
2026-08-28 20:00:12,step_run1,1.192,46.97,63.33,instantaneous_fallback,63.878,6.721,0.0,1,,2068,3071,0.2907,-35.0,3,0.33,-35.2,65.0,65.0,0.3131,0.6041,0.084,0.0,0.2662,0.8178,0.6041,2
2026-08-28 20:00:13,step_run1,1.175,30.91,63.33,delta,117.85,6.371,3.191,1,,612,2025,0.2958,-35.67,3,-0.67,-35.33,26.0,26.0,0.2061,0.6041,0.0796,0.6369,0.491,0.8263,0.6369,2
2026-08-28 20:00:14,step_run1,1.062,29.39,73.33,instantaneous_fallback,117.85,6.371,3.191,1,,506,1656,0.2986,-36.0,3,-0.33,-35.47,14.4,14.4,0.1959,0.7291,0.0796,0.6369,0.491,0.831,0.7291,2
2026-08-28 20:00:15,step_run1,2.012,19.55,73.33,instantaneous_fallback,107.374,8.117,0.266,1,,936,2377,0.2907,-36.0,3,0.0,-35.6,13.0,13.0,0.1303,0.7291,0.1015,0.133,0.4474,0.8178,0.7291,2
2026-08-28 20:00:17,step_run1,1.015,124.12,73.33,instantaneous_fallback,40.205,8.117,0.266,1,,1796,6293,0.2773,-37.33,3,-1.33,-36.0,57.8,57.8,0.8275,0.7291,0.1015,0.133,0.1675,0.7955,0.7291,2
2026-08-28 20:00:18,step_run1,1.015,45.2,63.33,instantaneous_fallback,6.3,8.117,0.266,1,,610,2423,0.2319,-37.67,3,-0.33,-36.53,26.0,26.0,0.3013,0.6041,0.1015,0.133,0.0262,0.7047,0.6041,2
2026-08-28 20:00:19,step_run1,1.119,40.21,60.0,instantaneous_fallback,6.3,3.195,0.0,1,,520,2496,0.2227,-37.67,3,0.0,-36.93,13.0,13.0,0.2681,0.5625,0.0399,0.0,0.0262,0.6817,0.5625,2
2026-08-28 20:00:20,step_run1,1.021,39.56,46.67,instantaneous_fallback,10.13,3.195,0.0,1,,644,2064,0.2235,-36.67,3,1.0,-37.07,6.5,29.2,0.2637,0.3612,0.0399,0.0,0.0422,0.6838,0.3612,1
2026-08-28 20:00:21,step_run1,1.039,44.76,46.67,instantaneous_fallback,15.458,3.389,0.0,1,,344,2743,0.1964,-37.67,3,-1.0,-37.4,6.5,33.2,0.2984,0.3612,0.0424,0.0,0.0644,0.616,0.3612,1
2026-08-28 20:00:23,step_run1,1.017,42.96,46.67,instantaneous_fallback,10.13,3.389,0.0,1,,556,2414,0.1805,-37.33,3,0.33,-37.4,39.0,60.0,0.2864,0.3612,0.0424,0.0,0.0422,0.5763,0.3612,1
2026-08-28 20:00:24,step_run1,1.019,21.98,46.67,instantaneous_fallback,6.375,3.423,0.0,1,,340,1255,0.1797,-37.33,3,0.0,-37.33,40.5,40.5,0.1465,0.3612,0.0428,0.0,0.0266,0.5742,0.3612,1
2026-08-28 20:00:25,step_run1,1.047,42.87,46.67,instantaneous_fallback,6.375,3.423,0.0,1,,330,2485,0.168,-37.67,3,-0.33,-37.33,13.0,13.0,0.2858,0.3612,0.0428,0.0,0.0266,0.545,0.3612,1
2026-08-28 20:00:26,step_run1,1.016,43.73,53.33,instantaneous_fallback,6.212,4.231,0.0,1,,340,2461,0.144,-37.33,3,0.33,-37.47,21.7,21.7,0.2915,0.4722,0.0529,0.0,0.0259,0.47,0.4722,1
2026-08-28 20:00:27,step_run1,1.047,42.19,53.33,instantaneous_fallback,18.574,4.231,0.0,1,,304,2434,0.1447,-37.33,3,0.0,-37.4,15.0,15.0,0.2813,0.4722,0.0529,0.0,0.0774,0.4735,0.4722,1
2026-08-28 20:00:28,step_run1,1.015,43.63,53.33,instantaneous_fallback,9.938,3.936,0.0,1,,368,2447,0.1318,-37.67,3,-0.33,-37.47,39.0,41.1,0.2909,0.4722,0.0492,0.0,0.0414,0.409,0.4722,1
2026-08-28 20:00:29,step_run1,1.02,43.29,48.28,instantaneous_fallback,9.938,3.936,0.0,1,,624,2450,0.138,-37.67,3,0.0,-37.53,6.5,43.8,0.2886,0.388,0.0492,0.0,0.0414,0.44,0.388,1
2026-08-28 20:00:30,step_run1,1.021,42.73,55.17,delta,8.859,3.411,0.0,1,,550,2401,0.152,-37.67,3,0.0,-37.53,43.3,43.3,0.2849,0.5021,0.0426,0.0,0.0369,0.505,0.5021,2
2026-08-28 20:00:31,step_run1,1.014,42.76,50.0,instantaneous_fallback,5.995,3.411,0.0,1,,676,2374,0.1724,-37.33,3,0.33,-37.53,39.0,49.5,0.2851,0.4167,0.0426,0.0,0.025,0.556,0.4167,1
2026-08-28 20:00:32,step_run1,1.118,41.35,50.0,instantaneous_fallback,5.995,6.368,0.0,1,,858,2597,0.2005,-38.0,3,-0.67,-37.67,7.2,7.2,0.2757,0.4167,0.0796,0.0,0.025,0.6262,0.4167,1
2026-08-28 20:00:33,step_run1,1.025,42.63,50.0,instantaneous_fallback,23.501,6.368,0.0,1,,434,2407,0.2044,-36.67,3,1.33,-37.47,28.9,28.9,0.2842,0.4167,0.0796,0.0,0.0979,0.636,0.4167,1
2026-08-28 20:00:34,step_run1,1.036,43.88,50.0,instantaneous_fallback,23.501,3.514,0.0,1,,712,2520,0.208,-37.33,3,-0.67,-37.4,72.2,72.2,0.2925,0.4167,0.0439,0.0,0.0979,0.645,0.4167,1
2026-08-28 20:00:35,step_run1,1.017,41.28,50.0,instantaneous_fallback,13.764,3.514,0.0,1,,520,2338,0.2073,-36.67,3,0.67,-37.2,54.0,54.0,0.2752,0.4167,0.0439,0.0,0.0573,0.6432,0.4167,1
2026-08-28 20:00:36,step_run1,1.023,44.95,46.67,instantaneous_fallback,8.309,3.974,0.0,1,,532,2536,0.1977,-37.0,3,-0.33,-37.13,6.5,78.2,0.2997,0.3612,0.0497,0.0,0.0346,0.6192,0.3612,1
2026-08-28 20:00:37,step_run1,1.017,43.01,46.67,instantaneous_fallback,5.957,3.974,0.0,1,,626,2422,0.1877,-37.0,3,0.0,-36.93,43.3,43.3,0.2867,0.3612,0.0497,0.0,0.0248,0.5942,0.3612,1
2026-08-28 20:00:38,step_run1,1.023,43.13,46.67,instantaneous_fallback,8.309,2.468,0.0,1,,948,2440,0.2141,-38.67,3,-1.67,-37.33,135.0,135.0,0.2875,0.3612,0.0308,0.0,0.0346,0.6603,0.3612,1
2026-08-28 20:00:39,step_run1,1.019,21.77,50.0,instantaneous_fallback,5.957,2.468,0.0,1,,172,1230,0.2033,-38.0,3,0.67,-37.47,21.7,21.7,0.1451,0.4167,0.0308,0.0,0.0248,0.6333,0.4167,1
2026-08-28 20:00:40,step_run1,1.022,43.4,50.0,instantaneous_fallback,8.438,3.46,0.0,1,,502,2460,0.2005,-36.0,3,2.0,-37.33,65.0,65.0,0.2893,0.4167,0.0432,0.0,0.0352,0.6262,0.4167,1
2026-08-28 20:00:41,step_run1,1.016,41.07,50.0,instantaneous_fallback,4.777,3.46,0.0,1,,376,2317,0.1945,-36.0,3,0.0,-37.13,135.0,135.0,0.2738,0.4167,0.0432,0.0,0.0199,0.6112,0.4167,1
2026-08-28 20:00:42,step_run1,1.016,44.69,53.33,instantaneous_fallback,4.604,3.284,0.0,1,,486,2489,0.1851,-36.0,3,0.0,-36.93,39.0,94.5,0.2979,0.4722,0.041,0.0,0.0192,0.5877,0.4722,1
2026-08-28 20:00:43,step_run1,1.022,43.87,53.33,instantaneous_fallback,4.604,3.284,0.0,1,,686,2503,0.1681,-36.33,3,-0.33,-36.47,120.0,120.0,0.2925,0.4722,0.041,0.0,0.0192,0.5453,0.4722,1
2026-08-28 20:00:44,step_run1,1.034,40.6,50.0,instantaneous_fallback,6.319,5.448,0.0,1,,470,2300,0.1727,-35.0,3,1.33,-35.87,43.3,43.3,0.2707,0.4167,0.0681,0.0,0.0263,0.5567,0.4167,1
2026-08-28 20:00:45,step_run1,1.169,38.82,50.0,instantaneous_fallback,82.106,5.448,0.0,1,,1026,2447,0.2016,-34.67,3,0.33,-35.6,30.0,34.5,0.2588,0.4167,0.0681,0.0,0.3421,0.629,0.4167,1
2026-08-28 20:00:46,step_run1,1.096,28.13,56.67,instantaneous_fallback,82.106,7.025,0.0,1,,1496,1848,0.2644,-36.0,3,-1.33,-35.6,65.0,65.0,0.1875,0.5209,0.0878,0.0,0.3421,0.774,0.5209,2
2026-08-28 20:00:47,step_run1,1.161,27.83,70.0,instantaneous_fallback,77.207,7.025,0.0,1,,948,1663,0.3006,-35.0,3,1.0,-35.4,13.5,26.2,0.1855,0.6875,0.0878,0.0,0.3217,0.8343,0.6875,2
2026-08-28 20:00:49,step_run1,2.039,15.41,72.41,delta,77.207,11.822,0.0,1,,810,1916,0.3183,-35.0,3,0.0,-35.13,13.5,13.5,0.1027,0.7176,0.1478,0.0,0.3217,0.8638,0.7176,2
2026-08-28 20:00:51,step_run1,1.052,92.92,72.41,instantaneous_fallback,82.049,11.822,0.0,1,,2946,4673,0.3654,-35.0,3,0.0,-35.13,58.5,58.5,0.6195,0.7176,0.1478,0.0,0.3419,0.9423,0.7176,2
2026-08-28 20:00:52,step_run1,1.071,30.84,68.97,instantaneous_fallback,82.049,11.822,0.0,1,,660,1970,0.3624,-35.33,3,-0.33,-35.27,30.0,30.0,0.2056,0.6746,0.1478,0.0,0.3419,0.9373,0.6746,2
2026-08-28 20:00:53,step_run1,1.086,14.8,68.97,delta,82.049,11.822,0.0,1,,400,812,0.3431,-35.67,3,-0.33,-35.2,54.0,54.0,0.0987,0.6746,0.1478,0.0,0.3419,0.9052,0.6746,2
2026-08-28 20:00:54,step_run1,1.198,16.83,80.0,instantaneous_fallback,86.188,6.092,0.532,1,,602,1109,0.3408,-35.33,3,0.33,-35.27,19.5,19.5,0.1122,0.8333,0.0761,0.266,0.3591,0.9013,0.8333,3
2026-08-28 20:00:55,step_run1,1.085,33.62,82.76,instantaneous_fallback,109.361,6.092,0.532,1,,1476,2105,0.3632,-36.33,3,-1.0,-35.53,19.5,19.5,0.2241,0.8793,0.0761,0.266,0.4557,0.9387,0.8793,3
2026-08-28 20:00:56,step_run1,1.141,29.38,80.0,instantaneous_fallback,109.361,6.552,0.0,1,,974,1951,0.341,-35.67,3,0.67,-35.67,58.5,58.5,0.1959,0.8333,0.0819,0.0,0.4557,0.9017,0.8333,3
2026-08-28 20:00:57,step_run1,2.01,15.7,76.67,instantaneous_fallback,119.148,6.552,0.0,1,,1174,1715,0.3755,-35.67,3,0.0,-35.73,57.8,57.8,0.1047,0.7778,0.0819,0.0,0.4964,0.9592,0.7778,3
2026-08-28 20:00:59,step_run1,2.013,59.52,76.67,instantaneous_fallback,195.332,6.552,0.0,1,,2914,4350,0.3887,-35.0,3,0.67,-35.6,6.5,22.4,0.3968,0.7778,0.0819,0.0,0.6046,0.9812,0.7778,3
2026-08-28 20:01:01,step_run1,1.332,43.97,73.33,instantaneous_fallback,223.631,6.552,0.0,1,,166,1824,0.3595,-34.67,3,0.33,-35.47,6.5,28.2,0.2931,0.7291,0.0819,0.0,0.6439,0.9325,0.7291,2
2026-08-28 20:01:03,step_run1,2.028,25.54,63.33,instantaneous_fallback,195.332,5.58,0.0,1,,0,2170,0.3033,-34.33,3,0.33,-35.07,6.5,22.4,0.1703,0.6041,0.0698,0.0,0.6046,0.8388,0.6046,2
2026-08-28 20:01:05,step_run1,1.015,100.54,50.0,instantaneous_fallback,15.809,5.58,0.0,1,,1300,6027,0.2567,-34.33,3,0.0,-34.8,135.0,135.0,0.6703,0.4167,0.0698,0.0,0.0659,0.7612,0.4167,1
2026-08-28 20:01:06,step_run1,1.026,21.12,48.28,instantaneous_fallback,12.21,5.58,0.0,1,,320,1111,0.2329,-34.67,3,-0.33,-34.6,52.0,52.0,0.1408,0.388,0.0698,0.0,0.0509,0.7072,0.388,1
2026-08-28 20:01:07,step_run1,1.014,37.44,48.28,delta,7.332,7.333,0.0,1,,788,1793,0.1661,-34.67,3,0.0,-34.53,15.0,15.0,0.2496,0.388,0.0917,0.0,0.0306,0.5403,0.388,1
2026-08-28 20:01:08,step_run1,1.143,39.3,55.17,instantaneous_fallback,7.332,7.333,0.0,1,,722,2679,0.1851,-34.67,3,0.0,-34.53,6.5,17.7,0.262,0.5021,0.0917,0.0,0.0306,0.5877,0.5021,2
2026-08-28 20:01:09,step_run1,1.021,48.13,55.17,instantaneous_fallback,39.449,5.102,0.0,1,,726,2772,0.2114,-34.67,3,0.0,-34.6,52.0,52.0,0.3209,0.5021,0.0638,0.0,0.1644,0.6535,0.5021,2
2026-08-28 20:01:10,step_run1,1.04,40.92,50.0,instantaneous_fallback,39.449,5.102,0.0,1,,812,2252,0.241,-34.67,3,0.0,-34.67,52.0,52.0,0.2728,0.4167,0.0638,0.0,0.1644,0.7275,0.4167,1
2026-08-28 20:01:11,step_run1,1.021,44.36,50.0,instantaneous_fallback,18.303,7.769,0.0,1,,818,2593,0.2423,-34.67,3,0.0,-34.67,43.3,43.3,0.2957,0.4167,0.0971,0.0,0.0763,0.7308,0.4167,1
2026-08-28 20:01:12,step_run1,1.015,38.8,51.72,instantaneous_fallback,11.301,7.769,0.0,1,,594,2194,0.2272,-34.67,3,0.0,-34.67,65.0,65.0,0.2587,0.4453,0.0971,0.0,0.0471,0.693,0.4453,1
2026-08-28 20:01:13,step_run1,1.017,48.93,51.72,delta,4.91,7.769,0.0,1,,602,2684,0.2213,-34.67,3,0.0,-34.67,43.3,43.3,0.3262,0.4453,0.0971,0.0,0.0205,0.6783,0.4453,1
2026-08-28 20:01:14,step_run1,1.016,40.51,51.72,instantaneous_fallback,4.425,1.931,5.585,1,,748,2138,0.2316,-34.67,3,0.0,-34.67,43.3,43.3,0.2701,0.4453,0.0241,0.7792,0.0184,0.704,0.7792,3
2026-08-28 20:01:15,step_run1,1.034,41.31,46.67,instantaneous_fallback,4.91,1.931,5.585,1,,222,2355,0.1996,-35.0,3,-0.33,-34.73,65.0,65.0,0.2754,0.3612,0.0241,0.7792,0.0205,0.624,0.7792,3
2026-08-28 20:01:16,step_run1,1.256,16.87,53.33,instantaneous_fallback,26.584,11.885,0.0,1,,326,1261,0.1899,-35.0,3,0.0,-34.8,81.0,81.0,0.1125,0.4722,0.1486,0.0,0.1108,0.5998,0.4722,1
2026-08-28 20:01:17,step_run1,2.038,18.67,66.67,instantaneous_fallback,38.651,3.026,0.0,1,,1050,1914,0.2217,-35.0,3,0.0,-34.87,135.0,135.0,0.1245,0.6459,0.0378,0.0,0.161,0.6793,0.6459,2
2026-08-28 20:01:19,step_run1,1.017,106.69,66.67,instantaneous_fallback,77.955,3.026,0.0,1,,1484,6050,0.2183,-35.33,3,-0.33,-35.0,13.0,13.0,0.7113,0.6459,0.0378,0.0,0.3248,0.6707,0.6459,2
2026-08-28 20:01:20,step_run1,1.057,50.73,62.07,instantaneous_fallback,38.651,5.352,0.0,1,,790,2912,0.2108,-35.33,3,0.0,-35.13,13.0,13.0,0.3382,0.5884,0.0669,0.0,0.161,0.652,0.5884,2
2026-08-28 20:01:21,step_run1,1.024,39.7,53.33,instantaneous_fallback,23.398,5.352,0.0,1,,968,1992,0.2463,-35.33,3,0.0,-35.2,39.0,39.0,0.2647,0.4722,0.0669,0.0,0.0975,0.7408,0.4722,1
2026-08-28 20:01:22,step_run1,1.076,44.47,53.33,instantaneous_fallback,23.398,5.352,0.0,1,,644,2806,0.2395,-35.0,3,0.33,-35.2,39.0,39.0,0.2965,0.4722,0.0669,0.0,0.0975,0.7238,0.4722,1
2026-08-28 20:01:23,step_run1,1.018,41.11,50.0,instantaneous_fallback,12.919,4.574,0.0,1,,434,2331,0.2117,-35.33,3,-0.33,-35.27,6.5,25.8,0.2741,0.4167,0.0572,0.0,0.0538,0.6542,0.4167,1
2026-08-28 20:01:24,step_run1,1.023,46.7,50.0,instantaneous_fallback,7.64,4.574,0.0,1,,672,2614,0.217,-35.0,3,0.33,-35.2,13.5,13.5,0.3113,0.4167,0.0572,0.0,0.0318,0.6675,0.4167,1
2026-08-28 20:01:26,step_run1,1.25,35.55,43.33,instantaneous_fallback,7.64,3.807,0.0,1,,744,2462,0.221,-35.0,3,0.0,-35.13,57.8,57.8,0.237,0.3055,0.0476,0.0,0.0318,0.6775,0.3055,1
2026-08-28 20:01:27,step_run1,1.03,32.69,43.33,instantaneous_fallback,71.968,2.028,0.0,1,,730,1687,0.2132,-35.0,3,0.0,-35.07,81.0,81.0,0.2179,0.3055,0.0254,0.0,0.2999,0.658,0.3055,1
2026-08-28 20:01:28,step_run1,1.054,49.64,56.67,instantaneous_fallback,71.968,2.028,0.0,1,,938,2949,0.2261,-35.0,3,0.0,-35.07,6.5,35.8,0.3309,0.5209,0.0254,0.0,0.2999,0.6903,0.5209,2
2026-08-28 20:01:29,step_run1,1.196,23.94,60.0,instantaneous_fallback,71.968,12.167,0.0,1,,334,1745,0.2298,-35.0,3,0.0,-35.0,135.0,135.0,0.1596,0.5625,0.1521,0.0,0.2999,0.6995,0.5625,2
2026-08-28 20:01:30,step_run1,1.034,37.25,65.52,instantaneous_fallback,56.476,12.167,0.0,1,,716,2171,0.2392,-35.0,3,0.0,-35.0,7.2,7.2,0.2483,0.6315,0.1521,0.0,0.2353,0.723,0.6315,2
2026-08-28 20:01:31,step_run1,1.093,34.04,66.67,instantaneous_fallback,85.459,12.167,0.0,1,,906,1861,0.2582,-35.0,3,0.0,-35.0,60.0,60.0,0.2269,0.6459,0.1521,0.0,0.3561,0.7637,0.6459,2
2026-08-28 20:01:32,step_run1,1.03,67.22,66.67,instantaneous_fallback,56.476,12.167,0.0,1,,1152,3537,0.2481,-35.33,3,-0.33,-35.07,58.5,58.5,0.4481,0.6459,0.1521,0.0,0.2353,0.7452,0.6459,2
2026-08-28 20:01:33,step_run1,1.017,47.41,65.52,instantaneous_fallback,28.639,12.167,0.0,1,,422,2600,0.2286,-35.33,3,0.0,-35.13,120.0,120.0,0.3161,0.6315,0.1521,0.0,0.1193,0.6965,0.6315,2
2026-08-28 20:01:34,step_run1,1.044,41.33,56.67,instantaneous_fallback,20.789,2.313,0.0,1,,836,2358,0.2435,-35.67,3,-0.33,-35.27,39.0,49.5,0.2755,0.5209,0.0289,0.0,0.0866,0.7337,0.5209,2
2026-08-28 20:01:35,step_run1,1.034,42.2,50.0,instantaneous_fallback,20.789,2.313,0.0,1,,394,2478,0.2243,-35.67,3,0.0,-35.4,7.2,7.2,0.2813,0.4167,0.0289,0.0,0.0866,0.6857,0.4167,1
2026-08-28 20:01:36,step_run1,1.015,39.53,46.67,instantaneous_fallback,20.789,4.3,0.0,1,,1016,2218,0.2246,-35.67,3,0.0,-35.53,13.5,13.5,0.2635,0.3612,0.0537,0.0,0.0866,0.6865,0.3612,1
2026-08-28 20:01:37,step_run1,1.014,48.47,50.0,instantaneous_fallback,6.3,4.3,0.0,1,,826,2723,0.2201,-35.67,3,0.0,-35.6,43.3,43.3,0.3231,0.4167,0.0537,0.0,0.0262,0.6752,0.4167,1
2026-08-28 20:01:38,step_run1,1.016,39.73,50.0,instantaneous_fallback,3.811,2.088,0.0,1,,512,2061,0.2324,-36.33,3,-0.67,-35.8,28.9,28.9,0.2649,0.4167,0.0261,0.0,0.0159,0.706,0.4167,1
2026-08-28 20:01:39,step_run1,1.043,43.05,50.0,instantaneous_fallback,3.811,2.088,0.0,1,,910,2667,0.2314,-36.0,3,0.33,-35.87,19.5,19.5,0.287,0.4167,0.0261,0.0,0.0159,0.7035,0.4167,1
2026-08-28 20:01:40,step_run1,1.016,45.46,50.0,instantaneous_fallback,18.16,6.823,0.0,1,,932,2514,0.2562,-36.0,3,0.0,-35.93,121.5,121.5,0.3031,0.4167,0.0853,0.0,0.0757,0.7603,0.4167,1
2026-08-28 20:01:41,step_run1,1.043,43.3,53.33,instantaneous_fallback,18.16,6.823,0.0,1,,1620,2501,0.278,-36.0,3,0.0,-36.0,13.0,13.0,0.2887,0.4722,0.0853,0.0,0.0757,0.7967,0.4722,1
2026-08-28 20:01:42,step_run1,1.014,37.76,55.17,delta,31.216,16.592,0.0,1,,164,2149,0.2581,-36.0,3,0.0,-36.07,45.0,45.0,0.2517,0.5021,0.2074,0.0,0.1301,0.7635,0.5021,2
2026-08-28 20:01:43,step_run1,1.016,45.21,62.07,instantaneous_fallback,17.696,16.592,0.0,1,,566,2369,0.2557,-36.0,3,0.0,-36.0,120.0,120.0,0.3014,0.5884,0.2074,0.0,0.0737,0.7595,0.5884,2
2026-08-28 20:01:44,step_run1,1.078,43.79,62.07,instantaneous_fallback,33.209,2.268,0.0,1,,526,2681,0.2377,-36.0,3,0.0,-36.0,65.0,65.0,0.2919,0.5884,0.0283,0.0,0.1384,0.7192,0.5884,2
2026-08-28 20:01:46,step_run1,1.054,37.67,43.33,instantaneous_fallback,33.617,2.268,0.0,1,,302,2199,0.2108,-36.0,3,0.0,-36.0,65.0,65.0,0.2511,0.3055,0.0283,0.0,0.1401,0.652,0.3055,1
2026-08-28 20:01:47,step_run1,1.025,46.79,43.33,instantaneous_fallback,33.617,5.127,0.0,1,,902,2634,0.1697,-35.67,3,0.33,-35.93,6.5,24.9,0.3119,0.3055,0.0641,0.0,0.1401,0.5493,0.3055,1
2026-08-28 20:01:48,step_run1,1.034,42.9,48.28,instantaneous_fallback,13.402,5.127,0.0,1,,684,2463,0.1944,-35.67,3,0.0,-35.87,21.7,21.7,0.286,0.388,0.0641,0.0,0.0558,0.611,0.388,1
2026-08-28 20:01:49,step_run1,1.014,18.51,48.28,instantaneous_fallback,13.402,3.789,0.0,1,,166,1062,0.1894,-35.67,3,0.0,-35.8,65.0,65.0,0.1234,0.388,0.0474,0.0,0.0558,0.5985,0.388,1
2026-08-28 20:01:50,step_run1,1.056,45.16,48.28,instantaneous_fallback,19.894,3.789,0.0,1,,874,2624,0.2105,-35.67,3,0.0,-35.73,81.0,81.0,0.3011,0.388,0.0474,0.0,0.0829,0.6512,0.388,1
2026-08-28 20:01:51,step_run1,1.035,42.37,48.28,instantaneous_fallback,23.493,2.143,0.0,1,,734,2435,0.2305,-36.0,3,-0.33,-35.73,13.0,13.0,0.2825,0.388,0.0268,0.0,0.0979,0.7013,0.388,1
2026-08-28 20:01:52,step_run1,1.088,38.93,46.67,instantaneous_fallback,29.929,2.143,0.0,1,,696,2328,0.2242,-35.33,3,0.67,-35.67,15.0,15.0,0.2595,0.3612,0.0268,0.0,0.1247,0.6855,0.3612,1
2026-08-28 20:01:53,step_run1,1.063,42.28,50.0,instantaneous_fallback,34.572,4.1,0.0,1,,990,2506,0.24,-35.33,3,0.0,-35.6,6.5,25.8,0.2819,0.4167,0.0512,0.0,0.1441,0.725,0.4167,1
2026-08-28 20:01:54,step_run1,1.082,39.93,50.0,instantaneous_fallback,36.173,4.1,0.0,1,,928,2379,0.256,-35.33,3,0.0,-35.53,72.2,72.2,0.2662,0.4167,0.0512,0.0,0.1507,0.76,0.4167,1
2026-08-28 20:01:55,step_run1,1.028,38.27,50.0,instantaneous_fallback,34.572,6.358,0.0,1,,840,2143,0.2621,-35.0,3,0.33,-35.4,90.0,90.0,0.2551,0.4167,0.0795,0.0,0.1441,0.7702,0.4167,1
2026-08-28 20:01:56,step_run1,1.107,37.17,53.33,instantaneous_fallback,36.173,6.358,0.0,1,,778,2366,0.2653,-35.0,3,0.0,-35.2,39.0,52.0,0.2478,0.4722,0.0795,0.0,0.1507,0.7755,0.4722,1
2026-08-28 20:01:57,step_run1,1.022,49.76,46.67,instantaneous_fallback,55.429,4.995,0.0,1,,854,2768,0.2652,-35.0,3,0.0,-35.13,6.5,33.5,0.3317,0.3612,0.0624,0.0,0.231,0.7753,0.3612,1
2026-08-28 20:01:58,step_run1,1.013,43.69,53.33,instantaneous_fallback,55.429,4.995,0.0,1,,1308,2454,0.2799,-35.0,3,0.0,-35.07,7.2,18.1,0.2913,0.4722,0.0624,0.0,0.231,0.7998,0.4722,1
2026-08-28 20:01:59,step_run1,1.051,42.82,55.17,instantaneous_fallback,20.317,4.995,0.0,1,,1052,2485,0.2834,-35.0,3,0.0,-35.0,58.5,58.5,0.2855,0.5021,0.0624,0.0,0.0847,0.8057,0.5021,2
2026-08-28 20:02:00,step_run1,1.017,41.96,55.17,instantaneous_fallback,17.775,6.836,0.0,1,,660,2372,0.2721,-35.0,3,0.0,-35.0,27.0,27.0,0.2797,0.5021,0.0854,0.0,0.0741,0.7868,0.5021,2
2026-08-28 20:02:01,step_run1,1.024,42.49,55.17,delta,17.775,6.836,0.0,1,,1294,2428,0.2924,-35.33,3,-0.33,-35.07,6.5,47.8,0.2833,0.5021,0.0854,0.0,0.0741,0.8207,0.5021,2
2026-08-28 20:02:02,step_run1,1.124,54.39,50.0,instantaneous_fallback,17.775,5.7,0.0,1,,1154,3291,0.2956,-35.0,3,0.33,-35.07,52.0,52.0,0.3626,0.4167,0.0713,0.0,0.0741,0.826,0.4167,1
2026-08-28 20:02:03,step_run1,1.091,42.58,68.97,instantaneous_fallback,45.206,5.7,0.0,1,,582,2487,0.2663,-35.0,3,0.0,-35.07,108.0,108.0,0.2839,0.6746,0.0713,0.0,0.1884,0.7772,0.6746,2
2026-08-28 20:02:04,step_run1,1.252,57.33,60.0,instantaneous_fallback,61.691,5.802,0.0,1,,1044,3002,0.2585,-35.0,3,0.0,-35.07,52.0,52.0,0.3822,0.5625,0.0725,0.0,0.257,0.7642,0.5625,2
2026-08-28 20:02:06,step_run1,1.107,84.04,60.0,instantaneous_fallback,55.162,5.802,0.0,1,,1330,5201,0.2477,-35.0,3,0.0,-35.07,21.7,21.7,0.5603,0.5625,0.0725,0.0,0.2298,0.7442,0.5625,2
2026-08-28 20:02:07,step_run1,1.058,63.68,60.0,instantaneous_fallback,57.614,7.078,14.362,1,,1320,3148,0.2407,-35.0,3,0.0,-35.0,7.2,7.2,0.4245,0.5625,0.0885,1.0,0.2401,0.7268,1.0,3
2026-08-28 20:02:08,step_run1,1.125,65.81,63.33,instantaneous_fallback,57.614,7.078,14.362,1,,1514,4542,0.2396,-35.0,3,0.0,-35.0,28.9,47.0,0.4387,0.6041,0.0885,1.0,0.2401,0.724,1.0,3
2026-08-28 20:02:09,step_run1,1.043,52.29,63.33,instantaneous_fallback,72.254,7.571,0.0,1,,736,2932,0.24,-35.0,3,0.0,-35.0,120.0,120.0,0.3486,0.6041,0.0946,0.0,0.3011,0.725,0.6041,2
2026-08-28 20:02:10,step_run1,1.069,59.33,53.33,instantaneous_fallback,72.254,7.571,0.0,1,,1374,3447,0.2456,-35.0,3,0.0,-35.0,43.3,43.3,0.3955,0.4722,0.0946,0.0,0.3011,0.739,0.4722,1
2026-08-28 20:02:11,step_run1,1.125,65.55,53.33,instantaneous_fallback,89.65,5.665,0.0,1,,856,3435,0.2489,-35.33,3,-0.33,-35.07,13.0,13.0,0.437,0.4722,0.0708,0.0,0.3735,0.7472,0.4722,1
2026-08-28 20:02:12,step_run1,1.154,63.84,53.33,instantaneous_fallback,89.65,5.665,0.0,1,,1522,4404,0.2424,-35.33,3,0.0,-35.13,6.5,23.5,0.4256,0.4722,0.0708,0.0,0.3735,0.731,0.4722,1
2026-08-28 20:02:13,step_run1,1.367,23.03,63.33,instantaneous_fallback,275.72,10.77,25.798,1,,2353,941,0.311,-35.33,3,0.0,-35.2,6.5,32.5,0.1535,0.6041,0.1346,1.0,0.7163,0.8517,1.0,3
2026-08-28 20:02:15,step_run1,1.115,54.31,60.0,instantaneous_fallback,275.72,10.77,25.798,1,,2530,2766,0.3655,-35.33,3,0.0,-35.27,65.0,65.0,0.3621,0.5625,0.1346,1.0,0.7163,0.9425,1.0,3
2026-08-28 20:02:16,step_run1,1.021,53.47,65.52,instantaneous_fallback,146.392,1.861,5.851,1,,1770,2784,0.3866,-35.33,3,0.0,-35.33,39.0,39.0,0.3565,0.6315,0.0233,0.7925,0.5367,0.9777,0.7925,3
2026-08-28 20:02:17,step_run1,2.011,36.48,62.07,instantaneous_fallback,45.76,1.861,5.851,1,,1016,4108,0.3799,-35.33,3,0.0,-35.33,54.0,54.0,0.2432,0.5884,0.0233,0.7925,0.1907,0.9665,0.7925,3
2026-08-28 20:02:19,step_run1,1.061,109.24,62.07,instantaneous_fallback,45.76,1.861,5.851,1,,1634,4846,0.3759,-35.33,3,0.0,-35.33,30.0,30.0,0.7283,0.5884,0.0233,0.7925,0.1907,0.9598,0.7925,3
2026-08-28 20:02:20,step_run1,2.012,35.3,55.17,instantaneous_fallback,54.783,1.861,5.851,1,,1446,4301,0.3087,-35.33,3,0.0,-35.33,54.0,54.0,0.2353,0.5021,0.0233,0.7925,0.2283,0.8478,0.7925,3
2026-08-28 20:02:22,step_run1,1.159,113.35,53.33,delta,93.377,1.861,5.851,1,,1960,5926,0.2627,-35.33,3,0.0,-35.33,40.5,40.5,0.7557,0.4722,0.0233,0.7925,0.3891,0.7712,0.7925,3
2026-08-28 20:02:23,step_run1,2.027,25.14,55.17,instantaneous_fallback,93.377,1.861,5.851,1,,558,2025,0.2377,-35.33,3,0.0,-35.33,57.8,57.8,0.1676,0.5021,0.0233,0.7925,0.3891,0.7192,0.7925,3
2026-08-28 20:02:25,step_run1,1.034,127.11,53.33,instantaneous_fallback,63.482,1.861,5.851,1,,2268,7313,0.2437,-35.33,3,0.0,-35.33,135.0,135.0,0.8474,0.4722,0.0233,0.7925,0.2645,0.7343,0.7925,3
2026-08-28 20:02:26,step_run1,1.245,52.46,56.67,instantaneous_fallback,63.482,1.861,5.851,1,,1184,3238,0.2454,-35.33,3,0.0,-35.33,6.5,6.5,0.3497,0.5209,0.0233,0.7925,0.2645,0.7385,0.7925,3
2026-08-28 20:02:27,step_run1,1.021,85.97,56.67,instantaneous_fallback,63.482,5.935,0.0,1,,1518,3923,0.2503,-35.0,3,0.33,-35.27,52.0,52.0,0.5731,0.5209,0.0742,0.0,0.2645,0.7505,0.5209,2
2026-08-28 20:02:28,step_run1,1.05,27.4,60.0,instantaneous_fallback,46.822,5.935,0.0,1,,726,2314,0.2495,-35.33,3,-0.33,-35.27,135.0,135.0,0.1827,0.5625,0.0742,0.0,0.1951,0.7488,0.5625,2
2026-08-28 20:02:30,step_run1,1.019,58.23,60.0,instantaneous_fallback,46.029,5.935,0.0,1,,526,3059,0.2387,-35.33,3,0.0,-35.27,6.5,39.4,0.3882,0.5625,0.0742,0.0,0.1918,0.7218,0.5625,2
2026-08-28 20:02:31,step_run1,1.305,54.97,60.0,instantaneous_fallback,46.822,5.935,0.0,1,,1078,3366,0.2404,-35.67,3,-0.33,-35.33,6.5,18.2,0.3665,0.5625,0.0742,0.0,0.1951,0.726,0.5625,2
2026-08-28 20:02:32,step_run1,1.057,83.41,56.67,instantaneous_fallback,38.95,4.636,0.0,1,,1264,4412,0.2304,-35.67,3,0.0,-35.4,13.5,13.5,0.5561,0.5209,0.058,0.0,0.1623,0.701,0.5209,2
2026-08-28 20:02:33,step_run1,1.06,72.68,56.67,instantaneous_fallback,100.633,4.636,0.0,1,,1400,4507,0.2205,-35.67,3,0.0,-35.53,15.0,15.0,0.4845,0.5209,0.058,0.0,0.4193,0.6763,0.5209,2
2026-08-28 20:02:34,step_run1,1.062,61.46,56.67,instantaneous_fallback,41.189,8.34,0.0,1,,1244,3498,0.2263,-35.33,3,0.33,-35.53,52.0,52.0,0.4097,0.5209,0.1042,0.0,0.1716,0.6907,0.5209,2
2026-08-28 20:02:35,step_run1,1.199,56.33,53.33,instantaneous_fallback,95.199,8.34,0.0,1,,1518,3631,0.2509,-35.33,3,0.0,-35.53,28.9,28.9,0.3755,0.4722,0.1042,0.0,0.3967,0.7515,0.4722,1
2026-08-28 20:02:36,step_run1,2.037,29.58,56.67,delta,41.189,8.34,0.0,1,,1074,2389,0.2607,-35.33,3,0.0,-35.47,65.0,65.0,0.1972,0.5209,0.1042,0.0,0.1716,0.7678,0.5209,2
2026-08-28 20:02:38,step_run1,1.074,137.87,53.33,instantaneous_fallback,72.129,4.101,0.0,1,,2014,7986,0.2478,-35.33,3,0.0,-35.4,19.5,19.5,0.9191,0.4722,0.0513,0.0,0.3005,0.7445,0.4722,1
2026-08-28 20:02:39,step_run1,1.031,69.48,53.33,instantaneous_fallback,22.808,4.101,0.0,1,,1208,3826,0.2486,-35.33,3,0.0,-35.33,150.0,150.0,0.4632,0.4722,0.0513,0.0,0.095,0.7465,0.4722,1
2026-08-28 20:02:40,step_run1,1.188,55.65,46.67,instantaneous_fallback,72.129,5.941,0.0,1,,1616,3559,0.2578,-35.33,3,0.0,-35.33,14.4,14.4,0.371,0.3612,0.0743,0.0,0.3005,0.763,0.3612,1
2026-08-28 20:02:42,step_run1,1.09,49.17,46.67,instantaneous_fallback,94.625,5.941,0.0,1,,1070,2808,0.2534,-35.33,3,0.0,-35.33,19.5,19.5,0.3278,0.3612,0.0743,0.0,0.3943,0.7557,0.3943,1
2026-08-28 20:02:43,step_run1,1.04,74.05,50.0,instantaneous_fallback,94.625,5.941,0.0,1,,1848,4120,0.2581,-35.33,3,0.0,-35.33,65.0,65.0,0.4937,0.4167,0.0743,0.0,0.3943,0.7635,0.4167,1
2026-08-28 20:02:44,step_run1,1.084,61.26,50.0,instantaneous_fallback,56.919,3.364,0.0,1,,1226,3577,0.2803,-35.33,3,0.0,-35.33,65.0,65.0,0.4084,0.4167,0.042,0.0,0.2372,0.8005,0.4167,1
2026-08-28 20:02:45,step_run1,1.029,40.7,53.33,delta,50.535,3.364,0.0,1,,696,2314,0.2827,-35.33,3,0.0,-35.33,54.0,54.0,0.2713,0.4722,0.042,0.0,0.2106,0.8045,0.4722,1
2026-08-28 20:02:46,step_run1,1.016,53.55,62.07,instantaneous_fallback,25.194,6.647,0.0,1,,948,3011,0.2677,-35.33,3,0.0,-35.33,27.0,27.0,0.357,0.5884,0.0831,0.0,0.105,0.7795,0.5884,2
2026-08-28 20:02:47,step_run1,1.09,73.24,62.07,instantaneous_fallback,25.194,6.647,0.0,1,,750,4036,0.2427,-35.33,3,0.0,-35.33,40.5,40.5,0.4883,0.5884,0.0831,0.0,0.105,0.7318,0.5884,2
2026-08-28 20:02:48,step_run1,1.035,42.03,60.0,instantaneous_fallback,40.688,7.857,3.989,1,,976,2306,0.2317,-35.33,3,0.0,-35.33,65.0,65.0,0.2802,0.5625,0.0982,0.6868,0.1695,0.7042,0.6868,2
2026-08-28 20:02:49,step_run1,1.15,51.33,60.0,instantaneous_fallback,57.931,7.857,3.989,1,,1054,2908,0.2329,-35.33,3,0.0,-35.33,19.5,19.5,0.3422,0.5625,0.0982,0.6868,0.2414,0.7072,0.6868,2
2026-08-28 20:02:50,step_run1,1.014,82.99,60.0,instantaneous_fallback,57.931,5.909,0.0,1,,1514,4883,0.2342,-35.33,3,0.0,-35.33,30.0,30.0,0.5533,0.5625,0.0739,0.0,0.2414,0.7105,0.5625,2
2026-08-28 20:02:51,step_run1,1.022,80.91,60.0,instantaneous_fallback,28.637,5.909,0.0,1,,1080,3740,0.2312,-35.33,3,0.0,-35.33,121.5,121.5,0.5394,0.5625,0.0739,0.0,0.1193,0.703,0.5625,2
2026-08-28 20:02:52,step_run1,1.025,67.52,60.0,delta,28.637,5.909,0.0,1,,1096,4107,0.2417,-35.33,3,0.0,-35.33,7.2,7.2,0.4501,0.5625,0.0739,0.0,0.1193,0.7292,0.5625,2
2026-08-28 20:02:53,step_run1,1.014,64.98,51.72,instantaneous_fallback,27.845,5.909,0.0,1,,1134,3058,0.2392,-35.67,3,-0.33,-35.4,6.5,57.2,0.4332,0.4453,0.0739,0.0,0.116,0.723,0.4453,1
2026-08-28 20:02:54,step_run1,1.058,70.15,51.72,delta,27.845,5.839,0.532,1,,1396,4365,0.2358,-35.67,3,0.0,-35.47,120.0,120.0,0.4677,0.4453,0.073,0.266,0.116,0.7145,0.4453,1
2026-08-28 20:02:55,step_run1,1.042,55.53,51.72,instantaneous_fallback,27.845,5.839,0.532,1,,1338,2682,0.2519,-35.67,3,0.0,-35.53,52.0,52.0,0.3702,0.4453,0.073,0.266,0.116,0.7532,0.4453,1
2026-08-28 20:02:56,step_run1,1.08,65.21,46.67,instantaneous_fallback,29.106,5.839,0.532,1,,722,3866,0.2393,-35.67,3,0.0,-35.6,65.0,65.0,0.4347,0.3612,0.073,0.266,0.1213,0.7232,0.3612,1
2026-08-28 20:02:57,step_run1,1.038,55.89,58.62,instantaneous_fallback,29.106,5.839,0.532,1,,976,3004,0.2469,-35.67,3,0.0,-35.67,6.5,63.2,0.3726,0.5453,0.073,0.266,0.1213,0.7423,0.5453,2
2026-08-28 20:02:58,step_run1,1.028,71.92,50.0,instantaneous_fallback,27.227,5.198,0.0,1,,1214,3910,0.2405,-35.67,3,0.0,-35.67,6.5,17.7,0.4795,0.4167,0.065,0.0,0.1134,0.7263,0.4167,1
2026-08-28 20:02:59,step_run1,1.012,64.89,50.0,instantaneous_fallback,14.019,5.198,0.0,1,,1480,3500,0.2525,-35.67,3,0.0,-35.67,60.0,60.0,0.4326,0.4167,0.065,0.0,0.0584,0.7542,0.4167,1
2026-08-28 20:03:00,step_run1,2.011,32.9,50.0,instantaneous_fallback,14.019,5.198,0.0,1,,618,3542,0.2194,-36.33,3,-0.67,-35.8,28.9,34.0,0.2193,0.4167,0.065,0.0,0.0584,0.6735,0.4167,1
2026-08-28 20:03:02,step_run1,2.098,43.08,48.28,instantaneous_fallback,28.609,35.768,5.851,1,,1054,3484,0.2345,-36.0,3,0.33,-35.87,6.5,33.2,0.2872,0.388,0.5721,0.7925,0.1192,0.7112,0.7925,3
2026-08-28 20:03:05,step_run1,2.019,50.98,50.0,delta,543.855,35.768,5.851,1,,0,1541,0.2146,-36.0,3,0.0,-35.93,26.0,26.0,0.3399,0.4167,0.5721,0.7925,0.8719,0.6615,0.8719,3
2026-08-28 20:03:07,step_run1,2.051,51.17,68.97,instantaneous_fallback,543.855,5.532,9.84,1,,0,1753,0.1857,-36.0,3,0.0,-36.0,28.9,47.0,0.3411,0.6746,0.0692,0.992,0.8719,0.5893,0.992,3
2026-08-28 20:03:09,step_run1,1.022,98.92,68.97,instantaneous_fallback,519.692,5.532,9.84,1,,1066,3948,0.161,-36.33,3,-0.33,-36.13,15.0,15.0,0.6595,0.6746,0.0692,0.992,0.8598,0.5275,0.992,3
2026-08-28 20:03:10,step_run1,1.034,5.94,68.97,instantaneous_fallback,12.814,5.532,9.84,1,,126,518,0.1665,-36.0,3,0.33,-36.07,28.9,28.9,0.0396,0.6746,0.0692,0.992,0.0534,0.5413,0.992,3
2026-08-28 20:03:11,step_run1,1.032,2.28,72.41,delta,12.814,5.281,0.0,1,,54,298,0.1339,-36.0,3,0.0,-36.07,19.5,19.5,0.0152,0.7176,0.066,0.0,0.0534,0.4195,0.7176,2
2026-08-28 20:03:12,step_run1,1.08,1.55,83.33,instantaneous_fallback,20.197,5.281,0.0,1,,10,278,0.156,-35.67,3,0.33,-36.0,135.0,135.0,0.0103,0.8888,0.066,0.0,0.0842,0.515,0.8888,3
2026-08-28 20:03:13,step_run1,1.023,16.47,83.33,instantaneous_fallback,35.544,9.273,11.968,1,,170,598,0.2018,-35.67,3,0.0,-35.93,19.5,19.5,0.1098,0.8888,0.1159,1.0,0.1481,0.6295,1.0,3
2026-08-28 20:03:14,step_run1,1.057,50.08,73.33,instantaneous_fallback,69.359,9.273,11.968,1,,754,2741,0.2008,-35.67,3,0.0,-35.8,27.0,27.0,0.3339,0.7291,0.1159,1.0,0.289,0.627,1.0,3
2026-08-28 20:03:15,step_run1,1.073,53.2,60.0,instantaneous_fallback,69.359,9.273,11.968,1,,714,2939,0.1989,-35.67,3,0.0,-35.73,39.0,39.0,0.3547,0.5625,0.1159,1.0,0.289,0.6222,1.0,3
2026-08-28 20:03:16,step_run1,1.06,53.21,56.67,instantaneous_fallback,69.359,9.273,11.968,1,,1104,2582,0.2315,-35.67,3,0.0,-35.67,30.0,30.0,0.3547,0.5209,0.1159,1.0,0.289,0.7038,1.0,3
2026-08-28 20:03:17,step_run1,1.044,54.5,56.67,instantaneous_fallback,51.472,5.631,0.0,1,,1720,3428,0.2664,-35.67,3,0.0,-35.67,26.0,26.0,0.3633,0.5209,0.0704,0.0,0.2145,0.7773,0.5209,2
2026-08-28 20:03:18,step_run1,1.016,53.66,56.67,instantaneous_fallback,39.701,5.631,0.0,1,,810,2806,0.2603,-35.67,3,0.0,-35.67,40.5,40.5,0.3577,0.5209,0.0704,0.0,0.1654,0.7672,0.5209,2
2026-08-28 20:03:19,step_run1,1.182,54.41,56.67,instantaneous_fallback,39.701,5.631,0.0,1,,1214,3387,0.2686,-35.67,3,0.0,-35.67,21.7,21.7,0.3627,0.5209,0.0704,0.0,0.1654,0.781,0.5209,2
2026-08-28 20:03:20,step_run1,2.038,23.28,62.07,instantaneous_fallback,61.76,5.631,0.0,1,,798,1476,0.2922,-35.67,3,0.0,-35.67,90.0,90.0,0.1552,0.5884,0.0704,0.0,0.2573,0.8203,0.5884,2
2026-08-28 20:03:22,step_run1,1.04,113.92,56.67,delta,61.76,6.541,0.0,1,,2302,6678,0.278,-35.33,3,0.33,-35.6,6.5,23.5,0.7595,0.5209,0.0818,0.0,0.2573,0.7967,0.5209,2
2026-08-28 20:03:23,step_run1,1.104,54.83,53.33,instantaneous_fallback,61.76,6.541,0.0,1,,1202,3271,0.2642,-35.33,3,0.0,-35.53,150.0,150.0,0.3655,0.4722,0.0818,0.0,0.2573,0.7737,0.4722,1
2026-08-28 20:03:24,step_run1,1.031,52.9,53.33,instantaneous_fallback,32.939,4.512,0.0,1,,930,2778,0.2682,-35.67,3,-0.33,-35.53,65.0,65.0,0.3527,0.4722,0.0564,0.0,0.1372,0.7803,0.4722,1
2026-08-28 20:03:25,step_run1,1.017,52.27,58.62,delta,62.312,4.512,0.0,1,,1000,3084,0.265,-35.33,3,0.33,-35.47,108.0,108.0,0.3485,0.5453,0.0564,0.0,0.2596,0.775,0.5453,2
2026-08-28 20:03:26,step_run1,1.112,54.25,58.62,instantaneous_fallback,50.668,11.683,0.0,1,,556,3298,0.2387,-35.33,3,0.0,-35.4,65.0,65.0,0.3617,0.5453,0.146,0.0,0.2111,0.7218,0.5453,2
2026-08-28 20:03:28,step_run1,1.177,47.74,100.0,delta,90.63,11.683,0.0,1,,1660,2812,0.2597,-35.67,3,-0.33,-35.47,6.5,48.2,0.3183,1.0,0.146,0.0,0.3776,0.7662,1.0,3
2026-08-28 20:03:29,step_run1,1.078,46.25,63.33,instantaneous_fallback,106.691,11.683,0.0,1,,1500,2080,0.2866,-35.67,3,0.0,-35.53,13.0,13.0,0.3083,0.6041,0.146,0.0,0.4445,0.811,0.6041,2
2026-08-28 20:03:30,step_run1,1.012,49.6,63.33,instantaneous_fallback,106.691,11.683,0.0,1,,1456,2774,0.3052,-35.33,3,0.33,-35.47,60.0,60.0,0.3307,0.6041,0.146,0.0,0.4445,0.842,0.6041,2
2026-08-28 20:03:31,step_run1,1.114,53.61,60.0,instantaneous_fallback,51.705,11.683,0.0,1,,838,3266,0.2969,-35.67,3,-0.33,-35.53,6.5,39.4,0.3574,0.5625,0.146,0.0,0.2154,0.8282,0.5625,2
2026-08-28 20:03:32,step_run1,1.128,45.68,60.0,delta,51.705,6.011,0.0,1,,1216,2815,0.3267,-35.67,3,0.0,-35.6,90.0,90.0,0.3045,0.5625,0.0751,0.0,0.2154,0.8778,0.5625,2
2026-08-28 20:03:33,step_run1,1.082,48.64,60.0,instantaneous_fallback,58.168,6.011,0.0,1,,598,2558,0.2936,-36.0,3,-0.33,-35.67,19.5,19.5,0.3243,0.5625,0.0751,0.0,0.2424,0.8227,0.5625,2
2026-08-28 20:03:34,step_run1,1.027,50.6,60.0,instantaneous_fallback,58.168,6.011,0.0,1,,1254,2835,0.2734,-36.0,3,0.0,-35.73,39.0,39.0,0.3373,0.5625,0.0751,0.0,0.2424,0.789,0.5625,2
2026-08-28 20:03:35,step_run1,1.043,52.99,56.67,instantaneous_fallback,25.03,6.011,0.0,1,,758,2369,0.252,-36.0,3,0.0,-35.87,7.2,7.2,0.3533,0.5209,0.0751,0.0,0.1043,0.7533,0.5209,2
2026-08-28 20:03:36,step_run1,1.026,51.32,56.67,instantaneous_fallback,25.03,5.331,0.0,1,,1264,3070,0.2717,-36.0,3,0.0,-35.93,39.0,39.0,0.3421,0.5209,0.0666,0.0,0.1043,0.7862,0.5209,2
2026-08-28 20:03:37,step_run1,1.014,50.94,56.67,instantaneous_fallback,60.463,5.331,0.0,1,,858,2852,0.257,-36.0,3,0.0,-36.0,60.0,60.0,0.3396,0.5209,0.0666,0.0,0.2519,0.7617,0.5209,2
2026-08-28 20:03:38,step_run1,1.026,55.37,66.67,instantaneous_fallback,60.463,5.331,0.0,1,,534,2355,0.2572,-36.0,3,0.0,-36.0,19.5,19.5,0.3691,0.6459,0.0666,0.0,0.2519,0.762,0.6459,2
2026-08-28 20:03:39,step_run1,1.053,55.99,60.0,instantaneous_fallback,42.016,5.127,0.0,1,,918,3670,0.2323,-36.33,3,-0.33,-36.07,60.0,60.0,0.3733,0.5625,0.0641,0.0,0.1751,0.7057,0.5625,2
2026-08-28 20:03:40,step_run1,2.012,25.61,60.0,instantaneous_fallback,42.016,13.341,18.883,1,,1804,2875,0.2662,-36.33,3,0.0,-36.13,27.0,27.0,0.1707,0.5625,0.1668,1.0,0.1751,0.777,1.0,3
2026-08-28 20:03:42,step_run1,1.028,77.94,60.0,instantaneous_fallback,42.016,13.341,18.883,1,,1530,2783,0.2797,-36.0,3,0.33,-36.13,108.0,108.0,0.5196,0.5625,0.1668,1.0,0.1751,0.7995,1.0,3
2026-08-28 20:03:43,step_run1,1.057,47.08,66.67,instantaneous_fallback,35.707,13.341,18.883,1,,794,2592,0.281,-36.0,3,0.0,-36.13,26.0,26.0,0.3139,0.6459,0.1668,1.0,0.1488,0.8017,1.0,3
2026-08-28 20:03:44,step_run1,1.02,61.03,66.67,instantaneous_fallback,34.451,6.432,0.0,1,,1578,3480,0.3008,-36.33,3,-0.33,-36.2,7.2,7.2,0.4069,0.6459,0.0804,0.0,0.1435,0.8347,0.6459,2
2026-08-28 20:03:45,step_run1,1.035,47.62,56.67,instantaneous_fallback,34.451,6.432,0.0,1,,854,2485,0.3158,-36.33,3,0.0,-36.2,108.0,108.0,0.3175,0.5209,0.0804,0.0,0.1435,0.8597,0.5209,2
2026-08-28 20:03:46,step_run1,1.044,52.86,56.67,instantaneous_fallback,19.088,5.582,0.0,1,,986,3234,0.2826,-36.33,3,0.0,-36.2,19.5,19.5,0.3524,0.5209,0.0698,0.0,0.0795,0.8043,0.5209,2
2026-08-28 20:03:48,step_run1,1.049,52.84,56.67,instantaneous_fallback,19.088,5.582,0.0,1,,770,2976,0.2523,-35.67,3,0.67,-36.13,121.5,121.5,0.3523,0.5209,0.0698,0.0,0.0795,0.7538,0.5209,2
2026-08-28 20:03:49,step_run1,1.052,58.86,58.62,instantaneous_fallback,29.894,6.868,0.0,1,,1246,3269,0.2603,-36.33,3,-0.67,-36.2,121.5,121.5,0.3924,0.5453,0.0859,0.0,0.1246,0.7672,0.5453,2
2026-08-28 20:03:50,step_run1,1.023,50.75,58.62,delta,29.894,6.868,0.0,1,,950,2665,0.2473,-36.0,3,0.33,-36.13,40.5,40.5,0.3383,0.5453,0.0859,0.0,0.1246,0.7432,0.5453,2
2026-08-28 20:03:51,step_run1,1.064,37.07,58.62,instantaneous_fallback,30.92,9.188,0.0,1,,886,2376,0.2499,-36.67,3,-0.67,-36.2,14.4,14.4,0.2471,0.5453,0.1149,0.0,0.1288,0.7498,0.5453,2
2026-08-28 20:03:52,step_run1,1.095,44.14,56.67,instantaneous_fallback,30.92,9.188,0.0,1,,690,2411,0.249,-36.67,3,0.0,-36.27,6.5,78.2,0.2943,0.5209,0.1149,0.0,0.1288,0.7475,0.5209,2
2026-08-28 20:03:53,step_run1,1.032,63.63,56.67,instantaneous_fallback,30.92,9.188,0.0,1,,1448,3726,0.2654,-36.67,3,0.0,-36.47,6.5,48.2,0.4242,0.5209,0.1149,0.0,0.1288,0.7757,0.5209,2
2026-08-28 20:03:54,step_run1,1.135,49.86,56.67,instantaneous_fallback,90.829,7.497,0.0,1,,1130,3098,0.2634,-36.67,3,0.0,-36.53,6.5,23.5,0.3324,0.5209,0.0937,0.0,0.3785,0.7723,0.5209,2
2026-08-28 20:03:55,step_run1,1.104,43.61,56.67,instantaneous_fallback,51.233,7.497,0.0,1,,960,2553,0.2653,-36.67,3,0.0,-36.67,6.5,18.2,0.2907,0.5209,0.0937,0.0,0.2135,0.7755,0.5209,2
2026-08-28 20:03:56,step_run1,1.066,56.57,56.67,instantaneous_fallback,95.72,5.221,0.0,1,,1364,3146,0.2724,-36.33,3,0.33,-36.6,6.5,10.0,0.3771,0.5209,0.0653,0.0,0.3988,0.7873,0.5209,2
2026-08-28 20:03:57,step_run1,1.174,46.51,56.67,instantaneous_fallback,85.738,5.221,0.0,1,,1188,3103,0.2804,-36.33,3,0.0,-36.53,40.5,40.5,0.3101,0.5209,0.0653,0.0,0.3572,0.8007,0.5209,2
2026-08-28 20:03:58,step_run1,2.037,24.63,56.67,instantaneous_fallback,85.738,11.511,0.0,1,,1336,2522,0.293,-36.33,3,0.0,-36.47,6.5,6.5,0.1642,0.5209,0.1439,0.0,0.3572,0.8217,0.5209,2
2026-08-28 20:04:00,step_run1,1.017,114.89,53.33,instantaneous_fallback,75.216,8.217,0.0,1,,2646,6496,0.296,-37.0,3,-0.67,-36.53,6.5,13.0,0.7659,0.4722,0.1027,0.0,0.3134,0.8267,0.4722,1
2026-08-28 20:04:01,step_run1,1.021,54.51,53.33,instantaneous_fallback,52.668,8.217,0.0,1,,1320,2305,0.3089,-36.67,3,0.33,-36.53,6.5,20.5,0.3634,0.4722,0.1027,0.0,0.2195,0.8482,0.4722,1
2026-08-28 20:04:02,step_run1,1.015,12.27,53.33,instantaneous_fallback,8.904,1.908,0.0,1,,204,895,0.3041,-35.0,3,1.67,-36.27,6.5,16.8,0.0818,0.4722,0.0238,0.0,0.0371,0.8402,0.4722,1
2026-08-28 20:04:03,step_run1,1.014,0.83,50.0,instantaneous_fallback,2.55,1.908,0.0,1,,12,281,0.3063,-35.0,3,0.0,-36.0,6.5,18.8,0.0055,0.4167,0.0238,0.0,0.0106,0.8438,0.4167,1
2026-08-28 20:04:04,step_run1,1.015,0.4,20.0,instantaneous_fallback,2.55,2.174,0.0,1,,0,235,0.2905,-35.0,3,0.0,-35.73,81.0,81.0,0.0027,0.125,0.0272,0.0,0.0106,0.8175,0.125,0
2026-08-28 20:04:05,step_run1,1.014,0.44,20.0,instantaneous_fallback,2.55,2.174,0.0,1,,0,222,0.2806,-35.0,3,0.0,-35.33,135.0,135.0,0.0029,0.125,0.0272,0.0,0.0106,0.801,0.125,0
2026-08-28 20:04:06,step_run1,1.014,0.96,20.0,instantaneous_fallback,2.259,1.292,0.0,1,,0,262,0.1023,-35.0,3,0.0,-35.0,6.5,17.7,0.0064,0.125,0.0162,0.0,0.0094,0.2615,0.125,0
2026-08-28 20:04:07,step_run1,1.017,0.38,16.67,instantaneous_fallback,2.259,1.292,0.0,1,,0,208,0.0098,-35.0,3,0.0,-35.0,19.5,19.5,0.0025,0.1042,0.0162,0.0,0.0094,0.0245,0.1042,0
2026-08-28 20:04:08,step_run1,1.014,0.4,16.67,instantaneous_fallback,2.291,2.55,0.0,1,,0,234,0.0,-35.0,3,0.0,-35.0,121.5,121.5,0.0027,0.1042,0.0319,0.0,0.0095,0.0,0.1042,0
2026-08-28 20:04:10,step_run1,1.017,3.07,16.67,instantaneous_fallback,4.055,2.55,0.0,1,,2,237,0.0017,-35.0,3,0.0,-35.0,65.0,65.0,0.0205,0.1042,0.0319,0.0,0.0169,0.0042,0.1042,0
2026-08-28 20:04:11,step_run1,1.017,0.49,16.67,instantaneous_fallback,9.265,1.125,0.0,1,,2,296,0.0032,-35.0,3,0.0,-35.0,45.0,45.0,0.0033,0.1042,0.0141,0.0,0.0386,0.008,0.1042,0
2026-08-28 20:04:12,step_run1,1.012,0.21,20.0,instantaneous_fallback,9.265,1.125,0.0,1,,0,113,0.0037,-35.0,3,0.0,-35.0,30.0,30.0,0.0014,0.125,0.0141,0.0,0.0386,0.0092,0.125,0
2026-08-28 20:04:13,step_run1,1.013,0.41,20.0,instantaneous_fallback,6.105,1.065,0.0,1,,0,234,0.0036,-35.0,3,0.0,-35.0,90.0,90.0,0.0027,0.125,0.0133,0.0,0.0254,0.009,0.125,0
2026-08-28 20:04:14,step_run1,1.014,0.38,17.24,instantaneous_fallback,2.547,1.065,0.0,1,,0,215,0.0036,-35.0,3,0.0,-35.0,90.0,90.0,0.0025,0.1077,0.0133,0.0,0.0106,0.009,0.1077,0
2026-08-28 20:04:15,step_run1,1.013,0.4,16.67,delta,2.547,1.33,0.0,1,,0,223,0.0018,-35.0,3,0.0,-35.0,6.5,6.5,0.0027,0.1042,0.0166,0.0,0.0106,0.0045,0.1042,0
2026-08-28 20:04:16,step_run1,1.015,0.37,16.67,instantaneous_fallback,2.547,1.33,0.0,1,,2,216,0.002,-35.0,3,0.0,-35.0,6.5,6.5,0.0025,0.1042,0.0166,0.0,0.0106,0.005,0.1042,0
2026-08-28 20:04:17,step_run1,1.015,0.79,16.67,instantaneous_fallback,2.996,1.191,0.0,1,,0,256,0.0017,-35.33,3,-0.33,-35.07,65.0,65.0,0.0053,0.1042,0.0149,0.0,0.0125,0.0042,0.1042,0
2026-08-28 20:04:18,step_run1,1.014,0.45,16.67,instantaneous_fallback,2.996,1.191,0.0,1,,0,229,0.0018,-35.33,3,0.0,-35.13,7.2,7.2,0.003,0.1042,0.0149,0.0,0.0125,0.0045,0.1042,0
2026-08-28 20:04:19,step_run1,1.027,0.38,16.67,instantaneous_fallback,7.036,1.728,0.0,1,,2,218,0.0035,-35.33,3,0.0,-35.2,27.0,27.0,0.0025,0.1042,0.0216,0.0,0.0293,0.0088,0.1042,0
2026-08-28 20:04:20,step_run1,1.025,1.0,16.67,instantaneous_fallback,9.25,1.728,0.0,1,,2,246,0.0051,-35.33,3,0.0,-35.27,13.5,28.4,0.0067,0.1042,0.0216,0.0,0.0385,0.0128,0.1042,0
2026-08-28 20:04:21,step_run1,1.016,0.37,16.67,instantaneous_fallback,9.25,1.728,0.0,1,,0,213,0.0034,-35.33,3,0.0,-35.33,57.8,57.8,0.0025,0.1042,0.0216,0.0,0.0385,0.0085,0.1042,0
2026-08-28 20:04:22,step_run1,1.027,3.19,16.67,instantaneous_fallback,12.722,0.922,0.0,1,,16,344,0.0157,-36.67,3,-1.33,-35.6,7.2,7.2,0.0213,0.1042,0.0115,0.0,0.053,0.0392,0.1042,0
2026-08-28 20:04:23,step_run1,1.008,0.43,16.67,instantaneous_fallback,2.587,0.922,0.0,1,,10,226,0.0235,-36.67,3,0.0,-35.87,150.0,150.0,0.0029,0.1042,0.0115,0.0,0.0108,0.0588,0.1042,0
2026-08-28 20:04:24,step_run1,1.009,0.39,16.67,instantaneous_fallback,11.684,1.333,0.0,1,,2,210,0.0236,-36.67,3,0.0,-36.13,135.0,135.0,0.0026,0.1042,0.0167,0.0,0.0487,0.059,0.1042,0
2026-08-28 20:04:25,step_run1,1.01,0.2,16.67,instantaneous_fallback,2.247,1.333,0.0,1,,0,121,0.0245,-36.67,3,0.0,-36.4,58.5,58.5,0.0013,0.1042,0.0167,0.0,0.0094,0.0613,0.1042,0
2026-08-28 20:04:26,step_run1,1.01,0.39,16.67,instantaneous_fallback,2.954,0.711,0.0,1,,0,217,0.0244,-36.67,3,0.0,-36.67,43.3,50.5,0.0026,0.1042,0.0089,0.0,0.0123,0.061,0.1042,0
2026-08-28 20:04:27,step_run1,1.016,0.2,16.67,instantaneous_fallback,2.716,0.711,0.0,1,,10,120,0.024,-36.67,3,0.0,-36.67,28.9,28.9,0.0013,0.1042,0.0089,0.0,0.0113,0.06,0.1042,0
2026-08-28 20:04:28,step_run1,1.014,0.03,16.67,delta,2.716,0.711,0.0,1,,0,17,0.0172,-36.67,3,0.0,-36.67,121.5,121.5,0.0002,0.1042,0.0089,0.0,0.0113,0.043,0.1042,0
2026-08-28 20:04:29,step_run1,1.013,0.31,13.33,instantaneous_fallback,2.675,0.711,0.0,1,,0,136,0.0161,-36.67,3,0.0,-36.67,57.8,57.8,0.0021,0.0833,0.0089,0.0,0.0111,0.0402,0.0833,0
2026-08-28 20:04:30,step_run1,1.019,0.4,13.33,instantaneous_fallback,2.675,1.681,0.0,1,,0,211,0.0141,-36.67,3,0.0,-36.67,6.5,6.8,0.0027,0.0833,0.021,0.0,0.0111,0.0352,0.0833,0
2026-08-28 20:04:31,step_run1,1.014,0.39,17.24,delta,2.321,1.681,0.0,1,,2,226,0.0166,-36.33,3,0.33,-36.6,58.5,58.5,0.0026,0.1077,0.021,0.0,0.0097,0.0415,0.1077,0
2026-08-28 20:04:32,step_run1,1.021,0.61,17.24,instantaneous_fallback,3.341,1.17,0.0,1,,0,219,0.0025,-36.33,3,0.0,-36.53,43.3,43.3,0.0041,0.1077,0.0146,0.0,0.0139,0.0063,0.1077,0
2026-08-28 20:05:23,step_run1,0.0,0.0,16.67,instantaneous,2.188,,,0,,0,0,0.0,-36.33,3,0.0,-36.33,0.0,0.0,0.0,0.1042,0.0,0.0,0.0091,0.0,0.1042,0
2026-08-28 20:05:25,step_run1,1.008,0.41,18.34,instantaneous_fallback,4.36,2.218,0.0,1,,0,230,0.0,-36.67,3,-0.33,-36.5,81.0,81.0,0.0027,0.1146,0.0277,0.0,0.0182,0.0,0.1146,0
2026-08-28 20:05:26,step_run1,1.012,3.38,16.67,instantaneous_fallback,3.486,2.218,0.0,1,,400,411,0.3842,-36.33,3,0.33,-36.44,65.0,65.0,0.0225,0.1042,0.0277,0.0,0.0145,0.9737,0.1042,0
2026-08-28 20:05:27,step_run1,1.012,0.2,16.67,instantaneous_fallback,3.486,2.064,0.0,1,,0,114,0.3463,-36.33,3,0.0,-36.42,57.8,57.8,0.0013,0.1042,0.0258,0.0,0.0145,0.9105,0.1042,0
2026-08-28 20:05:28,step_run1,1.014,0.4,16.67,instantaneous_fallback,2.931,2.064,0.0,1,,0,228,0.2892,-36.67,3,-0.33,-36.47,39.0,39.0,0.0027,0.1042,0.0258,0.0,0.0122,0.8153,0.1042,0
2026-08-28 20:05:29,step_run1,1.017,0.94,16.67,instantaneous_fallback,2.931,1.472,0.0,1,,10,231,0.2525,-37.0,3,-0.33,-36.6,45.0,45.0,0.0063,0.1042,0.0184,0.0,0.0122,0.7542,0.1042,0
2026-08-28 20:05:30,step_run1,1.018,0.38,16.67,instantaneous_fallback,3.428,1.472,0.0,1,,14,226,0.2595,-37.33,3,-0.33,-36.73,52.0,52.0,0.0025,0.1042,0.0184,0.0,0.0143,0.7658,0.1042,0
2026-08-28 20:05:31,step_run1,1.014,0.42,16.67,instantaneous_fallback,3.428,0.895,0.0,1,,0,226,0.0229,-37.33,3,0.0,-36.93,6.5,26.2,0.0028,0.1042,0.0112,0.0,0.0143,0.0573,0.1042,0
2026-08-28 20:05:32,step_run1,1.015,0.52,16.67,instantaneous_fallback,3.347,0.895,0.0,1,,2,246,0.022,-37.33,3,0.0,-37.13,6.5,38.3,0.0035,0.1042,0.0112,0.0,0.0139,0.055,0.1042,0
2026-08-28 20:05:40,step_run2,0.0,0.0,13.33,instantaneous,5.493,,,0,,0,0,0.0,-37.0,3,0.0,-37.0,0.0,0.0,0.0,0.0833,0.0,0.0,0.0229,0.0,0.0833,0
2026-08-28 20:05:42,step_run2,1.016,0.39,15.0,instantaneous_fallback,5.621,1.007,0.0,1,,2,227,0.0087,-36.67,3,0.33,-36.83,27.0,27.0,0.0026,0.0938,0.0126,0.0,0.0234,0.0217,0.0938,0
2026-08-28 20:05:43,step_run2,1.009,0.4,13.33,instantaneous_fallback,5.493,1.007,0.0,1,,0,239,0.0043,-36.67,3,0.0,-36.78,13.0,13.0,0.0027,0.0833,0.0126,0.0,0.0229,0.0107,0.0833,0
2026-08-28 20:05:44,step_run2,1.018,0.37,16.67,instantaneous_fallback,5.749,1.166,0.0,1,,0,214,0.0029,-36.67,3,0.0,-36.75,21.7,21.7,0.0025,0.1042,0.0146,0.0,0.024,0.0072,0.1042,0
2026-08-28 20:05:45,step_run2,1.014,0.22,13.33,instantaneous_fallback,2.807,1.166,0.0,1,,0,129,0.0025,-36.33,3,0.33,-36.67,120.0,120.0,0.0015,0.0833,0.0146,0.0,0.0117,0.0063,0.0833,0
2026-08-28 20:05:46,step_run2,1.016,3.11,13.33,instantaneous_fallback,5.558,1.138,0.0,1,,48,285,0.0437,-35.67,3,0.67,-36.4,30.0,30.0,0.0207,0.0833,0.0142,0.0,0.0232,0.1092,0.0833,0
2026-08-28 20:05:47,step_run2,1.02,0.39,13.33,instantaneous_fallback,5.086,1.138,0.0,1,,6,218,0.0474,-35.67,3,0.0,-36.2,90.0,90.0,0.0026,0.0833,0.0142,0.0,0.0212,0.1185,0.0833,0
2026-08-28 20:05:48,step_run2,1.014,0.42,16.67,instantaneous_fallback,5.086,1.477,0.0,1,,2,211,0.0503,-35.67,3,0.0,-36.0,6.5,6.5,0.0028,0.1042,0.0185,0.0,0.0212,0.1257,0.1042,0
2026-08-28 20:05:49,step_run2,1.015,1.27,16.67,instantaneous_fallback,2.242,1.477,0.0,1,,20,268,0.064,-35.33,3,0.33,-35.73,27.0,27.0,0.0085,0.1042,0.0185,0.0,0.0093,0.16,0.1042,0
2026-08-28 20:05:50,step_run2,1.015,2.83,16.67,instantaneous_fallback,2.242,1.671,0.0,1,,38,274,0.0832,-33.33,3,2.0,-35.13,19.5,19.5,0.0189,0.1042,0.0209,0.0,0.0093,0.208,0.1042,0
2026-08-28 20:05:51,step_run2,1.212,1.23,16.67,instantaneous_fallback,4.911,1.671,0.0,1,,16,396,0.0566,-33.67,3,-0.33,-34.73,6.5,34.9,0.0082,0.1042,0.0209,0.0,0.0205,0.1415,0.1042,0
2026-08-28 20:05:52,step_run2,1.026,13.03,17.24,delta,101.343,6.861,0.532,1,,114,894,0.0851,-39.33,3,-5.67,-35.47,6.5,30.8,0.0869,0.1077,0.0858,0.266,0.4223,0.2127,0.4223,1
2026-08-28 20:05:53,step_run2,1.016,45.13,33.33,instantaneous_fallback,101.343,6.861,0.532,1,,1660,2558,0.2962,-40.0,3,-0.67,-36.33,26.0,40.0,0.3009,0.2083,0.0858,0.266,0.4223,0.827,0.4223,1
2026-08-28 20:05:54,step_run2,1.017,43.44,40.0,instantaneous_fallback,17.477,2.269,0.0,1,,164,2448,0.2327,-39.67,3,0.33,-37.2,26.0,73.0,0.2896,0.25,0.0284,0.0,0.0728,0.7067,0.25,1
2026-08-28 20:05:55,step_run2,1.016,44.2,40.0,instantaneous_fallback,4.526,2.269,0.0,1,,524,2523,0.2194,-39.67,3,0.0,-38.47,26.0,80.5,0.2947,0.25,0.0284,0.0,0.0189,0.6735,0.25,1
2026-08-28 20:05:56,step_run2,1.025,40.66,40.0,delta,4.526,2.853,0.0,1,,306,2341,0.2046,-39.67,3,0.0,-39.67,26.0,32.5,0.2711,0.25,0.0357,0.0,0.0189,0.6365,0.25,1
2026-08-28 20:05:57,step_run2,1.018,44.49,40.0,instantaneous_fallback,9.092,2.853,0.0,1,,654,2497,0.211,-38.67,3,1.0,-39.53,6.5,28.8,0.2966,0.25,0.0357,0.0,0.0379,0.6525,0.25,1
2026-08-28 20:05:58,step_run2,1.118,39.36,40.0,instantaneous_fallback,9.781,5.484,0.0,1,,782,2434,0.1656,-35.67,3,3.0,-38.67,21.7,21.7,0.2624,0.25,0.0685,0.0,0.0408,0.539,0.25,1
2026-08-28 20:05:59,step_run2,1.014,37.14,46.67,instantaneous_fallback,35.217,5.484,0.0,1,,624,2060,0.196,-37.67,3,-2.0,-38.27,45.0,45.0,0.2476,0.3612,0.0685,0.0,0.1467,0.615,0.3612,1
2026-08-28 20:06:01,step_run2,1.017,50.64,60.0,instantaneous_fallback,35.217,2.917,0.266,1,,684,2827,0.2005,-38.33,3,-0.67,-38.0,21.7,21.7,0.3376,0.5625,0.0365,0.133,0.1467,0.6262,0.5625,2
2026-08-28 20:06:02,step_run2,1.064,42.32,60.0,instantaneous_fallback,35.217,2.917,0.266,1,,286,2500,0.1974,-38.67,3,-0.33,-37.8,26.0,67.0,0.2821,0.5625,0.0365,0.133,0.1467,0.6185,0.5625,2
2026-08-28 20:06:03,step_run2,1.045,41.92,46.67,instantaneous_fallback,28.573,4.894,0.0,1,,334,2416,0.1813,-40.33,3,-1.67,-38.13,6.5,19.8,0.2795,0.3612,0.0612,0.0,0.1191,0.5782,0.3612,1
2026-08-28 20:06:04,step_run2,1.073,32.8,46.67,instantaneous_fallback,41.03,4.894,0.0,1,,868,1961,0.192,-34.67,3,5.67,-37.93,21.7,21.7,0.2187,0.3612,0.0612,0.0,0.171,0.605,0.3612,1
2026-08-28 20:06:05,step_run2,1.049,45.7,60.0,instantaneous_fallback,38.253,5.422,0.0,1,,1636,2603,0.2363,-35.67,3,-1.0,-37.53,26.0,35.5,0.3047,0.5625,0.0678,0.0,0.1594,0.7158,0.5625,2
2026-08-28 20:06:06,step_run2,1.079,42.18,60.0,instantaneous_fallback,41.03,5.422,0.0,1,,430,2500,0.2288,-35.67,3,0.0,-37.0,13.0,13.0,0.2812,0.5625,0.0678,0.0,0.171,0.697,0.5625,2
2026-08-28 20:06:07,step_run2,1.014,37.95,60.0,instantaneous_fallback,39.006,5.422,0.0,1,,386,1769,0.2452,-35.67,3,0.0,-36.4,26.0,33.2,0.253,0.5625,0.0678,0.0,0.1625,0.738,0.5625,2
2026-08-28 20:06:08,step_run2,1.02,44.45,60.0,instantaneous_fallback,39.006,5.422,0.0,1,,1166,2547,0.2827,-35.67,3,0.0,-35.47,13.5,19.8,0.2963,0.5625,0.0678,0.0,0.1625,0.8045,0.5625,2
2026-08-28 20:06:09,step_run2,1.101,18.0,70.0,instantaneous_fallback,39.006,6.13,0.0,1,,256,1027,0.2705,-35.33,3,0.33,-35.6,13.5,13.5,0.12,0.6875,0.0766,0.0,0.1625,0.7842,0.6875,2
2026-08-28 20:06:10,step_run2,1.164,63.43,70.0,instantaneous_fallback,46.003,6.13,0.0,1,,1110,4124,0.2186,-35.0,3,0.33,-35.47,19.5,19.5,0.4229,0.6875,0.0766,0.0,0.1917,0.6715,0.6875,2
2026-08-28 20:06:11,step_run2,1.017,40.04,60.0,instantaneous_fallback,48.857,3.695,0.0,1,,1168,2122,0.2607,-35.33,3,-0.33,-35.4,13.0,13.0,0.2669,0.5625,0.0462,0.0,0.2036,0.7678,0.5625,2
2026-08-28 20:06:12,step_run2,1.032,46.13,60.0,instantaneous_fallback,48.857,3.695,0.0,1,,926,2756,0.2689,-34.67,3,0.67,-35.2,13.0,13.0,0.3075,0.5625,0.0462,0.0,0.2036,0.7815,0.5625,2
2026-08-28 20:06:13,step_run2,1.06,41.51,60.0,instantaneous_fallback,44.984,3.695,0.0,1,,816,2442,0.2553,-34.33,3,0.33,-34.93,26.0,58.0,0.2767,0.5625,0.0462,0.0,0.1874,0.7588,0.5625,2
2026-08-28 20:06:14,step_run2,1.043,42.22,62.07,delta,21.899,4.962,0.0,1,,836,2390,0.2598,-34.33,3,0.0,-34.73,45.0,45.0,0.2815,0.5884,0.062,0.0,0.0912,0.7663,0.5884,2
2026-08-28 20:06:15,step_run2,1.023,40.77,56.67,instantaneous_fallback,21.899,4.962,0.0,1,,628,2338,0.2664,-34.67,3,-0.33,-34.67,7.2,7.2,0.2718,0.5209,0.062,0.0,0.0912,0.7773,0.5209,2
2026-08-28 20:06:16,step_run2,1.061,23.78,56.67,instantaneous_fallback,21.899,3.895,0.0,1,,624,1389,0.2529,-34.67,3,0.0,-34.53,120.0,120.0,0.1585,0.5209,0.0487,0.0,0.0912,0.7548,0.5209,2
2026-08-28 20:06:17,step_run2,1.02,41.33,53.33,instantaneous_fallback,27.556,3.895,0.0,1,,298,2292,0.2279,-34.67,3,0.0,-34.53,19.5,19.5,0.2755,0.4722,0.0487,0.0,0.1148,0.6947,0.4722,1
2026-08-28 20:06:18,step_run2,1.02,44.61,53.33,instantaneous_fallback,27.556,4.847,0.0,1,,1226,2567,0.2476,-35.0,3,-0.33,-34.67,135.0,135.0,0.2974,0.4722,0.0606,0.0,0.1148,0.744,0.4722,1
2026-08-28 20:06:19,step_run2,1.02,42.87,50.0,instantaneous_fallback,15.706,4.847,0.0,1,,820,2403,0.2466,-34.67,3,0.33,-34.73,26.0,26.0,0.2858,0.4167,0.0606,0.0,0.0654,0.7415,0.4167,1
2026-08-28 20:06:20,step_run2,1.015,43.59,50.0,instantaneous_fallback,6.334,3.379,0.0,1,,648,2462,0.2455,-34.67,3,0.0,-34.73,6.5,23.5,0.2906,0.4167,0.0422,0.0,0.0264,0.7388,0.4167,1
2026-08-28 20:06:21,step_run2,1.015,40.13,50.0,instantaneous_fallback,4.703,3.379,0.0,1,,384,2254,0.2199,-35.0,3,-0.33,-34.8,58.5,58.5,0.2675,0.4167,0.0422,0.0,0.0196,0.6748,0.4167,1
2026-08-28 20:06:22,step_run2,1.015,46.61,50.0,instantaneous_fallback,3.163,1.935,0.0,1,,1168,2624,0.2565,-35.0,3,0.0,-34.87,72.2,72.2,0.3107,0.4167,0.0242,0.0,0.0132,0.7608,0.4167,1
2026-08-28 20:06:23,step_run2,1.019,43.33,50.0,instantaneous_fallback,4.703,1.935,0.0,1,,558,2437,0.2271,-35.33,3,-0.33,-34.93,13.0,13.0,0.2889,0.4167,0.0242,0.0,0.0196,0.6927,0.4167,1
2026-08-28 20:06:24,step_run2,1.017,42.81,50.0,instantaneous_fallback,5.529,3.27,0.0,1,,464,2381,0.2095,-35.33,3,0.0,-35.07,81.0,81.0,0.2854,0.4167,0.0409,0.0,0.023,0.6487,0.4167,1
2026-08-28 20:06:26,step_run2,1.027,43.12,50.0,instantaneous_fallback,6.695,3.27,0.0,1,,506,2484,0.2018,-35.0,3,0.33,-35.13,15.0,15.0,0.2875,0.4167,0.0409,0.0,0.0279,0.6295,0.4167,1
2026-08-28 20:06:27,step_run2,1.063,41.25,50.0,instantaneous_fallback,8.517,4.148,0.0,1,,410,2428,0.2009,-35.0,3,0.0,-35.13,13.5,13.5,0.275,0.4167,0.0518,0.0,0.0355,0.6272,0.4167,1
2026-08-28 20:06:28,step_run2,1.016,42.32,50.0,instantaneous_fallback,27.925,4.148,0.0,1,,688,2391,0.1781,-35.0,3,0.0,-35.13,6.5,24.9,0.2821,0.4167,0.0518,0.0,0.1164,0.5703,0.4167,1
2026-08-28 20:06:29,step_run2,1.052,40.47,50.0,instantaneous_fallback,27.925,4.5,0.0,1,,596,2284,0.1821,-35.67,3,-0.67,-35.2,7.2,7.2,0.2698,0.4167,0.0563,0.0,0.1164,0.5803,0.4167,1
2026-08-28 20:06:30,step_run2,1.023,44.71,50.0,instantaneous_fallback,23.022,4.5,0.0,1,,556,2586,0.1846,-35.33,3,0.33,-35.2,39.0,39.0,0.2981,0.4167,0.0563,0.0,0.0959,0.5865,0.4167,1
2026-08-28 20:06:31,step_run2,1.022,22.31,50.0,delta,10.765,3.98,0.0,1,,454,1283,0.1977,-35.33,3,0.0,-35.27,135.0,135.0,0.1487,0.4167,0.0498,0.0,0.0449,0.6192,0.4167,1
2026-08-28 20:06:32,step_run2,1.089,40.69,51.72,instantaneous_fallback,10.765,3.98,0.0,1,,756,2455,0.2171,-35.33,3,0.0,-35.33,57.8,57.8,0.2713,0.4453,0.0498,0.0,0.0449,0.6677,0.4453,1
2026-08-28 20:06:33,step_run2,1.031,42.94,48.28,instantaneous_fallback,24.042,5.711,1.064,1,,602,2444,0.2115,-35.33,3,0.0,-35.4,6.5,17.7,0.2863,0.388,0.0714,0.504,0.1002,0.6537,0.504,2
2026-08-28 20:06:34,step_run2,1.047,42.14,53.33,delta,24.042,5.711,1.064,1,,1434,2410,0.2538,-35.33,3,0.0,-35.33,39.0,39.8,0.2809,0.4722,0.0714,0.504,0.1002,0.7563,0.504,2
2026-08-28 20:06:35,step_run2,1.052,41.48,56.67,instantaneous_fallback,24.042,3.447,0.0,1,,862,2442,0.2713,-34.67,3,0.67,-35.2,60.0,60.0,0.2765,0.5209,0.0431,0.0,0.1002,0.7855,0.5209,2
2026-08-28 20:06:36,step_run2,1.024,43.41,56.67,instantaneous_fallback,38.71,3.447,0.0,1,,714,2455,0.2635,-34.67,3,0.0,-35.07,40.5,40.5,0.2894,0.5209,0.0431,0.0,0.1613,0.7725,0.5209,2
2026-08-28 20:06:37,step_run2,1.025,42.86,53.33,instantaneous_fallback,38.71,3.367,0.0,1,,1030,2428,0.276,-35.33,3,-0.67,-35.07,19.5,19.5,0.2857,0.4722,0.0421,0.0,0.1613,0.7933,0.4722,1
2026-08-28 20:06:38,step_run2,1.026,43.1,53.33,instantaneous_fallback,16.243,3.367,0.0,1,,706,2456,0.2802,-35.67,3,-0.33,-35.13,15.0,15.0,0.2873,0.4722,0.0421,0.0,0.0677,0.8003,0.4722,1
2026-08-28 20:06:39,step_run2,1.053,38.88,53.33,instantaneous_fallback,16.243,3.267,0.0,1,,628,2283,0.2462,-35.67,3,0.0,-35.2,45.0,45.0,0.2592,0.4722,0.0408,0.0,0.0677,0.7405,0.4722,1
2026-08-28 20:06:40,step_run2,1.022,45.5,53.33,instantaneous_fallback,16.243,3.267,0.0,1,,1160,2573,0.2579,-35.67,3,0.0,-35.4,13.5,13.5,0.3033,0.4722,0.0408,0.0,0.0677,0.7632,0.4722,1
2026-08-28 20:06:41,step_run2,1.026,43.03,53.33,instantaneous_fallback,11.382,2.73,0.0,1,,672,2444,0.2562,-35.33,3,0.33,-35.53,43.3,43.3,0.2869,0.4722,0.0341,0.0,0.0474,0.7603,0.4722,1
2026-08-28 20:06:42,step_run2,1.031,40.12,53.33,instantaneous_fallback,11.382,2.73,0.0,1,,614,2274,0.2391,-35.0,3,0.33,-35.47,57.8,57.8,0.2675,0.4722,0.0341,0.0,0.0474,0.7228,0.4722,1
2026-08-28 20:06:43,step_run2,1.018,47.35,58.62,delta,27.297,4.966,0.0,1,,776,2726,0.2384,-35.33,3,-0.33,-35.4,135.0,135.0,0.3157,0.5453,0.0621,0.0,0.1137,0.721,0.5453,2
2026-08-28 20:06:44,step_run2,1.022,43.1,58.62,instantaneous_fallback,27.297,4.966,0.0,1,,744,2410,0.2419,-35.0,3,0.33,-35.27,21.7,21.7,0.2873,0.5453,0.0621,0.0,0.1137,0.7298,0.5453,2
2026-08-28 20:06:45,step_run2,1.096,39.56,55.17,delta,27.297,5.207,0.0,1,,436,2394,0.2093,-35.0,3,0.0,-35.13,39.0,39.0,0.2637,0.5021,0.0651,0.0,0.1137,0.6482,0.5021,2
2026-08-28 20:06:46,step_run2,1.027,41.02,53.33,instantaneous_fallback,28.218,5.207,0.0,1,,868,2265,0.2217,-35.33,3,-0.33,-35.13,121.5,121.5,0.2735,0.4722,0.0651,0.0,0.1176,0.6793,0.4722,1
2026-08-28 20:06:47,step_run2,1.055,43.31,53.33,instantaneous_fallback,28.442,5.37,0.0,1,,668,2597,0.2198,-35.33,3,0.0,-35.2,26.0,26.0,0.2887,0.4722,0.0671,0.0,0.1185,0.6745,0.4722,1
2026-08-28 20:06:48,step_run2,1.045,43.28,53.33,instantaneous_fallback,28.218,5.37,0.0,1,,1100,2509,0.2386,-34.67,3,0.67,-35.07,6.5,30.2,0.2885,0.4722,0.0671,0.0,0.1176,0.7215,0.4722,1
2026-08-28 20:06:49,step_run2,1.014,43.53,56.67,instantaneous_fallback,19.18,3.498,0.532,1,,1104,2414,0.2553,-35.0,3,-0.33,-35.07,57.8,57.8,0.2902,0.5209,0.0437,0.266,0.0799,0.7588,0.5209,2
2026-08-28 20:06:50,step_run2,1.022,22.08,56.67,instantaneous_fallback,6.187,3.498,0.532,1,,460,1287,0.275,-35.0,3,0.0,-35.07,45.0,45.0,0.1472,0.5209,0.0437,0.266,0.0258,0.7917,0.5209,2
2026-08-28 20:06:51,step_run2,1.266,34.87,56.67,instantaneous_fallback,6.187,7.432,0.0,1,,884,2452,0.2724,-35.33,3,-0.33,-35.07,60.0,60.0,0.2325,0.5209,0.0929,0.0,0.0258,0.7873,0.5209,2
2026-08-28 20:06:53,step_run2,2.029,31.34,56.67,instantaneous_fallback,6.187,7.432,0.0,1,,1434,3174,0.2962,-35.33,3,0.0,-35.07,6.5,19.7,0.2089,0.5209,0.0929,0.0,0.0258,0.827,0.5209,2
2026-08-28 20:06:55,step_run2,2.016,52.76,56.67,instantaneous_fallback,132.564,7.432,0.0,1,,450,937,0.2968,-35.33,3,0.0,-35.2,26.0,26.0,0.3517,0.5209,0.0929,0.0,0.5174,0.828,0.5209,2
2026-08-28 20:06:57,step_run2,2.016,35.48,73.33,instantaneous_fallback,850.705,7.432,0.0,1,,0,863,0.2703,-35.0,3,0.33,-35.2,121.5,121.5,0.2365,0.7291,0.0929,0.0,1.0,0.7838,1.0,3
2026-08-28 20:06:59,step_run2,2.016,48.21,76.67,instantaneous_fallback,850.705,7.432,0.0,1,,0,838,0.2509,-35.0,3,0.0,-35.2,81.0,81.0,0.3214,0.7778,0.0929,0.0,1.0,0.7515,1.0,3
2026-08-28 20:07:01,step_run2,2.016,48.51,73.33,instantaneous_fallback,850.705,7.432,0.0,1,,0,998,0.2167,-35.33,3,-0.33,-35.2,108.0,108.0,0.3234,0.7291,0.0929,0.0,1.0,0.6668,1.0,3
2026-08-28 20:07:03,step_run2,2.016,48.03,76.67,instantaneous_fallback,2.789,,,0,,2,958,0.0896,-35.0,3,0.33,-35.13,40.5,40.5,0.3202,0.7778,0.0,1.0,0.0116,0.224,1.0,3
2026-08-28 20:07:05,step_run2,1.223,117.73,70.0,instantaneous_fallback,202.727,,,0,,2070,7439,0.1574,-35.67,3,-0.67,-35.2,7.2,7.2,0.7849,0.6875,0.0,1.0,0.6149,0.5185,1.0,3
2026-08-28 20:07:06,step_run2,2.041,36.65,55.17,instantaneous_fallback,2.789,,,0,,908,3434,0.179,-35.33,3,0.33,-35.27,19.5,19.5,0.2443,0.5021,0.0,1.0,0.0116,0.5725,1.0,3
2026-08-28 20:07:08,step_run2,1.043,140.79,50.0,instantaneous_fallback,21.842,,,0,,2454,7974,0.2071,-35.33,3,0.0,-35.33,39.0,79.5,0.9386,0.4167,0.0,1.0,0.091,0.6428,1.0,3
2026-08-28 20:07:09,step_run2,1.26,50.71,55.17,instantaneous_fallback,21.842,5.51,14.894,1,,180,1802,0.2062,-35.33,3,0.0,-35.33,57.8,57.8,0.3381,0.5021,0.0689,1.0,0.091,0.6405,1.0,3
2026-08-28 20:07:10,step_run2,2.017,33.55,53.33,instantaneous_fallback,135.446,11.352,0.0,1,,1546,3335,0.2299,-36.0,3,-0.67,-35.53,28.9,28.9,0.2237,0.4722,0.1419,0.0,0.5215,0.6997,0.5215,2
2026-08-28 20:07:12,step_run2,2.012,76.42,53.33,instantaneous_fallback,135.446,11.352,0.0,1,,2882,8153,0.244,-35.0,3,1.0,-35.4,39.0,94.5,0.5095,0.4722,0.1419,0.0,0.5215,0.735,0.5215,2
2026-08-28 20:07:14,step_run2,1.029,135.5,53.33,instantaneous_fallback,40.544,7.518,2.926,1,,3204,6541,0.2697,-35.0,3,0.0,-35.33,6.5,55.2,0.9033,0.4722,0.094,0.6204,0.1689,0.7828,0.6204,2
2026-08-28 20:07:15,step_run2,1.187,34.13,66.67,instantaneous_fallback,40.544,7.518,2.926,1,,394,2204,0.2714,-35.33,3,-0.33,-35.33,13.5,13.5,0.2275,0.6459,0.094,0.6204,0.1689,0.7857,0.6459,2
2026-08-28 20:07:17,step_run2,1.051,94.91,66.67,instantaneous_fallback,84.037,7.631,0.0,1,,1868,4978,0.2818,-35.67,3,-0.33,-35.4,19.5,19.5,0.6327,0.6459,0.0954,0.0,0.3502,0.803,0.6459,2
2026-08-28 20:07:18,step_run2,1.101,70.02,60.0,instantaneous_fallback,139.391,7.631,0.0,1,,1882,4347,0.2806,-35.0,3,0.67,-35.2,28.9,28.9,0.4668,0.5625,0.0954,0.0,0.5269,0.801,0.5625,2
2026-08-28 20:07:19,step_run2,1.143,59.54,56.67,instantaneous_fallback,154.503,7.631,0.0,1,,610,3196,0.2723,-35.0,3,0.0,-35.2,6.5,30.2,0.3969,0.5209,0.0954,0.0,0.5479,0.7872,0.5479,2
2026-08-28 20:07:20,step_run2,2.012,32.55,56.67,instantaneous_fallback,154.503,7.637,10.106,1,,770,2733,0.2404,-35.33,3,-0.33,-35.27,6.5,10.0,0.217,0.5209,0.0955,1.0,0.5479,0.726,1.0,3
2026-08-28 20:07:22,step_run2,2.011,55.58,70.0,instantaneous_fallback,43.497,7.637,10.106,1,,2506,5575,0.2683,-35.33,3,0.0,-35.27,13.5,13.5,0.3705,0.6875,0.0955,1.0,0.1812,0.7805,1.0,3
2026-08-28 20:07:24,step_run2,1.326,73.42,72.41,instantaneous_fallback,43.497,7.637,10.106,1,,1618,4007,0.2711,-35.33,3,0.0,-35.2,6.5,14.1,0.4895,0.7176,0.0955,1.0,0.1812,0.7852,1.0,3
2026-08-28 20:07:25,step_run2,1.05,98.51,72.41,instantaneous_fallback,190.99,15.32,3.191,1,,2750,4327,0.2938,-35.33,3,0.0,-35.27,58.5,58.5,0.6567,0.7176,0.1915,0.6369,0.5986,0.823,0.7176,2
2026-08-28 20:07:26,step_run2,1.393,49.67,66.67,instantaneous_fallback,198.145,15.32,3.191,1,,648,3644,0.2902,-35.33,3,0.0,-35.33,13.0,13.0,0.3311,0.6459,0.1915,0.6369,0.6085,0.817,0.6459,2
2026-08-28 20:07:28,step_run2,2.029,41.81,66.67,instantaneous_fallback,198.145,15.32,3.191,1,,1554,3566,0.3006,-34.67,3,0.67,-35.2,45.0,45.0,0.2787,0.6459,0.1915,0.6369,0.6085,0.8343,0.6459,2
2026-08-28 20:07:30,step_run2,2.016,41.41,66.67,instantaneous_fallback,218.855,15.32,3.191,1,,2264,2662,0.3267,-34.0,3,0.67,-34.93,7.2,7.2,0.2761,0.6459,0.1915,0.6369,0.6373,0.8778,0.6459,2
2026-08-28 20:07:32,step_run2,2.016,56.74,66.67,instantaneous_fallback,218.855,11.558,0.266,1,,2608,5399,0.3339,-34.67,3,-0.67,-34.8,19.5,19.5,0.3783,0.6459,0.1445,0.133,0.6373,0.8898,0.6459,2
2026-08-28 20:07:34,step_run2,2.016,65.56,66.67,instantaneous_fallback,0.0,11.558,0.266,1,,2068,2950,0.3341,-34.67,3,0.0,-34.67,7.2,7.2,0.4371,0.6459,0.1445,0.133,1.0,0.8902,1.0,3
2026-08-28 20:07:36,step_run2,2.016,49.78,66.67,delta,0.0,11.558,0.266,1,,2,67,0.3672,-34.67,3,0.0,-34.53,30.0,30.0,0.3319,0.6459,0.1445,0.133,1.0,0.9453,1.0,3
2026-08-28 20:07:38,step_run2,2.994,26.39,82.76,instantaneous_fallback,516.703,11.558,0.266,1,,2,206,0.381,-35.0,3,-0.33,-34.6,6.5,17.7,0.1759,0.8793,0.1445,0.133,0.8584,0.9683,0.8793,3
2026-08-28 20:07:41,step_run2,2.03,79.42,82.76,delta,516.703,11.558,0.266,1,,82,1219,0.3261,-35.0,3,0.0,-34.8,6.5,70.8,0.5295,0.8793,0.1445,0.133,0.8584,0.8768,0.8793,3
2026-08-28 20:07:43,step_run2,2.995,36.57,82.76,instantaneous_fallback,992.369,,,0,,0,367,0.3093,-35.67,3,-0.67,-35.0,6.5,36.8,0.2438,0.8793,0.0,1.0,1.0,0.8488,1.0,3
2026-08-28 20:07:46,step_run2,2.85,61.28,83.33,instantaneous_fallback,920.279,,,0,,12,718,0.0366,-35.33,3,0.33,-35.13,57.8,57.8,0.4085,0.8888,0.0,1.0,1.0,0.0915,1.0,3
2026-08-28 20:07:49,step_run2,2.027,81.78,83.33,instantaneous_fallback,992.737,,,0,,46,820,0.0409,-35.33,3,0.0,-35.27,39.0,39.0,0.5452,0.8888,0.0,1.0,1.0,0.1022,1.0,3
2026-08-28 20:07:51,step_run2,2.016,45.69,80.0,instantaneous_fallback,920.279,,,0,,164,1159,0.0663,-35.0,3,0.33,-35.27,30.0,30.0,0.3046,0.8333,0.0,1.0,1.0,0.1658,1.0,3
2026-08-28 20:07:53,step_run2,1.381,58.88,80.0,instantaneous_fallback,354.579,,,0,,540,2589,0.1188,-35.33,3,-0.33,-35.33,6.5,32.5,0.3925,0.8333,0.0,1.0,0.7773,0.344,1.0,3
2026-08-28 20:07:54,step_run2,1.173,54.16,73.33,instantaneous_fallback,241.993,12.436,10.372,1,,704,3276,0.1462,-35.33,3,0.0,-35.27,15.0,27.0,0.3611,0.7291,0.1555,1.0,0.6694,0.481,1.0,3
2026-08-28 20:07:55,step_run2,2.022,30.56,65.52,instantaneous_fallback,142.565,12.436,10.372,1,,1992,2191,0.2556,-35.67,3,-0.33,-35.33,6.5,35.8,0.2037,0.6315,0.1555,1.0,0.5313,0.7593,1.0,3
2026-08-28 20:07:57,step_run2,1.192,113.81,56.67,instantaneous_fallback,142.565,12.436,10.372,1,,2540,7168,0.2661,-35.67,3,0.0,-35.4,6.5,36.8,0.7587,0.5209,0.1555,1.0,0.5313,0.7768,1.0,3
2026-08-28 20:07:58,step_run2,2.04,27.79,63.33,instantaneous_fallback,135.523,12.436,10.372,1,,1498,2264,0.2938,-35.33,3,0.33,-35.47,39.0,41.1,0.1853,0.6041,0.1555,1.0,0.5216,0.823,1.0,3
2026-08-28 20:08:01,step_run2,2.016,62.74,63.33,instantaneous_fallback,244.815,10.932,2.66,1,,2140,3617,0.324,-35.67,3,-0.33,-35.53,6.5,41.8,0.4183,0.6041,0.1366,0.6038,0.6734,0.8733,0.6734,2
2026-08-28 20:08:03,step_run2,2.016,74.45,76.67,instantaneous_fallback,267.459,10.932,2.66,1,,2384,4661,0.3465,-36.0,3,-0.33,-35.67,27.0,33.0,0.4963,0.7778,0.1366,0.6038,0.7048,0.9108,0.7778,3
2026-08-28 20:08:05,step_run2,2.016,69.71,76.67,instantaneous_fallback,313.567,10.932,2.66,1,,3378,4127,0.3535,-35.0,3,1.0,-35.53,6.5,31.1,0.4647,0.7778,0.1366,0.6038,0.7568,0.9225,0.7778,3
2026-08-28 20:08:07,step_run2,2.016,58.69,76.67,delta,267.459,10.932,2.66,1,,2836,3605,0.401,-35.33,3,-0.33,-35.47,6.5,36.8,0.3913,0.7778,0.1366,0.6038,0.7048,1.0,0.7778,3
2026-08-28 20:08:09,step_run2,2.015,49.61,73.33,instantaneous_fallback,171.442,10.246,9.043,1,,2074,3035,0.4022,-35.0,3,0.33,-35.4,39.0,39.0,0.3307,0.7291,0.1281,0.9521,0.5714,1.0,0.9521,3
2026-08-28 20:08:11,step_run2,1.069,122.57,76.67,instantaneous_fallback,115.898,10.246,9.043,1,,2888,5432,0.394,-35.33,3,-0.33,-35.33,121.5,121.5,0.8171,0.7778,0.1281,0.9521,0.4829,0.99,0.9521,3
2026-08-28 20:08:12,step_run2,1.168,52.61,73.33,instantaneous_fallback,115.898,10.246,9.043,1,,982,3134,0.3861,-35.0,3,0.33,-35.13,15.0,40.0,0.3507,0.7291,0.1281,0.9521,0.4829,0.9768,0.9521,3
2026-08-28 20:08:13,step_run2,2.008,29.85,76.67,delta,69.363,10.246,9.043,1,,600,1673,0.3572,-35.33,3,-0.33,-35.2,65.0,65.0,0.199,0.7778,0.1281,0.9521,0.289,0.9287,0.9521,3
2026-08-28 20:08:15,step_run2,2.028,62.05,63.33,instantaneous_fallback,51.089,10.246,9.043,1,,2910,4991,0.3411,-35.0,3,0.33,-35.13,6.5,25.8,0.4137,0.6041,0.1281,0.9521,0.2129,0.9018,0.9521,3
2026-08-28 20:08:17,step_run2,1.415,92.11,73.33,instantaneous_fallback,51.089,10.246,9.043,1,,2938,3396,0.3565,-35.33,3,-0.33,-35.2,6.5,68.8,0.6141,0.7291,0.1281,0.9521,0.2129,0.9275,0.9521,3
2026-08-28 20:08:18,step_run2,2.04,38.22,70.0,instantaneous_fallback,0.0,10.246,9.043,1,,1990,3226,0.3646,-35.0,3,0.33,-35.13,30.0,30.0,0.2548,0.6875,0.1281,0.9521,1.0,0.941,1.0,3
2026-08-28 20:08:20,step_run2,2.012,44.1,73.33,instantaneous_fallback,247.687,,,0,,2330,2593,0.4041,-35.0,3,0.0,-35.13,58.5,58.5,0.294,0.7291,0.0,1.0,0.6773,1.0,1.0,3
2026-08-28 20:08:22,step_run2,2.011,66.91,72.41,instantaneous_fallback,199.495,,,0,,2926,4326,0.414,-35.0,3,0.0,-35.07,6.5,35.8,0.4461,0.7176,0.0,1.0,0.6104,1.0,1.0,3
2026-08-28 20:08:24,step_run2,1.425,85.07,72.41,delta,247.687,,,0,,2700,3659,0.4283,-35.33,3,-0.33,-35.13,7.2,36.1,0.5671,0.7176,0.0,1.0,0.6773,1.0,1.0,3
2026-08-28 20:08:26,step_run2,2.039,50.32,72.41,instantaneous_fallback,248.422,6.622,17.021,1,,1208,2949,0.3997,-35.67,3,-0.33,-35.2,39.0,87.0,0.3355,0.7176,0.0828,1.0,0.6784,0.9995,1.0,3
2026-08-28 20:08:28,step_run2,2.016,67.99,70.0,instantaneous_fallback,248.422,6.622,17.021,1,,2652,3610,0.4081,-35.0,3,0.67,-35.2,65.0,65.0,0.4533,0.6875,0.0828,1.0,0.6784,1.0,1.0,3
2026-08-28 20:08:30,step_run2,2.016,44.39,70.0,instantaneous_fallback,241.472,6.622,17.021,1,,1784,3382,0.386,-35.0,3,0.0,-35.2,6.5,33.2,0.2959,0.6875,0.0828,1.0,0.6687,0.9767,1.0,3
2026-08-28 20:08:32,step_run2,1.069,104.57,66.67,instantaneous_fallback,68.562,6.622,17.021,1,,3094,5739,0.3716,-35.33,3,-0.33,-35.27,43.3,43.3,0.6971,0.6459,0.0828,1.0,0.2857,0.9527,1.0,3
2026-08-28 20:08:33,step_run2,1.033,46.73,63.33,instantaneous_fallback,62.579,6.622,17.021,1,,822,2131,0.3493,-35.33,3,0.0,-35.27,65.0,65.0,0.3115,0.6041,0.0828,1.0,0.2607,0.9155,1.0,3
2026-08-28 20:08:34,step_run2,1.317,44.17,63.33,instantaneous_fallback,62.579,6.622,17.021,1,,1060,3320,0.3411,-35.67,3,-0.33,-35.27,120.0,120.0,0.2945,0.6041,0.0828,1.0,0.2607,0.9018,1.0,3
2026-08-28 20:08:35,step_run2,2.022,40.02,68.97,delta,62.579,6.622,17.021,1,,1910,3555,0.3235,-35.67,3,0.0,-35.4,6.5,32.5,0.2668,0.6746,0.0828,1.0,0.2607,0.8725,1.0,3
2026-08-28 20:08:37,step_run2,1.335,69.46,68.97,instantaneous_fallback,193.484,,,0,,2464,5315,0.3179,-35.0,3,0.67,-35.4,6.5,65.2,0.4631,0.6746,0.0,1.0,0.6021,0.8632,1.0,3
2026-08-28 20:08:39,step_run2,2.025,53.08,68.97,instantaneous_fallback,196.357,,,0,,1664,3781,0.3044,-34.33,3,0.67,-35.2,6.5,20.0,0.3539,0.6746,0.0,1.0,0.6061,0.8407,1.0,3
2026-08-28 20:08:41,step_run2,2.016,57.45,68.97,delta,208.415,,,0,,2518,3571,0.3298,-34.33,3,0.0,-35.0,52.0,71.0,0.383,0.6746,0.0,1.0,0.6228,0.883,1.0,3
2026-08-28 20:08:43,step_run2,1.037,106.85,68.97,instantaneous_fallback,208.415,5.785,0.266,1,,2658,6065,0.3347,-34.0,3,0.33,-34.67,52.0,62.1,0.7123,0.6746,0.0723,0.133,0.6228,0.8912,0.6746,2
2026-08-28 20:08:44,step_run2,2.013,14.69,66.67,instantaneous_fallback,208.415,5.785,0.266,1,,264,1735,0.3186,-34.33,3,-0.33,-34.4,19.5,19.5,0.0979,0.6459,0.0723,0.133,0.6228,0.8643,0.6459,2
2026-08-28 20:08:46,step_run2,2.01,51.32,66.67,instantaneous_fallback,309.666,9.136,0.0,1,,2962,4479,0.339,-34.33,3,0.0,-34.27,21.7,21.7,0.3421,0.6459,0.1142,0.0,0.7548,0.8983,0.7548,3
2026-08-28 20:08:48,step_run2,1.433,73.83,66.67,delta,386.072,9.136,0.0,1,,3240,4238,0.3669,-34.67,3,-0.33,-34.33,57.8,57.8,0.4922,0.6459,0.1142,0.0,0.793,0.9448,0.793,3
2026-08-28 20:08:49,step_run2,2.019,37.9,66.67,instantaneous_fallback,424.401,9.136,0.0,1,,1854,2726,0.3633,-34.67,3,0.0,-34.4,52.0,54.9,0.2527,0.6459,0.1142,0.0,0.8122,0.9388,0.8122,3
2026-08-28 20:08:51,step_run2,2.016,53.53,66.67,instantaneous_fallback,386.072,9.136,0.0,1,,2224,3185,0.3919,-35.33,3,-0.67,-34.67,14.4,33.2,0.3569,0.6459,0.1142,0.0,0.793,0.9865,0.793,3
2026-08-28 20:08:53,step_run2,2.016,46.83,76.67,instantaneous_fallback,115.185,8.035,2.926,1,,1328,1610,0.4169,-34.33,3,1.0,-34.67,21.7,36.9,0.3122,0.7778,0.1004,0.6204,0.4799,1.0,0.7778,3
2026-08-28 20:08:55,step_run2,2.011,58.39,76.67,instantaneous_fallback,115.185,8.77,7.181,1,,1818,5624,0.3758,-35.0,3,-0.67,-34.8,6.5,49.5,0.3893,0.7778,0.1096,0.859,0.4799,0.9597,0.859,3
2026-08-28 20:08:57,step_run2,2.012,65.11,72.41,instantaneous_fallback,195.516,8.77,7.181,1,,2686,4155,0.3642,-35.0,3,0.0,-34.87,6.5,39.4,0.4341,0.7176,0.1096,0.859,0.6049,0.9403,0.859,3
2026-08-28 20:08:59,step_run2,2.025,56.87,72.41,delta,195.516,8.77,7.181,1,,1244,1868,0.3613,-36.33,3,-1.33,-35.2,6.5,13.0,0.3791,0.7176,0.1096,0.859,0.6049,0.9355,0.859,3
2026-08-28 20:09:01,step_run2,2.016,39.6,93.1,instantaneous_fallback,0.0,8.77,7.181,1,,0,223,0.3442,-34.67,3,1.67,-35.07,6.5,35.8,0.264,1.0,0.1096,0.859,1.0,0.907,1.0,3
2026-08-28 20:09:03,step_run2,1.613,55.78,93.1,instantaneous_fallback,0.0,8.77,7.181,1,,8,192,0.323,-35.0,3,-0.33,-35.2,6.5,33.0,0.3719,1.0,0.1096,0.859,1.0,0.8717,1.0,3
2026-08-28 20:09:05,step_run2,2.035,35.77,90.0,instantaneous_fallback,0.0,8.77,7.181,1,,2,265,0.3702,-35.0,3,0.0,-35.2,6.5,33.2,0.2385,1.0,0.1096,0.859,1.0,0.9503,1.0,3
2026-08-28 20:09:07,step_run2,2.016,44.35,86.67,instantaneous_fallback,0.0,,,0,,2,255,0.3094,-34.67,3,0.33,-35.13,27.0,27.0,0.2957,0.9445,0.0,1.0,1.0,0.849,1.0,3
2026-08-28 20:09:09,step_run2,2.016,53.17,86.67,instantaneous_fallback,0.0,,,0,,0,307,0.0096,-35.33,3,-0.67,-34.93,39.0,39.0,0.3545,0.9445,0.0,1.0,1.0,0.024,1.0,3
2026-08-28 20:09:11,step_run2,2.016,56.66,86.67,instantaneous_fallback,0.0,,,0,,0,178,0.0099,-35.33,3,0.0,-35.07,58.5,58.5,0.3777,0.9445,0.0,1.0,1.0,0.0248,1.0,3
2026-08-28 20:09:13,step_run2,2.016,32.7,86.67,instantaneous_fallback,0.0,,,0,,0,271,0.0031,-35.0,3,0.33,-35.07,40.5,40.5,0.218,0.9445,0.0,1.0,1.0,0.0077,1.0,3
2026-08-28 20:09:15,step_run2,2.016,52.16,90.0,instantaneous_fallback,0.0,,,0,,4,227,0.0048,-35.33,3,-0.33,-35.13,121.5,121.5,0.3477,1.0,0.0,1.0,1.0,0.012,1.0,3
2026-08-28 20:09:17,step_run2,2.016,46.67,90.0,instantaneous_fallback,0.0,,,0,,10,213,0.0116,-34.33,3,1.0,-35.07,81.0,81.0,0.3111,1.0,0.0,1.0,1.0,0.029,1.0,3
2026-08-28 20:09:19,step_run2,2.016,22.81,90.0,instantaneous_fallback,0.0,,,0,,2,71,0.0164,-35.0,3,-0.67,-35.0,28.9,28.9,0.1521,1.0,0.0,1.0,1.0,0.041,1.0,3
2026-08-28 20:11:32,step_run2,132.929,0.0,90.0,instantaneous_fallback,0.0,,,0,,0,0,0.0201,0.0,1,35.0,-27.93,0.0,0.0,0.0,1.0,0.0,1.0,1.0,0.0502,1.0,3
2026-08-28 20:11:34,step_run2,1.012,0.9,20.0,instantaneous_fallback,3.501,,,0,,330,168,0.3376,-43.0,1,-43.0,-29.53,6.5,6.5,0.006,0.125,0.0,0.0,0.0146,0.896,0.125,0
2026-08-28 20:11:35,step_run2,1.014,0.24,20.0,instantaneous_fallback,3.501,3.525,0.0,1,,0,108,0.3792,-43.0,1,0.0,-31.07,6.5,6.5,0.0016,0.125,0.0441,0.0,0.0146,0.9653,0.125,0
2026-08-28 20:11:36,step_run2,1.017,0.79,20.0,instantaneous_fallback,3.501,3.525,0.0,1,,0,277,0.3473,-43.0,1,0.0,-32.8,6.5,6.5,0.0053,0.125,0.0441,0.0,0.0146,0.9122,0.125,0
2026-08-28 20:11:37,step_run2,1.015,1.22,20.0,instantaneous_fallback,4.552,1.738,0.0,1,,16,321,0.2836,-43.0,1,0.0,-34.4,6.5,6.5,0.0081,0.125,0.0217,0.0,0.019,0.806,0.125,0
2026-08-28 20:11:38,step_run2,1.014,0.68,20.0,instantaneous_fallback,4.552,1.738,0.0,1,,0,260,0.2338,-43.0,1,0.0,-43.0,6.5,6.5,0.0045,0.125,0.0217,0.0,0.019,0.7095,0.125,0
2026-08-28 20:11:39,step_run2,1.018,1.02,20.0,instantaneous_fallback,4.552,1.117,0.0,1,,2,311,0.0139,-43.0,1,0.0,-43.0,6.5,6.5,0.0068,0.125,0.014,0.0,0.019,0.0347,0.125,0
2026-08-28 20:11:40,step_run2,1.013,0.37,20.0,instantaneous_fallback,4.506,1.117,0.0,1,,0,204,0.0129,-43.0,1,0.0,-43.0,6.5,6.5,0.0025,0.125,0.014,0.0,0.0188,0.0323,0.125,0
2026-08-28 20:11:41,step_run2,1.013,0.38,20.0,instantaneous_fallback,2.823,1.413,0.0,1,,6,219,0.0179,-43.0,1,0.0,-43.0,6.5,6.5,0.0025,0.125,0.0177,0.0,0.0118,0.0447,0.125,0
2026-08-28 20:11:42,step_run2,1.015,0.38,20.0,instantaneous_fallback,2.672,1.413,0.0,1,,0,205,0.0066,-43.0,1,0.0,-43.0,6.5,6.5,0.0025,0.125,0.0177,0.0,0.0111,0.0165,0.125,0
2026-08-28 20:11:43,step_run2,1.012,0.39,20.0,instantaneous_fallback,1.814,2.067,0.0,1,,0,222,0.0068,-43.0,1,0.0,-43.0,6.5,6.5,0.0026,0.125,0.0258,0.0,0.0076,0.017,0.125,0
2026-08-28 20:11:44,step_run2,1.015,0.37,20.0,instantaneous_fallback,1.814,2.067,0.0,1,,0,208,0.0056,-44.0,1,-1.0,-43.2,6.5,6.5,0.0025,0.125,0.0258,0.0,0.0076,0.014,0.125,0
2026-08-28 20:11:45,step_run2,1.014,0.47,20.0,instantaneous_fallback,2.617,1.231,0.0,1,,0,217,0.0056,-44.0,1,0.0,-43.4,6.5,6.5,0.0031,0.125,0.0154,0.0,0.0109,0.014,0.125,0
2026-08-28 20:11:46,step_run2,1.012,0.41,20.0,instantaneous_fallback,2.804,1.231,0.0,1,,0,224,0.0,-44.0,1,0.0,-43.6,6.5,6.5,0.0027,0.125,0.0154,0.0,0.0117,0.0,0.125,0
2026-08-28 20:11:47,step_run2,1.022,0.18,20.0,instantaneous_fallback,2.804,1.498,0.0,1,,0,101,0.0,-44.0,1,0.0,-43.8,6.5,6.5,0.0012,0.125,0.0187,0.0,0.0117,0.0,0.125,0
2026-08-28 20:11:48,step_run2,1.014,0.36,20.0,instantaneous_fallback,3.727,1.498,0.0,1,,0,202,0.0,-44.0,1,0.0,-44.0,6.5,6.5,0.0024,0.125,0.0187,0.0,0.0155,0.0,0.125,0
2026-08-28 20:11:49,step_run2,1.013,0.37,20.0,instantaneous_fallback,3.727,1.12,0.0,1,,0,212,0.0,-44.0,1,0.0,-44.0,6.5,6.5,0.0025,0.125,0.014,0.0,0.0155,0.0,0.125,0
2026-08-28 20:11:50,step_run2,1.018,0.36,20.0,instantaneous_fallback,3.727,1.12,0.0,1,,0,202,0.0,-44.0,1,0.0,-44.0,6.5,6.5,0.0024,0.125,0.014,0.0,0.0155,0.0,0.125,0
2026-08-28 20:11:51,step_run2,1.013,0.79,20.0,instantaneous_fallback,2.262,1.146,0.0,1,,0,254,0.0,-45.0,1,-1.0,-44.2,6.5,6.5,0.0053,0.125,0.0143,0.0,0.0094,0.0,0.125,0
2026-08-28 20:11:52,step_run2,1.013,0.37,20.0,instantaneous_fallback,2.339,1.146,0.0,1,,0,207,0.0,-45.0,1,0.0,-44.4,6.5,6.5,0.0025,0.125,0.0143,0.0,0.0097,0.0,0.125,0
2026-08-28 20:11:53,step_run2,1.014,0.38,20.0,instantaneous_fallback,2.339,1.636,0.0,1,,2,222,0.0018,-45.0,1,0.0,-44.6,6.5,6.5,0.0025,0.125,0.0204,0.0,0.0097,0.0045,0.125,0
2026-08-28 20:11:54,step_run2,1.013,0.38,20.0,instantaneous_fallback,2.445,1.636,0.0,1,,0,212,0.0018,-45.0,1,0.0,-44.8,6.5,6.5,0.0025,0.125,0.0204,0.0,0.0102,0.0045,0.125,0
2026-08-28 20:11:55,step_run2,1.014,0.38,20.69,instantaneous_fallback,2.636,1.231,0.0,1,,6,220,0.0071,-45.0,1,0.0,-45.0,6.5,6.5,0.0025,0.1293,0.0154,0.0,0.011,0.0178,0.1293,0
2026-08-28 20:11:56,step_run2,1.014,0.38,20.0,delta,2.939,1.231,0.0,1,,0,206,0.0074,-45.0,1,0.0,-45.0,6.5,6.5,0.0025,0.125,0.0154,0.0,0.0122,0.0185,0.125,0
2026-08-28 20:11:57,step_run2,1.014,0.38,20.69,instantaneous_fallback,2.939,1.289,0.0,1,,0,225,0.0073,-46.0,1,-1.0,-45.2,6.5,6.5,0.0025,0.1293,0.0161,0.0,0.0122,0.0182,0.1293,0
2026-08-28 20:11:58,step_run2,1.019,0.37,20.0,instantaneous_fallback,3.005,1.289,0.0,1,,0,211,0.0056,-46.0,1,0.0,-45.4,6.5,6.5,0.0025,0.125,0.0161,0.0,0.0125,0.014,0.125,0
2026-08-28 20:11:59,step_run2,1.013,0.39,23.33,instantaneous_fallback,3.859,1.653,0.0,1,,0,227,0.0055,-46.0,1,0.0,-45.6,6.5,6.5,0.0026,0.1458,0.0207,0.0,0.0161,0.0137,0.1458,0
2026-08-28 20:12:00,step_run2,1.013,0.38,20.0,instantaneous_fallback,3.859,1.653,0.0,1,,0,219,0.0,-46.0,1,0.0,-45.8,6.5,6.5,0.0025,0.125,0.0207,0.0,0.0161,0.0,0.125,0
2026-08-28 20:12:01,step_run2,1.013,0.19,23.33,instantaneous_fallback,2.049,1.151,0.0,1,,4,112,0.004,-46.0,1,0.0,-46.0,6.5,6.5,0.0013,0.1458,0.0144,0.0,0.0085,0.01,0.1458,0
2026-08-28 20:12:02,step_run2,1.013,0.44,20.0,instantaneous_fallback,2.049,1.151,0.0,1,,12,232,0.0157,-47.0,1,-1.0,-46.2,6.5,6.5,0.0029,0.125,0.0144,0.0,0.0085,0.0392,0.125,0
2026-08-28 20:12:03,step_run2,1.015,0.4,20.0,instantaneous_fallback,2.407,0.804,0.0,1,,0,232,0.0154,-47.0,1,0.0,-46.4,6.5,6.5,0.0027,0.125,0.01,0.0,0.01,0.0385,0.125,0
2026-08-28 20:12:04,step_run2,1.013,0.38,20.0,instantaneous_fallback,2.407,0.804,0.0,1,,0,214,0.0156,-47.0,1,0.0,-46.6,6.5,6.5,0.0025,0.125,0.01,0.0,0.01,0.039,0.125,0
2026-08-28 20:12:05,step_run2,1.014,0.37,20.0,instantaneous_fallback,2.991,1.436,0.0,1,,8,214,0.0233,-48.0,1,-1.0,-47.0,6.5,6.5,0.0025,0.125,0.018,0.0,0.0125,0.0583,0.125,0
2026-08-28 20:12:06,step_run2,1.017,0.38,20.0,instantaneous_fallback,2.991,1.436,0.0,1,,0,212,0.0178,-48.0,1,0.0,-47.4,6.5,6.5,0.0025,0.125,0.018,0.0,0.0125,0.0445,0.125,0
2026-08-28 20:12:07,step_run2,1.015,0.37,20.0,instantaneous_fallback,2.991,1.471,0.0,1,,0,218,0.0073,-48.0,1,0.0,-47.6,6.5,6.5,0.0025,0.125,0.0184,0.0,0.0125,0.0182,0.125,0
2026-08-28 20:12:08,step_run2,1.017,0.37,20.0,instantaneous_fallback,2.982,1.471,0.0,1,,0,208,0.0074,-48.0,1,0.0,-47.8,6.5,6.5,0.0025,0.125,0.0184,0.0,0.0124,0.0185,0.125,0
2026-08-28 20:12:09,step_run2,1.019,0.39,16.67,instantaneous_fallback,2.982,0.75,0.0,1,,4,231,0.011,-47.0,1,1.0,-47.8,6.5,6.5,0.0026,0.1042,0.0094,0.0,0.0124,0.0275,0.1042,0
2026-08-28 20:12:10,step_run2,1.013,0.38,16.67,instantaneous_fallback,3.819,0.75,0.0,1,,0,215,0.0037,-47.0,1,0.0,-47.6,6.5,6.5,0.0025,0.1042,0.0094,0.0,0.0159,0.0092,0.1042,0
2026-08-28 20:12:12,step_run2,1.014,0.39,20.0,instantaneous_fallback,3.819,2.455,0.0,1,,0,221,0.0036,-47.0,1,0.0,-47.4,6.5,6.5,0.0026,0.125,0.0307,0.0,0.0159,0.009,0.125,0
2026-08-28 20:12:13,step_run2,1.014,0.36,20.0,instantaneous_fallback,3.819,2.455,0.0,1,,0,202,0.0037,-47.0,1,0.0,-47.2,6.5,6.5,0.0024,0.125,0.0307,0.0,0.0159,0.0092,0.125,0
2026-08-28 20:12:14,step_run2,1.014,0.4,20.0,instantaneous_fallback,2.837,1.218,0.0,1,,2,227,0.0054,-47.0,1,0.0,-47.0,6.5,6.5,0.0027,0.125,0.0152,0.0,0.0118,0.0135,0.125,0
2026-08-28 20:12:15,step_run2,1.016,0.4,20.0,instantaneous_fallback,3.274,1.218,0.0,1,,20,220,0.0199,-47.0,1,0.0,-47.0,6.5,6.5,0.0027,0.125,0.0152,0.0,0.0136,0.0498,0.125,0
2026-08-28 20:12:16,step_run2,1.014,0.2,20.0,instantaneous_fallback,2.413,1.083,0.0,1,,0,116,0.0218,-46.0,1,1.0,-46.8,6.5,6.5,0.0013,0.125,0.0135,0.0,0.0101,0.0545,0.125,0
2026-08-28 20:12:17,step_run2,1.015,0.37,20.0,instantaneous_fallback,2.413,1.083,0.0,1,,0,214,0.022,-46.0,1,0.0,-46.6,6.5,6.5,0.0025,0.125,0.0135,0.0,0.0101,0.055,0.125,0
2026-08-28 20:12:18,step_run2,1.016,0.38,20.0,instantaneous_fallback,2.413,1.083,0.0,1,,0,226,0.0215,-46.0,1,0.0,-46.4,6.5,6.5,0.0025,0.125,0.0135,0.0,0.0101,0.0537,0.125,0
2026-08-28 20:12:19,step_run2,1.014,0.37,20.0,instantaneous_fallback,2.919,1.383,0.0,1,,0,213,0.0198,-46.0,1,0.0,-46.2,6.5,6.5,0.0025,0.125,0.0173,0.0,0.0122,0.0495,0.125,0
2026-08-28 20:12:20,step_run2,1.014,0.37,20.0,instantaneous_fallback,3.053,1.383,0.0,1,,0,214,0.0,-46.0,1,0.0,-46.0,6.5,6.5,0.0025,0.125,0.0173,0.0,0.0127,0.0,0.125,0
2026-08-28 20:12:21,step_run2,1.017,0.37,20.0,instantaneous_fallback,3.291,0.75,0.0,1,,0,214,0.0,-46.0,1,0.0,-46.0,6.5,6.5,0.0025,0.125,0.0094,0.0,0.0137,0.0,0.125,0
2026-08-28 20:12:22,step_run2,1.012,0.39,20.0,instantaneous_fallback,4.049,0.75,0.0,1,,0,227,0.0,-46.0,1,0.0,-46.0,6.5,6.5,0.0026,0.125,0.0094,0.0,0.0169,0.0,0.125,0
2026-08-28 20:12:23,step_run2,1.016,0.36,20.0,instantaneous_fallback,4.049,1.365,0.0,1,,0,204,0.0,-46.0,1,0.0,-46.0,6.5,6.5,0.0024,0.125,0.0171,0.0,0.0169,0.0,0.125,0
2026-08-28 20:12:24,step_run2,1.017,0.38,20.0,instantaneous_fallback,4.049,1.365,0.0,1,,6,228,0.0055,-46.0,1,0.0,-46.0,6.5,6.5,0.0025,0.125,0.0171,0.0,0.0169,0.0137,0.125,0
2026-08-28 20:12:25,step_run2,1.016,0.37,20.0,instantaneous_fallback,2.864,1.243,0.0,1,,0,204,0.0055,-46.0,1,0.0,-46.0,6.5,6.5,0.0025,0.125,0.0155,0.0,0.0119,0.0137,0.125,0
2026-08-28 20:12:26,step_run2,1.014,0.38,16.67,instantaneous_fallback,2.864,1.243,0.0,1,,0,223,0.0055,-46.0,1,0.0,-46.0,6.5,6.5,0.0025,0.1042,0.0155,0.0,0.0119,0.0137,0.1042,0
2026-08-28 20:12:27,step_run2,1.019,0.47,16.67,instantaneous_fallback,2.864,0.967,0.0,1,,0,228,0.0055,-47.0,1,-1.0,-46.2,6.5,6.5,0.0031,0.1042,0.0121,0.0,0.0119,0.0137,0.1042,0
2026-08-28 20:12:28,step_run2,1.015,0.38,16.67,instantaneous_fallback,2.747,0.967,0.0,1,,0,225,0.0054,-47.0,1,0.0,-46.4,6.5,6.5,0.0025,0.1042,0.0121,0.0,0.0114,0.0135,0.1042,0
2026-08-28 20:12:29,step_run2,1.014,0.37,16.67,instantaneous_fallback,2.747,0.603,0.0,1,,0,213,0.0,-47.0,1,0.0,-46.6,6.5,6.5,0.0025,0.1042,0.0075,0.0,0.0114,0.0,0.1042,0
2026-08-28 20:12:30,step_run2,1.014,0.2,16.67,instantaneous_fallback,2.747,0.603,0.0,1,,0,126,0.0,-48.0,1,-1.0,-47.0,6.5,6.5,0.0013,0.1042,0.0075,0.0,0.0114,0.0,0.1042,0
2026-08-28 20:12:31,step_run2,1.014,0.37,16.67,instantaneous_fallback,2.322,0.886,0.0,1,,0,213,0.0,-48.0,1,0.0,-47.4,6.5,6.5,0.0025,0.1042,0.0111,0.0,0.0097,0.0,0.1042,0
2026-08-28 20:12:32,step_run2,1.014,0.39,16.67,instantaneous_fallback,3.469,0.886,0.0,1,,2,228,0.002,-48.0,1,0.0,-47.6,6.5,6.5,0.0026,0.1042,0.0111,0.0,0.0145,0.005,0.1042,0
2026-08-28 20:12:33,step_run2,1.026,0.37,16.67,instantaneous_fallback,3.948,1.984,0.0,1,,0,207,0.002,-48.0,1,0.0,-47.8,6.5,6.5,0.0025,0.1042,0.0248,0.0,0.0164,0.005,0.1042,0
2026-08-28 20:12:34,step_run2,1.024,0.38,20.0,instantaneous_fallback,8.869,1.984,0.0,1,,0,225,0.002,-48.0,1,0.0,-48.0,6.5,6.5,0.0025,0.125,0.0248,0.0,0.037,0.005,0.125,0
2026-08-28 20:12:35,step_run2,1.023,0.37,20.0,instantaneous_fallback,8.869,1.221,0.0,1,,0,213,0.0018,-48.0,1,0.0,-48.0,6.5,6.5,0.0025,0.125,0.0153,0.0,0.037,0.0045,0.125,0
2026-08-28 20:12:36,step_run2,1.021,0.37,23.33,instantaneous_fallback,7.496,1.221,0.0,1,,4,216,0.0055,-49.0,1,-1.0,-48.2,6.5,6.5,0.0025,0.1458,0.0153,0.0,0.0312,0.0137,0.1458,0
2026-08-28 20:12:37,step_run2,1.014,0.39,20.0,instantaneous_fallback,6.707,0.957,0.0,1,,0,219,0.0037,-49.0,1,0.0,-48.4,6.5,6.5,0.0026,0.125,0.012,0.0,0.0279,0.0092,0.125,0
2026-08-28 20:12:38,step_run2,1.014,0.38,20.0,instantaneous_fallback,2.436,0.957,0.0,1,,0,222,0.0036,-49.0,1,0.0,-48.6,6.5,6.5,0.0025,0.125,0.012,0.0,0.0101,0.009,0.125,0
2026-08-28 20:12:39,step_run2,1.017,0.38,20.0,instantaneous_fallback,2.436,1.516,0.0,1,,2,215,0.0055,-49.0,1,0.0,-48.8,6.5,6.5,0.0025,0.125,0.019,0.0,0.0101,0.0137,0.125,0
2026-08-28 20:12:40,step_run2,1.024,0.39,20.0,instantaneous_fallback,7.689,1.516,0.0,1,,0,227,0.0054,-48.0,1,1.0,-48.8,6.5,6.5,0.0026,0.125,0.019,0.0,0.032,0.0135,0.125,0
2026-08-28 20:12:41,step_run2,1.013,0.37,20.0,instantaneous_fallback,7.689,1.782,0.0,1,,0,206,0.0018,-48.0,1,0.0,-48.6,6.5,6.5,0.0025,0.125,0.0223,0.0,0.032,0.0045,0.125,0
2026-08-28 20:12:42,step_run2,1.014,0.39,20.0,instantaneous_fallback,2.675,1.782,0.0,1,,2,229,0.0036,-48.0,1,0.0,-48.4,6.5,6.5,0.0026,0.125,0.0223,0.0,0.0111,0.009,0.125,0
2026-08-28 20:12:43,step_run2,1.015,0.37,16.67,instantaneous_fallback,2.675,1.998,0.0,1,,8,213,0.0109,-48.0,1,0.0,-48.2,6.5,6.5,0.0025,0.1042,0.025,0.0,0.0111,0.0273,0.1042,0
2026-08-28 20:12:44,step_run2,1.013,0.2,16.67,instantaneous_fallback,2.675,1.998,0.0,1,,6,126,0.0157,-47.0,1,1.0,-47.8,6.5,6.5,0.0013,0.1042,0.025,0.0,0.0111,0.0392,0.1042,0
2026-08-28 20:12:45,step_run2,1.016,0.37,16.67,instantaneous_fallback,2.882,0.935,0.0,1,,0,205,0.0161,-47.0,1,0.0,-47.6,6.5,6.5,0.0025,0.1042,0.0117,0.0,0.012,0.0402,0.1042,0
2026-08-28 20:12:46,step_run2,1.014,0.38,16.67,instantaneous_fallback,2.62,0.935,0.0,1,,0,221,0.0158,-47.0,1,0.0,-47.4,6.5,6.5,0.0025,0.1042,0.0117,0.0,0.0109,0.0395,0.1042,0
2026-08-28 20:12:47,step_run2,1.016,0.37,16.67,instantaneous_fallback,2.257,1.268,0.0,1,,0,208,0.0142,-47.0,1,0.0,-47.2,6.5,6.5,0.0025,0.1042,0.0158,0.0,0.0094,0.0355,0.1042,0
2026-08-28 20:12:48,step_run2,1.017,0.38,16.67,instantaneous_fallback,2.257,1.268,0.0,1,,0,227,0.006,-46.0,1,1.0,-46.8,6.5,6.5,0.0025,0.1042,0.0158,0.0,0.0094,0.015,0.1042,0
2026-08-28 20:12:49,step_run2,1.014,0.37,16.67,instantaneous_fallback,3.755,1.266,0.0,1,,0,212,0.0,-46.0,1,0.0,-46.6,6.5,6.5,0.0025,0.1042,0.0158,0.0,0.0156,0.0,0.1042,0
2026-08-28 20:12:50,step_run2,1.014,0.39,16.67,instantaneous_fallback,3.755,1.266,0.0,1,,2,228,0.0018,-46.0,1,0.0,-46.4,6.5,6.5,0.0026,0.1042,0.0158,0.0,0.0156,0.0045,0.1042,0
2026-08-28 20:12:51,step_run2,1.017,0.37,20.0,instantaneous_fallback,3.74,0.81,0.0,1,,0,216,0.0018,-46.0,1,0.0,-46.2,6.5,6.5,0.0025,0.125,0.0101,0.0,0.0156,0.0045,0.125,0
2026-08-28 20:12:52,step_run2,1.013,0.38,20.0,instantaneous_fallback,2.7,0.81,0.0,1,,0,218,0.0018,-46.0,1,0.0,-46.0,6.5,6.5,0.0025,0.125,0.0101,0.0,0.0113,0.0045,0.125,0
2026-08-28 20:12:53,step_run2,1.016,1.11,16.67,instantaneous_fallback,3.74,1.025,0.0,1,,48,283,0.0414,-47.0,1,-1.0,-46.2,6.5,6.5,0.0074,0.1042,0.0128,0.0,0.0156,0.1035,0.1042,0
2026-08-28 20:12:54,step_run2,1.015,0.41,16.67,instantaneous_fallback,2.254,1.025,0.0,1,,6,230,0.0455,-47.0,1,0.0,-46.4,6.5,6.5,0.0027,0.1042,0.0128,0.0,0.0094,0.1137,0.1042,0
2026-08-28 20:12:55,step_run2,1.017,0.38,16.67,instantaneous_fallback,4.136,1.431,0.0,1,,2,215,0.046,-47.0,1,0.0,-46.6,6.5,6.5,0.0025,0.1042,0.0179,0.0,0.0172,0.115,0.1042,0
2026-08-28 20:12:56,step_run2,1.014,0.39,16.67,instantaneous_fallback,2.663,1.431,0.0,1,,4,228,0.0486,-48.0,1,-1.0,-47.0,6.5,6.5,0.0026,0.1042,0.0179,0.0,0.0111,0.1215,0.1042,0
2026-08-28 20:12:57,step_run2,1.016,0.37,16.67,instantaneous_fallback,3.428,1.114,0.0,1,,0,215,0.0487,-48.0,1,0.0,-47.4,6.5,6.5,0.0025,0.1042,0.0139,0.0,0.0143,0.1217,0.1042,0
2026-08-28 20:12:58,step_run2,1.017,0.21,16.67,instantaneous_fallback,3.428,1.114,0.0,1,,2,125,0.0136,-48.0,1,0.0,-47.6,6.5,6.5,0.0014,0.1042,0.0139,0.0,0.0143,0.034,0.1042,0
2026-08-28 20:12:59,step_run2,1.014,0.37,16.67,instantaneous_fallback,3.428,1.769,0.0,1,,0,208,0.008,-48.0,1,0.0,-47.8,6.5,6.5,0.0025,0.1042,0.0221,0.0,0.0143,0.02,0.1042,0
2026-08-28 20:13:00,step_run2,1.028,0.37,17.24,instantaneous_fallback,4.043,1.769,0.0,1,,0,221,0.006,-48.0,1,0.0,-48.0,6.5,6.5,0.0025,0.1077,0.0221,0.0,0.0168,0.015,0.1077,0
2026-08-28 20:13:01,step_run2,1.014,0.37,20.0,delta,3.046,2.004,0.0,1,,4,212,0.0061,-48.0,1,0.0,-48.0,6.5,6.5,0.0025,0.125,0.025,0.0,0.0127,0.0152,0.125,0
2026-08-28 20:13:02,step_run2,1.013,0.39,17.24,instantaneous_fallback,3.487,2.004,0.0,1,,0,227,0.006,-48.0,1,0.0,-48.0,6.5,6.5,0.0026,0.1077,0.025,0.0,0.0145,0.015,0.1077,0
2026-08-28 20:13:03,step_run2,1.013,0.37,20.0,instantaneous_fallback,3.046,0.973,0.0,1,,0,212,0.0037,-48.0,1,0.0,-48.0,6.5,6.5,0.0025,0.125,0.0122,0.0,0.0127,0.0092,0.125,0
2026-08-28 20:13:04,step_run2,1.02,0.38,16.67,instantaneous_fallback,3.487,0.973,0.0,1,,6,226,0.009,-48.0,1,0.0,-48.0,6.5,6.5,0.0025,0.1042,0.0122,0.0,0.0145,0.0225,0.1042,0
2026-08-28 20:13:05,step_run2,1.013,0.37,20.0,instantaneous_fallback,2.578,1.852,0.0,1,,0,212,0.0091,-49.0,1,-1.0,-48.2,6.5,6.5,0.0025,0.125,0.0232,0.0,0.0107,0.0227,0.125,0
2026-08-28 20:13:06,step_run2,1.014,0.38,20.0,instantaneous_fallback,2.578,1.852,0.0,1,,0,216,0.0055,-49.0,1,0.0,-48.4,6.5,6.5,0.0025,0.125,0.0232,0.0,0.0107,0.0137,0.125,0
2026-08-28 20:13:07,step_run2,1.014,0.37,20.0,instantaneous_fallback,2.29,1.081,0.0,1,,0,212,0.0055,-49.0,1,0.0,-48.6,6.5,6.5,0.0025,0.125,0.0135,0.0,0.0095,0.0137,0.125,0
2026-08-28 20:13:08,step_run2,1.015,0.39,20.69,delta,2.187,1.081,0.0,1,,0,228,0.0055,-49.0,1,0.0,-48.8,6.5,6.5,0.0026,0.1293,0.0135,0.0,0.0091,0.0137,0.1293,0
2026-08-28 20:13:09,step_run2,1.019,0.37,20.69,instantaneous_fallback,2.187,1.928,0.0,1,,0,213,0.0,-49.0,1,0.0,-49.0,6.5,6.5,0.0025,0.1293,0.0241,0.0,0.0091,0.0,0.1293,0
2026-08-28 20:13:10,step_run2,1.015,0.38,20.0,instantaneous_fallback,2.205,1.928,0.0,1,,4,223,0.0036,-49.0,1,0.0,-49.0,6.5,6.5,0.0025,0.125,0.0241,0.0,0.0092,0.009,0.125,0
2026-08-28 20:13:11,step_run2,1.017,0.37,20.0,instantaneous_fallback,4.015,1.321,0.0,1,,8,214,0.0109,-49.0,1,0.0,-49.0,6.5,6.5,0.0025,0.125,0.0165,0.0,0.0167,0.0273,0.125,0
2026-08-28 20:13:12,step_run2,1.016,0.38,20.0,instantaneous_fallback,2.205,1.321,0.0,1,,0,218,0.0108,-48.0,1,1.0,-48.8,6.5,6.5,0.0025,0.125,0.0165,0.0,0.0092,0.027,0.125,0
2026-08-28 20:13:13,step_run2,1.016,0.19,20.0,instantaneous_fallback,2.205,0.575,0.0,1,,0,109,0.0121,-49.0,1,-1.0,-48.8,6.5,6.5,0.0013,0.125,0.0072,0.0,0.0092,0.0302,0.125,0
2026-08-28 20:13:14,step_run2,1.015,0.38,20.0,instantaneous_fallback,2.205,0.575,0.0,1,,0,224,0.012,-49.0,1,0.0,-48.8,6.5,6.5,0.0025,0.125,0.0072,0.0,0.0092,0.03,0.125,0
2026-08-28 20:13:16,step_run2,1.015,0.39,20.0,instantaneous_fallback,2.894,1.491,0.0,1,,0,216,0.0081,-49.0,1,0.0,-48.8,6.5,6.5,0.0026,0.125,0.0186,0.0,0.0121,0.0202,0.125,0
2026-08-28 20:13:17,step_run2,1.018,0.39,16.67,instantaneous_fallback,4.107,1.491,0.0,1,,0,221,0.0,-50.0,1,-1.0,-49.0,6.5,6.5,0.0026,0.1042,0.0186,0.0,0.0171,0.0,0.1042,0
2026-08-28 20:13:18,step_run2,1.018,0.37,16.67,instantaneous_fallback,3.567,1.265,0.0,1,,0,213,0.0,-50.0,1,0.0,-49.4,6.5,6.5,0.0025,0.1042,0.0158,0.0,0.0149,0.0,0.1042,0
2026-08-28 20:13:19,step_run2,1.013,0.38,20.0,instantaneous_fallback,3.567,1.265,0.0,1,,0,224,0.0,-50.0,1,0.0,-49.6,6.5,6.5,0.0025,0.125,0.0158,0.0,0.0149,0.0,0.125,0
2026-08-28 20:13:20,step_run2,1.016,0.37,20.0,instantaneous_fallback,3.567,0.834,0.0,1,,0,206,0.0,-50.0,1,0.0,-49.8,6.5,6.5,0.0025,0.125,0.0104,0.0,0.0149,0.0,0.125,0
2026-08-28 20:13:21,step_run2,1.014,0.38,20.0,instantaneous_fallback,3.51,0.834,0.0,1,,0,226,0.0,-50.0,1,0.0,-50.0,6.5,6.5,0.0025,0.125,0.0104,0.0,0.0146,0.0,0.125,0
2026-08-28 20:13:22,step_run2,1.015,0.36,16.67,instantaneous_fallback,3.51,0.609,0.0,1,,0,203,0.0,-50.0,1,0.0,-50.0,6.5,6.5,0.0024,0.1042,0.0076,0.0,0.0146,0.0,0.1042,0
2026-08-28 20:13:23,step_run2,1.016,0.38,20.0,instantaneous_fallback,3.51,0.609,0.0,1,,0,225,0.0,-50.0,1,0.0,-50.0,6.5,6.5,0.0025,0.125,0.0076,0.0,0.0146,0.0,0.125,0
2026-08-28 20:13:24,step_run2,1.014,0.37,20.0,instantaneous_fallback,2.582,1.884,0.0,1,,0,212,0.0,-50.0,1,0.0,-50.0,6.5,6.5,0.0025,0.125,0.0235,0.0,0.0108,0.0,0.125,0
2026-08-28 20:13:25,step_run2,1.014,0.39,20.0,instantaneous_fallback,3.795,1.884,0.0,1,,0,226,0.0,-50.0,1,0.0,-50.0,6.5,6.5,0.0026,0.125,0.0235,0.0,0.0158,0.0,0.125,0
2026-08-28 20:13:26,step_run2,1.018,0.37,20.0,instantaneous_fallback,3.815,0.641,0.0,1,,8,206,0.0074,-50.0,1,0.0,-50.0,6.5,6.5,0.0025,0.125,0.008,0.0,0.0159,0.0185,0.125,0
2026-08-28 20:13:27,step_run2,1.015,0.38,20.0,instantaneous_fallback,3.815,0.641,0.0,1,,0,227,0.0072,-50.0,1,0.0,-50.0,6.5,6.5,0.0025,0.125,0.008,0.0,0.0159,0.018,0.125,0
2026-08-28 20:13:28,step_run2,1.013,0.37,16.67,instantaneous_fallback,2.121,1.438,0.0,1,,0,211,0.0073,-50.0,1,0.0,-50.0,6.5,6.5,0.0025,0.1042,0.018,0.0,0.0088,0.0182,0.1042,0
2026-08-28 20:13:29,step_run2,1.013,0.2,16.67,instantaneous_fallback,2.121,1.438,0.0,1,,0,115,0.0081,-50.0,1,0.0,-50.0,6.5,6.5,0.0013,0.1042,0.018,0.0,0.0088,0.0202,0.1042,0
2026-08-28 20:13:30,step_run2,1.013,0.38,16.67,instantaneous_fallback,2.774,0.935,0.0,1,,0,205,0.0082,-50.0,1,0.0,-50.0,6.5,6.5,0.0025,0.1042,0.0117,0.0,0.0116,0.0205,0.1042,0
2026-08-28 20:13:31,step_run2,1.013,0.35,16.67,instantaneous_fallback,3.386,0.935,0.0,1,,0,203,0.0,-50.0,1,0.0,-50.0,6.5,6.5,0.0023,0.1042,0.0117,0.0,0.0141,0.0,0.1042,0
2026-08-28 20:13:32,step_run2,1.013,0.37,16.67,instantaneous_fallback,3.386,1.533,0.0,1,,0,212,0.0,-50.0,1,0.0,-50.0,6.5,6.5,0.0025,0.1042,0.0192,0.0,0.0141,0.0,0.1042,0
2026-08-28 20:13:33,step_run2,1.018,3.39,16.67,instantaneous_fallback,4.392,1.533,0.0,1,,28,391,0.0243,-57.0,1,-7.0,-51.4,6.5,6.5,0.0226,0.1042,0.0192,0.0,0.0183,0.0607,0.1042,0
2026-08-28 20:13:34,step_run2,1.019,0.43,16.67,instantaneous_fallback,4.392,2.103,0.0,1,,0,227,0.0221,-57.0,1,0.0,-52.8,6.5,6.5,0.0029,0.1042,0.0263,0.0,0.0183,0.0553,0.1042,0
2026-08-28 20:13:35,step_run2,1.015,1.0,20.0,instantaneous_fallback,4.392,2.103,0.0,1,,34,253,0.046,-52.0,1,5.0,-53.2,6.5,6.5,0.0067,0.125,0.0263,0.0,0.0183,0.115,0.125,0
2026-08-28 20:13:36,step_run2,1.013,0.38,20.0,instantaneous_fallback,3.991,1.34,0.0,1,,0,205,0.0459,-52.0,1,0.0,-53.6,6.5,6.5,0.0025,0.125,0.0168,0.0,0.0166,0.1148,0.125,0
2026-08-28 20:13:37,step_run2,1.019,0.4,20.0,instantaneous_fallback,3.991,1.34,0.0,1,,0,233,0.0452,-50.0,1,2.0,-53.6,6.5,6.5,0.0027,0.125,0.0168,0.0,0.0166,0.113,0.125,0
2026-08-28 20:13:38,step_run2,1.014,0.37,20.0,instantaneous_fallback,3.991,1.431,0.0,1,,0,214,0.0292,-50.0,1,0.0,-52.2,6.5,6.5,0.0025,0.125,0.0179,0.0,0.0166,0.073,0.125,0
2026-08-28 20:13:39,step_run2,1.014,3.18,20.0,instantaneous_fallback,3.876,1.431,0.0,1,,6,341,0.0311,-42.0,1,8.0,-49.2,6.5,6.5,0.0212,0.125,0.0179,0.0,0.0162,0.0777,0.125,0
2026-08-28 20:13:40,step_run2,1.017,0.39,20.0,instantaneous_fallback,3.876,0.737,0.0,1,,6,217,0.0098,-42.0,1,0.0,-47.2,6.5,6.5,0.0026,0.125,0.0092,0.0,0.0162,0.0245,0.125,0
2026-08-28 20:13:41,step_run2,1.014,0.44,16.67,instantaneous_fallback,2.543,0.737,0.0,1,,0,236,0.0096,-42.0,1,0.0,-45.2,6.5,6.5,0.0029,0.1042,0.0092,0.0,0.0106,0.024,0.1042,0
2026-08-28 20:13:42,step_run2,1.015,3.18,20.0,instantaneous_fallback,2.679,0.758,0.0,1,,8,346,0.0146,-44.0,1,-2.0,-44.0,6.5,6.5,0.0212,0.125,0.0095,0.0,0.0112,0.0365,0.125,0
2026-08-28 20:13:43,step_run2,1.014,0.27,20.0,instantaneous_fallback,2.679,0.758,0.0,1,,4,133,0.0185,-44.0,1,0.0,-42.8,6.5,6.5,0.0018,0.125,0.0095,0.0,0.0112,0.0462,0.125,0
2026-08-28 20:13:44,step_run2,1.019,0.38,20.0,instantaneous_fallback,2.854,1.557,0.0,1,,0,207,0.0156,-44.0,1,0.0,-43.2,6.5,6.5,0.0025,0.125,0.0195,0.0,0.0119,0.039,0.125,0
2026-08-28 20:13:45,step_run2,1.013,0.4,20.0,instantaneous_fallback,2.854,1.557,0.0,1,,0,231,0.0103,-44.0,1,0.0,-43.6,6.5,6.5,0.0027,0.125,0.0195,0.0,0.0119,0.0258,0.125,0
2026-08-28 20:13:46,step_run2,1.015,0.39,16.67,instantaneous_fallback,1.847,1.354,0.0,1,,2,216,0.0122,-44.0,1,0.0,-44.0,6.5,6.5,0.0026,0.1042,0.0169,0.0,0.0077,0.0305,0.1042,0
2026-08-28 20:13:47,step_run2,1.013,0.38,16.67,instantaneous_fallback,1.847,1.354,0.0,1,,4,228,0.0098,-43.0,1,1.0,-43.8,6.5,6.5,0.0025,0.1042,0.0169,0.0,0.0077,0.0245,0.1042,0
2026-08-28 20:13:48,step_run2,1.013,1.36,16.67,instantaneous_fallback,2.126,1.334,0.0,1,,0,276,0.0052,-41.0,1,2.0,-43.2,6.5,6.5,0.0091,0.1042,0.0167,0.0,0.0089,0.013,0.1042,0
2026-08-28 20:13:49,step_run2,1.013,0.49,16.67,instantaneous_fallback,2.66,1.334,0.0,1,,4,238,0.0083,-41.0,1,0.0,-42.6,6.5,6.5,0.0033,0.1042,0.0167,0.0,0.0111,0.0207,0.1042,0
2026-08-28 20:13:50,step_run2,1.017,0.39,16.67,instantaneous_fallback,3.603,1.251,0.0,1,,0,219,0.0084,-41.0,1,0.0,-42.0,6.5,6.5,0.0026,0.1042,0.0156,0.0,0.015,0.021,0.1042,0
2026-08-28 20:13:51,step_run2,1.016,0.38,16.67,instantaneous_fallback,3.614,1.251,0.0,1,,16,226,0.0198,-40.0,1,1.0,-41.2,6.5,6.5,0.0025,0.1042,0.0156,0.0,0.0151,0.0495,0.1042,0
2026-08-28 20:13:52,step_run2,1.014,0.37,20.0,instantaneous_fallback,3.614,1.338,0.0,1,,8,214,0.0233,-40.0,1,0.0,-40.6,6.5,6.5,0.0025,0.125,0.0167,0.0,0.0151,0.0583,0.125,0
2026-08-28 20:13:53,step_run2,1.013,0.47,20.0,instantaneous_fallback,5.341,1.338,0.0,1,,12,232,0.0342,-40.0,1,0.0,-40.4,6.5,6.5,0.0031,0.125,0.0167,0.0,0.0223,0.0855,0.125,0
2026-08-28 20:13:54,step_run2,1.015,0.37,20.69,delta,2.429,1.741,0.0,1,,0,203,0.0319,-40.0,1,0.0,-40.2,6.5,6.5,0.0025,0.1293,0.0218,0.0,0.0101,0.0798,0.1293,0
2026-08-28 20:13:55,step_run2,1.012,0.38,20.69,instantaneous_fallback,2.429,1.741,0.0,1,,0,226,0.0317,-40.0,1,0.0,-40.0,6.5,6.5,0.0025,0.1293,0.0218,0.0,0.0101,0.0793,0.1293,0
2026-08-28 20:13:56,step_run2,1.016,3.6,16.67,instantaneous_fallback,1.945,2.481,0.0,1,,44,349,0.0497,-41.0,1,-1.0,-40.2,6.5,6.5,0.024,0.1042,0.031,0.0,0.0081,0.1242,0.1042,0
2026-08-28 20:13:57,step_run2,1.018,0.22,16.67,instantaneous_fallback,1.945,2.481,0.0,1,,4,124,0.0503,-40.0,2,1.0,-40.2,6.5,6.5,0.0015,0.1042,0.031,0.0,0.0081,0.1257,0.1042,0
2026-08-28 20:13:58,step_run2,1.017,0.54,16.67,instantaneous_fallback,4.038,2.33,0.0,1,,24,258,0.0584,-34.0,2,6.0,-39.0,6.5,6.5,0.0036,0.1042,0.0291,0.0,0.0168,0.146,0.1042,0
2026-08-28 20:13:59,step_run2,1.013,0.42,20.0,instantaneous_fallback,4.038,2.33,0.0,1,,6,233,0.0615,-34.0,2,0.0,-37.8,6.5,6.5,0.0028,0.125,0.0291,0.0,0.0168,0.1537,0.125,0
2026-08-28 20:14:00,step_run2,1.02,0.4,16.67,instantaneous_fallback,4.038,1.83,0.0,1,,0,219,0.0619,-34.0,2,0.0,-36.6,6.5,6.5,0.0027,0.1042,0.0229,0.0,0.0168,0.1547,0.1042,0
2026-08-28 20:14:01,step_run2,1.013,0.39,16.67,instantaneous_fallback,4.505,1.83,0.0,1,,0,228,0.031,-34.0,2,0.0,-35.2,6.5,6.5,0.0026,0.1042,0.0229,0.0,0.0188,0.0775,0.1042,0
2026-08-28 20:14:02,step_run2,1.04,0.59,16.67,instantaneous_fallback,5.153,0.728,0.0,1,,8,236,0.0314,-34.0,2,0.0,-34.0,6.5,32.5,0.0039,0.1042,0.0091,0.0,0.0215,0.0785,0.1042,0
2026-08-28 20:14:03,step_run2,1.018,0.59,16.67,instantaneous_fallback,8.295,0.728,0.0,1,,0,237,0.012,-32.33,3,1.67,-33.67,6.5,6.5,0.0039,0.1042,0.0091,0.0,0.0346,0.03,0.1042,0
2026-08-28 20:14:04,step_run2,1.015,0.57,20.0,instantaneous_fallback,8.295,1.008,0.0,1,,92,255,0.0784,-32.67,3,-0.33,-33.4,6.5,17.7,0.0038,0.125,0.0126,0.0,0.0346,0.196,0.125,0
2026-08-28 20:14:05,step_run2,1.017,0.44,20.0,instantaneous_fallback,3.823,1.008,0.0,1,,0,230,0.0778,-33.0,3,-0.33,-33.2,6.5,17.7,0.0029,0.125,0.0126,0.0,0.0159,0.1945,0.125,0
2026-08-28 20:14:06,step_run2,1.016,0.62,20.0,instantaneous_fallback,3.823,1.36,0.0,1,,10,261,0.0828,-33.0,3,0.0,-33.0,6.5,17.7,0.0041,0.125,0.017,0.0,0.0159,0.207,0.125,0
2026-08-28 20:14:07,step_run2,1.024,0.46,20.0,instantaneous_fallback,6.804,1.36,0.0,1,,0,235,0.0773,-33.0,3,0.0,-32.8,6.5,17.7,0.0031,0.125,0.017,0.0,0.0284,0.1932,0.125,0
2026-08-28 20:14:08,step_run2,1.014,0.44,20.0,instantaneous_fallback,6.804,1.375,0.0,1,,0,225,0.078,-33.0,3,0.0,-32.93,6.5,6.5,0.0029,0.125,0.0172,0.0,0.0284,0.195,0.125,0
2026-08-28 20:14:09,step_run2,1.015,1.21,16.67,instantaneous_fallback,2.529,1.375,0.0,1,,4,273,0.0113,-33.0,3,0.0,-33.0,6.5,6.5,0.0081,0.1042,0.0172,0.0,0.0105,0.0282,0.1042,0
2026-08-28 20:14:10,step_run2,1.017,0.22,20.0,instantaneous_fallback,2.529,1.041,0.0,1,,0,114,0.0125,-33.0,3,0.0,-33.0,6.5,6.5,0.0015,0.125,0.013,0.0,0.0105,0.0312,0.125,0
2026-08-28 20:14:11,step_run2,1.016,0.45,16.67,instantaneous_fallback,4.447,1.041,0.0,1,,0,240,0.0037,-33.0,3,0.0,-33.0,6.5,6.5,0.003,0.1042,0.013,0.0,0.0185,0.0092,0.1042,0
2026-08-28 20:14:12,step_run2,1.013,3.3,20.0,instantaneous_fallback,4.688,1.849,0.0,1,,12,329,0.0134,-33.0,3,0.0,-33.0,6.5,6.5,0.022,0.125,0.0231,0.0,0.0195,0.0335,0.125,0
2026-08-28 20:14:13,step_run2,1.014,0.39,20.0,instantaneous_fallback,4.688,1.849,0.0,1,,0,219,0.0134,-33.0,3,0.0,-33.0,6.5,6.5,0.0026,0.125,0.0231,0.0,0.0195,0.0335,0.125,0
2026-08-28 20:14:14,step_run2,1.018,0.47,23.33,instantaneous_fallback,4.176,2.047,0.0,1,,0,214,0.0106,-33.0,3,0.0,-33.0,6.5,6.5,0.0031,0.1458,0.0256,0.0,0.0174,0.0265,0.1458,0
2026-08-28 20:14:15,step_run2,1.018,0.41,20.0,instantaneous_fallback,3.676,2.047,0.0,1,,8,230,0.016,-33.0,3,0.0,-33.0,6.5,6.5,0.0027,0.125,0.0256,0.0,0.0153,0.04,0.125,0
2026-08-28 20:14:16,step_run2,1.014,0.42,16.67,instantaneous_fallback,3.676,3.136,0.0,1,,0,228,0.0161,-33.33,3,-0.33,-33.07,6.5,6.5,0.0028,0.1042,0.0392,0.0,0.0153,0.0402,0.1042,0
2026-08-28 20:14:17,step_run2,1.014,0.47,16.67,instantaneous_fallback,3.676,3.136,0.0,1,,8,230,0.0141,-33.67,3,-0.33,-33.2,6.5,6.5,0.0031,0.1042,0.0392,0.0,0.0153,0.0352,0.1042,0
2026-08-28 20:14:18,step_run2,1.014,0.91,16.67,instantaneous_fallback,2.522,0.968,0.0,1,,0,243,0.0138,-34.0,3,-0.33,-33.4,6.5,6.5,0.0061,0.1042,0.0121,0.0,0.0105,0.0345,0.1042,0
2026-08-28 20:14:20,step_run2,1.025,0.39,16.67,instantaneous_fallback,4.428,0.968,0.0,1,,0,223,0.0137,-34.0,3,0.0,-33.6,6.5,6.5,0.0026,0.1042,0.0121,0.0,0.0185,0.0343,0.1042,0
2026-08-28 20:14:21,step_run2,1.015,0.39,16.67,instantaneous_fallback,6.716,1.964,0.0,1,,0,215,0.007,-34.0,3,0.0,-33.8,6.5,6.5,0.0026,0.1042,0.0245,0.0,0.028,0.0175,0.1042,0
2026-08-28 20:14:22,step_run2,1.014,0.38,16.67,instantaneous_fallback,9.236,1.964,0.0,1,,12,225,0.0173,-34.0,3,0.0,-33.93,6.5,6.5,0.0025,0.1042,0.0245,0.0,0.0385,0.0432,0.1042,0
2026-08-28 20:14:23,step_run2,1.015,3.2,16.67,instantaneous_fallback,6.716,1.225,0.0,1,,6,297,0.0147,-34.0,3,0.0,-34.0,6.5,6.5,0.0213,0.1042,0.0153,0.0,0.028,0.0367,0.1042,0
2026-08-28 20:14:24,step_run2,1.014,0.26,23.33,instantaneous_fallback,12.582,1.225,0.0,1,,10,129,0.0251,-34.0,3,0.0,-34.0,6.5,6.5,0.0017,0.1458,0.0153,0.0,0.0524,0.0628,0.1458,0
2026-08-28 20:14:25,step_run2,1.016,0.78,23.33,instantaneous_fallback,4.246,0.813,0.0,1,,6,250,0.0296,-34.0,3,0.0,-34.0,6.5,6.5,0.0052,0.1458,0.0102,0.0,0.0177,0.074,0.1458,0
2026-08-28 20:14:26,step_run2,1.015,0.4,23.33,instantaneous_fallback,2.923,0.813,0.0,1,,2,230,0.0308,-34.0,3,0.0,-34.0,6.5,6.5,0.0027,0.1458,0.0102,0.0,0.0122,0.077,0.1458,0
2026-08-28 20:14:27,step_run2,1.013,0.38,20.0,instantaneous_fallback,2.683,1.731,0.0,1,,0,215,0.021,-34.0,3,0.0,-34.0,6.5,6.5,0.0025,0.125,0.0216,0.0,0.0112,0.0525,0.125,0
2026-08-28 20:14:28,step_run2,1.015,0.4,16.67,instantaneous_fallback,2.382,1.731,0.0,1,,10,225,0.026,-34.33,3,-0.33,-34.07,6.5,6.5,0.0027,0.1042,0.0216,0.0,0.0099,0.065,0.1042,0
2026-08-28 20:14:29,step_run2,1.016,0.39,16.67,instantaneous_fallback,2.382,1.124,0.0,1,,0,208,0.0157,-34.33,3,0.0,-34.13,6.5,6.5,0.0026,0.1042,0.0141,0.0,0.0099,0.0392,0.1042,0
2026-08-28 20:14:30,step_run2,1.013,0.47,16.67,instantaneous_fallback,3.964,1.124,0.0,1,,0,241,0.0106,-34.33,3,0.0,-34.2,6.5,6.5,0.0031,0.1042,0.0141,0.0,0.0165,0.0265,0.1042,0
2026-08-28 20:14:31,step_run2,1.015,1.0,16.67,instantaneous_fallback,3.964,1.691,0.0,1,,0,256,0.0087,-34.33,3,0.0,-34.27,6.5,6.5,0.0067,0.1042,0.0211,0.0,0.0165,0.0217,0.1042,0
2026-08-28 20:14:32,step_run2,1.095,0.37,20.0,instantaneous_fallback,4.006,1.691,0.0,1,,102,230,0.0881,-34.33,3,0.0,-34.33,6.5,31.3,0.0025,0.125,0.0211,0.0,0.0167,0.2203,0.125,0
2026-08-28 20:14:33,step_run2,1.049,0.35,20.0,delta,33.76,7.377,0.0,1,,15,208,0.0929,-34.33,3,0.0,-34.33,6.5,17.7,0.0023,0.125,0.0922,0.0,0.1407,0.2322,0.1407,0
2026-08-28 20:14:34,step_run2,1.013,0.36,20.0,instantaneous_fallback,33.76,7.377,0.0,1,,40,210,0.1206,-34.67,3,-0.33,-34.4,6.5,17.7,0.0024,0.125,0.0922,0.0,0.1407,0.353,0.1407,0
2026-08-28 20:14:35,step_run2,1.013,0.39,20.0,instantaneous_fallback,14.565,2.095,0.0,1,,0,213,0.1232,-34.67,3,0.0,-34.47,6.5,31.3,0.0026,0.125,0.0262,0.0,0.0607,0.366,0.125,0
2026-08-28 20:14:36,step_run2,1.013,3.7,20.0,instantaneous_fallback,2.137,2.095,0.0,1,,58,381,0.1476,-34.33,3,0.33,-34.47,6.5,31.3,0.0247,0.125,0.0262,0.0,0.0089,0.488,0.125,0
2026-08-28 20:14:37,step_run2,1.015,0.38,20.0,instantaneous_fallback,2.137,1.163,0.0,1,,0,206,0.0849,-34.67,3,-0.33,-34.53,6.5,6.5,0.0025,0.125,0.0145,0.0,0.0089,0.2122,0.125,0
2026-08-28 20:14:38,step_run2,1.016,0.4,20.0,instantaneous_fallback,2.139,1.163,0.0,1,,0,226,0.0735,-34.67,3,0.0,-34.6,6.5,6.5,0.0027,0.125,0.0145,0.0,0.0089,0.1837,0.125,0
2026-08-28 20:14:39,step_run2,1.015,0.2,20.0,instantaneous_fallback,2.546,1.029,0.0,1,,0,111,0.0485,-34.67,3,0.0,-34.6,6.5,6.5,0.0013,0.125,0.0129,0.0,0.0106,0.1213,0.125,0
2026-08-28 20:14:40,step_run2,1.02,0.64,20.0,instantaneous_fallback,2.934,1.029,0.0,1,,2,236,0.0492,-35.0,3,-0.33,-34.67,6.5,32.5,0.0043,0.125,0.0129,0.0,0.0122,0.123,0.125,0
2026-08-28 20:14:41,step_run2,1.015,0.39,20.0,instantaneous_fallback,4.038,2.078,0.0,1,,4,230,0.0059,-35.0,3,0.0,-34.8,6.5,6.5,0.0026,0.125,0.026,0.0,0.0168,0.0147,0.125,0
2026-08-28 20:14:42,step_run2,1.026,3.31,20.0,instantaneous_fallback,6.308,2.078,0.0,1,,54,307,0.0513,-34.33,3,0.67,-34.73,6.5,6.5,0.0221,0.125,0.026,0.0,0.0263,0.1283,0.125,0
2026-08-28 20:14:43,step_run2,1.023,0.4,20.0,instantaneous_fallback,6.31,1.127,0.0,1,,2,223,0.053,-34.67,3,-0.33,-34.73,6.5,6.5,0.0027,0.125,0.0141,0.0,0.0263,0.1325,0.125,0
2026-08-28 20:14:44,step_run2,1.021,0.4,20.0,instantaneous_fallback,6.31,1.127,0.0,1,,0,223,0.0484,-34.67,3,0.0,-34.73,6.5,6.5,0.0027,0.125,0.0141,0.0,0.0263,0.121,0.125,0
2026-08-28 20:14:45,step_run2,1.014,0.7,20.0,instantaneous_fallback,6.137,1.574,0.0,1,,4,221,0.0505,-34.67,3,0.0,-34.67,6.5,6.5,0.0047,0.125,0.0197,0.0,0.0256,0.1263,0.125,0
2026-08-28 20:14:46,step_run2,1.015,0.4,20.0,instantaneous_fallback,3.392,1.574,0.0,1,,0,219,0.0479,-34.67,3,0.0,-34.6,6.5,6.5,0.0027,0.125,0.0197,0.0,0.0141,0.1197,0.125,0
2026-08-28 20:14:47,step_run2,1.018,0.38,20.0,instantaneous_fallback,3.392,1.212,0.0,1,,0,210,0.0054,-34.67,3,0.0,-34.67,6.5,6.5,0.0025,0.125,0.0152,0.0,0.0141,0.0135,0.125,0
2026-08-28 20:14:48,step_run2,1.015,0.4,16.67,instantaneous_fallback,2.461,1.212,0.0,1,,20,226,0.0214,-34.67,3,0.0,-34.67,6.5,6.5,0.0027,0.1042,0.0152,0.0,0.0103,0.0535,0.1042,0
2026-08-28 20:14:49,step_run2,1.014,0.48,20.0,instantaneous_fallback,2.461,1.149,0.0,1,,0,236,0.0211,-34.67,3,0.0,-34.67,6.5,6.5,0.0032,0.125,0.0144,0.0,0.0103,0.0527,0.125,0
2026-08-28 20:43:33,step_run3,0.0,0.0,13.33,instantaneous,3.305,,,0,,0,0,0.0,-39.67,3,0.0,-39.67,0.0,0.0,0.0,0.0833,0.0,0.0,0.0138,0.0,0.0833,0
2026-08-28 20:43:35,step_run3,1.013,15.5,13.56,instantaneous_fallback,3.353,1.392,0.0,1,,772,1767,0.3041,-40.0,3,-0.33,-39.83,6.5,14.1,0.1033,0.0848,0.0174,0.0,0.014,0.8402,0.0848,0
2026-08-28 20:43:36,step_run3,1.009,0.4,13.79,delta,3.305,1.392,0.0,1,,0,234,0.2784,-40.0,3,0.0,-39.89,13.5,13.5,0.0027,0.0862,0.0174,0.0,0.0138,0.7973,0.0862,0
2026-08-28 20:43:37,step_run3,1.011,0.19,16.67,instantaneous_fallback,3.197,0.801,0.0,1,,0,110,0.2678,-40.33,3,-0.33,-40.0,14.4,14.4,0.0013,0.1042,0.01,0.0,0.0133,0.7797,0.1042,0
2026-08-28 20:43:38,step_run3,1.018,0.38,16.67,instantaneous_fallback,3.197,0.801,0.0,1,,6,226,0.2498,-40.33,3,0.0,-40.07,58.5,58.5,0.0025,0.1042,0.01,0.0,0.0133,0.7495,0.1042,0
2026-08-28 20:43:39,step_run3,1.019,0.38,16.67,instantaneous_fallback,4.712,3.202,0.0,1,,0,224,0.233,-40.33,3,0.0,-40.2,6.5,14.1,0.0025,0.1042,0.04,0.0,0.0196,0.7075,0.1042,0
2026-08-28 20:43:40,step_run3,1.014,29.29,16.67,delta,4.712,3.202,0.0,1,,1244,2978,0.2489,-40.0,3,0.33,-40.2,6.5,32.1,0.1953,0.1042,0.04,0.0,0.0196,0.7472,0.1042,0
2026-08-28 20:43:41,step_run3,1.013,0.4,17.24,instantaneous_fallback,1.991,0.989,0.0,1,,0,219,0.2497,-40.33,3,-0.33,-40.27,6.5,10.8,0.0027,0.1077,0.0124,0.0,0.0083,0.7492,0.1077,0
2026-08-28 20:43:42,step_run3,1.015,0.44,20.0,instantaneous_fallback,1.991,0.989,0.0,1,,0,232,0.2437,-40.33,3,0.0,-40.27,6.5,6.5,0.0029,0.125,0.0124,0.0,0.0083,0.7343,0.125,0
2026-08-28 20:43:43,step_run3,1.027,0.99,20.0,instantaneous_fallback,2.56,1.533,0.0,1,,0,253,0.2416,-40.33,3,0.0,-40.27,27.0,27.0,0.0066,0.125,0.0192,0.0,0.0107,0.729,0.125,0
2026-08-28 20:43:44,step_run3,1.019,16.83,20.0,instantaneous_fallback,6.551,1.533,0.0,1,,502,1899,0.2383,-40.0,3,0.33,-40.2,6.5,30.2,0.1122,0.125,0.0192,0.0,0.0273,0.7208,0.125,0
2026-08-28 20:43:45,step_run3,1.015,14.91,16.67,instantaneous_fallback,6.551,1.475,0.0,1,,740,1684,0.2246,-39.67,3,0.33,-40.13,6.5,66.4,0.0994,0.1042,0.0184,0.0,0.0273,0.6865,0.1042,0
2026-08-28 20:43:46,step_run3,1.014,3.61,16.67,instantaneous_fallback,3.209,1.475,0.0,1,,88,419,0.2286,-40.33,3,-0.67,-40.13,6.5,25.8,0.0241,0.1042,0.0184,0.0,0.0134,0.6965,0.1042,0
2026-08-28 20:43:47,step_run3,1.013,0.39,17.24,delta,2.848,1.844,0.0,1,,2,208,0.2299,-40.33,3,0.0,-40.13,7.2,7.2,0.0026,0.1077,0.0231,0.0,0.0119,0.6997,0.1077,0
2026-08-28 20:43:48,step_run3,1.013,0.4,17.24,instantaneous_fallback,3.209,1.844,0.0,1,,22,221,0.2341,-40.33,3,0.0,-40.13,57.8,57.8,0.0027,0.1077,0.0231,0.0,0.0134,0.7103,0.1077,0
2026-08-28 20:43:49,step_run3,1.018,27.39,20.0,instantaneous_fallback,3.995,1.609,0.0,1,,846,2918,0.2375,-40.0,3,0.33,-40.13,6.5,32.1,0.1826,0.125,0.0201,0.0,0.0166,0.7188,0.125,0
2026-08-28 20:43:50,step_run3,1.014,0.21,17.24,instantaneous_fallback,3.995,1.609,0.0,1,,0,130,0.1974,-40.0,3,0.0,-40.2,6.5,30.1,0.0014,0.1077,0.0201,0.0,0.0166,0.6185,0.1077,0
2026-08-28 20:43:51,step_run3,1.017,3.7,20.0,delta,3.635,1.485,0.0,1,,0,404,0.1831,-40.0,3,0.0,-40.13,21.7,39.8,0.0247,0.125,0.0186,0.0,0.0151,0.5828,0.125,0
2026-08-28 20:43:52,step_run3,1.018,4.56,23.33,instantaneous_fallback,3.635,1.485,0.0,1,,268,432,0.2168,-40.33,3,-0.33,-40.13,6.5,30.4,0.0304,0.1458,0.0186,0.0,0.0151,0.667,0.1458,0
2026-08-28 20:43:53,step_run3,1.017,52.29,23.33,instantaneous_fallback,8.452,2.979,0.0,1,,1828,5468,0.2393,-42.0,3,-1.67,-40.47,6.5,26.2,0.3486,0.1458,0.0372,0.0,0.0352,0.7232,0.1458,0
2026-08-28 20:43:54,step_run3,1.014,42.86,23.33,instantaneous_fallback,14.614,2.979,0.0,1,,638,2581,0.2327,-42.33,3,-0.33,-40.93,6.5,78.2,0.2857,0.1458,0.0372,0.0,0.0609,0.7067,0.1458,0
2026-08-28 20:43:55,step_run3,1.016,44.51,30.0,instantaneous_fallback,14.614,5.593,0.0,1,,752,2439,0.2354,-42.0,3,0.33,-41.33,58.5,58.5,0.2967,0.1875,0.0699,0.0,0.0609,0.7135,0.1875,0
2026-08-28 20:43:56,step_run3,1.016,45.24,43.33,instantaneous_fallback,7.968,5.593,0.0,1,,1446,2590,0.2674,-44.33,3,-2.33,-42.2,28.9,28.9,0.3016,0.3055,0.0699,0.0,0.0332,0.779,0.3055,1
2026-08-28 20:43:57,step_run3,1.036,39.94,48.28,instantaneous_fallback,7.968,6.023,1.064,1,,1568,2303,0.2883,-43.67,3,0.67,-42.87,6.5,10.4,0.2663,0.388,0.0753,0.504,0.0332,0.8138,0.504,2
2026-08-28 20:43:58,step_run3,1.173,37.42,48.28,delta,49.461,6.023,1.064,1,,1288,2488,0.3146,-43.33,3,0.33,-43.13,6.5,63.2,0.2495,0.388,0.0753,0.504,0.2061,0.8577,0.504,2
2026-08-28 20:43:59,step_run3,1.125,21.26,65.52,instantaneous_fallback,86.685,6.493,1.596,1,,1982,1313,0.3873,-44.0,3,-0.67,-43.47,43.3,43.3,0.1417,0.6315,0.0812,0.5373,0.3612,0.9788,0.6315,2
2026-08-28 20:44:00,step_run3,1.025,30.7,65.52,delta,86.685,6.493,1.596,1,,3546,1766,0.4845,-44.0,3,0.0,-43.87,57.8,57.8,0.2047,0.6315,0.0812,0.5373,0.3612,1.0,0.6315,2
2026-08-28 20:44:01,step_run3,1.233,26.64,56.67,instantaneous_fallback,206.31,6.493,1.596,1,,1212,1558,0.5044,-44.0,3,0.0,-43.8,52.0,52.0,0.1776,0.5209,0.0812,0.5373,0.6199,1.0,0.6199,2
2026-08-28 20:44:03,step_run3,2.012,20.45,56.67,instantaneous_fallback,36.667,25.825,13.032,1,,1772,2200,0.5124,-42.33,3,1.67,-43.53,6.5,30.1,0.1363,0.5209,0.3956,1.0,0.1528,1.0,1.0,3
2026-08-28 20:44:05,step_run3,1.019,113.5,63.33,instantaneous_fallback,36.667,25.825,13.032,1,,2306,4973,0.4781,-42.33,3,0.0,-43.33,6.5,27.9,0.7567,0.6041,0.3956,1.0,0.1528,1.0,1.0,3
2026-08-28 20:44:06,step_run3,1.017,43.21,63.33,instantaneous_fallback,6.216,25.825,13.032,1,,458,2274,0.4212,-42.33,3,0.0,-43.0,6.5,9.8,0.2881,0.6041,0.3956,1.0,0.0259,1.0,1.0,3
2026-08-28 20:44:07,step_run3,1.022,40.39,53.33,instantaneous_fallback,6.216,25.825,13.032,1,,838,2228,0.3323,-37.67,3,4.67,-41.73,60.0,60.0,0.2693,0.4722,0.3956,1.0,0.0259,0.8872,1.0,3
2026-08-28 20:44:08,step_run3,1.019,46.83,46.67,instantaneous_fallback,8.44,3.193,0.0,1,,884,2620,0.3045,-39.0,3,-1.33,-40.73,6.5,57.2,0.3122,0.3612,0.0399,0.0,0.0352,0.8408,0.3612,1
2026-08-28 20:44:09,step_run3,1.045,42.59,46.67,instantaneous_fallback,9.029,3.193,0.0,1,,702,2469,0.2627,-38.0,3,1.0,-39.87,6.5,66.4,0.2839,0.3612,0.0399,0.0,0.0376,0.7712,0.3612,1
2026-08-28 20:44:10,step_run3,1.042,40.7,46.67,instantaneous_fallback,18.007,3.342,0.0,1,,1272,2240,0.2599,-38.67,3,-0.67,-39.13,45.0,45.0,0.2713,0.3612,0.0418,0.0,0.075,0.7665,0.3612,1
2026-08-28 20:44:11,step_run3,1.016,44.75,48.28,delta,18.007,3.342,0.0,1,,764,2633,0.2679,-38.33,3,0.33,-38.33,26.0,41.9,0.2983,0.388,0.0418,0.0,0.075,0.7798,0.388,1
2026-08-28 20:44:12,step_run3,1.015,46.73,62.07,instantaneous_fallback,7.028,2.246,0.0,1,,666,2610,0.2543,-39.0,3,-0.67,-38.6,21.7,21.7,0.3115,0.5884,0.0281,0.0,0.0293,0.7572,0.5884,2
2026-08-28 20:44:13,step_run3,1.022,42.69,62.07,instantaneous_fallback,7.028,2.246,0.0,1,,492,2423,0.2394,-38.67,3,0.33,-38.53,6.5,35.8,0.2846,0.5884,0.0281,0.0,0.0293,0.7235,0.5884,2
2026-08-28 20:44:14,step_run3,1.015,22.11,40.0,instantaneous_fallback,3.845,4.114,0.0,1,,264,1218,0.2371,-39.0,3,-0.33,-38.73,60.0,60.0,0.1474,0.25,0.0514,0.0,0.016,0.7177,0.25,1
2026-08-28 20:44:15,step_run3,1.022,43.48,40.0,instantaneous_fallback,8.654,4.114,0.0,1,,768,2479,0.2063,-38.33,3,0.67,-38.67,26.0,26.0,0.2899,0.25,0.0514,0.0,0.0361,0.6408,0.25,1
2026-08-28 20:44:16,step_run3,1.024,45.08,43.33,instantaneous_fallback,6.67,2.935,0.0,1,,1052,2545,0.2233,-37.0,3,1.33,-38.4,43.3,43.3,0.3005,0.3055,0.0367,0.0,0.0278,0.6832,0.3055,1
2026-08-28 20:44:17,step_run3,1.022,43.76,43.33,instantaneous_fallback,8.654,2.935,0.0,1,,558,2483,0.2194,-38.33,3,-1.33,-38.27,43.3,43.3,0.2917,0.3055,0.0367,0.0,0.0361,0.6735,0.3055,1
2026-08-28 20:44:18,step_run3,1.07,41.97,43.33,instantaneous_fallback,9.648,6.173,0.0,1,,1264,2472,0.2586,-38.67,3,-0.33,-38.27,6.5,16.2,0.2798,0.3055,0.0772,0.0,0.0402,0.7643,0.3055,1
2026-08-28 20:44:19,step_run3,1.048,42.89,43.33,instantaneous_fallback,23.584,6.173,0.0,1,,1082,2502,0.2746,-38.67,3,0.0,-38.2,6.5,10.0,0.2859,0.3055,0.0772,0.0,0.0983,0.791,0.3055,1
2026-08-28 20:44:20,step_run3,1.022,44.2,44.83,delta,23.584,3.336,0.0,1,,1166,2561,0.2896,-39.33,3,-0.67,-38.4,6.5,13.0,0.2947,0.3305,0.0417,0.0,0.0983,0.816,0.3305,1
2026-08-28 20:44:21,step_run3,1.017,43.95,44.83,instantaneous_fallback,14.88,3.336,0.0,1,,1144,2489,0.2942,-38.67,3,0.67,-38.73,6.5,16.2,0.293,0.3305,0.0417,0.0,0.062,0.8237,0.3305,1
2026-08-28 20:44:22,step_run3,1.036,41.96,100.0,delta,14.88,2.766,0.0,1,,890,2404,0.3086,-37.33,3,1.33,-38.53,6.5,64.0,0.2797,1.0,0.0346,0.0,0.062,0.8477,1.0,3
2026-08-28 20:44:23,step_run3,1.023,45.23,46.67,instantaneous_fallback,18.022,2.766,0.0,1,,674,2585,0.2832,-38.0,3,-0.67,-38.4,6.5,30.2,0.3015,0.3612,0.0346,0.0,0.0751,0.8053,0.3612,1
2026-08-28 20:44:24,step_run3,1.013,42.52,46.67,instantaneous_fallback,18.022,2.332,0.0,1,,472,2392,0.259,-37.33,3,0.67,-38.13,121.5,121.5,0.2835,0.3612,0.0291,0.0,0.0751,0.765,0.3612,1
2026-08-28 20:44:25,step_run3,1.047,44.04,46.67,instantaneous_fallback,18.022,2.332,0.0,1,,502,2542,0.2288,-37.67,3,-0.33,-37.8,6.5,24.9,0.2936,0.3612,0.0291,0.0,0.0751,0.697,0.3612,1
2026-08-28 20:44:26,step_run3,1.02,43.07,46.67,instantaneous_fallback,15.784,6.39,0.0,1,,432,2430,0.1938,-37.67,3,0.0,-37.6,6.5,22.8,0.2871,0.3612,0.0799,0.0,0.0658,0.6095,0.3612,1
2026-08-28 20:44:27,step_run3,1.098,35.47,46.67,instantaneous_fallback,20.929,6.39,0.0,1,,1000,2159,0.2028,-37.0,3,0.67,-37.53,28.9,28.9,0.2365,0.3612,0.0799,0.0,0.0872,0.632,0.3612,1
2026-08-28 20:44:28,step_run3,1.014,41.85,60.0,instantaneous_fallback,23.07,6.772,0.0,1,,1368,2191,0.2437,-36.0,3,1.0,-37.13,14.4,14.4,0.279,0.5625,0.0847,0.0,0.0961,0.7343,0.5625,2
2026-08-28 20:44:29,step_run3,1.061,50.0,60.0,instantaneous_fallback,33.848,6.772,0.0,1,,1082,3009,0.2623,-36.67,3,-0.67,-37.0,6.5,51.4,0.3333,0.5625,0.0847,0.0,0.141,0.7705,0.5625,2
2026-08-28 20:44:30,step_run3,1.056,36.56,60.0,instantaneous_fallback,29.225,6.772,0.0,1,,514,1979,0.272,-36.33,3,0.33,-36.73,30.0,30.0,0.2437,0.5625,0.0847,0.0,0.1218,0.7867,0.5625,2
2026-08-28 20:44:31,step_run3,1.062,33.6,60.0,delta,33.848,6.772,0.0,1,,1206,1871,0.3156,-36.67,3,-0.33,-36.53,15.0,15.0,0.224,0.5625,0.0847,0.0,0.141,0.8593,0.5625,2
2026-08-28 20:44:32,step_run3,1.017,49.58,66.67,instantaneous_fallback,29.225,2.961,0.266,1,,1596,2715,0.3289,-37.33,3,-0.67,-36.6,6.5,25.8,0.3305,0.6459,0.037,0.133,0.1218,0.8815,0.6459,2
2026-08-28 20:44:33,step_run3,1.018,32.15,66.67,instantaneous_fallback,27.005,2.961,0.266,1,,750,1861,0.3104,-37.0,3,0.33,-36.8,6.5,34.9,0.2143,0.6459,0.037,0.133,0.1125,0.8507,0.6459,2
2026-08-28 20:44:35,step_run3,1.025,43.35,58.62,instantaneous_fallback,9.039,2.218,0.0,1,,756,2456,0.3071,-37.33,3,-0.33,-36.93,81.0,81.0,0.289,0.5453,0.0277,0.0,0.0377,0.8452,0.5453,2
2026-08-28 20:44:36,step_run3,1.018,43.93,46.67,instantaneous_fallback,5.923,2.218,0.0,1,,642,2479,0.3031,-36.67,3,0.67,-37.0,135.0,135.0,0.2929,0.3612,0.0277,0.0,0.0247,0.8385,0.3612,1
2026-08-28 20:44:37,step_run3,1.017,43.49,46.67,instantaneous_fallback,5.923,2.789,0.0,1,,1082,2456,0.2874,-37.33,3,-0.67,-37.13,6.5,6.8,0.2899,0.3612,0.0349,0.0,0.0247,0.8123,0.3612,1
2026-08-28 20:44:38,step_run3,1.014,41.06,46.67,instantaneous_fallback,5.529,2.789,0.0,1,,676,2271,0.2532,-38.0,3,-0.67,-37.27,72.2,72.2,0.2737,0.3612,0.0349,0.0,0.023,0.7553,0.3612,1
2026-08-28 20:44:39,step_run3,1.048,45.39,46.67,instantaneous_fallback,5.529,4.423,0.0,1,,1254,2665,0.2635,-37.0,3,1.0,-37.27,14.4,36.1,0.3026,0.3612,0.0553,0.0,0.023,0.7725,0.3612,1
2026-08-28 20:44:40,step_run3,1.02,43.89,46.67,instantaneous_fallback,6.083,4.423,0.0,1,,1184,2448,0.282,-37.67,3,-0.67,-37.33,45.0,45.0,0.2926,0.3612,0.0553,0.0,0.0253,0.8033,0.3612,1
2026-08-28 20:44:41,step_run3,1.034,44.38,46.67,instantaneous_fallback,12.299,3.998,0.0,1,,1110,2531,0.3002,-37.67,3,0.0,-37.53,6.5,16.2,0.2959,0.3612,0.05,0.0,0.0512,0.8337,0.3612,1
2026-08-28 20:44:42,step_run3,1.052,42.08,46.67,instantaneous_fallback,12.299,3.998,0.0,1,,766,2456,0.2874,-37.67,3,0.0,-37.6,81.0,81.0,0.2805,0.3612,0.05,0.0,0.0512,0.8123,0.3612,1
2026-08-28 20:44:43,step_run3,1.015,42.36,51.72,instantaneous_fallback,13.561,3.148,0.0,1,,1294,2364,0.3103,-38.0,3,-0.33,-37.6,54.0,54.0,0.2824,0.4453,0.0394,0.0,0.0565,0.8505,0.4453,1
2026-08-28 20:44:44,step_run3,1.017,44.54,51.72,instantaneous_fallback,13.561,3.148,0.0,1,,842,2525,0.2966,-37.33,3,0.67,-37.67,60.0,60.0,0.2969,0.4453,0.0394,0.0,0.0565,0.8277,0.4453,1
2026-08-28 20:44:45,step_run3,1.017,42.86,51.72,instantaneous_fallback,5.481,2.67,0.0,1,,908,2406,0.286,-37.33,3,0.0,-37.6,15.0,15.0,0.2857,0.4453,0.0334,0.0,0.0228,0.81,0.4453,1
2026-08-28 20:44:46,step_run3,1.016,22.6,40.0,instantaneous_fallback,5.481,2.67,0.0,1,,384,1290,0.2753,-37.33,3,0.0,-37.53,26.0,26.0,0.1507,0.25,0.0334,0.0,0.0228,0.7922,0.25,1
2026-08-28 20:44:47,step_run3,1.024,44.23,40.0,instantaneous_fallback,7.176,4.717,0.0,1,,816,2514,0.2766,-37.67,3,-0.33,-37.53,57.8,57.8,0.2949,0.25,0.059,0.0,0.0299,0.7943,0.25,1
2026-08-28 20:44:48,step_run3,1.021,41.03,46.67,instantaneous_fallback,7.176,4.717,0.0,1,,522,2340,0.2387,-37.67,3,0.0,-37.47,6.5,25.9,0.2735,0.3612,0.059,0.0,0.0299,0.7218,0.3612,1
2026-08-28 20:44:49,step_run3,2.017,23.08,50.0,instantaneous_fallback,11.492,4.717,0.0,1,,580,2570,0.224,-37.33,3,0.33,-37.47,6.5,24.9,0.1539,0.4167,0.059,0.0,0.0479,0.685,0.4167,1
2026-08-28 20:44:51,step_run3,2.027,29.42,50.0,instantaneous_fallback,6.311,4.717,0.0,1,,828,1721,0.2307,-35.67,3,1.67,-37.13,19.5,19.5,0.1961,0.4167,0.059,0.0,0.0263,0.7017,0.4167,1
2026-08-28 20:44:53,step_run3,2.007,24.94,50.0,instantaneous_fallback,12.961,31.824,8.777,1,,36,936,0.2163,-37.67,3,-2.0,-37.2,60.0,60.0,0.1663,0.4167,0.5228,0.9388,0.054,0.6657,0.9388,3
2026-08-28 20:44:55,step_run3,2.025,28.83,56.67,instantaneous_fallback,180.242,31.824,8.777,1,,18,1283,0.1831,-37.0,3,0.67,-37.07,6.5,25.9,0.1922,0.5209,0.5228,0.9388,0.5837,0.5828,0.9388,3
2026-08-28 20:44:57,step_run3,2.016,36.84,56.67,instantaneous_fallback,363.76,18.371,5.851,1,,0,844,0.1658,-36.67,3,0.33,-36.87,13.0,35.4,0.2456,0.5209,0.2296,0.7925,0.7819,0.5395,0.7925,3
2026-08-28 20:44:59,step_run3,1.024,119.79,66.67,instantaneous_fallback,363.76,18.371,5.851,1,,970,3359,0.1853,-36.67,3,0.0,-36.73,6.5,13.0,0.7986,0.6459,0.2296,0.7925,0.7819,0.5882,0.7925,3
2026-08-28 20:45:00,step_run3,2.012,38.46,66.67,instantaneous_fallback,64.175,18.371,5.851,1,,1602,4505,0.1938,-37.33,3,-0.67,-37.07,6.5,43.8,0.2564,0.6459,0.2296,0.7925,0.2674,0.6095,0.7925,3
2026-08-28 20:45:02,step_run3,2.012,70.99,66.67,delta,64.175,18.371,5.851,1,,1696,6452,0.2068,-37.0,3,0.33,-36.93,57.8,57.8,0.4733,0.6459,0.2296,0.7925,0.2674,0.642,0.7925,3
2026-08-28 20:45:04,step_run3,1.013,149.99,66.67,instantaneous_fallback,73.084,10.312,0.0,1,,2496,5222,0.2492,-36.67,3,0.33,-36.87,6.5,35.8,0.9999,0.6459,0.1289,0.0,0.3045,0.748,0.6459,2
2026-08-28 20:45:05,step_run3,2.011,42.66,70.0,instantaneous_fallback,73.084,10.312,0.0,1,,976,3626,0.2505,-36.67,3,0.0,-36.87,6.5,48.2,0.2844,0.6875,0.1289,0.0,0.3045,0.7508,0.6875,2
2026-08-28 20:45:07,step_run3,2.011,56.81,66.67,instantaneous_fallback,73.084,6.532,0.0,1,,1634,5045,0.2527,-36.33,3,0.33,-36.8,58.5,58.5,0.3787,0.6459,0.0817,0.0,0.3045,0.7545,0.6459,2
2026-08-28 20:45:09,step_run3,1.36,116.14,65.52,instantaneous_fallback,183.962,6.532,0.0,1,,3636,7804,0.2705,-36.67,3,-0.33,-36.67,90.0,90.0,0.7743,0.6315,0.0817,0.0,0.5888,0.7842,0.6315,2
2026-08-28 20:45:10,step_run3,2.029,43.6,53.33,instantaneous_fallback,183.962,6.532,0.0,1,,1900,4075,0.2923,-38.0,3,-1.33,-36.87,52.0,52.0,0.2907,0.4722,0.0817,0.0,0.5888,0.8205,0.5888,2
2026-08-28 20:45:12,step_run3,1.492,56.45,63.33,instantaneous_fallback,183.962,6.532,0.0,1,,1422,4863,0.2735,-36.67,3,1.33,-36.87,13.5,13.5,0.3763,0.6041,0.0817,0.0,0.5888,0.7892,0.6041,2
2026-08-28 20:45:14,step_run3,1.051,93.2,63.33,instantaneous_fallback,92.994,6.532,0.0,1,,574,2371,0.2751,-36.0,3,0.67,-36.73,57.8,69.4,0.6213,0.6041,0.0817,0.0,0.3875,0.7918,0.6041,2
2026-08-28 20:45:15,step_run3,1.125,76.74,70.0,instantaneous_fallback,92.994,55.603,3.723,1,,1464,4040,0.2798,-36.33,3,-0.33,-36.73,28.9,28.9,0.5116,0.6875,0.778,0.6702,0.3875,0.7997,0.778,3
2026-08-28 20:45:16,step_run3,2.028,39.9,70.0,instantaneous_fallback,92.994,55.603,3.723,1,,1502,4227,0.2596,-36.67,3,-0.33,-36.73,72.2,72.2,0.266,0.6875,0.778,0.6702,0.3875,0.766,0.778,3
2026-08-28 20:45:18,step_run3,2.016,75.16,56.67,instantaneous_fallback,79.653,9.77,0.0,1,,2580,7334,0.2483,-34.67,3,2.0,-36.07,57.8,61.4,0.5011,0.5209,0.1221,0.0,0.3319,0.7457,0.5209,2
2026-08-28 20:45:20,step_run3,2.01,65.82,53.33,instantaneous_fallback,111.5,9.77,0.0,1,,2384,7215,0.2524,-34.67,3,0.0,-35.67,6.5,35.8,0.4388,0.4722,0.1221,0.0,0.4646,0.754,0.4722,1
2026-08-28 20:45:22,step_run3,2.011,59.27,56.67,instantaneous_fallback,231.666,12.41,0.266,1,,3312,4723,0.2899,-34.67,3,0.0,-35.4,28.9,28.9,0.3951,0.5209,0.1551,0.133,0.6551,0.8165,0.6551,2
2026-08-28 20:45:24,step_run3,2.012,69.42,68.97,instantaneous_fallback,236.8,12.41,0.266,1,,3262,5885,0.3074,-35.0,3,-0.33,-35.13,6.5,57.4,0.4628,0.6746,0.1551,0.133,0.6622,0.8457,0.6746,2
2026-08-28 20:45:26,step_run3,1.103,110.24,68.97,instantaneous_fallback,231.666,12.41,0.266,1,,2754,5226,0.3199,-35.33,3,-0.33,-34.87,26.0,26.0,0.7349,0.6746,0.1551,0.133,0.6551,0.8665,0.6746,2
2026-08-28 20:45:27,step_run3,1.3,55.08,58.62,instantaneous_fallback,219.0,12.41,0.266,1,,1174,3934,0.3232,-35.33,3,0.0,-35.0,6.5,30.2,0.3672,0.5453,0.1551,0.133,0.6375,0.872,0.6375,2
2026-08-28 20:45:29,step_run3,2.028,46.26,58.62,delta,127.261,11.488,0.0,1,,1816,3768,0.3436,-35.0,3,0.33,-35.07,6.5,32.5,0.3084,0.5453,0.1436,0.0,0.5101,0.906,0.5453,2
2026-08-28 20:45:31,step_run3,1.239,121.18,58.62,instantaneous_fallback,188.155,11.488,0.0,1,,3196,8147,0.3116,-35.33,3,-0.33,-35.2,45.0,45.0,0.8079,0.5453,0.1436,0.0,0.5947,0.8527,0.5947,2
2026-08-28 20:45:32,step_run3,2.025,37.7,66.67,instantaneous_fallback,127.261,11.488,0.0,1,,1238,2097,0.3052,-35.0,3,0.33,-35.2,14.4,14.4,0.2513,0.6459,0.1436,0.0,0.5101,0.842,0.6459,2
2026-08-28 20:45:34,step_run3,1.316,93.46,58.62,instantaneous_fallback,162.852,11.488,0.0,1,,1886,6936,0.2723,-34.67,3,0.33,-35.07,6.5,71.4,0.6231,0.5453,0.1436,0.0,0.5595,0.7872,0.5595,2
2026-08-28 20:45:35,step_run3,2.012,26.12,66.67,delta,162.852,14.439,0.266,1,,946,1836,0.285,-34.67,3,0.0,-34.93,6.5,32.1,0.1741,0.6459,0.1805,0.133,0.5595,0.8083,0.6459,2
2026-08-28 20:45:37,step_run3,2.016,71.92,70.0,instantaneous_fallback,190.587,14.439,0.266,1,,2628,5396,0.2884,-35.0,3,-0.33,-34.93,6.5,16.8,0.4795,0.6875,0.1805,0.133,0.598,0.814,0.6875,2
2026-08-28 20:45:39,step_run3,2.016,66.63,70.0,instantaneous_fallback,190.587,14.439,0.266,1,,3260,5247,0.3164,-34.67,3,0.33,-34.8,6.5,30.2,0.4442,0.6875,0.1805,0.133,0.598,0.8607,0.6875,2
2026-08-28 20:45:41,step_run3,2.012,59.19,70.0,instantaneous_fallback,63.392,14.123,0.0,1,,2514,6605,0.3016,-34.33,3,0.33,-34.67,6.5,35.9,0.3946,0.6875,0.1765,0.0,0.2641,0.836,0.6875,2
2026-08-28 20:45:43,step_run3,1.195,88.49,60.0,instantaneous_fallback,63.392,14.123,0.0,1,,2682,4800,0.335,-34.33,3,0.0,-34.6,6.5,17.7,0.5899,0.5625,0.1765,0.0,0.2641,0.8917,0.5625,2
2026-08-28 20:45:44,step_run3,1.083,98.38,60.0,delta,105.788,14.123,0.0,1,,1538,3982,0.3266,-34.0,3,0.33,-34.47,43.3,50.5,0.6559,0.5625,0.1765,0.0,0.4408,0.8777,0.5625,2
2026-08-28 20:45:45,step_run3,2.013,28.33,66.67,instantaneous_fallback,105.788,14.123,0.0,1,,1124,3050,0.3195,-34.0,3,0.0,-34.27,6.5,14.1,0.1889,0.6459,0.1765,0.0,0.4408,0.8658,0.6459,2
2026-08-28 20:45:48,step_run3,1.107,101.64,66.67,instantaneous_fallback,64.535,6.407,0.0,1,,2012,6116,0.2867,-34.0,3,0.0,-34.13,6.5,32.5,0.6776,0.6459,0.0801,0.0,0.2689,0.8112,0.6459,2
2026-08-28 20:45:49,step_run3,1.178,47.55,63.33,instantaneous_fallback,64.535,6.407,0.0,1,,702,2930,0.2785,-34.0,3,0.0,-34.07,58.5,58.5,0.317,0.6041,0.0801,0.0,0.2689,0.7975,0.6041,2
2026-08-28 20:45:50,step_run3,1.207,35.29,63.33,instantaneous_fallback,92.997,5.831,0.532,1,,660,2426,0.246,-34.0,3,0.0,-34.0,6.5,63.2,0.2353,0.6041,0.0729,0.266,0.3875,0.74,0.6041,2
2026-08-28 20:45:51,step_run3,2.012,31.8,63.33,instantaneous_fallback,115.608,11.428,0.0,1,,572,3214,0.2223,-34.0,3,0.0,-34.0,26.0,26.0,0.212,0.6041,0.1429,0.0,0.4817,0.6807,0.6041,2
2026-08-28 20:45:53,step_run3,1.087,144.24,65.52,instantaneous_fallback,152.207,11.428,0.0,1,,2352,6032,0.2331,-34.0,3,0.0,-34.0,6.5,18.2,0.9616,0.6315,0.1429,0.0,0.5447,0.7077,0.6315,2
2026-08-28 20:45:54,step_run3,1.038,77.24,65.52,instantaneous_fallback,152.207,11.428,0.0,1,,1392,3647,0.2373,-34.0,3,0.0,-34.0,45.0,45.0,0.5149,0.6315,0.1429,0.0,0.5447,0.7183,0.6315,2
2026-08-28 20:45:55,step_run3,1.202,63.99,60.0,instantaneous_fallback,115.113,11.428,0.0,1,,1248,4748,0.2367,-33.67,3,0.33,-33.93,6.5,51.4,0.4266,0.5625,0.1429,0.0,0.4796,0.7167,0.5625,2
2026-08-28 20:45:56,step_run3,1.164,58.16,60.0,instantaneous_fallback,115.113,11.428,0.0,1,,1120,2696,0.2474,-33.67,3,0.0,-33.87,7.2,7.2,0.3877,0.5625,0.1429,0.0,0.4796,0.7435,0.5625,2
2026-08-28 20:45:58,step_run3,2.011,37.41,65.52,delta,140.294,8.046,0.0,1,,1514,3077,0.2741,-33.0,3,0.67,-33.67,90.0,90.0,0.2494,0.6315,0.1006,0.0,0.5282,0.7902,0.6315,2
2026-08-28 20:46:00,step_run3,2.011,71.0,68.97,instantaneous_fallback,186.152,8.046,0.0,1,,3208,5043,0.3063,-33.67,3,-0.67,-33.6,65.0,65.0,0.4733,0.6746,0.1006,0.0,0.5919,0.8438,0.6746,2
2026-08-28 20:46:02,step_run3,2.017,64.14,100.0,delta,186.152,8.046,0.0,1,,1146,2039,0.3187,-34.0,3,-0.33,-33.6,28.9,28.9,0.4276,1.0,0.1006,0.0,0.5919,0.8645,1.0,3
2026-08-28 20:46:04,step_run3,2.016,75.83,86.67,instantaneous_fallback,186.152,8.046,0.0,1,,0,326,0.3465,-33.67,3,0.33,-33.6,72.2,72.2,0.5055,0.9445,0.1006,0.0,0.5919,0.9108,0.9445,3
2026-08-28 20:46:06,step_run3,2.016,47.05,86.67,instantaneous_fallback,0.0,8.046,0.0,1,,0,375,0.3508,-33.33,3,0.33,-33.53,14.4,36.1,0.3137,0.9445,0.1006,0.0,1.0,0.918,1.0,3
2026-08-28 20:46:08,step_run3,2.016,65.25,86.67,instantaneous_fallback,0.0,8.046,0.0,1,,0,490,0.3448,-33.33,3,0.0,-33.6,7.2,32.5,0.435,0.9445,0.1006,0.0,1.0,0.908,1.0,3
2026-08-28 20:46:10,step_run3,2.016,38.64,86.67,instantaneous_fallback,0.0,,,0,,0,128,0.2544,-34.0,3,-0.67,-33.67,6.5,30.4,0.2576,0.9445,0.0,1.0,1.0,0.7573,1.0,3
2026-08-28 20:48:42,step_run3,151.951,0.0,86.67,instantaneous_fallback,0.0,,,0,,0,0,0.0,-40.0,1,-6.0,-34.87,0.0,0.0,0.0,0.9445,0.0,1.0,1.0,0.0,1.0,3
2026-08-28 20:48:44,step_run3,1.015,0.16,24.14,instantaneous_fallback,10.849,,,0,,1084,35,0.5133,-39.0,1,1.0,-35.93,6.5,6.5,0.0011,0.1509,0.0,0.0,0.0452,1.0,0.1509,0
2026-08-28 20:48:45,step_run3,1.014,0.96,20.0,instantaneous_fallback,10.849,1.786,0.0,1,,1278,292,0.7142,-39.0,1,0.0,-37.07,6.5,6.5,0.0064,0.125,0.0223,0.0,0.0452,1.0,0.125,0
2026-08-28 20:48:46,step_run3,1.012,0.93,16.67,instantaneous_fallback,3.161,1.786,0.0,1,,42,307,0.7593,-40.0,1,-1.0,-38.4,6.5,6.5,0.0062,0.1042,0.0223,0.0,0.0132,1.0,0.1042,0
2026-08-28 20:48:47,step_run3,1.016,0.6,16.67,instantaneous_fallback,3.161,1.41,0.0,1,,8,261,0.7294,-40.0,1,0.0,-39.6,6.5,6.5,0.004,0.1042,0.0176,0.0,0.0132,1.0,0.1042,0
2026-08-28 20:48:48,step_run3,1.013,0.88,16.67,instantaneous_fallback,4.361,1.41,0.0,1,,20,270,0.6761,-40.0,1,0.0,-39.6,6.5,6.5,0.0059,0.1042,0.0176,0.0,0.0182,1.0,0.1042,0
2026-08-28 20:48:49,step_run3,1.015,0.22,16.67,instantaneous_fallback,4.361,1.571,0.0,1,,0,114,0.5201,-40.0,1,0.0,-39.8,6.5,6.5,0.0015,0.1042,0.0196,0.0,0.0182,1.0,0.1042,0
2026-08-28 20:48:50,step_run3,1.015,0.46,20.0,instantaneous_fallback,3.344,1.571,0.0,1,,0,223,0.0562,-40.0,1,0.0,-40.0,6.5,6.5,0.0031,0.125,0.0196,0.0,0.0139,0.1405,0.125,0
2026-08-28 20:48:51,step_run3,1.014,0.45,20.0,instantaneous_fallback,2.408,1.015,0.0,1,,4,232,0.0283,-40.0,1,0.0,-40.0,6.5,6.5,0.003,0.125,0.0127,0.0,0.01,0.0708,0.125,0
2026-08-28 20:48:52,step_run3,1.013,0.5,20.0,delta,3.344,1.015,0.0,1,,0,230,0.022,-40.0,1,0.0,-40.0,6.5,6.5,0.0033,0.125,0.0127,0.0,0.0139,0.055,0.125,0
2026-08-28 20:48:53,step_run3,1.014,0.38,17.24,instantaneous_fallback,4.063,0.864,0.0,1,,0,220,0.0039,-40.0,1,0.0,-40.0,6.5,6.5,0.0025,0.1077,0.0108,0.0,0.0169,0.0097,0.1077,0
2026-08-28 20:48:54,step_run3,1.013,0.37,16.67,instantaneous_fallback,4.063,0.864,0.0,1,,0,210,0.0036,-40.0,1,0.0,-40.0,6.5,6.5,0.0025,0.1042,0.0108,0.0,0.0169,0.009,0.1042,0
2026-08-28 20:48:55,step_run3,1.016,0.49,16.67,instantaneous_fallback,1.861,0.885,0.0,1,,2,231,0.0053,-40.0,1,0.0,-40.0,6.5,6.5,0.0033,0.1042,0.0111,0.0,0.0078,0.0133,0.1042,0
2026-08-28 20:48:56,step_run3,1.011,0.37,16.67,instantaneous_fallback,1.861,0.885,0.0,1,,0,206,0.0018,-40.0,1,0.0,-40.0,6.5,6.5,0.0025,0.1042,0.0111,0.0,0.0078,0.0045,0.1042,0
2026-08-28 20:48:57,step_run3,1.014,0.37,16.67,instantaneous_fallback,1.979,1.091,0.0,1,,2,215,0.0037,-40.0,1,0.0,-40.0,6.5,6.5,0.0025,0.1042,0.0136,0.0,0.0082,0.0092,0.1042,0
2026-08-28 20:48:58,step_run3,1.017,0.37,16.67,instantaneous_fallback,2.425,1.091,0.0,1,,0,211,0.0037,-40.0,1,0.0,-40.0,6.5,6.5,0.0025,0.1042,0.0136,0.0,0.0101,0.0092,0.1042,0
2026-08-28 20:48:59,step_run3,1.014,0.39,16.67,instantaneous_fallback,2.425,0.933,0.0,1,,4,230,0.0073,-40.0,1,0.0,-40.0,6.5,6.5,0.0026,0.1042,0.0117,0.0,0.0101,0.0182,0.1042,0
2026-08-28 20:49:00,step_run3,1.018,0.37,16.67,instantaneous_fallback,3.274,0.933,0.0,1,,0,213,0.0056,-40.0,1,0.0,-40.0,6.5,6.5,0.0025,0.1042,0.0117,0.0,0.0136,0.014,0.1042,0
2026-08-28 20:49:01,step_run3,1.017,0.2,16.67,instantaneous_fallback,3.274,0.933,0.0,1,,0,125,0.006,-40.0,1,0.0,-40.0,6.5,6.5,0.0013,0.1042,0.0117,0.0,0.0136,0.015,0.1042,0
2026-08-28 20:49:02,step_run3,1.012,0.38,16.67,instantaneous_fallback,3.274,0.896,0.0,1,,0,211,0.004,-40.0,1,0.0,-40.0,6.5,6.5,0.0025,0.1042,0.0112,0.0,0.0136,0.01,0.1042,0
2026-08-28 20:49:03,step_run3,1.013,0.4,16.67,instantaneous_fallback,4.138,0.896,0.0,1,,0,217,0.004,-40.0,1,0.0,-40.0,6.5,6.5,0.0027,0.1042,0.0112,0.0,0.0172,0.01,0.1042,0
2026-08-28 20:49:04,step_run3,1.014,0.4,16.67,instantaneous_fallback,2.113,0.71,0.0,1,,0,211,0.0,-40.0,1,0.0,-40.0,6.5,6.5,0.0027,0.1042,0.0089,0.0,0.0088,0.0,0.1042,0
2026-08-28 20:49:05,step_run3,1.014,0.75,16.67,instantaneous_fallback,2.435,0.71,0.0,1,,0,275,0.0,-40.0,1,0.0,-40.0,6.5,6.5,0.005,0.1042,0.0089,0.0,0.0101,0.0,0.1042,0
2026-08-28 20:49:06,step_run3,1.014,0.58,16.67,instantaneous_fallback,2.113,1.149,0.0,1,,0,252,0.0,-40.0,1,0.0,-40.0,6.5,6.5,0.0039,0.1042,0.0144,0.0,0.0088,0.0,0.1042,0
2026-08-28 20:49:07,step_run3,1.013,3.46,20.0,instantaneous_fallback,2.342,1.149,0.0,1,,108,357,0.0761,-39.0,1,1.0,-39.8,6.5,6.5,0.0231,0.125,0.0144,0.0,0.0098,0.1903,0.125,0
2026-08-28 20:49:08,step_run3,1.013,0.47,20.0,instantaneous_fallback,2.048,1.481,0.0,1,,6,220,0.0798,-39.0,1,0.0,-39.6,6.5,6.5,0.0031,0.125,0.0185,0.0,0.0085,0.1995,0.125,0
2026-08-28 20:49:09,step_run3,1.019,0.4,20.0,instantaneous_fallback,2.342,1.481,0.0,1,,0,221,0.0792,-39.0,1,0.0,-39.4,6.5,6.5,0.0027,0.125,0.0185,0.0,0.0098,0.198,0.125,0
2026-08-28 20:49:10,step_run3,1.015,3.81,20.0,instantaneous_fallback,3.142,1.553,0.0,1,,66,365,0.1129,-39.0,1,0.0,-39.2,6.5,6.5,0.0254,0.125,0.0194,0.0,0.0131,0.3145,0.125,0
2026-08-28 20:49:11,step_run3,1.016,0.59,16.67,instantaneous_fallback,3.142,1.553,0.0,1,,0,263,0.1121,-39.0,1,0.0,-39.0,6.5,6.5,0.0039,0.1042,0.0194,0.0,0.0131,0.3105,0.1042,0
2026-08-28 20:49:12,step_run3,1.018,0.38,16.67,instantaneous_fallback,3.142,1.141,0.0,1,,0,223,0.0528,-39.0,1,0.0,-39.0,6.5,6.5,0.0025,0.1042,0.0143,0.0,0.0131,0.132,0.1042,0
2026-08-28 20:51:05,step_run4,0.0,0.0,16.67,instantaneous,3.426,,,0,,0,0,0.0,-36.67,3,0.0,-36.67,0.0,0.0,0.0,0.1042,0.0,0.0,0.0143,0.0,0.1042,0
2026-08-28 20:51:07,step_run4,1.01,0.43,16.67,instantaneous_fallback,2.669,1.065,0.0,1,,0,237,0.0,-36.67,3,0.0,-36.67,6.5,6.5,0.0029,0.1042,0.0133,0.0,0.0111,0.0,0.1042,0
2026-08-28 20:51:08,step_run4,1.01,3.71,16.67,instantaneous_fallback,2.868,1.065,0.0,1,,0,370,0.0,-37.33,3,-0.67,-36.89,6.5,6.5,0.0247,0.1042,0.0133,0.0,0.0119,0.0,0.1042,0
2026-08-28 20:51:09,step_run4,1.011,0.58,20.0,instantaneous_fallback,2.608,2.51,0.0,1,,0,240,0.0,-37.33,3,0.0,-37.0,6.5,45.5,0.0039,0.125,0.0314,0.0,0.0109,0.0,0.125,0
2026-08-28 20:51:10,step_run4,1.014,0.28,20.0,instantaneous_fallback,2.864,2.51,0.0,1,,0,139,0.0,-38.0,3,-0.67,-37.2,6.5,35.8,0.0019,0.125,0.0314,0.0,0.0119,0.0,0.125,0
2026-08-28 20:51:11,step_run4,1.014,0.62,20.0,instantaneous_fallback,2.864,2.946,0.0,1,,8,237,0.0065,-38.0,3,0.0,-37.47,6.5,14.1,0.0041,0.125,0.0368,0.0,0.0119,0.0163,0.125,0
2026-08-28 20:51:12,step_run4,1.013,0.46,20.0,instantaneous_fallback,2.864,2.946,0.0,1,,0,232,0.0065,-38.33,3,-0.33,-37.8,6.5,6.5,0.0031,0.125,0.0368,0.0,0.0119,0.0163,0.125,0
2026-08-28 20:51:13,step_run4,1.013,1.19,20.0,instantaneous_fallback,2.264,1.371,0.0,1,,0,266,0.0071,-38.67,3,-0.33,-38.07,6.5,6.5,0.0079,0.125,0.0171,0.0,0.0094,0.0178,0.125,0
2026-08-28 20:51:14,step_run4,1.015,0.4,20.0,instantaneous_fallback,2.264,1.371,0.0,1,,6,226,0.0126,-39.0,3,-0.33,-38.4,6.5,35.8,0.0027,0.125,0.0171,0.0,0.0094,0.0315,0.125,0
2026-08-28 20:51:15,step_run4,1.016,0.38,20.0,instantaneous_fallback,3.635,1.43,0.0,1,,4,221,0.015,-39.0,3,0.0,-38.6,6.5,31.1,0.0025,0.125,0.0179,0.0,0.0151,0.0375,0.125,0
2026-08-28 20:51:16,step_run4,1.015,4.0,20.0,delta,3.635,1.43,0.0,1,,22,392,0.0234,-36.67,3,2.33,-38.33,6.5,36.8,0.0267,0.125,0.0179,0.0,0.0151,0.0585,0.125,0
2026-08-28 20:51:17,step_run4,1.016,0.54,20.0,instantaneous_fallback,3.512,2.076,0.0,1,,8,240,0.0289,-36.33,3,0.33,-37.93,6.5,22.8,0.0036,0.125,0.026,0.0,0.0146,0.0722,0.125,0
2026-08-28 20:51:18,step_run4,1.014,1.08,20.69,instantaneous_fallback,2.753,2.076,0.0,1,,0,278,0.0286,-37.33,3,-1.0,-37.67,6.5,22.8,0.0072,0.1293,0.026,0.0,0.0115,0.0715,0.1293,0
2026-08-28 20:51:19,step_run4,1.019,0.37,20.0,instantaneous_fallback,3.512,1.461,0.0,1,,6,208,0.029,-37.33,3,0.0,-37.33,6.5,22.8,0.0025,0.125,0.0183,0.0,0.0146,0.0725,0.125,0
2026-08-28 20:51:20,step_run4,1.02,4.0,16.67,instantaneous_fallback,5.078,1.461,0.0,1,,4,371,0.0262,-37.33,3,0.0,-37.0,6.5,36.8,0.0267,0.1042,0.0183,0.0,0.0212,0.0655,0.1042,0
2026-08-28 20:51:21,step_run4,1.014,0.77,16.67,instantaneous_fallback,5.078,1.485,0.0,1,,0,318,0.0126,-37.33,3,0.0,-37.13,6.5,36.8,0.0051,0.1042,0.0186,0.0,0.0212,0.0315,0.1042,0
2026-08-28 20:51:22,step_run4,1.016,1.5,20.0,instantaneous_fallback,5.078,1.485,0.0,1,,4,239,0.0098,-36.0,3,1.33,-37.07,6.5,29.1,0.01,0.125,0.0186,0.0,0.0212,0.0245,0.125,0
2026-08-28 20:51:23,step_run4,1.019,33.7,20.69,delta,9.86,2.509,0.0,1,,418,2042,0.1197,-34.0,3,2.0,-36.4,6.5,40.7,0.2247,0.1293,0.0314,0.0,0.0411,0.3485,0.1293,0
2026-08-28 20:51:24,step_run4,1.016,44.39,46.67,instantaneous_fallback,9.86,2.509,0.0,1,,424,2527,0.1339,-35.33,3,-1.33,-36.0,6.5,6.5,0.2959,0.3612,0.0314,0.0,0.0411,0.4195,0.3612,1
2026-08-28 20:51:25,step_run4,1.018,44.58,46.67,instantaneous_fallback,5.67,4.061,0.0,1,,672,2563,0.1649,-34.33,3,1.0,-35.4,6.5,6.5,0.2972,0.3612,0.0508,0.0,0.0236,0.5373,0.3612,1
2026-08-28 20:51:26,step_run4,1.111,36.83,44.83,instantaneous_fallback,5.67,4.061,0.0,1,,478,2247,0.1719,-34.0,3,0.33,-34.73,6.5,6.5,0.2455,0.3305,0.0508,0.0,0.0236,0.5548,0.3305,1
2026-08-28 20:51:28,step_run4,1.015,47.82,44.83,delta,5.67,2.452,0.0,1,,836,2707,0.1896,-34.33,3,-0.33,-34.4,6.5,6.5,0.3188,0.3305,0.0307,0.0,0.0236,0.599,0.3305,1
2026-08-28 20:51:29,step_run4,1.045,41.82,44.83,instantaneous_fallback,18.34,2.452,0.0,1,,644,2430,0.1967,-34.33,3,0.0,-34.47,6.5,6.5,0.2788,0.3305,0.0307,0.0,0.0764,0.6168,0.3305,1
2026-08-28 20:51:30,step_run4,1.015,44.26,51.72,instantaneous_fallback,4.294,2.622,0.0,1,,622,2473,0.2075,-34.67,3,-0.33,-34.33,6.5,6.5,0.2951,0.4453,0.0328,0.0,0.0179,0.6438,0.4453,1
2026-08-28 20:51:31,step_run4,1.019,43.13,43.33,instantaneous_fallback,8.235,2.622,0.0,1,,632,2412,0.2075,-34.67,3,0.0,-34.4,6.5,6.5,0.2875,0.3055,0.0328,0.0,0.0343,0.6438,0.3055,1
2026-08-28 20:51:32,step_run4,1.022,43.5,51.72,instantaneous_fallback,6.107,2.518,0.0,1,,550,2434,0.2086,-34.33,3,0.33,-34.47,6.5,6.5,0.29,0.4453,0.0315,0.0,0.0254,0.6465,0.4453,1
2026-08-28 20:51:33,step_run4,1.015,44.22,46.67,instantaneous_fallback,6.107,2.518,0.0,1,,554,2521,0.1966,-34.33,3,0.0,-34.47,6.5,6.5,0.2948,0.3612,0.0315,0.0,0.0254,0.6165,0.3612,1
2026-08-28 20:51:34,step_run4,1.034,43.36,46.67,instantaneous_fallback,6.107,3.442,0.0,1,,536,2473,0.1903,-34.33,3,0.0,-34.47,6.5,6.5,0.2891,0.3612,0.043,0.0,0.0254,0.6008,0.3612,1
2026-08-28 20:51:35,step_run4,1.015,44.15,46.67,instantaneous_fallback,4.81,3.442,0.0,1,,582,2493,0.1879,-34.0,3,0.33,-34.33,6.5,6.5,0.2943,0.3612,0.043,0.0,0.02,0.5948,0.3612,1
2026-08-28 20:51:36,step_run4,1.014,43.41,48.28,delta,3.58,2.969,0.0,1,,398,2419,0.1751,-34.0,3,0.0,-34.2,6.5,6.5,0.2894,0.388,0.0371,0.0,0.0149,0.5628,0.388,1
2026-08-28 20:51:37,step_run4,1.015,21.97,48.28,instantaneous_fallback,3.58,2.969,0.0,1,,398,1243,0.1812,-34.0,3,0.0,-34.13,6.5,6.5,0.1465,0.388,0.0371,0.0,0.0149,0.578,0.388,1
2026-08-28 20:51:38,step_run4,1.015,43.0,48.28,delta,5.392,2.634,0.0,1,,436,2389,0.1758,-34.33,3,-0.33,-34.13,6.5,6.5,0.2867,0.388,0.0329,0.0,0.0225,0.5645,0.388,1
2026-08-28 20:51:39,step_run4,1.052,43.33,46.67,instantaneous_fallback,10.589,2.634,0.0,1,,602,2549,0.1788,-34.67,3,-0.33,-34.2,6.5,6.5,0.2889,0.3612,0.0329,0.0,0.0441,0.572,0.3612,1
2026-08-28 20:51:40,step_run4,1.016,44.43,46.67,instantaneous_fallback,10.589,2.497,0.0,1,,700,2493,0.186,-34.33,3,0.33,-34.27,6.5,6.5,0.2962,0.3612,0.0312,0.0,0.0441,0.59,0.3612,1
2026-08-28 20:51:41,step_run4,1.169,37.97,46.67,instantaneous_fallback,22.59,2.497,0.0,1,,418,2459,0.1866,-34.33,3,0.0,-34.33,6.5,24.9,0.2531,0.3612,0.0312,0.0,0.0941,0.5915,0.3612,1
2026-08-28 20:51:42,step_run4,1.132,39.4,46.67,instantaneous_fallback,70.298,6.163,0.0,1,,814,2471,0.1937,-34.33,3,0.0,-34.4,6.5,39.4,0.2627,0.3612,0.077,0.0,0.2929,0.6093,0.3612,1
2026-08-28 20:51:43,step_run4,1.1,39.68,46.67,delta,71.478,6.163,0.0,1,,775,2323,0.2121,-34.33,3,0.0,-34.4,6.5,6.5,0.2645,0.3612,0.077,0.0,0.2978,0.6552,0.3612,1
2026-08-28 20:51:44,step_run4,1.05,61.0,46.67,instantaneous_fallback,70.298,11.502,0.798,1,,1206,3462,0.2285,-34.33,3,0.0,-34.33,6.5,6.5,0.4067,0.3612,0.1438,0.399,0.2929,0.6963,0.399,1
2026-08-28 20:51:45,step_run4,1.02,22.39,46.67,instantaneous_fallback,23.206,11.502,0.798,1,,436,1226,0.2341,-34.33,3,0.0,-34.33,6.5,6.5,0.1493,0.3612,0.1438,0.399,0.0967,0.7103,0.399,1
2026-08-28 20:51:46,step_run4,1.015,46.05,46.67,instantaneous_fallback,11.371,2.85,0.0,1,,1178,2617,0.2671,-34.33,3,0.0,-34.33,6.5,6.5,0.307,0.3612,0.0356,0.0,0.0474,0.7785,0.3612,1
2026-08-28 20:51:47,step_run4,1.019,43.66,46.67,instantaneous_fallback,5.085,2.85,0.0,1,,776,2471,0.2654,-34.33,3,0.0,-34.33,6.5,6.5,0.2911,0.3612,0.0356,0.0,0.0212,0.7757,0.3612,1
2026-08-28 20:51:48,step_run4,1.019,43.55,46.67,instantaneous_fallback,4.883,3.75,0.0,1,,468,2469,0.2492,-34.33,3,0.0,-34.33,6.5,6.5,0.2903,0.3612,0.0469,0.0,0.0203,0.748,0.3612,1
2026-08-28 20:51:49,step_run4,1.02,43.31,44.83,delta,4.883,3.75,0.0,1,,420,2412,0.2265,-34.67,3,-0.33,-34.4,6.5,6.5,0.2887,0.3305,0.0469,0.0,0.0203,0.6913,0.3305,1
2026-08-28 20:51:50,step_run4,1.026,43.95,44.83,instantaneous_fallback,6.892,3.75,0.0,1,,540,2536,0.2129,-34.67,3,0.0,-34.47,6.5,6.5,0.293,0.3305,0.0469,0.0,0.0287,0.6573,0.3305,1
2026-08-28 20:51:51,step_run4,1.018,43.08,0.0,delta,7.611,4.185,0.0,1,,512,2427,0.1807,-35.0,3,-0.33,-34.6,6.5,6.5,0.2872,0.0,0.0523,0.0,0.0317,0.5767,0.0523,0
2026-08-28 20:51:52,step_run4,1.032,43.0,44.83,instantaneous_fallback,12.169,4.185,0.0,1,,564,2460,0.1691,-34.67,3,0.33,-34.67,6.5,6.5,0.2867,0.3305,0.0523,0.0,0.0507,0.5477,0.3305,1
2026-08-28 20:51:53,step_run4,1.032,42.9,43.33,instantaneous_fallback,12.231,2.091,0.0,1,,670,2450,0.1805,-35.67,3,-1.0,-34.93,6.5,6.5,0.286,0.3055,0.0261,0.0,0.051,0.5763,0.3055,1
2026-08-28 20:51:55,step_run4,1.015,43.86,46.67,instantaneous_fallback,12.169,2.091,0.0,1,,410,2489,0.179,-34.67,3,1.0,-34.93,6.5,6.5,0.2924,0.3612,0.0261,0.0,0.0507,0.5725,0.3612,1
2026-08-28 20:51:56,step_run4,1.032,43.58,46.67,instantaneous_fallback,11.874,2.736,0.0,1,,518,2495,0.1783,-34.0,3,0.67,-34.8,6.5,6.5,0.2905,0.3612,0.0342,0.0,0.0495,0.5707,0.3612,1
2026-08-28 20:51:57,step_run4,1.018,43.26,46.67,instantaneous_fallback,5.416,2.736,0.0,1,,498,2423,0.1776,-35.33,3,-1.33,-34.87,6.5,6.5,0.2884,0.3612,0.0342,0.0,0.0226,0.569,0.3612,1
2026-08-28 20:51:58,step_run4,1.018,43.75,46.67,instantaneous_fallback,5.416,3.007,0.0,1,,740,2466,0.1871,-34.67,3,0.67,-34.87,6.5,6.5,0.2917,0.3612,0.0376,0.0,0.0226,0.5927,0.3612,1
2026-08-28 20:51:59,step_run4,1.025,21.84,50.0,instantaneous_fallback,5.416,3.007,0.0,1,,282,1265,0.1802,-34.33,3,0.33,-34.6,6.5,39.4,0.1456,0.4167,0.0376,0.0,0.0226,0.5755,0.4167,1
2026-08-28 20:52:00,step_run4,1.014,42.78,50.0,instantaneous_fallback,3.902,2.162,0.0,1,,820,2379,0.2058,-34.33,3,0.0,-34.53,6.5,24.9,0.2852,0.4167,0.027,0.0,0.0163,0.6395,0.4167,1
2026-08-28 20:52:01,step_run4,1.03,44.38,46.67,instantaneous_fallback,8.844,2.162,0.0,1,,326,2550,0.1939,-34.33,3,0.0,-34.6,6.5,6.5,0.2959,0.3612,0.027,0.0,0.0369,0.6098,0.3612,1
2026-08-28 20:52:02,step_run4,1.017,44.04,46.67,instantaneous_fallback,6.424,4.388,0.0,1,,524,2482,0.1946,-34.33,3,0.0,-34.4,6.5,6.5,0.2936,0.3612,0.0548,0.0,0.0268,0.6115,0.3612,1
2026-08-28 20:52:03,step_run4,1.015,43.37,46.67,delta,6.424,4.388,0.0,1,,1008,2409,0.2108,-34.33,3,0.0,-34.33,6.5,6.5,0.2891,0.3612,0.0548,0.0,0.0268,0.652,0.3612,1
2026-08-28 20:52:04,step_run4,1.023,44.2,51.72,instantaneous_fallback,5.93,3.19,0.0,1,,430,2514,0.2013,-34.0,3,0.33,-34.27,6.5,6.5,0.2947,0.4453,0.0399,0.0,0.0247,0.6282,0.4453,1
2026-08-28 20:52:05,step_run4,1.023,43.34,51.72,delta,5.93,3.19,0.0,1,,558,2457,0.1865,-34.33,3,-0.33,-34.27,6.5,6.5,0.2889,0.4453,0.0399,0.0,0.0247,0.5912,0.4453,1
2026-08-28 20:52:06,step_run4,1.014,43.65,43.33,instantaneous_fallback,13.98,3.649,0.0,1,,488,2429,0.1966,-34.0,3,0.33,-34.2,6.5,6.5,0.291,0.3055,0.0456,0.0,0.0583,0.6165,0.3055,1
2026-08-28 20:52:07,step_run4,1.026,44.1,43.33,instantaneous_fallback,13.98,3.649,0.0,1,,484,2530,0.1939,-34.33,3,-0.33,-34.2,6.5,6.5,0.294,0.3055,0.0456,0.0,0.0583,0.6098,0.3055,1
2026-08-28 20:52:08,step_run4,1.016,43.72,43.33,instantaneous_fallback,11.725,3.427,0.0,1,,412,2443,0.1609,-34.33,3,0.0,-34.2,6.5,6.5,0.2915,0.3055,0.0428,0.0,0.0489,0.5272,0.3055,1
2026-08-28 20:52:09,step_run4,1.038,43.43,46.67,instantaneous_fallback,11.725,3.427,0.0,1,,702,2511,0.1761,-34.67,3,-0.33,-34.33,6.5,6.5,0.2895,0.3612,0.0428,0.0,0.0489,0.5653,0.3612,1
2026-08-28 20:52:10,step_run4,1.014,21.54,46.67,instantaneous_fallback,6.65,2.249,0.0,1,,258,1189,0.1743,-34.67,3,0.0,-34.4,6.5,6.5,0.1436,0.3612,0.0281,0.0,0.0277,0.5607,0.3612,1
2026-08-28 20:52:11,step_run4,1.039,43.01,46.67,instantaneous_fallback,16.61,2.249,0.0,1,,300,2485,0.1619,-34.67,3,0.0,-34.53,6.5,6.5,0.2867,0.3612,0.0281,0.0,0.0692,0.5297,0.3612,1
2026-08-28 20:52:12,step_run4,1.035,43.64,46.67,instantaneous_fallback,18.53,3.626,0.0,1,,462,2520,0.1607,-34.67,3,0.0,-34.6,6.5,6.5,0.2909,0.3612,0.0453,0.0,0.0772,0.5268,0.3612,1
2026-08-28 20:52:13,step_run4,1.014,43.25,46.67,delta,18.53,3.626,0.0,1,,580,2436,0.1712,-34.67,3,0.0,-34.67,6.5,6.5,0.2883,0.3612,0.0453,0.0,0.0772,0.553,0.3612,1
2026-08-28 20:52:14,step_run4,1.021,43.55,51.72,instantaneous_fallback,8.311,2.044,0.0,1,,316,2436,0.1476,-34.33,3,0.33,-34.6,6.5,6.5,0.2903,0.4453,0.0255,0.0,0.0346,0.488,0.4453,1
2026-08-28 20:52:15,step_run4,1.013,44.77,51.72,instantaneous_fallback,4.288,2.044,0.0,1,,662,2517,0.1577,-34.67,3,-0.33,-34.6,6.5,39.4,0.2985,0.4453,0.0255,0.0,0.0179,0.5192,0.4453,1
2026-08-28 20:52:16,step_run4,1.016,43.13,46.67,instantaneous_fallback,7.484,5.27,0.0,1,,516,2380,0.1711,-34.67,3,0.0,-34.6,6.5,6.5,0.2875,0.3612,0.0659,0.0,0.0312,0.5527,0.3612,1
2026-08-28 20:52:17,step_run4,1.039,43.04,46.67,instantaneous_fallback,7.484,5.27,0.0,1,,458,2506,0.171,-34.67,3,0.0,-34.6,6.5,24.9,0.2869,0.3612,0.0659,0.0,0.0312,0.5525,0.3612,1
2026-08-28 20:52:18,step_run4,1.039,41.84,46.67,instantaneous_fallback,16.122,2.521,0.0,1,,514,2409,0.1676,-34.67,3,0.0,-34.6,6.5,6.5,0.2789,0.3612,0.0315,0.0,0.0672,0.544,0.3612,1
2026-08-28 20:52:19,step_run4,1.016,44.27,55.17,delta,16.122,2.521,0.0,1,,496,2500,0.1769,-34.67,3,0.0,-34.67,6.5,6.5,0.2951,0.5021,0.0315,0.0,0.0672,0.5673,0.5021,2
2026-08-28 20:52:20,step_run4,1.021,43.74,53.33,instantaneous_fallback,7.618,2.227,0.0,1,,614,2471,0.1748,-34.67,3,0.0,-34.67,6.5,6.5,0.2916,0.4722,0.0278,0.0,0.0317,0.562,0.4722,1
2026-08-28 20:52:21,step_run4,1.015,44.67,53.33,instantaneous_fallback,7.618,2.227,0.0,1,,644,2511,0.1803,-34.67,3,0.0,-34.67,6.5,6.5,0.2978,0.4722,0.0278,0.0,0.0317,0.5757,0.4722,1
2026-08-28 20:52:22,step_run4,1.096,40.21,48.28,delta,8.306,1.924,0.0,1,,1292,2446,0.2239,-34.67,3,0.0,-34.67,6.5,39.4,0.2681,0.388,0.024,0.0,0.0346,0.6847,0.388,1
2026-08-28 20:52:23,step_run4,1.19,39.1,46.67,instantaneous_fallback,43.083,1.924,0.0,1,,1320,2457,0.2606,-34.67,3,0.0,-34.67,6.5,20.9,0.2607,0.3612,0.024,0.0,0.1795,0.7677,0.3612,1
2026-08-28 20:52:24,step_run4,1.099,54.58,46.67,instantaneous_fallback,82.394,7.48,0.0,1,,1402,2279,0.3024,-34.67,3,0.0,-34.67,6.5,6.5,0.3639,0.3612,0.0935,0.0,0.3433,0.8373,0.3612,1
2026-08-28 20:52:26,step_run4,2.024,42.25,66.67,instantaneous_fallback,122.87,7.48,0.0,1,,1318,4131,0.3018,-34.33,3,0.33,-34.6,6.5,6.5,0.2817,0.6459,0.0935,0.0,0.504,0.8363,0.6459,2
2026-08-28 20:52:28,step_run4,2.016,88.71,66.67,instantaneous_fallback,82.394,7.48,0.0,1,,2822,8092,0.2959,-34.33,3,0.0,-34.53,6.5,6.5,0.5914,0.6459,0.0935,0.0,0.3433,0.8265,0.6459,2
2026-08-28 20:52:30,step_run4,2.016,66.78,53.33,instantaneous_fallback,56.988,4.887,0.798,1,,3314,7318,0.2954,-34.33,3,0.0,-34.47,6.5,6.5,0.4452,0.4722,0.0611,0.399,0.2374,0.8257,0.4722,1
2026-08-28 20:52:32,step_run4,1.022,177.83,53.33,delta,55.762,3.611,0.0,1,,3784,9841,0.2853,-34.67,3,-0.33,-34.47,6.5,6.5,1.0,0.4722,0.0451,0.0,0.2323,0.8088,0.4722,1
2026-08-28 20:52:33,step_run4,1.115,81.46,50.0,instantaneous_fallback,56.988,3.611,0.0,1,,1840,4814,0.2766,-35.33,3,-0.67,-34.6,6.5,6.5,0.5431,0.4167,0.0451,0.0,0.2374,0.7943,0.4167,1
2026-08-28 20:52:34,step_run4,1.085,72.87,50.0,instantaneous_fallback,74.129,3.611,0.0,1,,1570,4214,0.28,-34.33,3,1.0,-34.6,6.5,6.5,0.4858,0.4167,0.0451,0.0,0.3089,0.8,0.4167,1
2026-08-28 20:52:35,step_run4,1.03,76.13,50.0,instantaneous_fallback,76.534,12.668,0.0,1,,998,3812,0.2772,-34.67,3,-0.33,-34.67,6.5,6.5,0.5075,0.4167,0.1583,0.0,0.3189,0.7953,0.4167,1
2026-08-28 20:52:36,step_run4,1.058,80.63,56.67,instantaneous_fallback,76.534,12.668,0.0,1,,1856,4637,0.2689,-34.33,3,0.33,-34.67,6.5,6.5,0.5375,0.5209,0.1583,0.0,0.3189,0.7815,0.5209,2
2026-08-28 20:52:37,step_run4,2.011,37.53,56.67,instantaneous_fallback,43.181,12.668,0.0,1,,574,3869,0.2426,-33.67,3,0.67,-34.47,6.5,6.5,0.2502,0.5209,0.1583,0.0,0.1799,0.7315,0.5209,2
2026-08-28 20:52:39,step_run4,1.077,134.63,60.0,instantaneous_fallback,43.181,12.668,0.0,1,,2724,5295,0.2613,-33.33,3,0.33,-34.07,6.5,9.8,0.8975,0.5625,0.1583,0.0,0.1799,0.7688,0.5625,2
2026-08-28 20:52:40,step_run4,1.038,63.58,63.33,instantaneous_fallback,21.514,4.513,0.266,1,,922,3703,0.2492,-33.33,3,0.0,-33.87,6.5,9.8,0.4239,0.6041,0.0564,0.133,0.0896,0.748,0.6041,2
2026-08-28 20:52:41,step_run4,2.011,33.74,63.33,instantaneous_fallback,30.446,6.809,0.0,1,,650,4169,0.2368,-33.33,3,0.0,-33.6,6.5,6.5,0.2249,0.6041,0.0851,0.0,0.1269,0.717,0.6041,2
2026-08-28 20:52:43,step_run4,2.013,65.68,68.97,instantaneous_fallback,30.446,6.809,0.0,1,,2548,6586,0.239,-33.0,3,0.33,-33.33,6.5,6.5,0.4379,0.6746,0.0851,0.0,0.1269,0.7225,0.6746,2
2026-08-28 20:52:45,step_run4,1.184,136.51,63.33,instantaneous_fallback,137.521,6.809,0.0,1,,2434,7891,0.2513,-34.33,3,-1.33,-33.47,6.5,9.8,0.9101,0.6041,0.0851,0.0,0.5243,0.7522,0.6041,2
2026-08-28 20:52:46,step_run4,1.202,65.27,63.33,instantaneous_fallback,137.521,6.809,0.0,1,,730,4116,0.2158,-34.0,3,0.33,-33.6,6.5,9.8,0.4351,0.6041,0.0851,0.0,0.5243,0.6645,0.6041,2
2026-08-28 20:52:47,step_run4,2.041,39.51,56.67,instantaneous_fallback,151.168,9.156,0.0,1,,1234,3747,0.2227,-34.33,3,-0.33,-33.8,6.5,6.5,0.2634,0.5209,0.1145,0.0,0.5433,0.6817,0.5433,2
2026-08-28 20:52:49,step_run4,1.246,126.97,53.33,instantaneous_fallback,123.627,7.284,7.447,1,,1566,7951,0.2194,-34.0,3,0.33,-33.93,6.5,6.5,0.8465,0.4722,0.091,0.8723,0.505,0.6735,0.8723,3
2026-08-28 20:52:51,step_run4,2.015,40.61,56.67,instantaneous_fallback,128.453,7.284,7.447,1,,558,4460,0.188,-34.0,3,0.0,-34.13,6.5,6.5,0.2707,0.5209,0.091,0.8723,0.5117,0.595,0.8723,3
2026-08-28 20:52:53,step_run4,1.073,169.87,70.0,instantaneous_fallback,123.627,7.284,7.447,1,,1360,5417,0.175,-33.67,3,0.33,-34.0,6.5,35.8,1.0,0.6875,0.091,0.8723,0.505,0.5625,0.8723,3
2026-08-28 20:52:54,step_run4,1.163,85.14,70.0,instantaneous_fallback,76.584,7.284,7.447,1,,586,5118,0.1658,-34.0,3,-0.33,-34.0,6.5,35.8,0.5676,0.6875,0.091,0.8723,0.3191,0.5395,0.8723,3
2026-08-28 20:52:55,step_run4,2.025,48.38,63.33,instantaneous_fallback,76.584,10.641,0.0,1,,1350,3377,0.1707,-34.0,3,0.0,-33.93,6.5,17.7,0.3225,0.6041,0.133,0.0,0.3191,0.5517,0.6041,2
2026-08-28 20:52:57,step_run4,1.086,170.61,63.33,instantaneous_fallback,76.584,10.641,0.0,1,,3450,10146,0.2039,-34.0,3,0.0,-33.93,6.5,9.8,1.0,0.6041,0.133,0.0,0.3191,0.6348,0.6041,2
2026-08-28 20:52:58,step_run4,1.063,82.01,53.33,instantaneous_fallback,73.476,10.641,0.0,1,,2024,4349,0.2359,-33.67,3,0.33,-33.87,6.5,6.5,0.5467,0.4722,0.133,0.0,0.3061,0.7147,0.4722,1
2026-08-28 20:52:59,step_run4,2.011,44.91,50.0,instantaneous_fallback,50.58,8.545,0.0,1,,1556,4927,0.2431,-33.33,3,0.33,-33.8,6.5,6.5,0.2994,0.4167,0.1068,0.0,0.2107,0.7328,0.4167,1
2026-08-28 20:53:01,step_run4,2.012,83.11,50.0,instantaneous_fallback,50.58,8.545,0.0,1,,3674,8253,0.2796,-33.0,3,0.33,-33.6,6.5,6.5,0.5541,0.4167,0.1068,0.0,0.2107,0.7993,0.4167,1
2026-08-28 20:53:03,step_run4,1.275,74.64,50.0,instantaneous_fallback,136.409,8.545,0.0,1,,1874,3963,0.2845,-32.0,3,1.0,-33.2,6.5,6.5,0.4976,0.4167,0.1068,0.0,0.5228,0.8075,0.5228,2
2026-08-28 20:53:04,step_run4,2.012,52.53,56.67,instantaneous_fallback,136.409,12.138,3.191,1,,1924,4344,0.2996,-32.67,3,-0.67,-32.93,6.5,6.5,0.3502,0.5209,0.1517,0.6369,0.5228,0.8327,0.6369,2
2026-08-28 20:53:06,step_run4,2.012,75.76,73.33,instantaneous_fallback,207.155,12.138,3.191,1,,2300,5706,0.2941,-33.33,3,-0.67,-32.87,6.5,6.5,0.5051,0.7291,0.1517,0.6369,0.621,0.8235,0.7291,2
2026-08-28 20:53:08,step_run4,2.011,49.63,73.33,instantaneous_fallback,207.155,10.306,0.0,1,,1786,3652,0.3084,-32.33,3,1.0,-32.67,6.5,6.5,0.3309,0.7291,0.1288,0.0,0.621,0.8473,0.7291,2
2026-08-28 20:53:10,step_run4,2.01,71.24,70.0,instantaneous_fallback,207.155,10.306,0.0,1,,2446,5817,0.3055,-33.0,3,-0.67,-32.67,6.5,6.5,0.4749,0.6875,0.1288,0.0,0.621,0.8425,0.6875,2
2026-08-28 20:53:12,step_run4,1.067,165.44,65.52,instantaneous_fallback,147.9,10.306,0.0,1,,4904,9143,0.3179,-33.0,3,0.0,-32.87,6.5,6.5,1.0,0.6315,0.1288,0.0,0.5388,0.8632,0.6315,2
2026-08-28 20:53:14,step_run4,1.05,85.56,53.33,instantaneous_fallback,52.728,10.306,0.0,1,,1654,4818,0.31,-33.33,3,-0.33,-33.0,6.5,9.8,0.5704,0.4722,0.1288,0.0,0.2197,0.85,0.4722,1
2026-08-28 20:53:15,step_run4,1.092,80.32,50.0,instantaneous_fallback,52.728,5.785,0.0,1,,1590,4562,0.3066,-33.33,3,0.0,-33.0,6.5,6.5,0.5355,0.4167,0.0723,0.0,0.2197,0.8443,0.4167,1
2026-08-28 20:53:16,step_run4,2.011,42.25,50.0,instantaneous_fallback,54.027,10.17,0.0,1,,1890,4418,0.3027,-33.33,3,0.0,-33.2,6.5,6.5,0.2817,0.4167,0.1271,0.0,0.2251,0.8378,0.4167,1
2026-08-28 20:53:18,step_run4,1.109,153.73,50.0,delta,96.414,10.17,0.0,1,,5386,8634,0.3282,-34.33,3,-1.0,-33.47,6.5,6.5,1.0,0.4167,0.1271,0.0,0.4017,0.8803,0.4167,1
2026-08-28 20:53:19,step_run4,1.05,89.22,46.67,instantaneous_fallback,96.414,10.17,0.0,1,,1734,5230,0.307,-34.0,3,0.33,-33.67,6.5,6.5,0.5948,0.3612,0.1271,0.0,0.4017,0.845,0.4017,1
2026-08-28 20:53:20,step_run4,2.015,45.76,46.67,instantaneous_fallback,63.137,4.975,0.0,1,,2538,5010,0.3205,-33.67,3,0.33,-33.73,6.5,17.7,0.3051,0.3612,0.0622,0.0,0.2631,0.8675,0.3612,1
2026-08-28 20:53:22,step_run4,1.015,166.84,46.67,instantaneous_fallback,63.137,15.132,2.66,1,,4040,8562,0.3286,-34.0,3,-0.33,-33.87,6.5,6.5,1.0,0.3612,0.1891,0.6038,0.2631,0.881,0.6038,2
2026-08-28 20:53:23,step_run4,2.014,23.53,46.67,instantaneous_fallback,59.561,15.132,2.66,1,,1032,2346,0.3309,-34.33,3,-0.33,-34.07,6.5,38.3,0.1569,0.3612,0.1891,0.6038,0.2482,0.8848,0.6038,2
2026-08-28 20:53:25,step_run4,2.04,26.58,56.67,instantaneous_fallback,64.756,15.132,2.66,1,,2,964,0.2971,-33.67,3,0.67,-33.93,6.5,38.3,0.1772,0.5209,0.1891,0.6038,0.2698,0.8285,0.6038,2
2026-08-28 20:53:27,step_run4,2.569,27.38,73.33,instantaneous_fallback,781.557,12.717,0.0,1,,0,738,0.3017,-33.33,3,0.33,-33.8,6.5,35.8,0.1825,0.7291,0.159,0.0,0.9908,0.8362,0.9908,3
2026-08-28 20:53:30,step_run4,2.755,26.09,73.33,delta,875.113,12.717,0.0,1,,0,832,0.274,-33.67,3,-0.33,-33.8,6.5,6.5,0.1739,0.7291,0.159,0.0,1.0,0.79,1.0,3
2026-08-28 20:53:32,step_run4,2.011,45.61,83.33,instantaneous_fallback,781.557,12.717,0.0,1,,0,731,0.1556,-33.33,3,0.33,-33.67,6.5,35.8,0.3041,0.8888,0.159,0.0,0.9908,0.514,0.9908,3
2026-08-28 20:53:34,step_run4,2.037,53.98,63.33,instantaneous_fallback,256.672,12.717,0.0,1,,1904,5155,0.1846,-33.67,3,-0.33,-33.53,6.5,35.8,0.3599,0.6041,0.159,0.0,0.6898,0.5865,0.6898,2
2026-08-28 20:53:36,step_run4,2.016,69.42,65.52,instantaneous_fallback,142.033,12.717,0.0,1,,1980,5704,0.2279,-33.67,3,0.0,-33.53,6.5,6.5,0.4628,0.6315,0.159,0.0,0.5306,0.6947,0.6315,2
2026-08-28 20:53:38,step_run4,1.318,55.59,65.52,delta,160.493,12.717,0.0,1,,540,3978,0.2124,-33.67,3,0.0,-33.6,6.5,6.5,0.3706,0.6315,0.159,0.0,0.5562,0.656,0.6315,2
2026-08-28 20:53:40,step_run4,2.01,48.99,68.97,instantaneous_fallback,160.493,,,0,,1484,4257,0.2296,-33.67,3,0.0,-33.6,6.5,24.9,0.3266,0.6746,0.0,1.0,0.5562,0.699,1.0,3
2026-08-28 20:53:42,step_run4,1.02,143.19,68.97,instantaneous_fallback,160.493,,,0,,2240,7525,0.2344,-34.0,3,-0.33,-33.73,6.5,24.9,0.9546,0.6746,0.0,1.0,0.5562,0.711,1.0,3
2026-08-28 20:53:43,step_run4,1.136,59.92,68.97,instantaneous_fallback,63.1,,,0,,360,3508,0.2091,-34.0,3,0.0,-33.8,6.5,6.5,0.3995,0.6746,0.0,1.0,0.2629,0.6478,1.0,3
2026-08-28 20:53:44,step_run4,1.184,50.76,60.0,instantaneous_fallback,63.1,,,0,,826,2877,0.1975,-33.67,3,0.33,-33.8,6.5,24.9,0.3384,0.5625,0.0,1.0,0.2629,0.6188,1.0,3
2026-08-28 20:53:45,step_run4,1.032,56.67,60.0,instantaneous_fallback,71.583,,,0,,760,2998,0.2113,-33.33,3,0.33,-33.73,6.5,6.5,0.3778,0.5625,0.0,1.0,0.2983,0.6532,1.0,3
2026-08-28 20:53:46,step_run4,1.037,42.9,63.33,instantaneous_fallback,71.583,,,0,,1334,2345,0.2228,-33.67,3,-0.33,-33.73,6.5,6.5,0.286,0.6041,0.0,1.0,0.2983,0.682,1.0,3
2026-08-28 20:53:47,step_run4,1.048,58.19,68.97,instantaneous_fallback,56.958,,,0,,980,3247,0.2215,-33.33,3,0.33,-33.6,6.5,6.5,0.3879,0.6746,0.0,1.0,0.2373,0.6787,1.0,3
2026-08-28 20:53:48,step_run4,1.021,41.18,68.97,delta,22.893,7.133,0.0,1,,164,2264,0.2284,-34.0,3,-0.67,-33.6,6.5,6.5,0.2745,0.6746,0.0892,0.0,0.0954,0.696,0.6746,2
2026-08-28 20:53:49,step_run4,1.065,55.55,68.97,instantaneous_fallback,22.893,7.133,0.0,1,,964,3007,0.2326,-33.67,3,0.33,-33.6,6.5,6.5,0.3703,0.6746,0.0892,0.0,0.0954,0.7065,0.6746,2
2026-08-28 20:53:50,step_run4,1.211,37.62,70.0,instantaneous_fallback,45.427,7.133,0.0,1,,514,2727,0.2255,-33.67,3,0.0,-33.67,6.5,6.5,0.2508,0.6875,0.0892,0.0,0.1893,0.6887,0.6875,2
2026-08-28 20:53:51,step_run4,2.022,20.47,70.0,instantaneous_fallback,78.218,7.865,0.0,1,,418,2044,0.1862,-33.67,3,0.0,-33.67,6.5,6.5,0.1365,0.6875,0.0983,0.0,0.3259,0.5905,0.6875,2
2026-08-28 20:53:53,step_run4,2.012,58.92,70.0,instantaneous_fallback,104.787,7.865,0.0,1,,1152,6064,0.1663,-33.67,3,0.0,-33.73,6.5,6.5,0.3928,0.6875,0.0983,0.0,0.4366,0.5407,0.6875,2
2026-08-28 20:53:55,step_run4,1.09,122.75,66.67,instantaneous_fallback,78.218,7.865,0.0,1,,2108,6922,0.1989,-33.67,3,0.0,-33.67,6.5,6.5,0.8183,0.6459,0.0983,0.0,0.3259,0.6222,0.6459,2
2026-08-28 20:53:57,step_run4,1.186,39.27,66.67,delta,128.742,5.806,0.0,1,,388,2423,0.185,-33.67,3,0.0,-33.67,6.5,24.9,0.2618,0.6459,0.0726,0.0,0.5121,0.5875,0.6459,2
2026-08-28 20:53:58,step_run4,2.016,32.42,72.41,instantaneous_fallback,107.993,9.239,0.0,1,,972,3066,0.1971,-33.67,3,0.0,-33.67,6.5,24.9,0.2161,0.7176,0.1155,0.0,0.45,0.6178,0.7176,2
2026-08-28 20:54:00,step_run4,2.016,81.54,72.41,instantaneous_fallback,128.742,9.239,0.0,1,,2038,6635,0.2096,-33.67,3,0.0,-33.67,6.5,13.0,0.5436,0.7176,0.1155,0.0,0.5121,0.649,0.7176,2
2026-08-28 20:54:02,step_run4,2.016,65.78,70.0,instantaneous_fallback,107.993,9.239,0.0,1,,2020,4775,0.2401,-33.67,3,0.0,-33.67,6.5,6.5,0.4385,0.6875,0.1155,0.0,0.45,0.7253,0.6875,2
2026-08-28 20:54:04,step_run4,1.122,92.56,66.67,instantaneous_fallback,91.088,7.094,0.0,1,,1138,6234,0.2208,-34.0,3,-0.33,-33.73,6.5,6.5,0.6171,0.6459,0.0887,0.0,0.3795,0.677,0.6459,2
2026-08-28 20:54:05,step_run4,1.065,52.33,68.97,instantaneous_fallback,57.604,7.094,0.0,1,,834,2964,0.2283,-33.67,3,0.33,-33.73,6.5,6.5,0.3489,0.6746,0.0887,0.0,0.24,0.6958,0.6746,2
2026-08-28 20:54:06,step_run4,1.061,37.23,68.97,delta,55.939,7.745,0.0,1,,818,2214,0.2308,-33.67,3,0.0,-33.73,6.5,6.5,0.2482,0.6746,0.0968,0.0,0.2331,0.702,0.6746,2
2026-08-28 20:54:07,step_run4,1.117,50.74,68.97,instantaneous_fallback,53.211,7.745,0.0,1,,458,3086,0.2147,-33.67,3,0.0,-33.73,6.5,6.5,0.3383,0.6746,0.0968,0.0,0.2217,0.6617,0.6746,2
2026-08-28 20:54:08,step_run4,1.197,68.57,70.0,instantaneous_fallback,53.211,6.56,0.0,1,,1144,4286,0.1895,-33.67,3,0.0,-33.73,6.5,6.5,0.4571,0.6875,0.082,0.0,0.2217,0.5988,0.6875,2
2026-08-28 20:54:09,step_run4,1.056,53.1,70.0,instantaneous_fallback,118.87,6.56,0.0,1,,1038,2849,0.218,-33.67,3,0.0,-33.67,6.5,6.5,0.354,0.6875,0.082,0.0,0.4953,0.67,0.6875,2
2026-08-28 20:54:10,step_run4,1.112,39.31,70.0,instantaneous_fallback,118.87,6.56,0.0,1,,850,2647,0.2222,-33.67,3,0.0,-33.67,6.5,6.5,0.2621,0.6875,0.082,0.0,0.4953,0.6805,0.6875,2
2026-08-28 20:54:12,step_run4,1.265,19.53,70.0,instantaneous_fallback,118.87,7.66,0.0,1,,162,1423,0.2035,-34.0,3,-0.33,-33.73,6.5,6.5,0.1302,0.6875,0.0958,0.0,0.4953,0.6337,0.6875,2
2026-08-28 20:54:13,step_run4,2.013,27.96,70.0,instantaneous_fallback,195.039,7.66,0.0,1,,870,2628,0.2271,-34.0,3,0.0,-33.8,6.5,6.5,0.1864,0.6875,0.0958,0.0,0.6042,0.6927,0.6875,2
2026-08-28 20:54:15,step_run4,2.016,61.18,70.0,instantaneous_fallback,195.039,11.88,0.266,1,,1872,5663,0.2396,-34.0,3,0.0,-33.87,6.5,6.5,0.4079,0.6875,0.1485,0.133,0.6042,0.724,0.6875,2
2026-08-28 20:54:17,step_run4,1.037,126.46,68.97,instantaneous_fallback,173.989,11.88,0.266,1,,1714,6994,0.2203,-33.67,3,0.33,-33.87,6.5,6.5,0.8431,0.6746,0.1485,0.133,0.575,0.6758,0.6746,2
2026-08-28 20:54:18,step_run4,1.091,43.06,68.97,delta,85.616,11.88,0.266,1,,440,2374,0.2095,-33.67,3,0.0,-33.87,6.5,13.0,0.2871,0.6746,0.1485,0.133,0.3567,0.6487,0.6746,2
2026-08-28 20:54:19,step_run4,1.027,41.51,70.0,instantaneous_fallback,33.049,11.88,0.266,1,,492,2195,0.2135,-33.67,3,0.0,-33.8,6.5,6.5,0.2767,0.6875,0.1485,0.133,0.1377,0.6587,0.6875,2
2026-08-28 20:54:20,step_run4,2.012,15.15,76.67,instantaneous_fallback,38.599,7.148,0.0,1,,396,1859,0.2048,-34.0,3,-0.33,-33.8,6.5,6.5,0.101,0.7778,0.0893,0.0,0.1608,0.637,0.7778,3
2026-08-28 20:54:22,step_run4,2.011,38.11,73.33,instantaneous_fallback,38.599,9.413,0.0,1,,1234,3545,0.2013,-33.67,3,0.33,-33.73,6.5,6.5,0.2541,0.7291,0.1177,0.0,0.1608,0.6282,0.7291,2
2026-08-28 20:54:24,step_run4,2.538,40.34,73.33,instantaneous_fallback,257.117,9.413,0.0,1,,1292,4851,0.2063,-34.0,3,-0.33,-33.8,6.5,6.8,0.2689,0.7291,0.1177,0.0,0.6904,0.6408,0.7291,2
2026-08-28 20:54:27,step_run4,2.028,57.31,73.33,instantaneous_fallback,257.117,9.413,0.0,1,,0,1485,0.1968,-33.67,3,0.33,-33.8,6.5,6.8,0.3821,0.7291,0.1177,0.0,0.6904,0.617,0.7291,2
2026-08-28 20:54:29,step_run4,2.016,35.97,76.67,instantaneous_fallback,0.0,9.413,0.0,1,,0,447,0.1934,-33.67,3,0.0,-33.8,6.5,6.5,0.2398,0.7778,0.1177,0.0,1.0,0.6085,1.0,3
2026-08-28 20:54:31,step_run4,2.016,59.45,83.33,instantaneous_fallback,0.0,9.413,0.0,1,,0,759,0.1856,-33.67,3,0.0,-33.73,6.5,6.5,0.3963,0.8888,0.1177,0.0,1.0,0.589,1.0,3
2026-08-28 20:54:33,step_run4,2.016,25.08,83.33,instantaneous_fallback,0.0,9.413,0.0,1,,2,361,0.1407,-33.67,3,0.0,-33.73,6.5,6.8,0.1672,0.8888,0.1177,0.0,1.0,0.4535,1.0,3
2026-08-28 20:54:35,step_run4,2.016,44.9,83.33,instantaneous_fallback,25.068,,,0,,0,648,0.0005,-34.0,3,-0.33,-33.73,6.5,6.5,0.2993,0.8888,0.0,1.0,0.1045,0.0013,1.0,3
2026-08-28 20:54:37,step_run4,1.124,90.82,83.33,instantaneous_fallback,88.758,,,0,,1684,5715,0.1753,-33.67,3,0.33,-33.73,6.5,6.5,0.6055,0.8888,0.0,1.0,0.3698,0.5633,1.0,3
2026-08-28 20:54:38,step_run4,1.032,48.56,86.67,delta,42.935,6.64,0.0,1,,936,2285,0.2116,-34.0,3,-0.33,-33.8,6.5,6.5,0.3237,0.9445,0.083,0.0,0.1789,0.654,0.9445,3
2026-08-28 20:54:39,step_run4,1.279,46.1,68.97,instantaneous_fallback,88.758,6.64,0.0,1,,492,3590,0.1982,-34.33,3,-0.33,-33.93,6.5,6.5,0.3073,0.6746,0.083,0.0,0.3698,0.6205,0.6746,2
2026-08-28 20:54:40,step_run4,2.037,38.95,68.97,instantaneous_fallback,46.632,9.45,0.0,1,,830,3095,0.2045,-34.33,3,0.0,-34.07,6.5,6.5,0.2597,0.6746,0.1181,0.0,0.1943,0.6362,0.6746,2
2026-08-28 20:54:42,step_run4,1.04,115.77,65.52,instantaneous_fallback,48.644,5.573,0.0,1,,1018,6492,0.1898,-34.33,3,0.0,-34.13,6.5,6.8,0.7718,0.6315,0.0697,0.0,0.2027,0.5995,0.6315,2
2026-08-28 20:54:43,step_run4,1.111,45.12,65.52,delta,48.644,5.573,0.0,1,,836,2610,0.1854,-34.0,3,0.33,-34.2,6.5,6.5,0.3008,0.6315,0.0697,0.0,0.2027,0.5885,0.6315,2
2026-08-28 20:54:44,step_run4,1.029,58.71,70.0,instantaneous_fallback,48.644,6.18,0.0,1,,776,3126,0.1728,-34.33,3,-0.33,-34.27,6.5,6.5,0.3914,0.6875,0.0772,0.0,0.2027,0.557,0.6875,2
2026-08-28 20:54:45,step_run4,2.011,31.53,70.0,instantaneous_fallback,48.43,6.18,0.0,1,,624,3695,0.1768,-34.33,3,0.0,-34.27,6.5,6.5,0.2102,0.6875,0.0772,0.0,0.2018,0.567,0.6875,2
2026-08-28 20:54:47,step_run4,1.052,118.05,70.0,instantaneous_fallback,33.865,6.18,0.0,1,,1102,6410,0.1632,-34.33,3,0.0,-34.27,6.5,6.5,0.787,0.6875,0.0772,0.0,0.1411,0.533,0.6875,2
2026-08-28 20:54:48,step_run4,1.064,58.42,66.67,instantaneous_fallback,33.865,7.393,0.266,1,,156,3313,0.1543,-34.0,3,0.33,-34.2,6.5,6.5,0.3895,0.6459,0.0924,0.133,0.1411,0.5108,0.6459,2
2026-08-28 20:54:49,step_run4,1.141,39.37,68.97,instantaneous_fallback,53.8,7.393,0.266,1,,850,2147,0.158,-34.0,3,0.0,-34.2,6.5,6.5,0.2625,0.6746,0.0924,0.133,0.2242,0.52,0.6746,2
2026-08-28 20:54:51,step_run4,2.016,25.39,68.97,delta,132.659,7.393,0.266,1,,820,2678,0.163,-34.0,3,0.0,-34.13,6.5,6.5,0.1693,0.6746,0.0924,0.133,0.5176,0.5325,0.6746,2
2026-08-28 20:54:53,step_run4,1.05,128.44,68.97,instantaneous_fallback,132.659,7.393,0.266,1,,2218,6006,0.2002,-34.0,3,0.0,-34.07,6.5,6.5,0.8563,0.6746,0.0924,0.133,0.5176,0.6255,0.6746,2
2026-08-28 20:54:54,step_run4,1.045,39.67,68.97,instantaneous_fallback,27.941,7.393,0.266,1,,242,2240,0.2074,-34.0,3,0.0,-34.0,6.5,6.5,0.2645,0.6746,0.0924,0.133,0.1164,0.6435,0.6746,2
2026-08-28 20:54:55,step_run4,1.11,29.57,68.97,delta,27.941,7.393,0.266,1,,406,1600,0.2362,-34.0,3,0.0,-34.0,6.5,6.5,0.1971,0.6746,0.0924,0.133,0.1164,0.7155,0.6746,2
2026-08-28 20:54:56,step_run4,2.011,32.5,70.0,instantaneous_fallback,75.955,7.393,0.266,1,,904,2768,0.2309,-34.0,3,0.0,-34.0,6.5,6.5,0.2167,0.6875,0.0924,0.133,0.3165,0.7023,0.6875,2
2026-08-28 20:54:58,step_run4,2.016,73.96,70.0,instantaneous_fallback,85.941,7.393,0.266,1,,1714,6509,0.2229,-34.0,3,0.0,-34.0,6.5,6.5,0.4931,0.6875,0.0924,0.133,0.3581,0.6823,0.6875,2
2026-08-28 20:55:00,step_run4,2.016,52.94,66.67,instantaneous_fallback,89.024,,,0,,852,4825,0.1867,-34.0,3,0.0,-34.0,6.5,6.5,0.3529,0.6459,0.0,1.0,0.3709,0.5917,1.0,3
2026-08-28 20:55:02,step_run4,2.016,57.66,66.67,instantaneous_fallback,89.024,,,0,,2176,6048,0.2177,-33.67,3,0.33,-33.93,6.5,6.8,0.3844,0.6459,0.0,1.0,0.3709,0.6693,1.0,3
2026-08-28 20:55:04,step_run4,1.173,84.69,65.52,delta,123.647,10.442,0.266,1,,1242,5453,0.212,-34.33,3,-0.67,-34.0,6.5,6.5,0.5646,0.6315,0.1305,0.133,0.5051,0.655,0.6315,2
2026-08-28 20:55:05,step_run4,1.194,50.27,68.97,instantaneous_fallback,183.873,10.442,0.266,1,,1230,3266,0.2165,-34.33,3,0.0,-34.07,6.5,6.5,0.3351,0.6746,0.1305,0.133,0.5887,0.6663,0.6746,2
2026-08-28 20:55:06,step_run4,2.018,31.28,68.97,instantaneous_fallback,201.028,12.483,0.0,1,,852,2971,0.2197,-34.33,3,0.0,-34.13,6.5,6.5,0.2085,0.6746,0.156,0.0,0.6125,0.6743,0.6746,2
2026-08-28 20:55:08,step_run4,2.015,71.24,68.97,instantaneous_fallback,201.028,12.483,0.0,1,,2552,6631,0.2484,-34.33,3,0.0,-34.2,6.5,6.5,0.4749,0.6746,0.156,0.0,0.6125,0.746,0.6746,2
2026-08-28 20:55:10,step_run4,1.185,113.81,68.97,instantaneous_fallback,115.573,12.483,0.0,1,,2086,7045,0.2389,-34.33,3,0.0,-34.33,6.5,6.5,0.7587,0.6746,0.156,0.0,0.4816,0.7223,0.6746,2
2026-08-28 20:55:11,step_run4,2.015,40.29,68.97,instantaneous_fallback,115.573,16.174,0.266,1,,352,4257,0.2264,-34.0,3,0.33,-34.27,6.5,6.5,0.2686,0.6746,0.2022,0.133,0.4816,0.691,0.6746,2
2026-08-28 20:55:13,step_run4,2.016,66.1,68.97,instantaneous_fallback,251.279,16.174,0.266,1,,1736,5325,0.2242,-34.67,3,-0.67,-34.33,6.5,6.5,0.4407,0.6746,0.2022,0.133,0.6823,0.6855,0.6823,2
2026-08-28 20:55:15,step_run4,1.031,121.76,66.67,instantaneous_fallback,251.279,6.488,0.266,1,,2230,7086,0.2279,-34.0,3,0.67,-34.27,6.5,6.5,0.8117,0.6459,0.0811,0.133,0.6823,0.6947,0.6823,2
2026-08-28 20:55:16,step_run4,2.012,22.25,66.67,instantaneous_fallback,47.617,12.591,0.0,1,,384,2449,0.206,-34.0,3,0.0,-34.2,6.5,6.5,0.1483,0.6459,0.1574,0.0,0.1984,0.64,0.6459,2
2026-08-28 20:55:18,step_run4,2.011,52.28,66.67,instantaneous_fallback,47.617,12.591,0.0,1,,1842,4647,0.2159,-34.33,3,-0.33,-34.2,6.5,6.8,0.3485,0.6459,0.1574,0.0,0.1984,0.6647,0.6459,2
2026-08-28 20:55:20,step_run4,1.225,123.04,66.67,instantaneous_fallback,182.68,12.591,0.0,1,,2192,6011,0.2473,-34.33,3,0.0,-34.27,6.5,6.5,0.8203,0.6459,0.1574,0.0,0.5871,0.7432,0.6459,2
2026-08-28 20:55:22,step_run4,2.011,52.99,68.97,instantaneous_fallback,182.68,6.789,0.266,1,,1734,4206,0.2557,-34.0,3,0.33,-34.13,6.5,6.5,0.3533,0.6746,0.0849,0.133,0.5871,0.7595,0.6746,2
2026-08-28 20:55:24,step_run4,1.022,98.47,66.67,instantaneous_fallback,123.373,6.789,0.266,1,,1342,6043,0.2429,-34.33,3,-0.33,-34.2,6.5,6.5,0.6565,0.6459,0.0849,0.133,0.5047,0.7322,0.6459,2
2026-08-28 20:55:25,step_run4,1.016,38.44,68.97,delta,19.581,6.789,0.266,1,,284,2256,0.242,-34.33,3,0.0,-34.27,6.5,24.9,0.2563,0.6746,0.0849,0.133,0.0816,0.73,0.6746,2
2026-08-28 20:55:26,step_run4,1.015,3.57,58.62,instantaneous_fallback,3.983,0.836,0.0,1,,0,337,0.2275,-34.0,3,0.33,-34.2,6.5,6.5,0.0238,0.5453,0.0104,0.0,0.0166,0.6937,0.5453,2
2026-08-28 20:55:27,step_run4,1.015,0.42,20.69,instantaneous_fallback,2.938,0.836,0.0,1,,0,227,0.2045,-34.0,3,0.0,-34.13,6.5,6.5,0.0028,0.1293,0.0104,0.0,0.0122,0.6362,0.1293,0
2026-08-28 20:55:28,step_run4,1.013,0.45,16.67,instantaneous_fallback,1.939,1.127,0.0,1,,0,225,0.1518,-34.0,3,0.0,-34.13,6.5,6.5,0.003,0.1042,0.0141,0.0,0.0081,0.5045,0.1042,0
2026-08-28 20:55:29,step_run4,1.015,0.55,13.33,instantaneous_fallback,2.338,1.127,0.0,1,,8,240,0.0816,-34.0,3,0.0,-34.07,6.5,6.5,0.0037,0.0833,0.0141,0.0,0.0097,0.204,0.0833,0
2026-08-28 20:55:30,step_run4,1.018,0.94,16.67,instantaneous_fallback,2.338,1.729,0.0,1,,0,245,0.0062,-33.67,3,0.33,-33.93,6.5,6.5,0.0063,0.1042,0.0216,0.0,0.0097,0.0155,0.1042,0
2026-08-28 20:55:31,step_run4,1.015,0.4,16.67,instantaneous_fallback,2.338,1.729,0.0,1,,0,222,0.0069,-33.67,3,0.0,-33.87,6.5,6.5,0.0027,0.1042,0.0216,0.0,0.0097,0.0172,0.1042,0
2026-08-28 20:55:32,step_run4,1.016,0.37,16.67,instantaneous_fallback,3.115,1.709,0.0,1,,0,211,0.007,-33.67,3,0.0,-33.8,6.5,6.5,0.0025,0.1042,0.0214,0.0,0.013,0.0175,0.1042,0
2026-08-28 20:55:33,step_run4,1.02,0.38,16.67,instantaneous_fallback,3.115,1.709,0.0,1,,0,226,0.0069,-34.0,3,-0.33,-33.8,6.5,6.5,0.0025,0.1042,0.0214,0.0,0.013,0.0172,0.1042,0
2026-08-28 20:55:34,step_run4,1.014,2.31,16.67,instantaneous_fallback,3.115,3.272,0.0,1,,0,261,0.0,-34.0,3,0.0,-33.8,6.5,6.5,0.0154,0.1042,0.0409,0.0,0.013,0.0,0.1042,0
2026-08-28 20:55:35,step_run4,1.014,1.63,16.67,instantaneous_fallback,5.131,3.272,0.0,1,,4,198,0.0036,-34.0,3,0.0,-33.87,6.5,6.5,0.0109,0.1042,0.0409,0.0,0.0214,0.009,0.1042,0
2026-08-28 20:55:36,step_run4,1.014,0.43,16.67,instantaneous_fallback,2.173,1.115,0.0,1,,0,212,0.0036,-33.67,3,0.33,-33.87,6.5,6.5,0.0029,0.1042,0.0139,0.0,0.0091,0.009,0.1042,0
2026-08-28 20:55:37,step_run4,1.016,0.47,16.67,instantaneous_fallback,3.751,1.115,0.0,1,,0,260,0.0034,-33.67,3,0.0,-33.87,6.5,6.5,0.0031,0.1042,0.0139,0.0,0.0156,0.0085,0.1042,0
2026-08-28 20:55:38,step_run4,1.018,0.43,16.67,delta,3.751,1.18,0.0,1,,4,232,0.0068,-33.67,3,0.0,-33.8,6.5,6.5,0.0029,0.1042,0.0147,0.0,0.0156,0.017,0.1042,0
2026-08-28 20:55:39,step_run4,1.015,0.41,16.67,instantaneous_fallback,3.751,1.18,0.0,1,,0,250,0.0069,-33.67,3,0.0,-33.73,6.5,6.5,0.0027,0.1042,0.0147,0.0,0.0156,0.0172,0.1042,0
2026-08-28 20:55:40,step_run4,1.02,1.45,16.67,instantaneous_fallback,4.921,1.379,0.0,1,,0,294,0.0032,-33.67,3,0.0,-33.67,6.5,6.5,0.0097,0.1042,0.0172,0.0,0.0205,0.008,0.1042,0
2026-08-28 20:55:41,step_run4,1.014,0.43,16.67,instantaneous_fallback,3.62,1.379,0.0,1,,0,233,0.0031,-34.0,3,-0.33,-33.73,6.5,6.5,0.0029,0.1042,0.0172,0.0,0.0151,0.0077,0.1042,0
2026-08-28 20:55:42,step_run4,1.009,0.45,16.67,instantaneous_fallback,3.433,1.791,0.0,1,,0,232,0.0032,-34.33,3,-0.33,-33.87,6.5,6.5,0.003,0.1042,0.0224,0.0,0.0143,0.008,0.1042,0
2026-08-28 20:55:43,step_run4,1.008,3.73,16.67,instantaneous_fallback,3.433,1.791,0.0,1,,0,401,0.0,-35.33,3,-1.0,-34.2,6.5,6.5,0.0249,0.1042,0.0224,0.0,0.0143,0.0,0.1042,0
2026-08-28 20:55:44,step_run4,1.009,0.39,16.67,instantaneous_fallback,3.433,0.927,0.0,1,,0,211,0.0,-35.33,3,0.0,-34.53,6.5,6.5,0.0026,0.1042,0.0116,0.0,0.0143,0.0,0.1042,0
2026-08-28 20:55:45,step_run4,1.012,0.46,16.67,instantaneous_fallback,3.105,0.927,0.0,1,,4,245,0.003,-35.67,3,-0.33,-34.93,6.5,6.5,0.0031,0.1042,0.0116,0.0,0.0129,0.0075,0.1042,0
2026-08-28 20:55:46,step_run4,1.012,3.86,16.67,instantaneous_fallback,3.105,0.945,0.0,1,,0,414,0.0027,-36.67,3,-1.0,-35.47,6.5,6.5,0.0257,0.1042,0.0118,0.0,0.0129,0.0068,0.1042,0
2026-08-28 20:55:47,step_run4,1.015,0.23,16.67,instantaneous_fallback,3.105,0.945,0.0,1,,14,138,0.0126,-36.67,3,0.0,-35.93,6.5,6.5,0.0015,0.1042,0.0118,0.0,0.0129,0.0315,0.1042,0
2026-08-28 20:55:48,step_run4,1.019,0.38,16.67,instantaneous_fallback,4.168,0.981,0.0,1,,0,221,0.0144,-36.67,3,0.0,-36.2,6.5,6.5,0.0025,0.1042,0.0123,0.0,0.0174,0.036,0.1042,0
2026-08-28 20:55:49,step_run4,1.016,0.39,16.67,instantaneous_fallback,3.345,0.981,0.0,1,,0,230,0.0142,-36.67,3,0.0,-36.47,6.5,6.5,0.0026,0.1042,0.0123,0.0,0.0139,0.0355,0.1042,0
2026-08-28 20:55:50,step_run4,1.014,0.37,16.67,instantaneous_fallback,3.345,1.715,0.0,1,,0,204,0.0115,-36.67,3,0.0,-36.67,6.5,6.5,0.0025,0.1042,0.0214,0.0,0.0139,0.0287,0.1042,0
2026-08-28 20:55:51,step_run4,1.014,0.38,16.67,instantaneous_fallback,3.129,1.715,0.0,1,,0,217,0.0137,-36.67,3,0.0,-36.67,6.5,6.5,0.0025,0.1042,0.0214,0.0,0.013,0.0343,0.1042,0
2026-08-28 20:55:52,step_run4,1.015,0.37,16.67,instantaneous_fallback,3.129,0.984,0.0,1,,0,204,0.0,-37.0,3,-0.33,-36.73,6.5,6.5,0.0025,0.1042,0.0123,0.0,0.013,0.0,0.1042,0
2026-08-28 20:55:53,step_run4,1.014,0.39,16.67,instantaneous_fallback,3.005,0.984,0.0,1,,0,230,0.0,-37.0,3,0.0,-36.8,6.5,6.5,0.0026,0.1042,0.0123,0.0,0.0125,0.0,0.1042,0
2026-08-28 20:55:54,step_run4,1.014,0.38,16.67,instantaneous_fallback,2.363,1.593,0.0,1,,0,215,0.0,-37.0,3,0.0,-36.87,6.5,6.5,0.0025,0.1042,0.0199,0.0,0.0098,0.0,0.1042,0
2026-08-28 20:55:55,step_run4,1.014,0.59,16.67,instantaneous_fallback,2.363,1.593,0.0,1,,0,237,0.0,-37.0,3,0.0,-36.93,6.5,6.5,0.0039,0.1042,0.0199,0.0,0.0098,0.0,0.1042,0
2026-08-28 20:55:56,step_run4,1.016,0.71,16.67,instantaneous_fallback,2.473,3.505,0.0,1,,0,231,0.0,-37.0,3,0.0,-37.0,6.5,6.5,0.0047,0.1042,0.0438,0.0,0.0103,0.0,0.1042,0
2026-08-28 20:55:57,step_run4,1.014,0.38,13.79,delta,2.473,3.505,0.0,1,,0,224,0.0,-37.33,3,-0.33,-37.07,6.5,6.5,0.0025,0.0862,0.0438,0.0,0.0103,0.0,0.0862,0
2026-08-28 20:55:58,step_run4,1.017,0.37,13.79,instantaneous_fallback,2.978,0.575,0.0,1,,0,210,0.0,-37.33,3,0.0,-37.13,6.5,6.5,0.0025,0.0862,0.0072,0.0,0.0124,0.0,0.0862,0
2026-08-28 20:55:59,step_run4,1.015,0.39,13.33,instantaneous_fallback,2.474,0.575,0.0,1,,0,228,0.0,-37.33,3,0.0,-37.2,6.5,6.5,0.0026,0.0833,0.0072,0.0,0.0103,0.0,0.0833,0
2026-08-28 20:56:00,step_run4,1.016,0.21,13.33,instantaneous_fallback,3.443,0.874,0.0,1,,0,108,0.0,-37.33,3,0.0,-37.27,6.5,6.5,0.0014,0.0833,0.0109,0.0,0.0143,0.0,0.0833,0
2026-08-28 20:56:01,step_run4,1.014,3.67,13.33,instantaneous_fallback,2.474,0.874,0.0,1,,8,277,0.0076,-35.67,3,1.67,-37.0,6.5,6.5,0.0245,0.0833,0.0109,0.0,0.0103,0.019,0.0833,0
2026-08-28 20:56:02,step_run4,1.014,0.49,13.33,instantaneous_fallback,1.728,1.012,0.0,1,,6,292,0.0124,-35.67,3,0.0,-36.67,6.5,6.5,0.0033,0.0833,0.0126,0.0,0.0072,0.031,0.0833,0
2026-08-28 20:56:03,step_run4,1.015,0.41,13.33,instantaneous_fallback,1.728,1.012,0.0,1,,12,233,0.0223,-35.67,3,0.0,-36.33,6.5,6.5,0.0027,0.0833,0.0126,0.0,0.0072,0.0558,0.0833,0
2026-08-28 20:56:04,step_run4,1.015,1.0,13.33,instantaneous_fallback,2.429,0.959,0.0,1,,8,244,0.0286,-36.0,3,-0.33,-36.07,6.5,6.5,0.0067,0.0833,0.012,0.0,0.0101,0.0715,0.0833,0
2026-08-28 20:56:05,step_run4,1.013,0.41,13.33,instantaneous_fallback,2.429,0.959,0.0,1,,0,235,0.0259,-36.0,3,0.0,-35.8,6.5,6.5,0.0027,0.0833,0.012,0.0,0.0101,0.0648,0.0833,0
2026-08-28 20:56:06,step_run4,1.013,0.39,16.67,instantaneous_fallback,1.644,3.415,0.0,1,,0,211,0.021,-36.0,3,0.0,-35.87,6.5,38.3,0.0026,0.1042,0.0427,0.0,0.0068,0.0525,0.1042,0
2026-08-28 20:56:07,step_run4,1.017,4.22,16.67,instantaneous_fallback,1.644,3.415,0.0,1,,32,368,0.0387,-35.33,3,0.67,-35.8,6.5,38.3,0.0281,0.1042,0.0427,0.0,0.0068,0.0967,0.1042,0
2026-08-28 20:56:08,step_run4,1.015,0.41,16.67,instantaneous_fallback,1.788,1.151,0.0,1,,0,223,0.0303,-35.33,3,0.0,-35.73,6.5,35.8,0.0027,0.1042,0.0144,0.0,0.0075,0.0758,0.1042,0
2026-08-28 20:56:09,step_run4,1.013,0.42,16.67,instantaneous_fallback,3.603,1.151,0.0,1,,0,233,0.0246,-35.0,3,0.33,-35.53,6.5,6.5,0.0028,0.1042,0.0144,0.0,0.015,0.0615,0.1042,0
2026-08-28 20:56:10,step_run4,1.014,1.02,16.67,instantaneous_fallback,2.2,2.143,0.0,1,,0,257,0.0242,-35.0,3,0.0,-35.33,6.5,38.3,0.0068,0.1042,0.0268,0.0,0.0092,0.0605,0.1042,0
2026-08-28 20:56:11,step_run4,1.02,0.39,16.67,instantaneous_fallback,6.362,2.143,0.0,1,,0,229,0.0238,-35.0,3,0.0,-35.13,6.5,6.5,0.0026,0.1042,0.0268,0.0,0.0265,0.0595,0.1042,0
2026-08-28 20:56:12,step_run4,1.031,4.05,16.67,instantaneous_fallback,6.362,1.953,0.0,1,,6,423,0.0044,-33.67,3,1.33,-34.8,6.5,35.8,0.027,0.1042,0.0244,0.0,0.0265,0.011,0.1042,0
2026-08-28 20:56:13,step_run4,1.022,0.36,20.0,instantaneous_fallback,6.363,1.953,0.0,1,,6,176,0.009,-34.33,3,-0.67,-34.6,6.5,35.9,0.0024,0.125,0.0244,0.0,0.0265,0.0225,0.125,0
2026-08-28 20:56:14,step_run4,1.019,4.53,20.0,instantaneous_fallback,6.363,5.373,0.0,1,,34,495,0.0283,-36.0,3,-1.67,-34.8,6.5,40.7,0.0302,0.125,0.0672,0.0,0.0265,0.0708,0.125,0
2026-08-28 20:56:15,step_run4,1.027,28.13,20.0,instantaneous_fallback,6.363,5.373,0.0,1,,370,1717,0.1204,-39.33,3,-3.33,-35.67,6.5,43.1,0.1875,0.125,0.0672,0.0,0.0265,0.352,0.125,0
2026-08-28 20:56:17,step_run4,1.025,31.66,23.33,instantaneous_fallback,12.389,3.068,0.0,1,,770,1878,0.2019,-39.0,3,0.33,-36.47,6.5,22.8,0.2111,0.1458,0.0384,0.0,0.0516,0.6298,0.1458,0
2026-08-28 20:56:18,step_run4,1.018,56.67,44.83,instantaneous_fallback,12.389,3.068,0.0,1,,1102,3135,0.2357,-38.33,3,0.67,-37.4,6.5,6.5,0.3778,0.3305,0.0384,0.0,0.0516,0.7143,0.3305,1
2026-08-28 20:56:19,step_run4,1.037,42.77,53.33,delta,12.389,4.84,0.0,1,,660,2456,0.2327,-38.67,3,-0.33,-38.27,6.5,6.5,0.2851,0.4722,0.0605,0.0,0.0516,0.7067,0.4722,1
2026-08-28 20:56:20,step_run4,1.021,40.0,46.67,instantaneous_fallback,8.539,4.84,0.0,1,,1148,2271,0.2612,-38.33,3,0.33,-38.73,6.5,6.5,0.2667,0.3612,0.0605,0.0,0.0356,0.7687,0.3612,1
2026-08-28 20:56:21,step_run4,1.019,38.67,46.67,instantaneous_fallback,8.539,3.375,0.0,1,,830,2158,0.2749,-39.0,3,-0.67,-38.67,6.5,6.5,0.2578,0.3612,0.0422,0.0,0.0356,0.7915,0.3612,1
2026-08-28 20:56:22,step_run4,1.032,33.28,46.67,instantaneous_fallback,8.539,3.375,0.0,1,,1176,1978,0.2906,-40.33,3,-1.33,-38.93,6.5,6.5,0.2219,0.3612,0.0422,0.0,0.0356,0.8177,0.3612,1
2026-08-28 20:56:23,step_run4,1.015,41.13,46.67,instantaneous_fallback,8.254,1.607,0.0,1,,946,2324,0.2985,-39.0,3,1.33,-39.07,6.5,6.5,0.2742,0.3612,0.0201,0.0,0.0344,0.8308,0.3612,1
2026-08-28 20:56:24,step_run4,1.024,34.03,51.72,instantaneous_fallback,11.697,1.607,0.0,1,,804,1989,0.3139,-38.67,3,0.33,-39.07,6.5,6.5,0.2269,0.4453,0.0201,0.0,0.0487,0.8565,0.4453,1
2026-08-28 20:56:25,step_run4,1.065,37.51,51.72,delta,11.697,5.129,0.0,1,,950,2227,0.3059,-38.67,3,0.0,-39.13,6.5,6.5,0.2501,0.4453,0.0641,0.0,0.0487,0.8432,0.4453,1
2026-08-28 20:56:26,step_run4,1.02,38.85,50.0,instantaneous_fallback,27.324,5.129,0.0,1,,1530,2144,0.3364,-39.67,3,-1.0,-39.27,6.5,6.5,0.259,0.4167,0.0641,0.0,0.1139,0.894,0.4167,1
2026-08-28 20:56:27,step_run4,1.017,34.64,50.0,instantaneous_fallback,27.324,5.129,0.0,1,,646,1806,0.3173,-40.67,3,-1.0,-39.33,6.5,6.5,0.2309,0.4167,0.0641,0.0,0.1139,0.8622,0.4167,1
2026-08-28 20:56:28,step_run4,1.015,20.24,58.62,instantaneous_fallback,4.42,5.129,0.0,1,,460,1071,0.3222,-40.0,3,0.67,-39.53,6.5,6.5,0.1349,0.5453,0.0641,0.0,0.0184,0.8703,0.5453,2
2026-08-28 20:56:29,step_run4,1.016,36.94,58.62,instantaneous_fallback,4.42,3.871,0.0,1,,826,2083,0.321,-40.33,3,-0.33,-39.87,6.5,6.5,0.2463,0.5453,0.0484,0.0,0.0184,0.8683,0.5453,2
2026-08-28 20:56:30,step_run4,1.017,37.49,50.0,instantaneous_fallback,5.215,3.871,0.0,1,,1170,2129,0.3341,-40.67,3,-0.33,-40.27,6.5,6.5,0.2499,0.4167,0.0484,0.0,0.0217,0.8902,0.4167,1
2026-08-28 20:56:31,step_run4,1.029,34.91,50.0,instantaneous_fallback,9.764,3.5,0.0,1,,838,2007,0.3022,-42.0,3,-1.33,-40.73,6.5,22.8,0.2327,0.4167,0.0437,0.0,0.0407,0.837,0.4167,1
2026-08-28 20:56:32,step_run4,1.034,33.46,44.83,instantaneous_fallback,11.454,3.5,0.0,1,,660,1985,0.2989,-42.67,3,-0.67,-41.13,6.5,6.5,0.2231,0.3305,0.0437,0.0,0.0477,0.8315,0.3305,1
2026-08-28 20:56:33,step_run4,1.019,38.49,44.83,instantaneous_fallback,9.764,2.747,0.0,1,,1316,2198,0.3162,-44.33,3,-1.67,-42.0,6.5,6.5,0.2566,0.3305,0.0343,0.0,0.0407,0.8603,0.3305,1
2026-08-28 20:56:34,step_run4,1.021,38.06,51.72,delta,10.639,2.747,0.0,1,,824,2154,0.3146,-43.67,3,0.67,-42.67,6.5,35.8,0.2537,0.4453,0.0343,0.0,0.0443,0.8577,0.4453,1
2026-08-28 20:56:35,step_run4,1.017,41.26,51.72,instantaneous_fallback,6.412,4.164,0.0,1,,1066,2356,0.3054,-43.67,3,0.0,-43.27,6.5,6.5,0.2751,0.4453,0.052,0.0,0.0267,0.8423,0.4453,1
2026-08-28 20:56:36,step_run4,1.018,43.16,100.0,delta,6.412,4.164,0.0,1,,850,2426,0.2978,-42.0,3,1.67,-43.27,6.5,6.5,0.2877,1.0,0.052,0.0,0.0267,0.8297,1.0,3
2026-08-28 20:56:37,step_run4,1.02,41.5,51.72,instantaneous_fallback,6.412,2.01,0.0,1,,606,2342,0.2889,-39.67,3,2.33,-42.67,6.5,6.5,0.2767,0.4453,0.0251,0.0,0.0267,0.8148,0.4453,1
2026-08-28 20:56:38,step_run4,1.026,30.73,51.72,instantaneous_fallback,10.758,2.01,0.0,1,,236,1802,0.2443,-40.67,3,-1.0,-41.93,6.5,6.5,0.2049,0.4453,0.0251,0.0,0.0448,0.7358,0.4453,1
2026-08-28 20:56:39,step_run4,1.023,40.27,51.72,instantaneous_fallback,10.758,3.92,0.0,1,,720,2207,0.238,-38.67,3,2.0,-40.93,6.5,35.8,0.2685,0.4453,0.049,0.0,0.0448,0.72,0.4453,1
2026-08-28 20:56:40,step_run4,1.02,14.81,53.33,instantaneous_fallback,8.963,3.92,0.0,1,,104,976,0.2051,-40.0,3,-1.33,-40.2,6.5,6.5,0.0987,0.4722,0.049,0.0,0.0373,0.6378,0.4722,1
2026-08-28 20:56:41,step_run4,1.018,35.8,53.33,instantaneous_fallback,7.597,4.879,0.0,1,,644,2057,0.1975,-40.0,3,0.0,-39.8,6.5,6.5,0.2387,0.4722,0.061,0.0,0.0317,0.6188,0.4722,1
2026-08-28 20:56:42,step_run4,1.015,34.29,48.28,instantaneous_fallback,7.597,4.879,0.0,1,,730,1948,0.2131,-39.33,3,0.67,-39.73,6.5,6.5,0.2286,0.388,0.061,0.0,0.0317,0.6578,0.388,1
2026-08-28 20:56:43,step_run4,1.014,30.1,48.28,delta,7.597,3.515,0.0,1,,500,1765,0.2316,-40.67,3,-1.33,-39.73,6.5,6.5,0.2007,0.388,0.0439,0.0,0.0317,0.704,0.388,1
2026-08-28 20:56:44,step_run4,1.023,22.95,53.33,instantaneous_fallback,8.166,3.515,0.0,1,,204,1389,0.2115,-40.33,3,0.33,-40.07,6.5,6.5,0.153,0.4722,0.0439,0.0,0.034,0.6537,0.4722,1
2026-08-28 20:56:45,step_run4,1.018,26.71,53.33,instantaneous_fallback,6.098,3.928,0.0,1,,396,1590,0.2204,-41.67,3,-1.33,-40.4,6.5,6.5,0.1781,0.4722,0.0491,0.0,0.0254,0.676,0.4722,1
2026-08-28 20:56:46,step_run4,1.013,35.41,48.28,delta,5.227,3.928,0.0,1,,526,2041,0.2125,-40.67,3,1.0,-40.53,6.5,35.8,0.2361,0.388,0.0491,0.0,0.0218,0.6562,0.388,1
2026-08-28 20:56:47,step_run4,1.027,39.16,48.28,instantaneous_fallback,5.227,4.12,0.0,1,,872,2242,0.2167,-40.33,3,0.33,-40.73,6.5,35.8,0.2611,0.388,0.0515,0.0,0.0218,0.6668,0.388,1
2026-08-28 20:56:48,step_run4,1.025,36.31,46.67,instantaneous_fallback,8.745,4.12,0.0,1,,1032,2126,0.244,-41.0,3,-0.67,-40.8,6.5,22.8,0.2421,0.3612,0.0515,0.0,0.0364,0.735,0.3612,1
2026-08-28 20:56:49,step_run4,1.034,39.36,50.0,instantaneous_fallback,10.636,4.12,0.0,1,,748,2263,0.2583,-41.33,3,-0.33,-41.0,6.5,22.8,0.2624,0.4167,0.0515,0.0,0.0443,0.7638,0.4167,1
2026-08-28 20:56:50,step_run4,1.019,36.87,46.67,delta,8.745,4.063,0.0,1,,814,2088,0.2706,-41.67,3,-0.33,-41.0,6.5,6.5,0.2458,0.3612,0.0508,0.0,0.0364,0.7843,0.3612,1
2026-08-28 20:56:51,step_run4,1.028,31.03,50.0,instantaneous_fallback,12.479,4.063,0.0,1,,590,1827,0.2778,-43.0,3,-1.33,-41.47,6.5,6.5,0.2069,0.4167,0.0508,0.0,0.052,0.7963,0.4167,1
2026-08-28 20:56:52,step_run4,1.026,41.67,50.0,instantaneous_fallback,8.801,2.915,0.0,1,,986,2368,0.281,-42.67,3,0.33,-41.93,6.5,6.5,0.2778,0.4167,0.0364,0.0,0.0367,0.8017,0.4167,1
2026-08-28 20:56:53,step_run4,1.019,21.13,53.33,instantaneous_fallback,8.801,2.915,0.0,1,,506,1207,0.272,-42.67,3,0.0,-42.27,6.5,22.8,0.1409,0.4722,0.0364,0.0,0.0367,0.7867,0.4722,1
2026-08-28 20:56:54,step_run4,1.018,39.87,53.33,instantaneous_fallback,8.801,5.804,0.0,1,,534,2301,0.2594,-43.0,3,-0.33,-42.6,6.5,6.5,0.2658,0.4722,0.0726,0.0,0.0367,0.7657,0.4722,1
2026-08-28 20:56:55,step_run4,1.055,39.29,50.0,instantaneous_fallback,20.372,5.804,0.0,1,,940,2293,0.2624,-43.0,3,0.0,-42.87,6.5,35.8,0.2619,0.4167,0.0726,0.0,0.0849,0.7707,0.4167,1
2026-08-28 20:56:56,step_run4,1.019,37.71,50.0,instantaneous_fallback,20.372,4.381,0.0,1,,1066,2150,0.281,-42.67,3,0.33,-42.8,6.5,6.5,0.2514,0.4167,0.0548,0.0,0.0849,0.8017,0.4167,1
2026-08-28 20:56:57,step_run4,1.019,38.96,50.0,instantaneous_fallback,15.084,4.381,0.0,1,,882,2225,0.2785,-42.67,3,0.0,-42.8,6.5,6.5,0.2597,0.4167,0.0548,0.0,0.0629,0.7975,0.4167,1
2026-08-28 20:56:58,step_run4,1.018,38.25,46.67,instantaneous_fallback,13.144,4.313,0.0,1,,968,2184,0.2824,-43.0,3,-0.33,-42.87,6.5,14.1,0.255,0.3612,0.0539,0.0,0.0548,0.804,0.3612,1
2026-08-28 20:56:59,step_run4,1.02,37.4,46.67,instantaneous_fallback,15.084,4.313,0.0,1,,980,2155,0.3052,-43.0,3,0.0,-42.87,6.5,14.1,0.2493,0.3612,0.0539,0.0,0.0629,0.842,0.3612,1
2026-08-28 20:57:01,step_run4,1.013,34.48,50.0,instantaneous_fallback,13.144,3.965,0.0,1,,390,1976,0.2862,-43.0,3,0.0,-42.87,6.5,6.5,0.2299,0.4167,0.0496,0.0,0.0548,0.8103,0.4167,1
2026-08-28 20:57:02,step_run4,1.026,31.34,50.0,instantaneous_fallback,9.802,3.965,0.0,1,,644,1825,0.2716,-42.67,3,0.33,-42.87,6.5,6.5,0.2089,0.4167,0.0496,0.0,0.0408,0.786,0.4167,1
2026-08-28 20:57:03,step_run4,1.014,40.67,50.0,instantaneous_fallback,5.165,2.838,0.0,1,,814,2294,0.2668,-43.0,3,-0.33,-42.93,6.5,6.5,0.2711,0.4167,0.0355,0.0,0.0215,0.778,0.4167,1
2026-08-28 20:57:04,step_run4,1.021,43.23,48.28,instantaneous_fallback,7.13,2.838,0.0,1,,856,2460,0.2559,-43.0,3,0.0,-42.93,6.5,14.1,0.2882,0.388,0.0355,0.0,0.0297,0.7598,0.388,1
2026-08-28 20:57:05,step_run4,1.021,37.45,50.0,instantaneous_fallback,7.13,3.504,0.0,1,,836,2151,0.2485,-42.33,3,0.67,-42.8,6.5,35.8,0.2497,0.4167,0.0438,0.0,0.0297,0.7463,0.4167,1
2026-08-28 20:57:06,step_run4,1.016,18.76,51.72,instantaneous_fallback,7.13,3.504,0.0,1,,580,1082,0.2754,-42.33,3,0.0,-42.67,6.5,6.5,0.1251,0.4453,0.0438,0.0,0.0297,0.7923,0.4453,1
2026-08-28 20:57:07,step_run4,1.022,38.32,51.72,delta,12.041,3.617,0.0,1,,632,2165,0.2681,-42.33,3,0.0,-42.6,6.5,6.5,0.2555,0.4453,0.0452,0.0,0.0502,0.7802,0.4453,1
2026-08-28 20:57:08,step_run4,1.026,37.37,46.67,instantaneous_fallback,16.917,3.617,0.0,1,,492,2163,0.2531,-42.33,3,0.0,-42.47,6.5,6.5,0.2491,0.3612,0.0452,0.0,0.0705,0.7552,0.3612,1
2026-08-28 20:57:09,step_run4,1.052,49.03,46.67,instantaneous_fallback,24.41,5.798,0.0,1,,970,2683,0.2552,-42.33,3,0.0,-42.33,6.5,6.5,0.3269,0.3612,0.0725,0.0,0.1017,0.7587,0.3612,1
2026-08-28 20:57:10,step_run4,1.015,49.83,50.0,instantaneous_fallback,42.718,5.798,0.0,1,,1526,2726,0.2796,-42.33,3,0.0,-42.33,6.5,35.8,0.3322,0.4167,0.0725,0.0,0.178,0.7993,0.4167,1
2026-08-28 20:57:11,step_run4,1.014,53.17,63.33,instantaneous_fallback,42.718,3.447,0.0,1,,1346,3101,0.2789,-42.33,3,0.0,-42.33,6.5,6.5,0.3545,0.6041,0.0431,0.0,0.178,0.7982,0.6041,2
2026-08-28 20:57:12,step_run4,1.066,48.1,63.33,instantaneous_fallback,32.731,3.447,0.0,1,,1060,2736,0.2869,-42.0,3,0.33,-42.27,6.5,6.5,0.3207,0.6041,0.0431,0.0,0.1364,0.8115,0.6041,2
2026-08-28 20:57:13,step_run4,1.068,59.94,63.33,delta,32.731,7.611,0.0,1,,2012,3256,0.3228,-42.0,3,0.0,-42.2,6.5,6.5,0.3996,0.6041,0.0951,0.0,0.1364,0.8713,0.6041,2
2026-08-28 20:57:14,step_run4,1.021,63.93,60.0,instantaneous_fallback,43.61,7.611,0.0,1,,1818,3750,0.3327,-41.33,3,0.67,-42.0,6.5,6.5,0.4262,0.5625,0.0951,0.0,0.1817,0.8878,0.5625,2
2026-08-28 20:57:15,step_run4,1.04,53.38,60.0,instantaneous_fallback,43.61,4.167,0.0,1,,958,2998,0.3123,-42.0,3,-0.67,-41.93,6.5,6.8,0.3559,0.5625,0.0521,0.0,0.1817,0.8538,0.5625,2
2026-08-28 20:57:16,step_run4,1.117,63.37,58.62,instantaneous_fallback,43.61,4.167,0.0,1,,700,3906,0.2823,-39.33,3,2.67,-41.33,6.5,35.8,0.4225,0.5453,0.0521,0.0,0.1817,0.8038,0.5453,2
2026-08-28 20:57:17,step_run4,1.179,59.02,56.67,instantaneous_fallback,70.772,6.235,0.0,1,,1190,3698,0.275,-38.0,3,1.33,-40.53,6.5,6.5,0.3935,0.5209,0.0779,0.0,0.2949,0.7917,0.5209,2
2026-08-28 20:57:18,step_run4,2.012,32.19,58.62,delta,98.18,6.235,0.0,1,,1010,3330,0.243,-38.33,3,-0.33,-39.8,6.5,6.5,0.2146,0.5453,0.0779,0.0,0.4091,0.7325,0.5453,2
2026-08-28 20:57:20,step_run4,1.076,131.87,56.67,instantaneous_fallback,98.18,6.33,0.266,1,,3092,7456,0.2453,-37.67,3,0.67,-39.07,6.5,6.5,0.8791,0.5209,0.0791,0.133,0.4091,0.7382,0.5209,2
2026-08-28 20:57:21,step_run4,2.012,38.26,56.67,instantaneous_fallback,78.508,8.168,0.0,1,,2394,4253,0.2703,-38.0,3,-0.33,-38.27,6.5,6.5,0.2551,0.5209,0.1021,0.0,0.3271,0.7838,0.5209,2
2026-08-28 20:57:23,step_run4,1.138,131.07,56.67,instantaneous_fallback,78.508,8.168,0.0,1,,2334,7635,0.2753,-37.67,3,0.33,-37.93,6.5,6.5,0.8738,0.5209,0.1021,0.0,0.3271,0.7922,0.5209,2
2026-08-28 20:57:24,step_run4,1.019,79.75,53.33,instantaneous_fallback,31.056,8.168,0.0,1,,1264,4309,0.2722,-37.67,3,0.0,-37.87,6.5,6.5,0.5317,0.4722,0.1021,0.0,0.1294,0.787,0.4722,1
2026-08-28 20:57:26,step_run4,1.016,69.89,53.33,instantaneous_fallback,69.267,8.168,0.0,1,,1822,3750,0.2847,-37.33,3,0.33,-37.67,6.5,6.5,0.4659,0.4722,0.1021,0.0,0.2886,0.8078,0.4722,1
2026-08-28 20:57:27,step_run4,1.013,62.72,53.33,instantaneous_fallback,31.056,5.411,1.33,1,,822,3231,0.2715,-37.0,3,0.33,-37.53,6.5,6.5,0.4181,0.4722,0.0676,0.5206,0.1294,0.7858,0.5206,2
2026-08-28 20:57:28,step_run4,1.218,56.3,56.67,instantaneous_fallback,69.267,5.411,1.33,1,,1102,3812,0.2441,-37.0,3,0.0,-37.33,6.5,6.5,0.3753,0.5209,0.0676,0.5206,0.2886,0.7352,0.5209,2
2026-08-28 20:57:29,step_run4,1.04,63.16,60.0,instantaneous_fallback,84.032,6.118,0.0,1,,1096,3495,0.2472,-36.67,3,0.33,-37.13,6.5,6.5,0.4211,0.5625,0.0765,0.0,0.3501,0.743,0.5625,2
2026-08-28 20:57:30,step_run4,1.088,50.25,65.52,instantaneous_fallback,84.032,6.118,0.0,1,,1460,2949,0.2677,-36.67,3,0.0,-36.93,6.5,6.5,0.335,0.6315,0.0765,0.0,0.3501,0.7795,0.6315,2
2026-08-28 20:57:31,step_run4,1.16,51.93,65.52,delta,84.032,6.118,0.0,1,,912,3268,0.2435,-36.33,3,0.33,-36.73,6.5,6.5,0.3462,0.6315,0.0765,0.0,0.3501,0.7337,0.6315,2
2026-08-28 20:57:32,step_run4,2.033,39.87,60.0,instantaneous_fallback,138.982,7.463,0.0,1,,1850,3714,0.2714,-36.33,3,0.0,-36.6,6.5,6.5,0.2658,0.5625,0.0933,0.0,0.5264,0.7857,0.5625,2
2026-08-28 20:57:34,step_run4,1.06,148.01,53.33,instantaneous_fallback,138.982,7.463,0.0,1,,3354,8265,0.2856,-36.0,3,0.33,-36.4,6.5,35.8,0.9867,0.4722,0.0933,0.0,0.5264,0.8093,0.5264,2
2026-08-28 20:57:35,step_run4,1.036,75.43,56.67,instantaneous_fallback,73.75,7.463,0.0,1,,1568,4217,0.2898,-35.67,3,0.33,-36.2,6.5,6.5,0.5029,0.5209,0.0933,0.0,0.3073,0.8163,0.5209,2
2026-08-28 20:57:36,step_run4,1.184,54.0,56.67,instantaneous_fallback,73.75,12.772,0.0,1,,628,3327,0.2672,-35.33,3,0.33,-35.93,6.5,6.5,0.36,0.5209,0.1597,0.0,0.3073,0.7787,0.5209,2
2026-08-28 20:57:37,step_run4,2.032,35.43,56.67,instantaneous_fallback,38.238,12.772,0.0,1,,1300,3774,0.2719,-35.33,3,0.0,-35.73,6.5,6.8,0.2362,0.5209,0.1597,0.0,0.1593,0.7865,0.5209,2
2026-08-28 20:57:39,step_run4,1.137,132.43,56.67,instantaneous_fallback,84.429,12.772,0.0,1,,3194,7907,0.2676,-35.33,3,0.0,-35.53,6.5,6.5,0.8829,0.5209,0.1597,0.0,0.3518,0.7793,0.5209,2
2026-08-28 20:57:41,step_run4,1.019,75.08,60.0,instantaneous_fallback,38.238,12.772,0.0,1,,1340,3701,0.2594,-35.33,3,0.0,-35.4,6.5,6.5,0.5005,0.5625,0.1597,0.0,0.1593,0.7657,0.5625,2
2026-08-28 20:57:42,step_run4,1.076,63.0,60.0,instantaneous_fallback,62.091,4.823,0.0,1,,976,3933,0.2473,-35.33,3,0.0,-35.33,6.5,6.5,0.42,0.5625,0.0603,0.0,0.2587,0.7432,0.5625,2
2026-08-28 20:57:43,step_run4,1.015,69.96,60.0,instantaneous_fallback,62.091,4.823,0.0,1,,738,3614,0.2477,-35.33,3,0.0,-35.33,6.5,6.5,0.4664,0.5625,0.0603,0.0,0.2587,0.7442,0.5625,2
2026-08-28 20:57:44,step_run4,1.114,67.1,60.0,delta,62.091,5.46,0.0,1,,1852,4014,0.259,-35.33,3,0.0,-35.33,6.5,6.5,0.4473,0.5625,0.0683,0.0,0.2587,0.765,0.5625,2
2026-08-28 20:57:45,step_run4,1.086,65.64,53.33,instantaneous_fallback,62.366,5.46,0.0,1,,836,3752,0.2319,-35.0,3,0.33,-35.27,6.5,6.5,0.4376,0.4722,0.0683,0.0,0.2599,0.7047,0.4722,1
2026-08-28 20:57:46,step_run4,1.13,63.05,56.67,instantaneous_fallback,78.903,5.46,0.0,1,,960,3572,0.2211,-34.67,3,0.33,-35.13,6.5,35.8,0.4203,0.5209,0.0683,0.0,0.3288,0.6777,0.5209,2
2026-08-28 20:57:47,step_run4,1.044,74.06,56.67,instantaneous_fallback,78.903,5.46,0.0,1,,1738,4013,0.2441,-35.67,3,-1.0,-35.2,6.5,35.8,0.4937,0.5209,0.0683,0.0,0.3288,0.7352,0.5209,2
2026-08-28 20:57:48,step_run4,2.013,39.74,56.67,delta,38.149,6.326,7.181,1,,1094,4393,0.2471,-35.67,3,0.0,-35.27,6.5,35.8,0.2649,0.5209,0.0791,0.859,0.159,0.7427,0.859,3
2026-08-28 20:57:50,step_run4,1.023,132.51,58.62,instantaneous_fallback,25.599,6.326,7.181,1,,2854,6167,0.2547,-35.0,3,0.67,-35.2,6.5,35.8,0.8834,0.5453,0.0791,0.859,0.1067,0.7578,0.859,3
2026-08-28 20:57:51,step_run4,1.127,62.49,50.0,instantaneous_fallback,25.599,6.326,7.181,1,,1438,4081,0.2667,-35.67,3,-0.67,-35.33,6.5,35.8,0.4166,0.4167,0.0791,0.859,0.1067,0.7778,0.859,3
2026-08-28 20:57:52,step_run4,1.031,63.2,56.67,instantaneous_fallback,34.273,6.326,7.181,1,,1024,3272,0.2709,-36.33,3,-0.67,-35.67,6.5,6.5,0.4213,0.5209,0.0791,0.859,0.1428,0.7848,0.859,3
2026-08-28 20:57:53,step_run4,1.034,63.84,56.67,instantaneous_fallback,34.273,4.867,0.0,1,,1060,3636,0.2574,-35.67,3,0.67,-35.67,6.5,35.8,0.4256,0.5209,0.0608,0.0,0.1428,0.7623,0.5209,2
2026-08-28 20:57:54,step_run4,1.121,62.94,56.67,delta,34.273,4.867,0.0,1,,786,3766,0.255,-35.0,3,0.67,-35.53,6.5,6.5,0.4196,0.5209,0.0608,0.0,0.1428,0.7583,0.5209,2
2026-08-28 20:57:55,step_run4,2.014,35.85,58.62,instantaneous_fallback,59.65,5.353,0.0,1,,1438,3490,0.2395,-34.67,3,0.33,-35.47,6.5,6.5,0.239,0.5453,0.0669,0.0,0.2485,0.7238,0.5453,2
2026-08-28 20:57:57,step_run4,1.019,144.71,58.62,delta,59.65,6.953,0.0,1,,2736,8078,0.2405,-35.0,3,-0.33,-35.33,6.5,6.5,0.9647,0.5453,0.0869,0.0,0.2485,0.7263,0.5453,2
2026-08-28 20:57:58,step_run4,1.026,74.27,60.0,instantaneous_fallback,16.977,6.953,0.0,1,,1516,4070,0.2465,-35.33,3,-0.33,-35.13,6.5,6.5,0.4951,0.5625,0.0869,0.0,0.0707,0.7412,0.5625,2
2026-08-28 20:57:59,step_run4,1.042,66.52,60.0,instantaneous_fallback,16.977,4.74,0.0,1,,1598,3758,0.2585,-35.0,3,0.33,-35.0,6.5,6.5,0.4435,0.5625,0.0593,0.0,0.0707,0.7642,0.5625,2
2026-08-28 20:58:00,step_run4,1.14,60.34,58.62,delta,45.626,4.74,0.0,1,,770,3772,0.2581,-35.0,3,0.0,-35.0,6.5,6.8,0.4023,0.5453,0.0593,0.0,0.1901,0.7635,0.5453,2
2026-08-28 20:58:02,step_run4,1.016,57.5,55.17,instantaneous_fallback,68.473,5.562,0.0,1,,658,3061,0.2425,-35.67,3,-0.67,-35.2,6.5,6.5,0.3833,0.5021,0.0695,0.0,0.2853,0.7312,0.5021,2
2026-08-28 20:58:03,step_run4,1.114,62.53,55.17,delta,68.473,5.562,0.0,1,,1194,3861,0.2365,-35.33,3,0.33,-35.27,6.5,6.5,0.4169,0.5021,0.0695,0.0,0.2853,0.7162,0.5021,2
2026-08-28 20:58:04,step_run4,1.071,60.74,60.0,instantaneous_fallback,59.193,5.562,0.0,1,,1366,3543,0.2369,-35.0,3,0.33,-35.2,6.5,6.5,0.4049,0.5625,0.0695,0.0,0.2466,0.7173,0.5625,2
2026-08-28 20:58:05,step_run4,1.025,69.36,60.0,instantaneous_fallback,58.291,6.952,0.0,1,,1268,3538,0.2282,-35.0,3,0.0,-35.2,6.5,6.5,0.4624,0.5625,0.0869,0.0,0.2429,0.6955,0.5625,2
2026-08-28 20:58:06,step_run4,1.228,61.36,60.0,instantaneous_fallback,58.291,6.952,0.0,1,,1002,4269,0.231,-35.0,3,0.0,-35.2,6.5,6.5,0.4091,0.5625,0.0869,0.0,0.2429,0.7025,0.5625,2
2026-08-28 20:58:07,step_run4,2.031,30.74,56.67,instantaneous_fallback,74.946,9.233,0.0,1,,1280,2914,0.2521,-35.0,3,0.0,-35.07,6.5,6.5,0.2049,0.5209,0.1154,0.0,0.3123,0.7535,0.5209,2
2026-08-28 20:58:09,step_run4,1.084,136.99,56.67,instantaneous_fallback,74.946,6.26,0.0,1,,2366,8241,0.2445,-35.33,3,-0.33,-35.07,6.5,6.5,0.9133,0.5209,0.0783,0.0,0.3123,0.7362,0.5209,2
2026-08-28 20:58:10,step_run4,1.051,67.0,56.67,instantaneous_fallback,49.558,6.26,0.0,1,,1130,3605,0.2379,-35.33,3,0.0,-35.13,6.5,6.5,0.4467,0.5209,0.0783,0.0,0.2065,0.7198,0.5209,2
2026-08-28 20:58:11,step_run4,1.05,71.3,56.67,instantaneous_fallback,43.895,6.26,0.0,1,,1408,3705,0.2402,-36.0,3,-0.67,-35.33,6.5,6.5,0.4753,0.5209,0.0783,0.0,0.1829,0.7255,0.5209,2
2026-08-28 20:58:12,step_run4,1.101,67.32,56.67,instantaneous_fallback,43.895,6.26,0.0,1,,436,4142,0.2265,-36.0,3,0.0,-35.53,6.5,6.5,0.4488,0.5209,0.0783,0.0,0.1829,0.6913,0.5209,2
2026-08-28 20:58:13,step_run4,1.118,69.58,60.0,delta,64.37,5.563,0.0,1,,684,3970,0.2029,-35.67,3,0.33,-35.67,6.5,6.5,0.4639,0.5625,0.0695,0.0,0.2682,0.6322,0.5625,2
2026-08-28 20:58:14,step_run4,1.069,69.41,56.67,instantaneous_fallback,64.37,5.563,0.0,1,,914,3854,0.1917,-35.33,3,0.33,-35.67,6.5,35.8,0.4627,0.5209,0.0695,0.0,0.2682,0.6043,0.5209,2
2026-08-28 20:58:16,step_run4,1.025,62.12,58.62,instantaneous_fallback,37.421,5.235,0.0,1,,724,3775,0.1764,-35.0,3,0.33,-35.6,6.5,35.8,0.4141,0.5453,0.0654,0.0,0.1559,0.566,0.5453,2
2026-08-28 20:58:17,step_run4,1.162,67.29,56.67,delta,37.421,5.235,0.0,1,,850,4113,0.1538,-35.33,3,-0.33,-35.47,6.5,6.5,0.4486,0.5209,0.0654,0.0,0.1559,0.5095,0.5209,2
2026-08-28 20:58:18,step_run4,2.028,32.43,58.62,instantaneous_fallback,33.948,5.831,0.266,1,,1294,2738,0.1949,-35.0,3,0.33,-35.27,6.5,39.4,0.2162,0.5453,0.0729,0.133,0.1414,0.6122,0.5453,2
2026-08-28 20:58:20,step_run4,1.117,124.87,0.0,delta,76.846,5.096,0.0,1,,1516,8200,0.1894,-35.33,3,-0.33,-35.2,6.5,6.5,0.8325,0.0,0.0637,0.0,0.3202,0.5985,0.3202,1
2026-08-28 20:58:21,step_run4,1.07,65.96,60.0,instantaneous_fallback,59.221,5.096,0.0,1,,1236,3870,0.1985,-36.0,3,-0.67,-35.33,6.5,35.8,0.4397,0.5625,0.0637,0.0,0.2468,0.6213,0.5625,2
2026-08-28 20:58:22,step_run4,1.156,69.15,55.17,instantaneous_fallback,95.182,7.995,0.0,1,,1144,4240,0.2068,-36.0,3,0.0,-35.53,6.5,6.5,0.461,0.5021,0.0999,0.0,0.3966,0.642,0.5021,2
2026-08-28 20:58:23,step_run4,2.01,38.44,60.0,delta,60.214,7.995,0.0,1,,642,3900,0.2026,-36.0,3,0.0,-35.67,6.5,6.5,0.2563,0.5625,0.0999,0.0,0.2509,0.6315,0.5625,2
2026-08-28 20:58:25,step_run4,2.011,72.48,73.33,instantaneous_fallback,97.435,8.569,0.266,1,,2334,6126,0.2069,-35.67,3,0.33,-35.8,6.5,39.4,0.4832,0.7291,0.1071,0.133,0.406,0.6422,0.7291,2
2026-08-28 20:58:27,step_run4,2.011,80.34,73.33,instantaneous_fallback,60.214,8.569,0.266,1,,1980,7318,0.2237,-35.67,3,0.0,-35.87,6.5,6.5,0.5356,0.7291,0.1071,0.133,0.2509,0.6843,0.7291,2
2026-08-28 20:58:29,step_run4,2.016,58.9,73.33,delta,97.435,8.569,0.266,1,,212,1250,0.2166,-35.67,3,0.0,-35.8,6.5,6.5,0.3927,0.7291,0.1071,0.133,0.406,0.6665,0.7291,2
2026-08-28 20:58:31,step_run4,2.016,40.94,80.0,instantaneous_fallback,0.0,8.569,0.266,1,,0,719,0.2111,-36.0,3,-0.33,-35.8,6.5,6.5,0.2729,0.8333,0.1071,0.133,1.0,0.6527,1.0,3
2026-08-28 20:58:33,step_run4,2.016,52.06,86.67,instantaneous_fallback,1085.427,8.569,0.266,1,,0,675,0.2196,-36.0,3,0.0,-35.8,6.5,35.8,0.3471,0.9445,0.1071,0.133,1.0,0.674,1.0,3
2026-08-28 20:58:35,step_run4,2.016,56.22,80.0,instantaneous_fallback,1207.53,8.569,0.266,1,,0,835,0.1688,-35.33,3,0.67,-35.73,6.5,35.8,0.3748,0.8333,0.1071,0.133,1.0,0.547,1.0,3
2026-08-28 20:58:37,step_run4,2.016,55.06,86.67,instantaneous_fallback,1207.53,,,0,,0,678,0.0485,-35.67,3,-0.33,-35.73,6.5,6.5,0.3671,0.9445,0.0,1.0,1.0,0.1213,1.0,3
2026-08-28 20:58:39,step_run4,1.016,85.61,83.33,instantaneous_fallback,1051.077,,,0,,0,471,0.0,-36.0,3,-0.33,-35.8,6.5,6.5,0.5707,0.8888,0.0,1.0,1.0,0.0,1.0,3
2026-08-28 20:58:40,step_run4,1.034,46.94,83.33,instantaneous_fallback,241.384,,,0,,6,641,0.0018,-36.0,3,0.0,-35.8,6.5,35.8,0.3129,0.8888,0.0,1.0,0.6686,0.0045,1.0,3
2026-08-28 20:58:41,step_run4,2.011,35.76,80.0,instantaneous_fallback,47.6,,,0,,700,4294,0.0926,-36.67,3,-0.67,-35.93,6.5,35.8,0.2384,0.8333,0.0,1.0,0.1983,0.2315,1.0,3
2026-08-28 20:58:43,step_run4,2.011,81.68,63.33,instantaneous_fallback,47.6,,,0,,1578,7466,0.1442,-36.33,3,0.33,-36.13,6.5,6.5,0.5445,0.6041,0.0,1.0,0.1983,0.471,1.0,3
2026-08-28 20:58:45,step_run4,1.228,139.16,56.67,instantaneous_fallback,134.468,10.141,0.266,1,,2948,8447,0.1971,-36.0,3,0.33,-36.2,6.5,6.5,0.9277,0.5209,0.1268,0.133,0.5201,0.6178,0.5209,2
2026-08-28 20:58:47,step_run4,2.012,33.46,58.62,instantaneous_fallback,134.468,10.141,0.266,1,,1328,3260,0.2139,-36.33,3,-0.33,-36.27,6.5,6.5,0.2231,0.5453,0.1268,0.133,0.5201,0.6598,0.5453,2
2026-08-28 20:58:49,step_run4,2.016,88.55,56.67,delta,111.573,10.141,0.266,1,,3014,7335,0.237,-36.0,3,0.33,-36.27,6.5,39.4,0.5903,0.5209,0.1268,0.133,0.4649,0.7175,0.5209,2
2026-08-28 20:58:51,step_run4,2.016,75.26,53.33,instantaneous_fallback,101.656,6.323,0.0,1,,3130,7882,0.2586,-36.67,3,-0.67,-36.27,6.5,6.5,0.5017,0.4722,0.079,0.0,0.4236,0.7643,0.4722,1
2026-08-28 20:58:53,step_run4,2.011,84.01,53.33,instantaneous_fallback,111.573,8.634,0.0,1,,2666,8587,0.2693,-36.33,3,0.33,-36.27,6.5,6.5,0.5601,0.4722,0.1079,0.0,0.4649,0.7822,0.4722,1
2026-08-28 20:58:55,step_run4,1.015,122.1,55.17,instantaneous_fallback,64.15,8.634,0.0,1,,2754,5639,0.2828,-37.0,3,-0.67,-36.47,6.5,39.4,0.814,0.5021,0.1079,0.0,0.2673,0.8047,0.5021,2
2026-08-28 20:58:56,step_run4,1.104,78.9,55.17,instantaneous_fallback,48.003,8.634,0.0,1,,974,4829,0.2678,-36.67,3,0.33,-36.53,6.5,39.4,0.526,0.5021,0.1079,0.0,0.2,0.7797,0.5021,2
2026-08-28 20:58:57,step_run4,1.032,76.15,55.17,instantaneous_fallback,47.29,8.634,0.0,1,,866,3827,0.2525,-37.0,3,-0.33,-36.73,6.5,39.4,0.5077,0.5021,0.1079,0.0,0.197,0.7542,0.5021,2
2026-08-28 20:58:58,step_run4,1.09,80.53,51.72,instantaneous_fallback,48.003,7.872,0.532,1,,1520,4781,0.2409,-36.67,3,0.33,-36.73,6.5,39.4,0.5369,0.4453,0.0984,0.266,0.2,0.7272,0.4453,1
2026-08-28 20:58:59,step_run4,1.038,77.63,56.67,delta,47.29,7.872,0.532,1,,1488,3751,0.2498,-36.67,3,0.0,-36.8,6.5,35.8,0.5175,0.5209,0.0984,0.266,0.197,0.7495,0.5209,2
2026-08-28 20:59:00,step_run4,1.14,61.75,51.72,instantaneous_fallback,51.86,7.872,0.532,1,,1598,4370,0.2302,-36.67,3,0.0,-36.73,6.5,35.8,0.4117,0.4453,0.0984,0.266,0.2161,0.7005,0.4453,1
2026-08-28 20:59:01,step_run4,2.014,31.4,56.67,instantaneous_fallback,32.323,6.687,0.0,1,,1154,3238,0.2492,-35.67,3,1.0,-36.53,6.5,35.8,0.2093,0.5209,0.0836,0.0,0.1347,0.748,0.5209,2
2026-08-28 20:59:03,step_run4,1.181,115.78,56.67,instantaneous_fallback,74.772,8.266,0.0,1,,2902,6772,0.2743,-39.33,3,-3.67,-37.0,6.5,35.8,0.7719,0.5209,0.1033,0.0,0.3115,0.7905,0.5209,2
2026-08-28 20:59:04,step_run4,2.011,37.16,60.0,instantaneous_fallback,146.316,8.266,0.0,1,,1530,3609,0.2852,-38.67,3,0.67,-37.4,6.5,6.5,0.2477,0.5625,0.1033,0.0,0.5365,0.8087,0.5625,2
2026-08-28 20:59:06,step_run4,2.014,75.34,63.33,instantaneous_fallback,164.798,8.37,0.266,1,,2216,6472,0.2776,-39.67,3,-1.0,-38.0,6.5,6.5,0.5023,0.6041,0.1046,0.133,0.5622,0.796,0.6041,2
2026-08-28 20:59:08,step_run4,2.013,80.74,60.0,delta,220.789,8.37,0.266,1,,2022,7082,0.2655,-39.33,3,0.33,-38.53,6.5,6.5,0.5383,0.5625,0.1046,0.133,0.64,0.7758,0.64,2
2026-08-28 20:59:10,step_run4,1.054,157.89,55.17,instantaneous_fallback,220.789,8.37,0.266,1,,2878,8346,0.2635,-39.33,3,0.0,-39.27,6.5,35.8,1.0,0.5021,0.1046,0.133,0.64,0.7725,0.64,2
2026-08-28 20:59:11,step_run4,1.147,62.98,50.0,instantaneous_fallback,86.508,8.37,0.266,1,,1096,3842,0.2492,-39.33,3,0.0,-39.27,6.5,6.5,0.4199,0.4167,0.1046,0.133,0.3604,0.748,0.4167,1
2026-08-28 20:59:12,step_run4,2.026,35.95,55.17,instantaneous_fallback,86.508,8.486,0.0,1,,1680,3626,0.252,-38.0,3,1.33,-39.13,6.5,6.5,0.2397,0.5021,0.1061,0.0,0.3604,0.7533,0.5021,2
2026-08-28 20:59:14,step_run4,2.015,77.9,56.67,instantaneous_fallback,178.438,8.486,0.0,1,,2906,6562,0.2643,-38.0,3,0.0,-38.8,6.5,35.8,0.5193,0.5209,0.1061,0.0,0.5812,0.7738,0.5812,2
2026-08-28 20:59:16,step_run4,1.053,140.62,60.0,instantaneous_fallback,178.438,8.486,0.0,1,,2416,7876,0.2662,-37.33,3,0.67,-38.4,6.5,17.7,0.9375,0.5625,0.1061,0.0,0.5812,0.777,0.5812,2
2026-08-28 20:59:18,step_run4,1.114,63.62,60.0,instantaneous_fallback,84.139,6.138,0.0,1,,982,4030,0.2593,-37.67,3,-0.33,-38.07,6.5,6.5,0.4241,0.5625,0.0767,0.0,0.3506,0.7655,0.5625,2
2026-08-28 20:59:19,step_run4,2.012,38.26,60.0,delta,84.139,10.66,0.0,1,,1462,3977,0.266,-36.67,3,1.0,-37.53,6.5,33.5,0.2551,0.5625,0.1333,0.0,0.3506,0.7767,0.5625,2
2026-08-28 20:59:21,step_run4,1.045,105.14,60.0,instantaneous_fallback,84.139,10.66,0.0,1,,3072,5437,0.2799,-37.0,3,-0.33,-37.33,6.5,6.5,0.7009,0.5625,0.1333,0.0,0.3506,0.7998,0.5625,2
2026-08-28 20:59:22,step_run4,1.213,64.18,60.0,instantaneous_fallback,110.335,10.66,0.0,1,,1818,4467,0.2744,-36.67,3,0.33,-37.07,6.5,6.5,0.4279,0.5625,0.1333,0.0,0.4597,0.7907,0.5625,2
2026-08-28 20:59:23,step_run4,2.042,50.83,60.0,instantaneous_fallback,111.939,10.66,0.0,1,,1204,4961,0.2718,-37.0,3,-0.33,-37.0,6.5,6.5,0.3389,0.5625,0.1333,0.0,0.4664,0.7863,0.5625,2
2026-08-28 20:59:25,step_run4,2.016,48.1,58.62,delta,136.652,12.317,2.128,1,,2024,4413,0.2918,-35.67,3,1.33,-36.6,6.5,35.8,0.3207,0.5453,0.154,0.5705,0.5231,0.8197,0.5705,2
2026-08-28 20:59:27,step_run4,2.016,65.85,66.67,instantaneous_fallback,214.635,12.317,2.128,1,,3588,6180,0.315,-37.33,3,-1.67,-36.73,6.5,35.8,0.439,0.6459,0.154,0.5705,0.6314,0.8583,0.6459,2
2026-08-28 20:59:29,step_run4,2.016,68.37,66.67,instantaneous_fallback,214.635,12.317,2.128,1,,3592,5808,0.3213,-37.67,3,-0.33,-36.87,6.5,35.8,0.4558,0.6459,0.154,0.5705,0.6314,0.8688,0.6459,2
2026-08-28 20:59:31,step_run4,2.018,48.68,68.97,delta,0.0,12.317,2.128,1,,1008,1626,0.3318,-37.0,3,0.67,-36.93,6.5,35.8,0.3245,0.6746,0.154,0.5705,1.0,0.8863,1.0,3
2026-08-28 21:01:34,step_run4,123.711,0.0,68.97,instantaneous_fallback,0.0,,,0,,0,0,0.3616,0.0,1,37.0,-29.53,0.0,0.0,0.0,0.6746,0.0,1.0,1.0,0.936,1.0,3
2026-08-28 21:01:37,step_run4,1.018,4.48,16.67,instantaneous_fallback,4.584,,,0,,1276,390,0.4033,-40.0,1,-40.0,-30.4,6.5,6.5,0.0299,0.1042,0.0,1.0,0.0191,1.0,1.0,3
2026-08-28 21:01:38,step_run4,1.013,0.73,16.67,instantaneous_fallback,4.584,1.449,0.0,1,,12,267,0.4212,-41.0,1,-1.0,-31.13,6.5,6.5,0.0049,0.1042,0.0181,0.0,0.0191,1.0,0.1042,0
2026-08-28 21:01:39,step_run4,1.014,0.97,16.67,instantaneous_fallback,3.101,1.449,0.0,1,,10,308,0.4709,-43.0,1,-2.0,-32.2,6.5,6.5,0.0065,0.1042,0.0181,0.0,0.0129,1.0,0.1042,0
2026-08-28 21:01:40,step_run4,1.015,0.24,16.67,instantaneous_fallback,3.101,2.942,0.0,1,,0,117,0.5454,-43.0,1,0.0,-33.4,6.5,6.5,0.0016,0.1042,0.0368,0.0,0.0129,1.0,0.1042,0
2026-08-28 21:01:41,step_run4,1.014,0.48,16.67,instantaneous_fallback,3.101,2.942,0.0,1,,88,217,0.5162,-42.0,1,1.0,-41.8,6.5,6.5,0.0032,0.1042,0.0368,0.0,0.0129,1.0,0.1042,0
2026-08-28 21:01:42,step_run4,1.013,0.43,16.67,instantaneous_fallback,2.639,0.722,0.0,1,,0,233,0.0879,-42.0,1,0.0,-42.2,6.5,6.5,0.0029,0.1042,0.009,0.0,0.011,0.2198,0.1042,0
2026-08-28 21:01:43,step_run4,1.014,0.37,20.0,instantaneous_fallback,2.37,0.722,0.0,1,,0,202,0.0834,-42.0,1,0.0,-42.4,6.5,6.5,0.0025,0.125,0.009,0.0,0.0099,0.2085,0.125,0
2026-08-28 21:01:44,step_run4,1.014,3.69,20.0,instantaneous_fallback,2.639,2.293,0.0,1,,8,306,0.082,-44.0,1,-2.0,-42.6,6.5,6.5,0.0246,0.125,0.0287,0.0,0.011,0.205,0.125,0
2026-08-28 21:01:45,step_run4,1.014,0.58,20.0,instantaneous_fallback,2.37,2.293,0.0,1,,38,242,0.1004,-44.0,1,0.0,-42.8,6.5,6.5,0.0039,0.125,0.0287,0.0,0.0099,0.252,0.125,0
2026-08-28 21:01:46,step_run4,1.015,0.56,20.0,instantaneous_fallback,2.718,1.249,0.0,1,,4,257,0.0388,-45.0,1,-1.0,-43.4,6.5,6.5,0.0037,0.125,0.0156,0.0,0.0113,0.097,0.125,0
2026-08-28 21:01:47,step_run4,1.013,0.98,23.33,delta,2.134,1.249,0.0,1,,0,256,0.0381,-46.0,1,-1.0,-44.2,6.5,6.5,0.0065,0.1458,0.0156,0.0,0.0089,0.0953,0.1458,0
2026-08-28 21:01:48,step_run4,1.013,0.45,16.67,instantaneous_fallback,2.134,1.157,0.0,1,,0,226,0.0374,-46.0,1,0.0,-45.0,6.5,6.5,0.003,0.1042,0.0145,0.0,0.0089,0.0935,0.1042,0
2026-08-28 21:01:49,step_run4,1.014,0.43,16.67,instantaneous_fallback,2.134,1.157,0.0,1,,18,229,0.0472,-42.5,2,3.5,-44.7,6.5,6.5,0.0029,0.1042,0.0145,0.0,0.0089,0.118,0.1042,0
2026-08-28 21:01:50,step_run4,1.014,0.24,16.67,instantaneous_fallback,2.307,2.954,0.0,1,,0,125,0.0197,-35.67,3,6.83,-43.03,6.5,16.2,0.0016,0.1042,0.0369,0.0,0.0096,0.0493,0.1042,0
2026-08-28 21:01:51,step_run4,1.011,3.8,16.67,instantaneous_fallback,5.763,2.954,0.0,1,,22,352,0.0326,-35.0,3,0.67,-41.03,6.5,43.6,0.0253,0.1042,0.0369,0.0,0.024,0.0815,0.1042,0
2026-08-28 21:01:52,step_run4,1.015,0.48,26.67,instantaneous_fallback,5.763,2.668,0.0,1,,12,244,0.0423,-35.0,3,0.0,-38.83,6.5,43.6,0.0032,0.1667,0.0334,0.0,0.024,0.1057,0.1667,0
2026-08-28 21:01:53,step_run4,1.012,0.92,30.0,instantaneous_fallback,1.867,2.668,0.0,1,,6,263,0.0456,-35.33,3,-0.33,-36.7,6.5,29.1,0.0061,0.1875,0.0334,0.0,0.0078,0.114,0.1875,0
2026-08-28 21:01:54,step_run4,1.014,0.94,30.0,instantaneous_fallback,1.867,1.301,0.0,1,,0,250,0.0314,-35.67,3,-0.33,-35.33,6.5,17.7,0.0063,0.1875,0.0163,0.0,0.0078,0.0785,0.1875,0
2026-08-28 21:01:55,step_run4,1.015,1.08,23.33,instantaneous_fallback,3.825,1.301,0.0,1,,46,289,0.058,-35.67,3,0.0,-35.33,6.5,6.5,0.0072,0.1458,0.0163,0.0,0.0159,0.145,0.1458,0
2026-08-28 21:01:56,step_run4,1.015,2.27,20.69,instantaneous_fallback,3.825,1.669,0.0,1,,26,284,0.0634,-35.67,3,0.0,-35.47,6.5,6.5,0.0151,0.1293,0.0209,0.0,0.0159,0.1585,0.1293,0
2026-08-28 21:01:57,step_run4,1.013,1.78,20.0,instantaneous_fallback,2.474,1.669,0.0,1,,10,281,0.0605,-35.67,3,0.0,-35.6,6.5,6.5,0.0119,0.125,0.0209,0.0,0.0103,0.1512,0.125,0
2026-08-28 21:01:58,step_run4,1.014,0.42,16.67,instantaneous_fallback,2.474,0.898,0.0,1,,4,232,0.0605,-35.67,3,0.0,-35.67,6.5,17.7,0.0028,0.1042,0.0112,0.0,0.0103,0.1512,0.1042,0
2026-08-28 21:01:59,step_run4,1.013,3.65,16.67,instantaneous_fallback,2.01,0.898,0.0,1,,26,348,0.0724,-35.33,3,0.33,-35.6,6.5,6.5,0.0243,0.1042,0.0112,0.0,0.0084,0.181,0.1042,0
2026-08-28 21:02:00,step_run4,1.014,0.63,16.67,instantaneous_fallback,2.01,2.12,0.0,1,,12,265,0.0524,-36.33,3,-1.0,-35.73,6.5,17.7,0.0042,0.1042,0.0265,0.0,0.0084,0.131,0.1042,0
2026-08-28 21:02:01,step_run4,1.013,0.62,16.67,instantaneous_fallback,2.01,2.12,0.0,1,,0,250,0.0364,-36.33,3,0.0,-35.87,6.5,6.5,0.0041,0.1042,0.0265,0.0,0.0084,0.091,0.1042,0
2026-08-28 21:02:02,step_run4,1.015,1.05,16.67,instantaneous_fallback,1.938,0.983,0.0,1,,4,255,0.033,-36.0,3,0.33,-35.93,6.5,6.5,0.007,0.1042,0.0123,0.0,0.0081,0.0825,0.1042,0
2026-08-28 21:02:03,step_run4,1.014,0.19,23.33,instantaneous_fallback,2.182,0.983,0.0,1,,0,114,0.033,-36.0,3,0.0,-36.0,6.5,6.5,0.0013,0.1458,0.0123,0.0,0.0091,0.0825,0.1458,0
2026-08-28 21:02:04,step_run4,1.014,0.54,23.33,instantaneous_fallback,2.071,0.718,0.0,1,,0,258,0.0138,-35.67,3,0.33,-36.07,6.5,6.5,0.0036,0.1458,0.009,0.0,0.0086,0.0345,0.1458,0
2026-08-28 21:02:05,step_run4,1.014,0.62,17.24,delta,2.182,0.718,0.0,1,,0,268,0.0035,-35.67,3,0.0,-35.93,6.5,35.8,0.0041,0.1077,0.009,0.0,0.0091,0.0088,0.1077,0
2026-08-28 21:02:06,step_run4,1.015,0.55,17.24,instantaneous_fallback,2.842,1.508,0.0,1,,0,246,0.0035,-35.33,3,0.33,-35.73,6.5,17.7,0.0037,0.1077,0.0188,0.0,0.0118,0.0088,0.1077,0
2026-08-28 21:02:07,step_run4,1.016,4.19,17.24,instantaneous_fallback,3.032,1.508,0.0,1,,0,374,0.0,-34.67,3,0.67,-35.47,6.5,35.8,0.0279,0.1077,0.0188,0.0,0.0126,0.0,0.1077,0
2026-08-28 21:02:08,step_run4,1.02,0.41,17.24,delta,3.727,1.003,0.0,1,,0,226,0.0,-35.0,3,-0.33,-35.27,6.5,6.5,0.0027,0.1077,0.0125,0.0,0.0155,0.0,0.1077,0
2026-08-28 21:02:09,step_run4,1.014,0.4,16.67,instantaneous_fallback,3.727,1.003,0.0,1,,0,219,0.0,-35.0,3,0.0,-35.13,6.5,6.5,0.0027,0.1042,0.0125,0.0,0.0155,0.0,0.1042,0
2026-08-28 21:02:10,step_run4,1.014,0.39,16.67,instantaneous_fallback,2.876,1.274,0.0,1,,4,230,0.0031,-35.0,3,0.0,-35.0,6.5,6.5,0.0026,0.1042,0.0159,0.0,0.012,0.0077,0.1042,0
2026-08-28 21:02:11,step_run4,1.018,1.0,16.67,instantaneous_fallback,2.876,1.274,0.0,1,,0,241,0.0031,-35.33,3,-0.33,-35.0,6.5,6.5,0.0067,0.1042,0.0159,0.0,0.012,0.0077,0.1042,0
2026-08-28 21:02:12,step_run4,1.009,0.41,16.67,instantaneous_fallback,3.353,1.003,0.0,1,,0,233,0.0035,-35.33,3,0.0,-35.13,6.5,6.5,0.0027,0.1042,0.0125,0.0,0.014,0.0088,0.1042,0
2026-08-28 21:02:13,step_run4,1.01,4.08,16.67,instantaneous_fallback,3.353,1.003,0.0,1,,12,335,0.0126,-37.0,3,-1.67,-35.53,6.5,6.5,0.0272,0.1042,0.0125,0.0,0.014,0.0315,0.1042,0
2026-08-28 21:02:14,step_run4,1.009,0.42,16.67,instantaneous_fallback,3.075,1.501,0.0,1,,0,235,0.0124,-37.0,3,0.0,-35.93,6.5,6.5,0.0028,0.1042,0.0188,0.0,0.0128,0.031,0.1042,0
2026-08-28 21:02:15,step_run4,1.011,0.42,13.33,instantaneous_fallback,2.849,1.501,0.0,1,,0,221,0.0094,-37.0,3,0.0,-36.33,6.5,6.5,0.0028,0.0833,0.0188,0.0,0.0119,0.0235,0.0833,0
2026-08-28 21:02:16,step_run4,1.01,0.25,13.33,instantaneous_fallback,2.99,1.609,0.0,1,,22,141,0.0284,-37.33,3,-0.33,-36.73,6.5,6.5,0.0017,0.0833,0.0201,0.0,0.0125,0.071,0.0833,0
2026-08-28 21:02:17,step_run4,1.023,0.46,13.33,instantaneous_fallback,2.99,1.609,0.0,1,,0,229,0.0285,-37.0,3,0.33,-37.07,6.5,6.5,0.0031,0.0833,0.0201,0.0,0.0125,0.0713,0.0833,0
2026-08-28 21:02:18,step_run4,1.021,0.38,13.33,delta,9.187,0.763,0.0,1,,0,224,0.0205,-37.0,3,0.0,-37.07,6.5,35.8,0.0025,0.0833,0.0095,0.0,0.0383,0.0513,0.0833,0
2026-08-28 21:02:19,step_run4,1.013,3.97,16.67,instantaneous_fallback,9.187,0.763,0.0,1,,50,363,0.0576,-36.0,3,1.0,-36.87,6.5,6.5,0.0265,0.1042,0.0095,0.0,0.0383,0.144,0.1042,0
2026-08-28 21:02:20,step_run4,1.014,0.44,16.67,instantaneous_fallback,2.462,1.087,0.0,1,,0,231,0.0571,-36.33,3,-0.33,-36.73,6.5,6.5,0.0029,0.1042,0.0136,0.0,0.0103,0.1427,0.1042,0
2026-08-28 21:02:21,step_run4,1.015,0.56,16.67,instantaneous_fallback,2.175,1.087,0.0,1,,6,240,0.0417,-36.33,3,0.0,-36.53,6.5,6.5,0.0037,0.1042,0.0136,0.0,0.0091,0.1042,0.1042,0
2026-08-28 21:02:22,step_run4,1.017,0.81,16.67,instantaneous_fallback,2.011,0.935,0.0,1,,6,294,0.0438,-36.33,3,0.0,-36.4,6.5,6.5,0.0054,0.1042,0.0117,0.0,0.0084,0.1095,0.1042,0
2026-08-28 21:02:23,step_run4,1.013,0.77,23.33,instantaneous_fallback,1.934,0.935,0.0,1,,2,234,0.0449,-36.33,3,0.0,-36.27,6.5,35.8,0.0051,0.1458,0.0117,0.0,0.0081,0.1123,0.1458,0
2026-08-28 21:02:24,step_run4,1.013,0.39,23.33,instantaneous_fallback,1.934,0.875,0.0,1,,8,227,0.0176,-36.33,3,0.0,-36.33,6.5,6.5,0.0026,0.1458,0.0109,0.0,0.0081,0.044,0.1458,0
2026-08-28 21:02:25,step_run4,1.018,0.37,16.67,instantaneous_fallback,1.934,0.875,0.0,1,,0,214,0.0179,-36.33,3,0.0,-36.33,6.5,6.5,0.0025,0.1042,0.0109,0.0,0.0081,0.0447,0.1042,0
2026-08-28 21:02:26,step_run4,1.015,0.43,16.67,instantaneous_fallback,2.218,0.802,0.0,1,,6,238,0.0179,-36.0,3,0.33,-36.27,6.5,6.5,0.0029,0.1042,0.01,0.0,0.0092,0.0447,0.1042,0
2026-08-28 21:02:27,step_run4,1.014,0.37,16.67,instantaneous_fallback,2.218,0.802,0.0,1,,18,213,0.0293,-36.0,3,0.0,-36.2,6.5,6.5,0.0025,0.1042,0.01,0.0,0.0092,0.0733,0.1042,0
2026-08-28 21:02:28,step_run4,1.014,0.43,13.33,instantaneous_fallback,2.033,0.802,0.0,1,,0,226,0.0278,-36.0,3,0.0,-36.13,6.5,35.8,0.0029,0.0833,0.01,0.0,0.0085,0.0695,0.0833,0
2026-08-28 21:02:29,step_run4,1.016,0.2,16.67,instantaneous_fallback,2.033,1.033,0.0,1,,0,115,0.0233,-36.0,3,0.0,-36.07,6.5,6.5,0.0013,0.1042,0.0129,0.0,0.0085,0.0583,0.1042,0
2026-08-28 21:02:30,step_run4,1.015,0.39,16.67,instantaneous_fallback,2.013,1.033,0.0,1,,8,225,0.0305,-36.0,3,0.0,-36.0,6.5,6.5,0.0026,0.1042,0.0129,0.0,0.0084,0.0762,0.1042,0
2026-08-28 21:02:31,step_run4,1.016,0.37,16.67,instantaneous_fallback,2.632,1.681,0.0,1,,18,213,0.0425,-36.0,3,0.0,-36.0,6.5,6.5,0.0025,0.1042,0.021,0.0,0.011,0.1062,0.1042,0
2026-08-28 21:04:21,step_run5,0.0,0.0,20.0,instantaneous,2.25,,,0,,0,0,0.0,-40.0,3,0.0,-40.0,0.0,0.0,0.0,0.125,0.0,0.0,0.0094,0.0,0.125,0
2026-08-28 21:04:23,step_run5,1.009,1.08,21.66,instantaneous_fallback,2.774,1.729,0.0,1,,0,288,0.0,-39.67,3,0.33,-39.83,6.5,33.5,0.0072,0.1354,0.0216,0.0,0.0116,0.0,0.1354,0
2026-08-28 21:04:24,step_run5,1.011,0.42,23.33,instantaneous_fallback,2.704,1.729,0.0,1,,0,237,0.0,-39.67,3,0.0,-39.78,6.5,35.8,0.0028,0.1458,0.0216,0.0,0.0113,0.0,0.1458,0
2026-08-28 21:04:25,step_run5,1.009,0.32,23.33,instantaneous_fallback,3.297,1.841,0.0,1,,0,136,0.0,-39.33,3,0.33,-39.67,6.5,17.7,0.0021,0.1458,0.023,0.0,0.0137,0.0,0.1458,0
2026-08-28 21:04:26,step_run5,1.025,4.28,16.67,instantaneous_fallback,6.735,1.841,0.0,1,,38,493,0.0319,-38.33,3,1.0,-39.4,6.5,33.5,0.0285,0.1042,0.023,0.0,0.0281,0.0798,0.1042,0
2026-08-28 21:04:27,step_run5,1.02,4.65,16.67,instantaneous_fallback,9.701,4.134,0.0,1,,12,518,0.029,-40.0,3,-1.67,-39.4,6.5,45.5,0.031,0.1042,0.0517,0.0,0.0404,0.0725,0.1042,0
2026-08-28 21:04:28,step_run5,1.015,34.53,20.69,delta,9.701,4.134,0.0,1,,844,2016,0.2082,-43.0,3,-3.0,-40.07,6.5,39.4,0.2302,0.1293,0.0517,0.0,0.0404,0.6455,0.1293,0
2026-08-28 21:04:29,step_run5,1.013,41.13,43.33,instantaneous_fallback,7.346,3.967,0.0,1,,970,2336,0.2532,-42.0,3,1.0,-40.53,6.5,6.5,0.2742,0.3055,0.0496,0.0,0.0306,0.7553,0.3055,1
2026-08-28 21:04:30,step_run5,1.014,43.16,43.33,instantaneous_fallback,4.753,3.967,0.0,1,,860,2412,0.2595,-42.0,3,0.0,-41.07,6.5,39.4,0.2877,0.3055,0.0496,0.0,0.0198,0.7658,0.3055,1
2026-08-28 21:04:31,step_run5,1.015,43.19,43.33,instantaneous_fallback,2.864,4.128,0.0,1,,850,2438,0.2667,-42.33,3,-0.33,-41.87,6.5,6.5,0.2879,0.3055,0.0516,0.0,0.0119,0.7778,0.3055,1
2026-08-28 21:04:32,step_run5,1.019,32.61,46.67,instantaneous_fallback,2.864,4.128,0.0,1,,878,1897,0.284,-42.0,3,0.33,-42.27,6.5,32.1,0.2174,0.3612,0.0516,0.0,0.0119,0.8067,0.3612,1
2026-08-28 21:04:33,step_run5,1.016,39.14,46.67,instantaneous_fallback,3.676,4.144,0.0,1,,788,2223,0.2777,-41.33,3,0.67,-41.93,6.5,6.5,0.2609,0.3612,0.0518,0.0,0.0153,0.7962,0.3612,1
2026-08-28 21:04:34,step_run5,1.057,39.68,46.67,instantaneous_fallback,5.401,4.144,0.0,1,,678,2324,0.2641,-41.0,3,0.33,-41.73,6.5,6.5,0.2645,0.3612,0.0518,0.0,0.0225,0.7735,0.3612,1
2026-08-28 21:04:35,step_run5,1.013,36.68,50.0,instantaneous_fallback,8.93,10.816,0.0,1,,671,2037,0.2614,-40.67,3,0.33,-41.47,6.5,39.4,0.2445,0.4167,0.1352,0.0,0.0372,0.769,0.4167,1
2026-08-28 21:04:36,step_run5,1.015,38.72,50.0,instantaneous_fallback,8.93,10.816,0.0,1,,825,2125,0.2658,-41.33,3,-0.67,-41.27,6.5,6.5,0.2581,0.4167,0.1352,0.0,0.0372,0.7763,0.4167,1
2026-08-28 21:04:37,step_run5,1.03,42.19,48.28,instantaneous_fallback,8.93,11.486,5.319,1,,852,2259,0.258,-42.33,3,-1.0,-41.33,6.5,6.5,0.2813,0.388,0.1436,0.766,0.0372,0.7633,0.766,3
2026-08-28 21:04:38,step_run5,1.021,15.71,48.28,delta,7.456,11.486,5.319,1,,274,871,0.2555,-41.67,3,0.67,-41.4,6.5,6.5,0.1047,0.388,0.1436,0.766,0.0311,0.7592,0.766,3
2026-08-28 21:04:39,step_run5,1.015,43.34,50.0,instantaneous_fallback,13.563,3.868,0.0,1,,446,2543,0.2378,-39.0,3,2.67,-41.0,6.5,6.5,0.2889,0.4167,0.0483,0.0,0.0565,0.7195,0.4167,1
2026-08-28 21:04:40,step_run5,1.027,39.98,53.33,instantaneous_fallback,8.579,3.868,0.0,1,,576,2285,0.2277,-38.67,3,0.33,-40.6,6.5,6.5,0.2665,0.4722,0.0483,0.0,0.0357,0.6943,0.4722,1
2026-08-28 21:04:41,step_run5,1.014,39.88,50.0,instantaneous_fallback,8.579,3.86,0.0,1,,648,2257,0.2149,-39.0,3,-0.33,-40.13,6.5,39.4,0.2659,0.4167,0.0483,0.0,0.0357,0.6623,0.4167,1
2026-08-28 21:04:42,step_run5,1.037,32.84,53.33,delta,8.579,3.86,0.0,1,,754,1926,0.2145,-39.33,3,-0.33,-39.53,6.5,6.5,0.2189,0.4722,0.0483,0.0,0.0357,0.6613,0.4722,1
2026-08-28 21:04:43,step_run5,1.033,36.4,56.67,instantaneous_fallback,15.075,4.704,0.0,1,,1242,2118,0.2478,-39.67,3,-0.33,-39.13,6.5,6.5,0.2427,0.5209,0.0588,0.0,0.0628,0.7445,0.5209,2
2026-08-28 21:04:44,step_run5,1.032,49.27,56.67,instantaneous_fallback,15.075,4.704,0.0,1,,1602,2789,0.2977,-39.33,3,0.33,-39.2,6.5,6.5,0.3285,0.5209,0.0588,0.0,0.0628,0.8295,0.5209,2
2026-08-28 21:04:46,step_run5,1.02,45.31,55.17,instantaneous_fallback,12.433,2.283,0.0,1,,1192,2534,0.3187,-37.33,3,2.0,-38.93,6.5,39.4,0.3021,0.5021,0.0285,0.0,0.0518,0.8645,0.5021,2
2026-08-28 21:04:47,step_run5,1.046,52.59,50.0,instantaneous_fallback,12.433,2.283,0.0,1,,1060,3025,0.3207,-38.0,3,-0.67,-38.73,6.5,6.5,0.3506,0.4167,0.0285,0.0,0.0518,0.8678,0.4167,1
2026-08-28 21:04:48,step_run5,1.032,51.65,46.67,instantaneous_fallback,17.088,5.38,0.0,1,,1206,2902,0.3204,-36.67,3,1.33,-38.2,6.5,39.4,0.3443,0.3612,0.0673,0.0,0.0712,0.8673,0.3612,1
2026-08-28 21:04:49,step_run5,1.059,45.88,46.67,instantaneous_fallback,22.51,5.38,0.0,1,,786,2673,0.2957,-37.0,3,-0.33,-37.67,6.5,6.5,0.3059,0.3612,0.0673,0.0,0.0938,0.8262,0.3612,1
2026-08-28 21:04:50,step_run5,1.016,47.88,46.67,instantaneous_fallback,17.088,3.635,0.0,1,,674,2671,0.2627,-37.67,3,-0.67,-37.33,6.5,6.5,0.3192,0.3612,0.0454,0.0,0.0712,0.7712,0.3612,1
2026-08-28 21:04:51,step_run5,1.038,48.85,50.0,instantaneous_fallback,14.986,3.635,0.0,1,,1128,2781,0.2567,-37.0,3,0.67,-37.27,6.5,38.8,0.3257,0.4167,0.0454,0.0,0.0624,0.7612,0.4167,1
2026-08-28 21:04:52,step_run5,1.03,22.65,50.0,delta,9.542,3.911,0.0,1,,40,1382,0.236,-37.33,3,-0.33,-37.13,6.5,6.5,0.151,0.4167,0.0489,0.0,0.0398,0.715,0.4167,1
2026-08-28 21:04:53,step_run5,1.015,21.74,51.72,instantaneous_fallback,12.866,3.911,0.0,1,,320,1328,0.2139,-37.67,3,-0.33,-37.33,6.5,6.5,0.1449,0.4453,0.0489,0.0,0.0536,0.6598,0.4453,1
2026-08-28 21:04:54,step_run5,1.037,21.41,53.33,instantaneous_fallback,12.866,3.334,0.0,1,,156,1330,0.1963,-37.67,3,0.0,-37.47,6.5,29.2,0.1427,0.4722,0.0417,0.0,0.0536,0.6158,0.4722,1
2026-08-28 21:04:55,step_run5,1.023,11.44,53.33,instantaneous_fallback,13.725,3.334,0.0,1,,44,694,0.1834,-37.67,3,0.0,-37.47,6.5,6.5,0.0763,0.4722,0.0417,0.0,0.0572,0.5835,0.4722,1
2026-08-28 21:04:56,step_run5,1.021,36.39,63.33,delta,13.725,1.785,0.0,1,,774,2086,0.1636,-37.0,3,0.67,-37.47,6.5,6.5,0.2426,0.6041,0.0223,0.0,0.0572,0.534,0.6041,2
2026-08-28 21:04:57,step_run5,1.137,37.46,55.17,instantaneous_fallback,16.904,1.785,0.0,1,,664,2373,0.2004,-38.0,3,-1.0,-37.6,6.5,6.5,0.2497,0.5021,0.0223,0.0,0.0704,0.626,0.5021,2
2026-08-28 21:04:58,step_run5,1.064,37.65,55.17,instantaneous_fallback,37.499,6.028,0.0,1,,576,2251,0.2022,-38.0,3,0.0,-37.67,6.5,6.5,0.251,0.5021,0.0754,0.0,0.1562,0.6305,0.5021,2
2026-08-28 21:04:59,step_run5,1.061,80.26,55.17,instantaneous_fallback,37.499,6.028,0.0,1,,1922,4528,0.2501,-37.67,3,0.33,-37.67,6.5,6.5,0.5351,0.5021,0.0754,0.0,0.1562,0.7502,0.5021,2
2026-08-28 21:05:00,step_run5,1.02,45.34,56.67,instantaneous_fallback,30.119,6.028,0.0,1,,864,2361,0.2609,-38.0,3,-0.33,-37.73,6.5,32.1,0.3023,0.5209,0.0754,0.0,0.1255,0.7682,0.5209,2
2026-08-28 21:05:01,step_run5,1.053,21.36,56.67,instantaneous_fallback,23.886,6.028,0.0,1,,350,1200,0.2561,-38.33,3,-0.33,-38.0,6.5,32.1,0.1424,0.5209,0.0754,0.0,0.0995,0.7602,0.5209,2
2026-08-28 21:05:02,step_run5,2.012,30.87,56.67,instantaneous_fallback,23.886,6.923,0.0,1,,1630,3420,0.2797,-38.33,3,0.0,-38.07,6.5,32.1,0.2058,0.5209,0.0865,0.0,0.0995,0.7995,0.5209,2
2026-08-28 21:05:04,step_run5,1.025,119.67,56.67,instantaneous_fallback,23.886,5.135,9.043,1,,2404,5722,0.2938,-37.67,3,0.67,-38.0,6.5,32.5,0.7978,0.5209,0.0642,0.9521,0.0995,0.823,0.9521,3
2026-08-28 21:05:05,step_run5,1.021,47.8,56.67,instantaneous_fallback,14.283,5.135,9.043,1,,408,2867,0.2665,-38.33,3,-0.67,-38.13,6.5,6.8,0.3187,0.5209,0.0642,0.9521,0.0595,0.7775,0.9521,3
2026-08-28 21:05:06,step_run5,1.024,45.68,56.67,instantaneous_fallback,14.283,3.39,0.0,1,,738,2605,0.2591,-38.33,3,0.0,-38.2,6.5,32.5,0.3045,0.5209,0.0424,0.0,0.0595,0.7652,0.5209,2
2026-08-28 21:05:07,step_run5,1.024,40.07,56.67,instantaneous_fallback,9.349,3.39,0.0,1,,472,2286,0.2506,-38.0,3,0.33,-38.13,6.5,39.0,0.2671,0.5209,0.0424,0.0,0.039,0.751,0.5209,2
2026-08-28 21:05:08,step_run5,1.024,49.0,56.67,delta,10.188,3.77,0.0,1,,708,2769,0.2255,-38.33,3,-0.33,-38.13,6.5,6.5,0.3267,0.5209,0.0471,0.0,0.0425,0.6887,0.5209,2
2026-08-28 21:05:09,step_run5,1.032,42.31,56.67,instantaneous_fallback,10.188,3.77,0.0,1,,448,2414,0.1765,-38.0,3,0.33,-38.2,6.5,6.5,0.2821,0.5209,0.0471,0.0,0.0425,0.5662,0.5209,2
2026-08-28 21:05:10,step_run5,1.014,44.32,56.67,instantaneous_fallback,10.188,6.342,0.0,1,,586,2494,0.1902,-38.33,3,-0.33,-38.2,6.5,6.5,0.2955,0.5209,0.0793,0.0,0.0425,0.6005,0.5209,2
2026-08-28 21:05:11,step_run5,1.03,41.32,56.67,instantaneous_fallback,11.169,6.342,0.0,1,,1074,2316,0.2112,-38.33,3,0.0,-38.2,6.5,6.5,0.2755,0.5209,0.0793,0.0,0.0465,0.653,0.5209,2
2026-08-28 21:05:12,step_run5,1.02,41.04,53.33,instantaneous_fallback,11.169,5.374,0.0,1,,484,2385,0.2105,-38.33,3,0.0,-38.27,6.5,32.5,0.2736,0.4722,0.0672,0.0,0.0465,0.6512,0.4722,1
2026-08-28 21:05:13,step_run5,1.061,46.95,55.17,instantaneous_fallback,29.109,5.374,0.0,1,,778,2689,0.2151,-38.33,3,0.0,-38.27,6.5,32.5,0.313,0.5021,0.0672,0.0,0.1213,0.6628,0.5021,2
2026-08-28 21:05:14,step_run5,1.035,41.32,55.17,instantaneous_fallback,29.109,4.698,0.0,1,,552,2300,0.2219,-38.0,3,0.33,-38.27,6.5,32.5,0.2755,0.5021,0.0587,0.0,0.1213,0.6797,0.5021,2
2026-08-28 21:05:16,step_run5,1.052,22.37,55.17,instantaneous_fallback,27.472,4.698,0.0,1,,324,1397,0.2246,-38.0,3,0.0,-38.2,6.5,6.5,0.1491,0.5021,0.0587,0.0,0.1145,0.6865,0.5021,2
2026-08-28 21:05:17,step_run5,1.016,43.75,55.17,instantaneous_fallback,24.688,2.776,0.0,1,,940,2395,0.2161,-37.67,3,0.33,-38.07,6.5,6.5,0.2917,0.5021,0.0347,0.0,0.1029,0.6653,0.5021,2
2026-08-28 21:05:18,step_run5,1.023,42.87,55.17,delta,18.471,2.776,0.0,1,,808,2512,0.2315,-38.0,3,-0.33,-38.0,6.5,6.5,0.2858,0.5021,0.0347,0.0,0.077,0.7038,0.5021,2
2026-08-28 21:05:19,step_run5,1.015,45.96,55.17,instantaneous_fallback,9.092,2.966,0.0,1,,494,2573,0.2181,-38.0,3,0.0,-37.93,6.5,6.5,0.3064,0.5021,0.0371,0.0,0.0379,0.6703,0.5021,2
2026-08-28 21:05:20,step_run5,1.024,44.89,0.0,delta,8.948,2.966,0.0,1,,788,2531,0.2272,-37.67,3,0.33,-37.87,6.5,6.5,0.2993,0.0,0.0371,0.0,0.0373,0.693,0.0373,0
2026-08-28 21:05:21,step_run5,1.036,42.42,50.0,instantaneous_fallback,8.948,5.192,0.0,1,,718,2430,0.2315,-38.0,3,-0.33,-37.87,6.5,6.5,0.2828,0.4167,0.0649,0.0,0.0373,0.7038,0.4167,1
2026-08-28 21:05:22,step_run5,1.021,41.73,50.0,instantaneous_fallback,15.354,5.192,0.0,1,,752,2330,0.2234,-38.67,3,-0.67,-38.07,6.5,6.5,0.2782,0.4167,0.0649,0.0,0.064,0.6835,0.4167,1
2026-08-28 21:05:23,step_run5,1.028,41.7,53.33,instantaneous_fallback,15.354,3.923,0.0,1,,982,2422,0.2331,-38.67,3,0.0,-38.2,6.5,6.5,0.278,0.4722,0.049,0.0,0.064,0.7077,0.4722,1
2026-08-28 21:05:24,step_run5,1.04,45.14,53.33,instantaneous_fallback,15.486,3.923,0.0,1,,886,2589,0.2512,-38.33,3,0.33,-38.27,6.5,6.5,0.3009,0.4722,0.049,0.0,0.0645,0.752,0.4722,1
2026-08-28 21:05:25,step_run5,1.018,41.27,55.17,instantaneous_fallback,15.486,5.736,0.0,1,,988,2308,0.2637,-38.0,3,0.33,-38.33,6.5,6.5,0.2751,0.5021,0.0717,0.0,0.0645,0.7728,0.5021,2
2026-08-28 21:05:26,step_run5,1.023,47.07,55.17,instantaneous_fallback,15.486,5.736,0.0,1,,1156,2651,0.2792,-38.0,3,0.0,-38.33,6.5,29.2,0.3138,0.5021,0.0717,0.0,0.0645,0.7987,0.5021,2
2026-08-28 21:05:27,step_run5,1.165,37.87,55.17,instantaneous_fallback,26.658,3.451,0.0,1,,870,2469,0.2819,-38.33,3,-0.33,-38.27,6.5,22.8,0.2525,0.5021,0.0431,0.0,0.1111,0.8032,0.5021,2
2026-08-28 21:05:28,step_run5,1.049,51.98,51.72,instantaneous_fallback,77.585,3.451,0.0,1,,840,2948,0.2677,-36.67,3,1.67,-37.87,6.5,24.8,0.3465,0.4453,0.0431,0.0,0.3233,0.7795,0.4453,1
2026-08-28 21:05:29,step_run5,1.054,66.54,60.0,instantaneous_fallback,77.585,4.944,0.0,1,,1816,3237,0.294,-38.67,3,-2.0,-37.93,6.5,6.5,0.4436,0.5625,0.0618,0.0,0.3233,0.8233,0.5625,2
2026-08-28 21:05:30,step_run5,1.133,69.48,51.72,instantaneous_fallback,70.229,4.944,0.0,1,,1362,4763,0.2733,-38.0,3,0.67,-37.93,6.5,6.5,0.4632,0.4453,0.0618,0.0,0.2926,0.7888,0.4453,1
2026-08-28 21:05:31,step_run5,1.019,55.95,53.33,instantaneous_fallback,52.62,6.633,0.266,1,,548,2894,0.25,-37.67,3,0.33,-37.87,6.5,6.5,0.373,0.4722,0.0829,0.133,0.2193,0.75,0.4722,1
2026-08-28 21:05:32,step_run5,1.063,43.3,53.33,instantaneous_fallback,47.515,6.633,0.266,1,,712,2748,0.2414,-49.67,3,-12.0,-40.13,6.5,6.5,0.2887,0.4722,0.0829,0.133,0.198,0.7285,0.4722,1
2026-08-28 21:05:33,step_run5,1.031,35.35,63.33,instantaneous_fallback,47.515,6.188,4.255,1,,988,2013,0.2574,-49.33,3,0.33,-42.67,6.5,22.8,0.2357,0.6041,0.0774,0.7034,0.198,0.7623,0.7034,2
2026-08-28 21:05:34,step_run5,1.018,33.44,66.67,instantaneous_fallback,47.515,6.188,4.255,1,,330,1827,0.2167,-49.33,3,0.0,-44.8,6.5,6.5,0.2229,0.6459,0.0774,0.7034,0.198,0.6668,0.7034,2
2026-08-28 21:05:35,step_run5,1.042,39.72,66.67,instantaneous_fallback,38.69,6.386,0.0,1,,618,2320,0.2131,-51.33,3,-2.0,-47.47,6.5,22.8,0.2648,0.6459,0.0798,0.0,0.1612,0.6578,0.6459,2
2026-08-28 21:05:36,step_run5,2.012,18.41,68.97,instantaneous_fallback,26.985,6.386,0.0,1,,1104,2077,0.2546,-42.0,3,9.33,-48.33,6.5,6.5,0.1227,0.6746,0.0798,0.0,0.1124,0.7577,0.6746,2
2026-08-28 21:05:38,step_run5,2.013,47.52,63.33,instantaneous_fallback,26.985,7.429,0.0,1,,1924,4185,0.2855,-39.67,3,2.33,-46.33,6.5,17.7,0.3168,0.6041,0.0929,0.0,0.1124,0.8092,0.6041,2
2026-08-28 21:05:40,step_run5,1.049,172.54,63.33,instantaneous_fallback,35.726,7.429,0.0,1,,2934,7368,0.2799,-37.67,3,2.0,-44.0,6.5,17.7,1.0,0.6041,0.0929,0.0,0.1489,0.7998,0.6041,2
2026-08-28 21:05:41,step_run5,1.123,72.16,58.62,instantaneous_fallback,89.932,7.429,0.0,1,,1230,4602,0.2754,-38.33,3,-0.67,-41.8,6.5,6.5,0.4811,0.5453,0.0929,0.0,0.3747,0.7923,0.5453,2
2026-08-28 21:05:43,step_run5,2.011,35.99,58.62,instantaneous_fallback,89.932,8.743,0.266,1,,1918,2653,0.3037,-40.0,3,-1.67,-39.53,6.5,6.5,0.2399,0.5453,0.1093,0.133,0.3747,0.8395,0.5453,2
2026-08-28 21:05:45,step_run5,1.029,155.94,58.62,instantaneous_fallback,89.932,8.743,0.266,1,,4838,7447,0.3285,-37.33,3,2.67,-38.6,6.5,6.5,1.0,0.5453,0.1093,0.133,0.3747,0.8808,0.5453,2
2026-08-28 21:05:46,step_run5,1.193,56.5,56.67,instantaneous_fallback,158.049,8.743,0.266,1,,1346,3502,0.3242,-39.0,3,-1.67,-38.47,6.5,6.5,0.3767,0.5209,0.1093,0.133,0.5528,0.8737,0.5528,2
2026-08-28 21:05:47,step_run5,1.087,59.2,56.67,instantaneous_fallback,158.049,8.743,0.266,1,,1612,3002,0.3404,-39.67,3,-0.67,-38.87,6.5,22.8,0.3947,0.5209,0.1093,0.133,0.5528,0.9007,0.5528,2
2026-08-28 21:05:48,step_run5,1.073,70.4,56.67,instantaneous_fallback,158.049,8.743,0.266,1,,1468,3967,0.3522,-37.0,3,2.67,-38.6,6.5,24.8,0.4693,0.5209,0.1093,0.133,0.5528,0.9203,0.5528,2
2026-08-28 21:05:49,step_run5,1.061,73.84,56.67,instantaneous_fallback,119.381,6.453,0.0,1,,1408,4413,0.3234,-39.0,3,-2.0,-38.4,6.5,6.5,0.4923,0.5209,0.0807,0.0,0.4974,0.8723,0.5209,2
2026-08-28 21:05:50,step_run5,1.154,62.59,56.67,instantaneous_fallback,72.609,6.453,0.0,1,,744,3722,0.2612,-40.33,3,-1.33,-39.0,6.5,17.7,0.4173,0.5209,0.0807,0.0,0.3025,0.7687,0.5209,2
2026-08-28 21:05:51,step_run5,1.049,91.19,56.67,instantaneous_fallback,44.465,4.732,0.0,1,,1948,5176,0.2615,-40.0,3,0.33,-39.2,6.5,17.7,0.6079,0.5209,0.0592,0.0,0.1853,0.7692,0.5209,2
2026-08-28 21:05:52,step_run5,1.025,67.26,60.0,delta,72.445,4.732,0.0,1,,1606,3773,0.2542,-39.33,3,0.67,-39.13,6.5,6.5,0.4484,0.5625,0.0592,0.0,0.3019,0.757,0.5625,2
2026-08-28 21:05:53,step_run5,1.019,40.38,56.67,instantaneous_fallback,28.184,5.993,0.0,1,,748,2186,0.2509,-39.33,3,0.0,-39.6,6.5,6.5,0.2692,0.5209,0.0749,0.0,0.1174,0.7515,0.5209,2
2026-08-28 21:05:54,step_run5,1.045,67.39,56.67,instantaneous_fallback,44.917,5.993,0.0,1,,1484,3805,0.2592,-39.0,3,0.33,-39.6,6.5,17.7,0.4493,0.5209,0.0749,0.0,0.1872,0.7653,0.5209,2
2026-08-28 21:05:55,step_run5,1.088,58.1,56.67,instantaneous_fallback,39.375,8.391,0.0,1,,1120,3164,0.2761,-38.67,3,0.33,-39.27,6.5,6.5,0.3873,0.5209,0.1049,0.0,0.1641,0.7935,0.5209,2
2026-08-28 21:05:56,step_run5,1.033,69.73,56.67,instantaneous_fallback,39.375,8.391,0.0,1,,1600,3631,0.2837,-38.67,3,0.0,-39.0,6.5,6.5,0.4649,0.5209,0.1049,0.0,0.1641,0.8062,0.5209,2
2026-08-28 21:05:57,step_run5,1.114,70.33,56.67,instantaneous_fallback,39.375,8.391,0.0,1,,1404,4404,0.2699,-37.33,3,1.33,-38.6,6.5,6.5,0.4689,0.5209,0.1049,0.0,0.1641,0.7832,0.5209,2
2026-08-28 21:05:59,step_run5,1.109,59.2,56.67,instantaneous_fallback,59.156,5.414,0.0,1,,1142,3460,0.2677,-38.0,3,-0.67,-38.33,6.5,6.5,0.3947,0.5209,0.0677,0.0,0.2465,0.7795,0.5209,2
2026-08-28 21:06:00,step_run5,1.018,110.66,60.0,instantaneous_fallback,59.156,5.414,0.0,1,,2556,5520,0.2793,-38.33,3,-0.33,-38.2,6.5,6.5,0.7377,0.5625,0.0677,0.0,0.2465,0.7988,0.5625,2
2026-08-28 21:06:01,step_run5,1.014,40.3,60.0,instantaneous_fallback,35.081,6.89,0.266,1,,642,2683,0.2716,-39.33,3,-1.0,-38.33,6.5,17.7,0.2687,0.5625,0.0861,0.133,0.1462,0.786,0.5625,2
2026-08-28 21:06:02,step_run5,1.132,50.65,60.0,instantaneous_fallback,35.081,6.89,0.266,1,,540,2990,0.248,-37.67,3,1.67,-38.13,6.5,6.5,0.3377,0.5625,0.0861,0.133,0.1462,0.745,0.5625,2
2026-08-28 21:06:03,step_run5,1.027,55.49,60.0,instantaneous_fallback,51.211,6.131,0.0,1,,1434,3108,0.2623,-39.33,3,-1.67,-38.53,6.5,6.5,0.3699,0.5625,0.0766,0.0,0.2134,0.7705,0.5625,2
2026-08-28 21:06:04,step_run5,1.172,54.14,62.07,delta,97.203,6.131,0.0,1,,1090,3457,0.2607,-37.33,3,2.0,-38.4,6.5,6.5,0.3609,0.5884,0.0766,0.0,0.405,0.7678,0.5884,2
2026-08-28 21:06:05,step_run5,1.082,97.42,62.07,instantaneous_fallback,72.072,5.727,0.0,1,,1610,5388,0.2317,-35.67,3,1.67,-37.87,6.5,22.8,0.6495,0.5884,0.0716,0.0,0.3003,0.7042,0.5884,2
2026-08-28 21:06:06,step_run5,1.182,51.66,60.0,instantaneous_fallback,90.715,5.727,0.0,1,,1162,3460,0.2408,-36.0,3,-0.33,-37.2,6.5,22.8,0.3444,0.5625,0.0716,0.0,0.378,0.727,0.5625,2
2026-08-28 21:06:07,step_run5,2.011,37.0,60.0,instantaneous_fallback,90.715,11.352,0.0,1,,982,3909,0.2452,-37.0,3,-1.0,-37.07,6.5,24.8,0.2467,0.5625,0.1419,0.0,0.378,0.738,0.5625,2
2026-08-28 21:06:09,step_run5,1.095,144.52,60.0,instantaneous_fallback,90.715,11.352,0.0,1,,3432,8119,0.2538,-37.0,3,0.0,-36.6,6.5,22.8,0.9635,0.5625,0.1419,0.0,0.378,0.7563,0.5625,2
2026-08-28 21:06:10,step_run5,1.054,69.06,58.62,instantaneous_fallback,63.562,11.352,0.0,1,,1402,3636,0.2595,-37.0,3,0.0,-36.53,6.5,22.8,0.4604,0.5453,0.1419,0.0,0.2648,0.7658,0.5453,2
2026-08-28 21:06:11,step_run5,1.031,57.84,53.33,instantaneous_fallback,43.173,11.352,0.0,1,,1838,3249,0.2827,-36.67,3,0.33,-36.73,6.5,6.5,0.3856,0.4722,0.1419,0.0,0.1799,0.8045,0.4722,1
2026-08-28 21:06:12,step_run5,1.039,74.51,53.33,instantaneous_fallback,24.494,7.285,0.266,1,,1178,3829,0.2797,-37.67,3,-1.0,-37.07,6.5,17.7,0.4967,0.4722,0.0911,0.133,0.1021,0.7995,0.4722,1
2026-08-28 21:06:14,step_run5,1.026,72.23,53.33,instantaneous_fallback,16.124,7.285,0.266,1,,1124,2892,0.2923,-37.0,3,0.67,-37.07,6.5,6.5,0.4815,0.4722,0.0911,0.133,0.0672,0.8205,0.4722,1
2026-08-28 21:06:15,step_run5,1.108,80.12,56.67,instantaneous_fallback,24.494,7.285,0.266,1,,1708,4699,0.2837,-37.33,3,-0.33,-37.13,6.5,6.5,0.5341,0.5209,0.0911,0.133,0.1021,0.8062,0.5209,2
2026-08-28 21:06:16,step_run5,1.159,74.25,56.67,instantaneous_fallback,72.209,7.285,0.266,1,,1486,2967,0.2937,-37.67,3,-0.33,-37.27,6.5,6.5,0.495,0.5209,0.0911,0.133,0.3009,0.8228,0.5209,2
2026-08-28 21:06:17,step_run5,2.036,37.99,56.67,instantaneous_fallback,72.209,5.35,0.0,1,,1524,3544,0.2814,-37.67,3,0.0,-37.47,6.5,6.5,0.2533,0.5209,0.0669,0.0,0.3009,0.8023,0.5209,2
2026-08-28 21:06:19,step_run5,1.182,157.42,50.0,instantaneous_fallback,88.941,5.35,0.0,1,,2674,9582,0.2645,-38.0,3,-0.33,-37.53,6.5,17.7,1.0,0.4167,0.0669,0.0,0.3706,0.7742,0.4167,1
2026-08-28 21:06:20,step_run5,2.018,39.45,46.67,instantaneous_fallback,21.16,7.155,0.0,1,,1776,3904,0.2707,-37.0,3,1.0,-37.53,6.5,6.5,0.263,0.3612,0.0894,0.0,0.0882,0.7845,0.3612,1
2026-08-28 21:06:22,step_run5,2.012,72.81,46.67,instantaneous_fallback,57.227,7.155,0.0,1,,2492,7763,0.2639,-37.67,3,-0.67,-37.6,6.5,17.7,0.4854,0.3612,0.0894,0.0,0.2384,0.7732,0.3612,1
2026-08-28 21:06:24,step_run5,2.185,43.7,46.67,instantaneous_fallback,57.227,7.155,0.0,1,,2736,3070,0.2868,-37.0,3,0.67,-37.47,6.5,6.5,0.2913,0.3612,0.0894,0.0,0.2384,0.8113,0.3612,1
2026-08-28 21:06:26,step_run5,2.01,58.05,60.0,instantaneous_fallback,587.294,4.783,16.223,1,,2,911,0.2773,-36.67,3,0.33,-37.27,6.5,17.7,0.387,0.5625,0.0598,1.0,0.8936,0.7955,1.0,3
2026-08-28 21:06:28,step_run5,1.419,42.82,83.33,instantaneous_fallback,587.294,4.783,16.223,1,,6,690,0.3003,-33.67,3,3.0,-36.4,6.5,39.4,0.2855,0.8888,0.0598,1.0,0.8936,0.8338,1.0,3
2026-08-28 21:06:30,step_run5,2.006,25.04,83.33,instantaneous_fallback,290.198,4.783,16.223,1,,46,2251,0.2645,-34.33,3,-0.67,-35.87,6.5,34.7,0.1669,0.8888,0.0598,1.0,0.7364,0.7742,1.0,3
2026-08-28 21:06:32,step_run5,1.04,122.1,53.33,instantaneous_fallback,20.688,5.154,0.0,1,,1586,7237,0.2361,-35.0,3,-0.67,-35.33,6.5,34.7,0.814,0.4722,0.0644,0.0,0.0862,0.7152,0.4722,1
2026-08-28 21:06:33,step_run5,1.009,43.93,53.33,instantaneous_fallback,11.162,5.154,0.0,1,,676,2413,0.1464,-36.67,3,-1.67,-35.27,6.5,6.5,0.2929,0.4722,0.0644,0.0,0.0465,0.482,0.4722,1
2026-08-28 21:06:34,step_run5,1.017,46.8,60.0,instantaneous_fallback,10.004,5.477,0.0,1,,902,2684,0.1739,-36.33,3,0.33,-35.2,6.5,22.8,0.312,0.5625,0.0685,0.0,0.0417,0.5597,0.5625,2
2026-08-28 21:06:35,step_run5,1.024,47.63,63.33,instantaneous_fallback,9.8,5.477,0.0,1,,774,2634,0.1879,-37.67,3,-1.33,-36.0,6.5,6.5,0.3175,0.6041,0.0685,0.0,0.0408,0.5948,0.6041,2
2026-08-28 21:06:36,step_run5,1.069,13.94,65.52,instantaneous_fallback,10.004,4.983,0.0,1,,102,873,0.2032,-37.67,3,0.0,-36.67,6.5,6.5,0.0929,0.6315,0.0623,0.0,0.0417,0.633,0.6315,2
2026-08-28 21:06:37,step_run5,1.029,34.92,65.52,instantaneous_fallback,41.371,4.983,0.0,1,,294,2051,0.205,-38.0,3,-0.33,-37.27,6.5,6.5,0.2328,0.6315,0.0623,0.0,0.1724,0.6375,0.6315,2
2026-08-28 21:06:38,step_run5,1.137,48.55,60.0,instantaneous_fallback,47.662,6.477,0.0,1,,642,2781,0.1976,-37.67,3,0.33,-37.47,6.5,6.5,0.3237,0.5625,0.081,0.0,0.1986,0.619,0.5625,2
2026-08-28 21:06:39,step_run5,1.022,104.37,60.0,instantaneous_fallback,59.729,6.477,0.0,1,,1644,5517,0.1996,-38.67,3,-1.0,-37.93,6.5,36.8,0.6958,0.5625,0.081,0.0,0.2489,0.624,0.5625,2
2026-08-28 21:06:40,step_run5,1.068,43.23,60.0,instantaneous_fallback,59.729,5.926,0.0,1,,710,2494,0.1983,-38.67,3,0.0,-38.13,6.5,6.5,0.2882,0.5625,0.0741,0.0,0.2489,0.6208,0.5625,2
2026-08-28 21:06:41,step_run5,2.012,40.75,55.17,instantaneous_fallback,59.729,5.611,0.0,1,,898,4691,0.1928,-39.0,3,-0.33,-38.4,6.5,6.5,0.2717,0.5021,0.0701,0.0,0.2489,0.607,0.5021,2
2026-08-28 21:06:43,step_run5,1.08,129.14,55.17,instantaneous_fallback,58.478,5.611,0.0,1,,1966,7484,0.2033,-39.67,3,-0.67,-38.73,6.5,6.5,0.8609,0.5021,0.0701,0.0,0.2437,0.6333,0.5021,2
2026-08-28 21:06:44,step_run5,1.019,41.58,56.67,instantaneous_fallback,58.478,5.611,0.0,1,,444,2185,0.202,-39.33,3,0.33,-39.07,6.5,6.5,0.2772,0.5209,0.0701,0.0,0.2437,0.63,0.5209,2
2026-08-28 21:06:45,step_run5,1.016,53.47,60.0,instantaneous_fallback,34.505,3.195,0.0,1,,674,2945,0.1916,-39.67,3,-0.33,-39.27,6.5,6.5,0.3565,0.5625,0.0399,0.0,0.1438,0.604,0.5625,2
2026-08-28 21:06:46,step_run5,1.128,40.11,60.0,instantaneous_fallback,34.505,3.195,0.0,1,,624,2500,0.1887,-40.33,3,-0.67,-39.6,6.5,6.5,0.2674,0.5625,0.0399,0.0,0.1438,0.5968,0.5625,2
2026-08-28 21:06:47,step_run5,1.074,43.46,60.0,delta,64.426,5.749,0.0,1,,704,2526,0.2001,-40.0,3,0.33,-39.8,6.5,6.5,0.2897,0.5625,0.0719,0.0,0.2684,0.6253,0.5625,2
2026-08-28 21:06:48,step_run5,1.054,74.32,56.67,instantaneous_fallback,64.426,5.749,0.0,1,,1418,4181,0.2123,-40.67,3,-0.67,-40.0,6.5,35.8,0.4955,0.5209,0.0719,0.0,0.2684,0.6558,0.5209,2
2026-08-28 21:06:49,step_run5,1.058,65.75,56.67,instantaneous_fallback,58.55,5.276,0.0,1,,890,3710,0.2137,-40.67,3,0.0,-40.27,6.5,6.5,0.4383,0.5209,0.0659,0.0,0.244,0.6593,0.5209,2
2026-08-28 21:06:51,step_run5,1.027,43.61,56.67,instantaneous_fallback,52.122,5.276,0.0,1,,1142,2490,0.2367,-40.33,3,0.33,-40.4,6.5,6.5,0.2907,0.5209,0.0659,0.0,0.2172,0.7167,0.5209,2
2026-08-28 21:06:52,step_run5,1.023,35.08,60.0,instantaneous_fallback,32.609,5.977,0.0,1,,770,1998,0.2483,-40.0,3,0.33,-40.33,6.5,6.5,0.2339,0.5625,0.0747,0.0,0.1359,0.7457,0.5625,2
2026-08-28 21:06:53,step_run5,1.107,51.92,65.52,delta,32.609,5.977,0.0,1,,634,3118,0.2385,-40.67,3,-0.67,-40.47,6.5,35.8,0.3461,0.6315,0.0747,0.0,0.1359,0.7212,0.6315,2
2026-08-28 21:06:54,step_run5,1.048,73.63,65.52,instantaneous_fallback,60.448,9.571,0.0,1,,1340,3758,0.2406,-40.0,3,0.67,-40.33,6.5,6.5,0.4909,0.6315,0.1196,0.0,0.2519,0.7265,0.6315,2
2026-08-28 21:06:55,step_run5,1.059,78.47,100.0,delta,60.448,9.571,0.0,1,,1464,4189,0.2559,-40.0,3,0.0,-40.2,6.5,35.8,0.5231,1.0,0.1196,0.0,0.2519,0.7598,1.0,3
2026-08-28 21:06:56,step_run5,1.112,50.13,58.62,instantaneous_fallback,57.236,9.571,0.0,1,,656,3481,0.2272,-40.0,3,0.0,-40.13,6.5,6.5,0.3342,0.5453,0.1196,0.0,0.2385,0.693,0.5453,2
2026-08-28 21:06:57,step_run5,1.108,61.55,51.72,instantaneous_fallback,57.236,5.322,0.0,1,,536,3477,0.2044,-39.33,3,0.67,-40.0,6.5,6.5,0.4103,0.4453,0.0665,0.0,0.2385,0.636,0.4453,1
2026-08-28 21:06:58,step_run5,1.055,72.02,50.0,instantaneous_fallback,57.236,5.322,0.0,1,,1172,4201,0.2129,-39.67,3,-0.33,-39.8,6.5,6.5,0.4801,0.4167,0.0665,0.0,0.2385,0.6573,0.4167,1
2026-08-28 21:06:59,step_run5,1.04,74.23,50.0,instantaneous_fallback,34.119,5.322,0.0,1,,982,3932,0.1997,-39.67,3,0.0,-39.73,6.5,35.8,0.4949,0.4167,0.0665,0.0,0.1422,0.6242,0.4167,1
2026-08-28 21:07:00,step_run5,1.023,80.23,50.0,instantaneous_fallback,22.47,5.457,0.0,1,,1772,4493,0.2072,-39.33,3,0.33,-39.6,6.5,6.5,0.5349,0.4167,0.0682,0.0,0.0936,0.643,0.4167,1
2026-08-28 21:07:01,step_run5,1.045,43.66,53.33,instantaneous_fallback,22.47,5.457,0.0,1,,1618,2475,0.2466,-39.33,3,0.0,-39.47,6.5,6.5,0.2911,0.4722,0.0682,0.0,0.0936,0.7415,0.4722,1
2026-08-28 21:07:02,step_run5,1.063,43.11,58.62,instantaneous_fallback,34.471,5.664,0.0,1,,780,2585,0.2634,-39.67,3,-0.33,-39.53,6.5,32.5,0.2874,0.5453,0.0708,0.0,0.1436,0.7723,0.5453,2
2026-08-28 21:07:03,step_run5,1.126,61.09,58.62,delta,36.356,5.664,0.0,1,,680,3514,0.2554,-39.33,3,0.33,-39.47,6.5,32.5,0.4073,0.5453,0.0708,0.0,0.1515,0.759,0.5453,2
2026-08-28 21:07:04,step_run5,1.07,74.85,56.67,instantaneous_fallback,60.19,5.804,0.0,1,,1444,4169,0.2675,-38.33,3,1.0,-39.2,6.5,6.5,0.499,0.5209,0.0726,0.0,0.2508,0.7792,0.5209,2
2026-08-28 21:07:05,step_run5,1.03,74.45,53.33,instantaneous_fallback,60.19,5.804,0.0,1,,1400,4284,0.2581,-39.0,3,-0.67,-39.13,6.5,6.5,0.4963,0.4722,0.0726,0.0,0.2508,0.7635,0.4722,1
2026-08-28 21:07:06,step_run5,1.158,62.37,53.33,instantaneous_fallback,63.133,4.079,0.0,1,,1010,3879,0.2238,-38.33,3,0.67,-38.93,6.5,6.5,0.4158,0.4722,0.051,0.0,0.2631,0.6845,0.4722,1
2026-08-28 21:07:08,step_run5,2.038,36.92,53.33,delta,78.111,7.271,0.0,1,,1090,4097,0.22,-38.67,3,-0.33,-38.73,6.5,6.5,0.2461,0.4722,0.0909,0.0,0.3255,0.675,0.4722,1
2026-08-28 21:07:10,step_run5,1.043,149.35,58.62,instantaneous_fallback,78.111,7.271,0.0,1,,2908,8257,0.2413,-38.67,3,0.0,-38.6,6.5,43.3,0.9957,0.5453,0.0909,0.0,0.3255,0.7282,0.5453,2
2026-08-28 21:07:11,step_run5,1.041,64.4,100.0,delta,54.786,6.556,0.0,1,,1130,3603,0.2381,-38.67,3,0.0,-38.67,6.5,6.5,0.4293,1.0,0.0819,0.0,0.2283,0.7203,1.0,3
2026-08-28 21:07:12,step_run5,1.09,37.59,63.33,instantaneous_fallback,54.786,6.556,0.0,1,,962,2164,0.244,-38.67,3,0.0,-38.6,6.5,6.5,0.2506,0.6041,0.0819,0.0,0.2283,0.735,0.6041,2
2026-08-28 21:07:13,step_run5,1.031,60.75,63.33,instantaneous_fallback,60.956,6.097,0.0,1,,1260,3436,0.2543,-39.0,3,-0.33,-38.73,6.5,6.5,0.405,0.6041,0.0762,0.0,0.254,0.7572,0.6041,2
2026-08-28 21:07:14,step_run5,1.047,81.03,63.33,instantaneous_fallback,60.956,6.097,0.0,1,,1940,4430,0.2725,-39.0,3,0.0,-38.8,6.5,6.5,0.5402,0.6041,0.0762,0.0,0.254,0.7875,0.6041,2
2026-08-28 21:07:15,step_run5,1.02,69.04,58.62,instantaneous_fallback,25.997,3.615,0.0,1,,1346,3792,0.2759,-39.0,3,0.0,-38.87,6.5,6.5,0.4603,0.5453,0.0452,0.0,0.1083,0.7932,0.5453,2
2026-08-28 21:07:16,step_run5,1.058,50.64,56.67,instantaneous_fallback,24.21,3.615,0.0,1,,1132,2977,0.2833,-40.0,3,-1.0,-39.13,6.5,35.8,0.3376,0.5209,0.0452,0.0,0.1009,0.8055,0.5209,2
2026-08-28 21:07:17,step_run5,1.039,73.46,53.33,instantaneous_fallback,24.21,5.736,0.0,1,,1164,3965,0.2689,-39.33,3,0.67,-39.27,6.5,6.5,0.4897,0.4722,0.0717,0.0,0.1009,0.7815,0.4722,1
2026-08-28 21:07:18,step_run5,1.045,56.65,53.33,instantaneous_fallback,24.21,5.736,0.0,1,,828,3373,0.2569,-39.33,3,0.0,-39.33,6.5,6.5,0.3777,0.4722,0.0717,0.0,0.1009,0.7615,0.4722,1
2026-08-28 21:07:19,step_run5,1.055,39.31,55.17,delta,30.557,6.113,0.0,1,,698,2225,0.2404,-40.67,3,-1.33,-39.67,6.5,6.5,0.2621,0.5021,0.0764,0.0,0.1273,0.726,0.5021,2
2026-08-28 21:07:20,step_run5,1.042,32.87,70.0,instantaneous_fallback,26.105,6.113,0.0,1,,448,1965,0.2274,-39.0,3,1.67,-39.67,6.5,35.8,0.2191,0.6875,0.0764,0.0,0.1088,0.6935,0.6875,2
2026-08-28 21:07:21,step_run5,1.186,46.71,70.0,instantaneous_fallback,46.994,5.407,0.0,1,,1618,3041,0.2461,-39.0,3,0.0,-39.47,6.5,6.5,0.3114,0.6875,0.0676,0.0,0.1958,0.7403,0.6875,2
2026-08-28 21:07:22,step_run5,1.021,60.69,66.67,instantaneous_fallback,97.308,5.407,0.0,1,,1490,3273,0.2681,-39.0,3,0.0,-39.4,6.5,6.5,0.4046,0.6459,0.0676,0.0,0.4055,0.7802,0.6459,2
2026-08-28 21:07:23,step_run5,1.062,76.54,60.0,instantaneous_fallback,97.308,5.917,0.0,1,,1992,4407,0.2952,-39.0,3,0.0,-39.33,6.5,6.5,0.5103,0.5625,0.074,0.0,0.4055,0.8253,0.5625,2
2026-08-28 21:07:24,step_run5,1.015,57.42,56.67,instantaneous_fallback,36.5,5.917,0.0,1,,1146,3167,0.2969,-38.0,3,1.0,-38.8,6.5,6.5,0.3828,0.5209,0.074,0.0,0.1521,0.8282,0.5209,2
2026-08-28 21:07:25,step_run5,1.03,31.68,56.67,instantaneous_fallback,10.468,5.166,0.0,1,,1116,1816,0.3192,-39.0,3,-1.0,-38.8,6.5,35.8,0.2112,0.5209,0.0646,0.0,0.0436,0.8653,0.5209,2
2026-08-28 21:07:26,step_run5,1.048,61.49,56.67,instantaneous_fallback,10.468,5.166,0.0,1,,854,3303,0.2924,-40.0,3,-1.0,-39.0,6.5,6.5,0.4099,0.5209,0.0646,0.0,0.0436,0.8207,0.5209,2
2026-08-28 21:07:28,step_run5,1.076,63.99,56.67,instantaneous_fallback,46.633,10.663,0.0,1,,1762,3857,0.2933,-39.67,3,0.33,-39.13,6.5,6.5,0.4266,0.5209,0.1333,0.0,0.1943,0.8222,0.5209,2
2026-08-28 21:07:29,step_run5,1.129,65.24,56.67,instantaneous_fallback,69.02,10.663,0.0,1,,1716,3920,0.291,-39.0,3,0.67,-39.13,6.5,6.5,0.4349,0.5209,0.1333,0.0,0.2876,0.8183,0.5209,2
2026-08-28 21:07:30,step_run5,1.111,56.3,56.67,instantaneous_fallback,87.567,10.663,0.0,1,,1210,3120,0.2936,-38.33,3,0.67,-39.2,6.5,35.8,0.3753,0.5209,0.1333,0.0,0.3649,0.8227,0.5209,2
2026-08-28 21:07:31,step_run5,1.019,85.59,60.0,instantaneous_fallback,87.567,10.663,0.0,1,,1790,4053,0.2866,-38.67,3,-0.33,-39.13,6.5,6.5,0.5706,0.5625,0.1333,0.0,0.3649,0.811,0.5625,2
2026-08-28 21:07:32,step_run5,1.068,57.5,60.0,instantaneous_fallback,61.943,10.663,0.0,1,,1426,3732,0.2973,-38.67,3,0.0,-38.87,6.5,6.5,0.3833,0.5625,0.1333,0.0,0.2581,0.8288,0.5625,2
2026-08-28 21:07:33,step_run5,1.065,44.2,60.0,instantaneous_fallback,61.943,5.975,0.0,1,,586,2604,0.2785,-38.33,3,0.33,-38.6,6.5,6.5,0.2947,0.5625,0.0747,0.0,0.2581,0.7975,0.5625,2
2026-08-28 21:07:34,step_run5,1.014,51.0,60.0,instantaneous_fallback,29.781,5.975,0.0,1,,1564,2691,0.2887,-38.0,3,0.33,-38.4,6.5,6.5,0.34,0.5625,0.0747,0.0,0.1241,0.8145,0.5625,2
2026-08-28 21:07:35,step_run5,1.014,41.64,60.0,delta,11.013,5.975,0.0,1,,800,2189,0.2877,-38.0,3,0.0,-38.33,6.5,32.5,0.2776,0.5625,0.0747,0.0,0.0459,0.8128,0.5625,2
2026-08-28 21:07:36,step_run5,1.078,49.12,53.33,instantaneous_fallback,11.013,5.975,0.0,1,,824,2805,0.2705,-37.33,3,0.67,-38.07,6.5,6.5,0.3275,0.4722,0.0747,0.0,0.0459,0.7842,0.4722,1
2026-08-28 21:07:37,step_run5,1.065,70.32,46.67,instantaneous_fallback,37.042,6.648,0.0,1,,1738,4003,0.2783,-37.33,3,0.0,-37.8,6.5,6.5,0.4688,0.3612,0.0831,0.0,0.1543,0.7972,0.3612,1
2026-08-28 21:07:38,step_run5,1.028,63.73,53.33,instantaneous_fallback,52.718,6.648,0.0,1,,1152,3162,0.2904,-36.67,3,0.67,-37.47,6.5,6.5,0.4249,0.4722,0.0831,0.0,0.2197,0.8173,0.4722,1
2026-08-28 21:07:39,step_run5,2.012,34.43,56.67,instantaneous_fallback,52.718,7.279,0.0,1,,1358,4055,0.2659,-36.67,3,0.0,-37.2,6.5,43.3,0.2295,0.5209,0.091,0.0,0.2197,0.7765,0.5209,2
2026-08-28 21:07:41,step_run5,2.011,57.34,56.67,delta,52.718,7.279,0.0,1,,2506,5429,0.2803,-36.67,3,0.0,-36.93,6.5,6.5,0.3823,0.5209,0.091,0.0,0.2197,0.8005,0.5209,2
2026-08-28 21:07:43,step_run5,1.067,137.65,50.0,instantaneous_fallback,38.241,7.279,0.0,1,,4022,7914,0.3049,-36.67,3,0.0,-36.8,6.5,6.5,0.9177,0.4167,0.091,0.0,0.1593,0.8415,0.4167,1
2026-08-28 21:07:44,step_run5,1.015,65.89,50.0,instantaneous_fallback,38.241,5.624,0.0,1,,884,3615,0.291,-36.67,3,0.0,-36.67,6.5,35.8,0.4393,0.4167,0.0703,0.0,0.1593,0.8183,0.4167,1
2026-08-28 21:07:45,step_run5,1.031,49.86,53.33,instantaneous_fallback,11.07,5.624,0.0,1,,1376,2809,0.2987,-36.67,3,0.0,-36.67,6.5,35.8,0.3324,0.4722,0.0703,0.0,0.0461,0.8312,0.4722,1
2026-08-28 21:07:46,step_run5,1.155,27.11,53.33,instantaneous_fallback,11.07,5.262,0.0,1,,668,1736,0.3054,-36.33,3,0.33,-36.6,6.5,6.5,0.1807,0.4722,0.0658,0.0,0.0461,0.8423,0.4722,1
2026-08-28 21:07:47,step_run5,2.012,26.5,56.67,instantaneous_fallback,74.096,7.725,0.0,1,,916,2857,0.2935,-36.33,3,0.0,-36.53,6.5,6.5,0.1767,0.5209,0.0966,0.0,0.3087,0.8225,0.5209,2
2026-08-28 21:07:49,step_run5,1.077,157.71,53.33,instantaneous_fallback,74.096,7.725,0.0,1,,3990,8703,0.2843,-36.0,3,0.33,-36.4,6.5,6.5,1.0,0.4722,0.0966,0.0,0.3087,0.8072,0.4722,1
2026-08-28 21:07:51,step_run5,1.014,77.21,51.72,instantaneous_fallback,42.307,9.548,0.0,1,,620,4152,0.272,-36.0,3,0.0,-36.27,6.5,6.5,0.5147,0.4453,0.1193,0.0,0.1763,0.7867,0.4453,1
2026-08-28 21:07:52,step_run5,1.017,70.87,51.72,delta,42.105,9.548,0.0,1,,1940,3517,0.2795,-36.67,3,-0.67,-36.27,6.5,6.5,0.4725,0.4453,0.1193,0.0,0.1754,0.7992,0.4453,1
2026-08-28 21:07:53,step_run5,1.058,51.04,58.62,instantaneous_fallback,25.219,9.548,0.0,1,,922,3220,0.272,-36.0,3,0.67,-36.2,6.5,6.5,0.3403,0.5453,0.1193,0.0,0.1051,0.7867,0.5453,2
2026-08-28 21:07:54,step_run5,1.054,42.92,100.0,delta,25.219,6.584,0.0,1,,872,2453,0.2746,-36.33,3,-0.33,-36.2,6.5,6.5,0.2861,1.0,0.0823,0.0,0.1051,0.791,1.0,3
2026-08-28 21:07:55,step_run5,1.023,47.73,63.33,instantaneous_fallback,25.219,6.584,0.0,1,,1162,2743,0.2554,-36.67,3,-0.33,-36.33,6.5,35.8,0.3182,0.6041,0.0823,0.0,0.1051,0.759,0.6041,2
2026-08-28 21:07:56,step_run5,1.126,27.96,63.33,instantaneous_fallback,51.329,4.132,0.0,1,,664,1801,0.2882,-36.33,3,0.33,-36.4,6.5,32.5,0.1864,0.6041,0.0516,0.0,0.2139,0.8137,0.6041,2
2026-08-28 21:07:57,step_run5,1.061,39.66,56.67,instantaneous_fallback,54.515,4.132,0.0,1,,714,2346,0.2565,-36.33,3,0.0,-36.33,6.5,6.5,0.2644,0.5209,0.0516,0.0,0.2271,0.7608,0.5209,2
2026-08-28 21:07:58,step_run5,1.081,48.44,53.33,instantaneous_fallback,54.515,5.316,0.0,1,,1678,2842,0.2946,-36.33,3,0.0,-36.4,6.5,6.5,0.3229,0.4722,0.0664,0.0,0.2271,0.8243,0.4722,1
2026-08-28 21:07:59,step_run5,1.064,64.94,53.33,instantaneous_fallback,36.009,5.316,0.0,1,,1706,3473,0.3097,-36.33,3,0.0,-36.4,6.5,6.5,0.4329,0.4722,0.0664,0.0,0.15,0.8495,0.4722,1
2026-08-28 21:08:00,step_run5,1.149,62.72,53.33,instantaneous_fallback,36.009,6.587,0.0,1,,2062,4059,0.3197,-36.33,3,0.0,-36.33,6.5,32.5,0.4181,0.4722,0.0823,0.0,0.15,0.8662,0.4722,1
2026-08-28 21:08:01,step_run5,2.033,33.47,56.67,instantaneous_fallback,52.688,5.262,0.0,1,,1614,3352,0.326,-36.33,3,0.0,-36.33,6.5,32.5,0.2231,0.5209,0.0658,0.0,0.2195,0.8767,0.5209,2
2026-08-28 21:08:03,step_run5,1.035,126.22,53.33,instantaneous_fallback,52.688,5.262,0.0,1,,2906,7316,0.3214,-36.33,3,0.0,-36.33,6.5,6.5,0.8415,0.4722,0.0658,0.0,0.2195,0.869,0.4722,1
2026-08-28 21:08:04,step_run5,1.022,62.84,53.33,instantaneous_fallback,45.572,6.545,0.0,1,,1996,3421,0.3223,-36.67,3,-0.33,-36.4,6.5,6.5,0.4189,0.4722,0.0818,0.0,0.1899,0.8705,0.4722,1
2026-08-28 21:08:05,step_run5,1.021,42.99,53.33,instantaneous_fallback,17.619,6.545,0.0,1,,1196,2492,0.3214,-36.33,3,0.33,-36.4,6.5,6.5,0.2866,0.4722,0.0818,0.0,0.0734,0.869,0.4722,1
2026-08-28 21:08:06,step_run5,1.16,33.71,53.33,delta,17.619,5.03,0.0,1,,930,2142,0.3158,-36.67,3,-0.33,-36.47,6.5,6.5,0.2247,0.4722,0.0629,0.0,0.0734,0.8597,0.4722,1
2026-08-28 21:08:07,step_run5,1.025,65.42,46.67,instantaneous_fallback,48.913,5.03,0.0,1,,1890,3400,0.3221,-36.33,3,0.33,-36.47,6.5,32.5,0.4361,0.3612,0.0629,0.0,0.2038,0.8702,0.3612,1
2026-08-28 21:08:09,step_run5,1.037,50.74,46.67,instantaneous_fallback,48.913,5.307,0.0,1,,1398,3097,0.3374,-36.67,3,-0.33,-36.53,6.5,6.5,0.3383,0.3612,0.0663,0.0,0.2038,0.8957,0.3612,1
2026-08-28 21:08:10,step_run5,1.025,34.36,53.33,instantaneous_fallback,29.722,5.307,0.0,1,,1730,1872,0.3546,-36.0,3,0.67,-36.4,6.5,6.5,0.2291,0.4722,0.0663,0.0,0.1238,0.9243,0.4722,1
2026-08-28 21:08:11,step_run5,1.03,22.13,62.07,delta,29.722,5.307,0.0,1,,606,1176,0.3593,-36.0,3,0.0,-36.33,6.5,6.5,0.1475,0.5884,0.0663,0.0,0.1238,0.9322,0.5884,2
2026-08-28 21:08:12,step_run5,1.042,34.58,70.0,instantaneous_fallback,16.989,5.307,0.0,1,,1008,1982,0.3652,-36.67,3,-0.67,-36.33,6.5,6.5,0.2305,0.6875,0.0663,0.0,0.0708,0.942,0.6875,2
2026-08-28 21:08:13,step_run5,1.103,34.98,70.0,instantaneous_fallback,50.814,6.343,0.0,1,,566,2151,0.3406,-36.67,3,0.0,-36.4,6.5,6.5,0.2332,0.6875,0.0793,0.0,0.2117,0.901,0.6875,2
2026-08-28 21:08:14,step_run5,1.033,72.4,63.33,instantaneous_fallback,50.814,6.343,0.0,1,,1430,3639,0.3304,-36.33,3,0.33,-36.33,6.5,6.5,0.4827,0.6041,0.0793,0.0,0.2117,0.884,0.6041,2
2026-08-28 21:08:15,step_run5,1.055,72.91,58.62,instantaneous_fallback,50.814,3.639,0.0,1,,1404,4382,0.2733,-36.33,3,0.0,-36.4,6.5,32.5,0.4861,0.5453,0.0455,0.0,0.2117,0.7888,0.5453,2
2026-08-28 21:08:16,step_run5,1.078,51.8,51.72,instantaneous_fallback,42.838,3.639,0.0,1,,896,2886,0.2607,-36.67,3,-0.33,-36.53,6.5,6.5,0.3453,0.4453,0.0455,0.0,0.1785,0.7678,0.4453,1
2026-08-28 21:08:17,step_run5,1.131,64.71,46.67,instantaneous_fallback,42.838,3.639,0.0,1,,956,4038,0.235,-36.33,3,0.33,-36.47,6.5,32.5,0.4314,0.3612,0.0455,0.0,0.1785,0.7125,0.3612,1
2026-08-28 21:08:18,step_run5,1.059,59.06,46.67,instantaneous_fallback,66.546,4.98,0.0,1,,1286,3214,0.2475,-36.33,3,0.0,-36.4,6.5,32.5,0.3937,0.3612,0.0623,0.0,0.2773,0.7438,0.3612,1
2026-08-28 21:08:19,step_run5,1.069,60.43,53.33,instantaneous_fallback,66.546,4.98,0.0,1,,1264,3582,0.2428,-36.33,3,0.0,-36.4,6.5,32.5,0.4029,0.4722,0.0623,0.0,0.2773,0.732,0.4722,1
2026-08-28 21:08:20,step_run5,1.032,52.61,56.67,instantaneous_fallback,43.806,5.282,0.0,1,,1654,2944,0.2665,-36.67,3,-0.33,-36.47,6.5,32.5,0.3507,0.5209,0.066,0.0,0.1825,0.7775,0.5209,2
2026-08-28 21:08:21,step_run5,1.049,42.66,56.67,instantaneous_fallback,36.018,5.282,0.0,1,,796,2454,0.2684,-36.33,3,0.33,-36.4,6.5,6.5,0.2844,0.5209,0.066,0.0,0.1501,0.7807,0.5209,2
2026-08-28 21:08:22,step_run5,1.027,32.33,60.0,instantaneous_fallback,26.063,5.988,0.0,1,,762,1919,0.2899,-36.0,3,0.33,-36.33,6.5,6.5,0.2155,0.5625,0.0748,0.0,0.1086,0.8165,0.5625,2
2026-08-28 21:08:23,step_run5,1.028,15.24,63.33,instantaneous_fallback,12.852,5.988,0.0,1,,330,958,0.2884,-36.0,3,0.0,-36.27,6.5,32.5,0.1016,0.6041,0.0748,0.0,0.0536,0.814,0.6041,2
2026-08-28 21:08:24,step_run5,1.027,10.82,73.33,instantaneous_fallback,12.852,5.833,0.0,1,,312,677,0.301,-36.0,3,0.0,-36.2,6.5,6.5,0.0721,0.7291,0.0729,0.0,0.0536,0.835,0.7291,2
2026-08-28 21:08:25,step_run5,1.03,41.0,73.33,instantaneous_fallback,14.909,5.833,0.0,1,,1010,2321,0.2782,-36.33,3,-0.33,-36.13,6.5,6.5,0.2733,0.7291,0.0729,0.0,0.0621,0.797,0.7291,2
2026-08-28 21:08:26,step_run5,1.046,21.33,70.0,instantaneous_fallback,25.248,5.833,0.0,1,,774,1139,0.3125,-36.0,3,0.33,-36.07,6.5,6.5,0.1422,0.6875,0.0729,0.0,0.1052,0.8542,0.6875,2
2026-08-28 21:08:27,step_run5,1.09,34.15,63.33,instantaneous_fallback,25.248,5.833,0.0,1,,472,1912,0.2926,-36.33,3,-0.33,-36.13,6.5,6.5,0.2277,0.6041,0.0729,0.0,0.1052,0.821,0.6041,2
2026-08-28 21:08:29,step_run5,1.014,56.94,58.62,instantaneous_fallback,44.163,5.285,0.0,1,,1694,3146,0.3167,-36.33,3,0.0,-36.2,6.5,6.5,0.3796,0.5453,0.0661,0.0,0.184,0.8612,0.5453,2
2026-08-28 21:08:30,step_run5,1.016,62.51,58.62,delta,44.163,5.285,0.0,1,,1180,3447,0.3001,-36.33,3,0.0,-36.27,6.5,35.8,0.4167,0.5453,0.0661,0.0,0.184,0.8335,0.5453,2
2026-08-28 21:08:31,step_run5,1.019,17.55,58.62,instantaneous_fallback,5.604,2.391,0.0,1,,356,1091,0.2943,-36.0,3,0.33,-36.2,6.5,35.8,0.117,0.5453,0.0299,0.0,0.0233,0.8238,0.5453,2
2026-08-28 21:08:32,step_run5,1.021,0.4,44.83,instantaneous_fallback,5.604,2.391,0.0,1,,14,231,0.2744,-36.0,3,0.0,-36.2,6.5,6.5,0.0027,0.3305,0.0299,0.0,0.0233,0.7907,0.3305,1
2026-08-28 21:08:33,step_run5,1.018,0.37,26.67,instantaneous_fallback,4.34,0.927,0.0,1,,0,204,0.2855,-36.0,3,0.0,-36.13,6.5,6.5,0.0025,0.1667,0.0116,0.0,0.0181,0.8092,0.1667,0
2026-08-28 21:08:34,step_run5,1.022,0.98,16.67,instantaneous_fallback,6.225,0.927,0.0,1,,2,259,0.2288,-36.0,3,0.0,-36.07,6.5,6.5,0.0065,0.1042,0.0116,0.0,0.0259,0.697,0.1042,0
2026-08-28 21:08:35,step_run5,1.014,0.37,16.67,instantaneous_fallback,4.521,1.888,0.0,1,,0,207,0.1574,-36.0,3,0.0,-36.0,6.5,6.5,0.0025,0.1042,0.0236,0.0,0.0188,0.5185,0.1042,0
2026-08-28 21:08:36,step_run5,1.016,0.4,16.67,instantaneous_fallback,4.521,1.888,0.0,1,,32,232,0.0406,-36.33,3,-0.33,-36.07,6.5,6.5,0.0027,0.1042,0.0236,0.0,0.0188,0.1015,0.1042,0
2026-08-28 21:08:37,step_run5,1.013,0.38,20.0,instantaneous_fallback,4.521,3.116,0.0,1,,32,214,0.0558,-36.33,3,0.0,-36.13,6.5,6.5,0.0025,0.125,0.0389,0.0,0.0188,0.1395,0.125,0
2026-08-28 21:08:38,step_run5,1.013,3.89,20.0,instantaneous_fallback,3.253,3.116,0.0,1,,14,387,0.058,-36.0,3,0.33,-36.13,6.5,6.5,0.0259,0.125,0.0389,0.0,0.0136,0.145,0.125,0
2026-08-28 21:08:39,step_run5,1.018,0.42,20.0,instantaneous_fallback,4.061,0.834,0.0,1,,0,218,0.0584,-36.0,3,0.0,-36.13,6.5,35.8,0.0028,0.125,0.0104,0.0,0.0169,0.146,0.125,0
2026-08-28 21:08:40,step_run5,1.015,0.4,20.0,instantaneous_fallback,2.237,0.834,0.0,1,,0,229,0.0574,-36.0,3,0.0,-36.13,6.5,35.8,0.0027,0.125,0.0104,0.0,0.0093,0.1435,0.125,0
2026-08-28 21:08:41,step_run5,1.022,0.44,16.67,instantaneous_fallback,4.061,1.53,0.0,1,,0,230,0.0347,-36.0,3,0.0,-36.07,6.5,6.5,0.0029,0.1042,0.0191,0.0,0.0169,0.0868,0.1042,0
2026-08-28 21:08:42,step_run5,1.016,0.2,16.67,instantaneous_fallback,5.207,1.53,0.0,1,,10,124,0.0198,-36.0,3,0.0,-36.0,6.5,6.5,0.0013,0.1042,0.0191,0.0,0.0217,0.0495,0.1042,0
2026-08-28 21:08:43,step_run5,1.015,1.14,16.67,instantaneous_fallback,5.207,1.031,0.0,1,,4,277,0.0128,-36.0,3,0.0,-36.0,6.5,6.5,0.0076,0.1042,0.0129,0.0,0.0217,0.032,0.1042,0
2026-08-28 21:08:44,step_run5,1.013,0.4,16.67,instantaneous_fallback,2.39,1.031,0.0,1,,0,226,0.0127,-36.0,3,0.0,-36.0,6.5,6.5,0.0027,0.1042,0.0129,0.0,0.01,0.0318,0.1042,0
2026-08-28 21:08:45,step_run5,1.01,0.45,13.79,instantaneous_fallback,2.39,3.967,0.0,1,,4,226,0.0163,-36.0,3,0.0,-36.0,6.5,6.5,0.003,0.0862,0.0496,0.0,0.01,0.0407,0.0862,0
2026-08-28 21:08:46,step_run5,1.019,4.13,13.79,delta,2.879,3.967,0.0,1,,54,461,0.0519,-36.33,3,-0.33,-36.07,6.5,6.5,0.0275,0.0862,0.0496,0.0,0.012,0.1298,0.0862,0
2026-08-28 21:08:47,step_run5,1.009,0.39,20.0,instantaneous_fallback,2.879,3.72,0.0,1,,0,209,0.0424,-36.33,3,0.0,-36.13,6.5,6.5,0.0026,0.125,0.0465,0.0,0.012,0.106,0.125,0
2026-08-28 21:08:48,step_run5,1.01,2.46,20.0,instantaneous_fallback,5.984,3.72,0.0,1,,4,305,0.0416,-36.33,3,0.0,-36.2,6.5,6.5,0.0164,0.125,0.0465,0.0,0.0249,0.104,0.125,0
2026-08-28 21:08:49,step_run5,1.011,1.89,16.67,instantaneous_fallback,2.168,0.802,0.0,1,,4,320,0.0416,-36.33,3,0.0,-36.27,6.5,6.5,0.0126,0.1042,0.01,0.0,0.009,0.104,0.1042,0
2026-08-28 21:08:50,step_run5,1.015,0.42,16.67,instantaneous_fallback,2.574,0.802,0.0,1,,0,242,0.0388,-36.33,3,0.0,-36.33,6.5,6.5,0.0028,0.1042,0.01,0.0,0.0107,0.097,0.1042,0
2026-08-28 21:08:51,step_run5,1.013,0.37,16.67,instantaneous_fallback,2.168,2.457,0.0,1,,0,204,0.0062,-36.33,3,0.0,-36.33,6.5,6.5,0.0025,0.1042,0.0307,0.0,0.009,0.0155,0.1042,0
2026-08-28 21:08:52,step_run5,1.013,0.38,16.67,instantaneous_fallback,2.075,2.457,0.0,1,,0,222,0.0061,-36.33,3,0.0,-36.33,6.5,6.5,0.0025,0.1042,0.0307,0.0,0.0086,0.0152,0.1042,0
2026-08-28 21:08:53,step_run5,1.015,0.39,20.0,instantaneous_fallback,2.075,1.527,0.0,1,,4,215,0.0066,-36.33,3,0.0,-36.33,6.5,6.5,0.0026,0.125,0.0191,0.0,0.0086,0.0165,0.125,0
2026-08-28 21:08:54,step_run5,1.015,0.21,20.0,instantaneous_fallback,2.091,1.527,0.0,1,,0,125,0.004,-36.33,3,0.0,-36.33,6.5,32.5,0.0014,0.125,0.0191,0.0,0.0087,0.01,0.125,0
2026-08-28 21:08:55,step_run5,1.018,0.38,20.0,instantaneous_fallback,3.411,4.334,0.0,1,,0,218,0.004,-36.33,3,0.0,-36.33,6.5,35.8,0.0025,0.125,0.0542,0.0,0.0142,0.01,0.125,0
2026-08-28 21:08:56,step_run5,1.019,0.37,20.0,instantaneous_fallback,4.087,4.334,0.0,1,,0,219,0.004,-36.33,3,0.0,-36.33,6.5,6.5,0.0025,0.125,0.0542,0.0,0.017,0.01,0.125,0
2026-08-28 21:08:57,step_run5,1.014,0.37,24.14,instantaneous_fallback,4.087,2.319,0.0,1,,0,204,0.0041,-36.33,3,0.0,-36.33,6.5,6.5,0.0025,0.1509,0.029,0.0,0.017,0.0103,0.1509,0
2026-08-28 21:08:58,step_run5,1.016,0.4,16.67,instantaneous_fallback,3.746,2.319,0.0,1,,12,222,0.012,-36.33,3,0.0,-36.33,6.5,6.5,0.0027,0.1042,0.029,0.0,0.0156,0.03,0.1042,0
2026-08-28 21:08:59,step_run5,1.018,0.39,16.67,instantaneous_fallback,3.746,0.978,0.0,1,,0,213,0.011,-36.33,3,0.0,-36.33,6.5,32.5,0.0026,0.1042,0.0122,0.0,0.0156,0.0275,0.1042,0
2026-08-28 21:09:00,step_run5,1.019,0.82,16.67,instantaneous_fallback,4.204,0.978,0.0,1,,0,240,0.0108,-36.33,3,0.0,-36.33,6.5,35.8,0.0055,0.1042,0.0122,0.0,0.0175,0.027,0.1042,0
2026-08-28 21:09:01,step_run5,1.013,0.38,16.67,instantaneous_fallback,4.204,1.01,0.0,1,,0,214,0.0109,-36.33,3,0.0,-36.33,6.5,6.5,0.0025,0.1042,0.0126,0.0,0.0175,0.0273,0.1042,0
2026-08-28 21:09:02,step_run5,1.016,0.38,20.0,instantaneous_fallback,2.715,1.01,0.0,1,,0,216,0.0107,-36.33,3,0.0,-36.33,6.5,6.5,0.0025,0.125,0.0126,0.0,0.0113,0.0267,0.125,0
2026-08-28 21:09:03,step_run5,1.014,0.37,16.67,instantaneous_fallback,2.715,1.501,0.0,1,,0,212,0.0,-36.33,3,0.0,-36.33,6.5,32.5,0.0025,0.1042,0.0188,0.0,0.0113,0.0,0.1042,0
2026-08-28 21:09:04,step_run5,1.022,0.38,23.33,instantaneous_fallback,3.425,1.501,0.0,1,,2,228,0.0018,-36.33,3,0.0,-36.33,6.5,32.5,0.0025,0.1458,0.0188,0.0,0.0143,0.0045,0.1458,0
2026-08-28 21:09:05,step_run5,1.022,0.38,16.67,instantaneous_fallback,6.086,4.099,0.0,1,,8,218,0.0091,-36.33,3,0.0,-36.33,6.5,32.5,0.0025,0.1042,0.0512,0.0,0.0254,0.0227,0.1042,0
2026-08-28 21:09:06,step_run5,1.015,0.37,23.33,instantaneous_fallback,6.086,4.099,0.0,1,,0,224,0.009,-36.33,3,0.0,-36.33,6.5,6.5,0.0025,0.1458,0.0512,0.0,0.0254,0.0225,0.1458,0
2026-08-28 21:09:07,step_run5,1.015,0.37,27.59,delta,4.35,0.928,0.0,1,,0,212,0.0091,-36.33,3,0.0,-36.33,6.5,32.5,0.0025,0.1724,0.0116,0.0,0.0181,0.0227,0.1724,0
2026-08-28 21:09:08,step_run5,1.014,0.19,30.0,instantaneous_fallback,3.237,0.928,0.0,1,,0,105,0.01,-36.33,3,0.0,-36.33,6.5,6.5,0.0013,0.1875,0.0116,0.0,0.0135,0.025,0.1875,0
2026-08-28 21:09:09,step_run5,1.016,0.38,30.0,instantaneous_fallback,3.237,0.902,0.0,1,,0,220,0.0081,-36.33,3,0.0,-36.33,6.5,32.5,0.0025,0.1875,0.0113,0.0,0.0135,0.0202,0.1875,0
2026-08-28 21:09:10,step_run5,1.02,0.37,20.0,instantaneous_fallback,3.237,0.902,0.0,1,,0,210,0.0,-36.33,3,0.0,-36.33,6.5,6.5,0.0025,0.125,0.0113,0.0,0.0135,0.0,0.125,0
2026-08-28 21:09:11,step_run5,1.014,0.38,13.79,instantaneous_fallback,3.129,1.979,0.0,1,,0,228,0.0,-36.33,3,0.0,-36.33,6.5,6.5,0.0025,0.0862,0.0247,0.0,0.013,0.0,0.0862,0
2026-08-28 21:09:12,step_run5,1.015,0.38,13.79,delta,3.129,1.979,0.0,1,,0,220,0.0,-36.33,3,0.0,-36.33,6.5,6.5,0.0025,0.0862,0.0247,0.0,0.013,0.0,0.0862,0
2026-08-28 21:09:13,step_run5,1.015,0.37,26.67,instantaneous_fallback,3.129,0.644,0.0,1,,2,214,0.0018,-36.33,3,0.0,-36.33,6.5,6.5,0.0025,0.1667,0.008,0.0,0.013,0.0045,0.1667,0
2026-08-28 21:09:14,step_run5,1.015,0.38,26.67,instantaneous_fallback,3.626,0.644,0.0,1,,0,218,0.0018,-36.33,3,0.0,-36.33,6.5,6.5,0.0025,0.1667,0.008,0.0,0.0151,0.0045,0.1667,0
2026-08-28 21:09:15,step_run5,1.015,0.39,16.67,instantaneous_fallback,3.626,3.686,0.0,1,,0,212,0.0018,-36.33,3,0.0,-36.33,6.5,6.5,0.0026,0.1042,0.0461,0.0,0.0151,0.0045,0.1042,0
2026-08-28 21:09:16,step_run5,1.014,0.39,16.67,instantaneous_fallback,2.276,3.686,0.0,1,,0,230,0.0018,-36.33,3,0.0,-36.33,6.5,6.5,0.0026,0.1042,0.0461,0.0,0.0095,0.0045,0.1042,0
2026-08-28 21:09:17,step_run5,1.017,0.37,16.67,instantaneous_fallback,2.276,0.812,0.0,1,,0,214,0.0018,-36.33,3,0.0,-36.33,6.5,6.5,0.0025,0.1042,0.0102,0.0,0.0095,0.0045,0.1042,0
2026-08-28 21:09:18,step_run5,1.014,0.37,16.67,instantaneous_fallback,2.276,0.812,0.0,1,,18,216,0.0162,-36.33,3,0.0,-36.33,6.5,6.5,0.0025,0.1042,0.0102,0.0,0.0095,0.0405,0.1042,0
2026-08-28 21:09:19,step_run5,1.013,0.37,13.33,instantaneous_fallback,3.524,0.51,0.0,1,,0,212,0.0163,-36.33,3,0.0,-36.33,6.5,6.5,0.0025,0.0833,0.0064,0.0,0.0147,0.0407,0.0833,0
2026-08-28 21:09:20,step_run5,1.016,0.37,13.33,instantaneous_fallback,3.639,0.51,0.0,1,,6,216,0.0216,-36.33,3,0.0,-36.33,6.5,6.5,0.0025,0.0833,0.0064,0.0,0.0152,0.054,0.0833,0
2026-08-28 21:09:21,step_run5,1.018,0.19,16.67,instantaneous_fallback,3.639,0.891,0.0,1,,0,105,0.0243,-36.33,3,0.0,-36.33,6.5,6.5,0.0013,0.1042,0.0111,0.0,0.0152,0.0607,0.1042,0
2026-08-28 21:09:22,step_run5,1.018,0.37,16.67,instantaneous_fallback,3.659,0.891,0.0,1,,0,209,0.0244,-36.33,3,0.0,-36.33,6.5,6.5,0.0025,0.1042,0.0111,0.0,0.0152,0.061,0.1042,0
2026-08-28 21:09:23,step_run5,1.024,0.37,20.0,instantaneous_fallback,3.659,0.681,0.0,1,,0,219,0.0062,-36.33,3,0.0,-36.33,6.5,6.5,0.0025,0.125,0.0085,0.0,0.0152,0.0155,0.125,0
2026-08-28 21:09:24,step_run5,1.019,0.37,20.0,instantaneous_fallback,6.464,0.681,0.0,1,,0,215,0.0062,-36.33,3,0.0,-36.33,6.5,6.5,0.0025,0.125,0.0085,0.0,0.0269,0.0155,0.125,0
2026-08-28 21:09:25,step_run5,1.016,0.39,16.67,instantaneous_fallback,6.464,1.665,0.0,1,,0,220,0.0,-36.33,3,0.0,-36.33,6.5,6.5,0.0026,0.1042,0.0208,0.0,0.0269,0.0,0.1042,0
2026-08-28 21:09:26,step_run5,1.014,0.37,16.67,instantaneous_fallback,3.809,1.665,0.0,1,,0,210,0.0,-36.33,3,0.0,-36.33,6.5,32.5,0.0025,0.1042,0.0208,0.0,0.0159,0.0,0.1042,0
2026-08-28 21:09:27,step_run5,1.018,0.37,20.0,instantaneous_fallback,3.809,0.326,0.0,1,,12,220,0.0109,-36.33,3,0.0,-36.33,6.5,6.5,0.0025,0.125,0.0041,0.0,0.0159,0.0273,0.125,0
2026-08-28 21:09:28,step_run5,1.016,0.38,20.0,instantaneous_fallback,3.809,0.326,0.0,1,,0,226,0.0109,-36.33,3,0.0,-36.33,6.5,6.5,0.0025,0.125,0.0041,0.0,0.0159,0.0273,0.125,0
2026-08-28 21:09:29,step_run5,1.013,0.37,13.33,instantaneous_fallback,3.127,0.947,0.0,1,,0,210,0.0109,-36.33,3,0.0,-36.33,6.5,6.5,0.0025,0.0833,0.0118,0.0,0.013,0.0273,0.0833,0
2026-08-28 21:09:30,step_run5,1.014,0.38,13.33,instantaneous_fallback,2.092,0.947,0.0,1,,0,219,0.0109,-36.33,3,0.0,-36.33,6.5,6.5,0.0025,0.0833,0.0118,0.0,0.0087,0.0273,0.0833,0
2026-08-28 21:09:32,step_run5,1.015,0.37,13.33,instantaneous_fallback,2.092,1.236,0.0,1,,0,208,0.011,-36.33,3,0.0,-36.33,6.5,43.3,0.0025,0.0833,0.0155,0.0,0.0087,0.0275,0.0833,0
2026-08-28 21:09:33,step_run5,1.017,0.38,16.67,instantaneous_fallback,2.267,1.236,0.0,1,,18,220,0.0163,-36.33,3,0.0,-36.33,6.5,6.5,0.0025,0.1042,0.0155,0.0,0.0094,0.0407,0.1042,0
2026-08-28 21:09:34,step_run5,1.015,0.38,23.33,instantaneous_fallback,2.267,0.651,0.0,1,,0,217,0.0165,-36.33,3,0.0,-36.33,6.5,6.5,0.0025,0.1458,0.0081,0.0,0.0094,0.0413,0.1458,0
2026-08-28 21:09:35,step_run5,1.017,0.21,23.33,instantaneous_fallback,2.951,0.651,0.0,1,,0,112,0.0181,-36.33,3,0.0,-36.33,6.5,6.5,0.0014,0.1458,0.0081,0.0,0.0123,0.0452,0.1458,0
2026-08-28 21:09:36,step_run5,1.015,0.39,13.33,instantaneous_fallback,3.232,1.335,0.0,1,,0,224,0.018,-36.33,3,0.0,-36.33,6.5,6.5,0.0026,0.0833,0.0167,0.0,0.0135,0.045,0.0833,0
2026-08-28 21:09:37,step_run5,1.021,0.36,13.33,instantaneous_fallback,3.244,1.335,0.0,1,,0,204,0.0181,-36.33,3,0.0,-36.33,6.5,35.8,0.0024,0.0833,0.0167,0.0,0.0135,0.0452,0.0833,0
2026-08-28 21:09:38,step_run5,1.013,0.38,20.0,instantaneous_fallback,3.535,1.5,0.0,1,,0,218,0.0,-36.33,3,0.0,-36.33,6.5,6.5,0.0025,0.125,0.0187,0.0,0.0147,0.0,0.125,0
2026-08-28 21:09:39,step_run5,1.018,0.38,20.0,instantaneous_fallback,3.535,1.5,0.0,1,,0,209,0.0,-36.33,3,0.0,-36.33,6.5,35.8,0.0025,0.125,0.0187,0.0,0.0147,0.0,0.125,0
2026-08-28 21:09:40,step_run5,1.014,0.39,17.24,instantaneous_fallback,3.535,1.145,0.0,1,,44,229,0.039,-36.33,3,0.0,-36.33,6.5,6.5,0.0026,0.1077,0.0143,0.0,0.0147,0.0975,0.1077,0
2026-08-28 21:09:41,step_run5,1.015,0.37,13.33,instantaneous_fallback,2.431,1.145,0.0,1,,0,213,0.0394,-36.33,3,0.0,-36.33,6.5,6.5,0.0025,0.0833,0.0143,0.0,0.0101,0.0985,0.0833,0
2026-08-28 21:09:42,step_run5,1.013,0.39,13.33,instantaneous_fallback,2.941,1.715,0.0,1,,2,227,0.0403,-36.33,3,0.0,-36.33,6.5,6.5,0.0026,0.0833,0.0214,0.0,0.0123,0.1008,0.0833,0
2026-08-28 21:09:43,step_run5,1.013,0.39,13.33,instantaneous_fallback,2.431,1.715,0.0,1,,0,220,0.0402,-36.33,3,0.0,-36.33,6.5,6.5,0.0026,0.0833,0.0214,0.0,0.0101,0.1005,0.0833,0
2026-08-28 21:09:44,step_run5,1.019,0.37,23.33,instantaneous_fallback,2.941,1.651,0.0,1,,0,205,0.0404,-36.33,3,0.0,-36.33,6.5,6.5,0.0025,0.1458,0.0206,0.0,0.0123,0.101,0.1458,0
2026-08-28 21:09:45,step_run5,1.014,0.38,23.33,instantaneous_fallback,2.346,1.651,0.0,1,,2,224,0.0037,-36.33,3,0.0,-36.33,6.5,6.5,0.0025,0.1458,0.0206,0.0,0.0098,0.0092,0.1458,0
2026-08-28 21:09:46,step_run5,1.014,0.37,16.67,instantaneous_fallback,2.189,1.63,0.0,1,,0,213,0.0037,-36.33,3,0.0,-36.33,6.5,6.5,0.0025,0.1042,0.0204,0.0,0.0091,0.0092,0.1042,0
2026-08-28 21:09:47,step_run5,1.023,0.38,16.67,delta,2.189,1.63,0.0,1,,0,225,0.0018,-36.33,3,0.0,-36.33,6.5,6.5,0.0025,0.1042,0.0204,0.0,0.0091,0.0045,0.1042,0
2026-08-28 21:09:48,step_run5,1.013,0.19,20.0,instantaneous_fallback,2.189,0.876,0.0,1,,0,104,0.0021,-36.33,3,0.0,-36.33,6.5,6.5,0.0013,0.125,0.0109,0.0,0.0091,0.0052,0.125,0
2026-08-28 21:09:49,step_run5,1.016,0.37,20.0,instantaneous_fallback,2.927,0.876,0.0,1,,0,204,0.0021,-36.33,3,0.0,-36.33,6.5,6.5,0.0025,0.125,0.0109,0.0,0.0122,0.0052,0.125,0
2026-08-28 21:09:50,step_run5,1.027,0.38,20.0,delta,2.927,0.639,0.0,1,,0,229,0.0,-36.0,3,0.33,-36.27,6.5,35.8,0.0025,0.125,0.008,0.0,0.0122,0.0,0.125,0
2026-08-28 21:09:51,step_run5,1.021,0.37,16.67,instantaneous_fallback,5.905,0.639,0.0,1,,0,213,0.0,-36.0,3,0.0,-36.2,6.5,6.5,0.0025,0.1042,0.008,0.0,0.0246,0.0,0.1042,0
2026-08-28 21:09:52,step_run5,1.014,0.38,16.67,instantaneous_fallback,5.905,0.817,0.0,1,,0,226,0.0,-36.0,3,0.0,-36.13,6.5,6.5,0.0025,0.1042,0.0102,0.0,0.0246,0.0,0.1042,0
2026-08-28 21:09:53,step_run5,1.014,0.37,16.67,instantaneous_fallback,3.333,0.817,0.0,1,,0,209,0.0,-36.0,3,0.0,-36.07,6.5,6.5,0.0025,0.1042,0.0102,0.0,0.0139,0.0,0.1042,0
2026-08-28 21:09:54,step_run5,1.016,0.42,13.33,instantaneous_fallback,3.333,0.861,0.0,1,,0,228,0.0,-36.0,3,0.0,-36.0,6.5,6.5,0.0028,0.0833,0.0108,0.0,0.0139,0.0,0.0833,0
2026-08-28 21:09:55,step_run5,1.015,0.38,16.67,instantaneous_fallback,2.816,0.861,0.0,1,,0,209,0.0,-36.0,3,0.0,-36.0,6.5,35.8,0.0025,0.1042,0.0108,0.0,0.0117,0.0,0.1042,0
2026-08-28 21:09:56,step_run5,1.015,0.39,16.67,instantaneous_fallback,2.946,1.732,0.0,1,,4,224,0.0036,-36.0,3,0.0,-36.0,6.5,6.5,0.0026,0.1042,0.0216,0.0,0.0123,0.009,0.1042,0
2026-08-28 21:09:57,step_run5,1.015,0.38,20.0,instantaneous_fallback,2.816,1.732,0.0,1,,0,215,0.0037,-36.0,3,0.0,-36.0,6.5,35.8,0.0025,0.125,0.0216,0.0,0.0117,0.0092,0.125,0
2026-08-28 21:09:58,step_run5,1.015,0.38,20.0,instantaneous_fallback,2.931,2.469,0.0,1,,0,226,0.0036,-36.0,3,0.0,-36.0,6.5,6.5,0.0025,0.125,0.0309,0.0,0.0122,0.009,0.125,0
2026-08-28 21:09:59,step_run5,1.016,0.38,13.33,instantaneous_fallback,2.247,2.469,0.0,1,,0,223,0.0036,-36.0,3,0.0,-36.0,6.5,35.8,0.0025,0.0833,0.0309,0.0,0.0094,0.009,0.0833,0
2026-08-28 21:10:00,step_run5,1.016,0.37,13.33,instantaneous_fallback,2.347,1.457,0.0,1,,0,214,0.0036,-36.0,3,0.0,-36.0,6.5,6.5,0.0025,0.0833,0.0182,0.0,0.0098,0.009,0.0833,0
2026-08-28 21:10:01,step_run5,1.017,0.38,13.33,instantaneous_fallback,2.347,1.457,0.0,1,,0,220,0.0,-36.0,3,0.0,-36.0,6.5,6.5,0.0025,0.0833,0.0182,0.0,0.0098,0.0,0.0833,0
2026-08-28 21:10:02,step_run5,1.015,0.19,13.33,instantaneous_fallback,2.39,1.095,0.0,1,,0,112,0.0,-36.0,3,0.0,-36.0,6.5,6.5,0.0013,0.0833,0.0137,0.0,0.01,0.0,0.0833,0
2026-08-28 21:10:03,step_run5,1.02,0.39,20.0,instantaneous_fallback,4.651,1.095,0.0,1,,4,214,0.0041,-36.0,3,0.0,-36.0,6.5,6.5,0.0026,0.125,0.0137,0.0,0.0194,0.0103,0.125,0
2026-08-28 21:10:04,step_run5,1.016,0.39,20.0,instantaneous_fallback,4.395,1.788,0.0,1,,0,229,0.004,-36.0,3,0.0,-36.0,6.5,6.5,0.0026,0.125,0.0224,0.0,0.0183,0.01,0.125,0
2026-08-28 21:10:05,step_run5,1.014,0.36,13.33,instantaneous_fallback,4.651,1.788,0.0,1,,0,202,0.0041,-36.0,3,0.0,-36.0,6.5,6.5,0.0024,0.0833,0.0224,0.0,0.0194,0.0103,0.0833,0
2026-08-28 21:10:06,step_run5,1.019,0.39,13.33,instantaneous_fallback,5.492,1.07,0.0,1,,10,227,0.014,-36.0,3,0.0,-36.0,6.5,6.5,0.0026,0.0833,0.0134,0.0,0.0229,0.035,0.0833,0
2026-08-28 21:10:07,step_run5,1.017,0.37,16.67,instantaneous_fallback,5.492,1.07,0.0,1,,0,215,0.0127,-36.0,3,0.0,-36.0,6.5,32.5,0.0025,0.1042,0.0134,0.0,0.0229,0.0318,0.1042,0
2026-08-28 21:10:08,step_run5,1.015,0.38,20.0,instantaneous_fallback,5.444,2.25,0.0,1,,0,223,0.009,-36.0,3,0.0,-36.0,6.5,6.5,0.0025,0.125,0.0281,0.0,0.0227,0.0225,0.125,0
2026-08-28 21:10:09,step_run5,1.013,0.38,20.0,instantaneous_fallback,3.927,2.25,0.0,1,,0,214,0.0092,-36.0,3,0.0,-36.0,6.5,43.3,0.0025,0.125,0.0281,0.0,0.0164,0.023,0.125,0
2026-08-28 21:10:10,step_run5,1.014,0.38,24.14,instantaneous_fallback,2.798,1.783,0.0,1,,0,219,0.009,-36.0,3,0.0,-36.0,6.5,39.4,0.0025,0.1509,0.0223,0.0,0.0117,0.0225,0.1509,0
2026-08-28 21:10:11,step_run5,1.012,0.37,16.67,instantaneous_fallback,2.415,1.783,0.0,1,,4,202,0.0037,-36.0,3,0.0,-36.0,6.5,6.5,0.0025,0.1042,0.0223,0.0,0.0101,0.0092,0.1042,0
2026-08-28 21:10:12,step_run5,1.014,0.38,26.67,delta,2.139,0.99,0.0,1,,0,217,0.0037,-36.0,3,0.0,-36.0,6.5,32.5,0.0025,0.1667,0.0124,0.0,0.0089,0.0092,0.1667,0
2026-08-28 21:10:13,step_run5,1.021,0.41,20.0,instantaneous_fallback,2.139,0.99,0.0,1,,0,231,0.0037,-36.0,3,0.0,-36.0,6.5,6.5,0.0027,0.125,0.0124,0.0,0.0089,0.0092,0.125,0
2026-08-28 21:10:14,step_run5,1.016,0.37,20.0,instantaneous_fallback,2.91,2.271,0.0,1,,2,216,0.0055,-36.0,3,0.0,-36.0,6.5,6.5,0.0025,0.125,0.0284,0.0,0.0121,0.0137,0.125,0
2026-08-28 21:10:15,step_run5,1.017,0.19,16.67,instantaneous_fallback,4.255,2.271,0.0,1,,4,113,0.0101,-36.0,3,0.0,-36.0,6.5,39.4,0.0013,0.1042,0.0284,0.0,0.0177,0.0253,0.1042,0
2026-08-28 21:10:16,step_run5,1.02,0.38,16.67,instantaneous_fallback,4.255,0.804,0.0,1,,10,224,0.0157,-35.67,3,0.33,-35.93,6.5,6.5,0.0025,0.1042,0.01,0.0,0.0177,0.0392,0.1042,0
2026-08-28 21:10:17,step_run5,1.012,0.36,20.0,instantaneous_fallback,4.255,0.804,0.0,1,,0,201,0.016,-35.67,3,0.0,-35.87,6.5,6.5,0.0024,0.125,0.01,0.0,0.0177,0.04,0.125,0
2026-08-28 21:10:18,step_run5,1.014,0.43,20.0,instantaneous_fallback,3.966,1.557,0.0,1,,6,230,0.0219,-35.67,3,0.0,-35.8,6.5,6.5,0.0029,0.125,0.0195,0.0,0.0165,0.0548,0.125,0
2026-08-28 21:10:19,step_run5,1.014,0.42,16.67,instantaneous_fallback,3.774,1.557,0.0,1,,52,222,0.0678,-35.67,3,0.0,-35.73,6.5,6.5,0.0028,0.1042,0.0195,0.0,0.0157,0.1695,0.1042,0
2026-08-28 21:10:20,step_run5,1.017,0.41,16.67,instantaneous_fallback,3.231,1.689,0.0,1,,0,240,0.0574,-35.67,3,0.0,-35.67,6.5,39.4,0.0027,0.1042,0.0211,0.0,0.0135,0.1435,0.1042,0
2026-08-28 21:10:21,step_run5,1.012,0.37,13.33,instantaneous_fallback,2.409,1.689,0.0,1,,0,212,0.0499,-35.67,3,0.0,-35.67,6.5,6.5,0.0025,0.0833,0.0211,0.0,0.01,0.1247,0.0833,0
2026-08-28 21:10:22,step_run5,1.013,0.38,13.33,instantaneous_fallback,1.988,1.057,0.0,1,,14,223,0.0601,-35.67,3,0.0,-35.67,6.5,6.5,0.0025,0.0833,0.0132,0.0,0.0083,0.1502,0.0833,0
2026-08-28 21:10:23,step_run5,1.015,0.37,23.33,instantaneous_fallback,1.988,1.057,0.0,1,,0,206,0.0565,-35.67,3,0.0,-35.67,6.5,39.4,0.0025,0.1458,0.0132,0.0,0.0083,0.1413,0.1458,0
2026-08-28 21:10:24,step_run5,1.015,0.38,23.33,instantaneous_fallback,2.508,0.875,0.0,1,,0,225,0.0125,-35.67,3,0.0,-35.67,6.5,6.5,0.0025,0.1458,0.0109,0.0,0.0104,0.0312,0.1458,0
2026-08-28 21:10:25,step_run5,1.018,0.37,16.67,instantaneous_fallback,2.551,0.875,0.0,1,,2,213,0.0146,-36.0,3,-0.33,-35.73,6.5,6.5,0.0025,0.1042,0.0109,0.0,0.0106,0.0365,0.1042,0
2026-08-28 21:10:26,step_run5,1.018,0.38,16.67,instantaneous_fallback,3.743,0.886,0.0,1,,6,225,0.0197,-35.67,3,0.33,-35.73,6.5,6.5,0.0025,0.1042,0.0111,0.0,0.0156,0.0493,0.1042,0
2026-08-28 21:10:27,step_run5,1.017,0.37,20.0,instantaneous_fallback,4.092,0.886,0.0,1,,4,214,0.011,-35.67,3,0.0,-35.73,6.5,6.5,0.0025,0.125,0.0111,0.0,0.017,0.0275,0.125,0
2026-08-28 21:10:28,step_run5,1.02,0.19,20.0,instantaneous_fallback,4.092,1.359,0.0,1,,12,112,0.0237,-36.0,3,-0.33,-35.8,6.5,6.5,0.0013,0.125,0.017,0.0,0.017,0.0593,0.125,0
2026-08-28 21:10:29,step_run5,1.015,0.37,17.24,delta,4.092,1.359,0.0,1,,0,202,0.0242,-36.0,3,0.0,-35.87,6.5,6.5,0.0025,0.1077,0.017,0.0,0.017,0.0605,0.1077,0
2026-08-28 21:10:30,step_run5,1.016,0.38,13.33,instantaneous_fallback,2.842,1.443,0.0,1,,0,223,0.022,-36.33,3,-0.33,-35.93,6.5,6.5,0.0025,0.0833,0.018,0.0,0.0118,0.055,0.0833,0
2026-08-28 21:10:31,step_run5,1.014,0.38,13.33,instantaneous_fallback,2.842,1.443,0.0,1,,30,213,0.0455,-36.33,3,0.0,-36.07,6.5,6.5,0.0025,0.0833,0.018,0.0,0.0118,0.1137,0.0833,0
2026-08-28 21:10:32,step_run5,1.014,0.41,13.33,instantaneous_fallback,2.842,1.72,0.0,1,,0,232,0.041,-36.67,3,-0.33,-36.27,6.5,6.5,0.0027,0.0833,0.0215,0.0,0.0118,0.1025,0.0833,0
2026-08-28 21:10:33,step_run5,1.013,0.37,16.67,instantaneous_fallback,2.307,1.72,0.0,1,,0,204,0.0272,-36.67,3,0.0,-36.4,6.5,6.5,0.0025,0.1042,0.0215,0.0,0.0096,0.068,0.1042,0
2026-08-28 21:10:34,step_run5,1.013,0.37,16.67,instantaneous_fallback,2.307,1.72,0.0,1,,0,215,0.0269,-36.67,3,0.0,-36.53,6.5,6.5,0.0025,0.1042,0.0215,0.0,0.0096,0.0673,0.1042,0
2026-08-28 21:10:35,step_run5,1.015,0.37,13.33,instantaneous_fallback,2.091,0.806,0.0,1,,0,204,0.0273,-36.67,3,0.0,-36.6,6.5,6.5,0.0025,0.0833,0.0101,0.0,0.0087,0.0683,0.0833,0
2026-08-28 21:10:37,step_run5,1.014,0.39,13.33,instantaneous_fallback,1.833,0.806,0.0,1,,32,231,0.0286,-36.67,3,0.0,-36.67,6.5,6.5,0.0026,0.0833,0.0101,0.0,0.0076,0.0715,0.0833,0
2026-08-28 21:10:38,step_run5,1.017,0.37,20.0,instantaneous_fallback,1.833,0.933,0.0,1,,0,212,0.0291,-37.0,3,-0.33,-36.73,6.5,6.5,0.0025,0.125,0.0117,0.0,0.0076,0.0728,0.125,0
2026-08-28 21:10:39,step_run5,1.013,0.39,20.0,instantaneous_fallback,1.842,0.933,0.0,1,,16,226,0.0423,-37.0,3,0.0,-36.8,6.5,39.4,0.0026,0.125,0.0117,0.0,0.0077,0.1057,0.125,0
2026-08-28 21:10:40,step_run5,1.019,0.36,16.67,instantaneous_fallback,4.803,0.96,0.0,1,,0,204,0.0427,-37.0,3,0.0,-36.87,6.5,6.5,0.0024,0.1042,0.012,0.0,0.02,0.1068,0.1042,0
2026-08-28 21:10:41,step_run5,1.026,0.37,13.33,instantaneous_fallback,5.378,0.96,0.0,1,,2,216,0.0439,-37.0,3,0.0,-36.93,6.5,6.5,0.0025,0.0833,0.012,0.0,0.0224,0.1098,0.0833,0
2026-08-28 21:10:42,step_run5,1.016,0.38,13.33,instantaneous_fallback,5.525,2.673,0.0,1,,0,213,0.0165,-37.33,3,-0.33,-37.07,6.5,6.5,0.0025,0.0833,0.0334,0.0,0.023,0.0413,0.0833,0
2026-08-28 21:10:43,step_run5,1.013,0.2,13.33,instantaneous_fallback,5.525,2.673,0.0,1,,0,115,0.0181,-37.33,3,0.0,-37.13,6.5,6.5,0.0013,0.0833,0.0334,0.0,0.023,0.0452,0.0833,0
2026-08-28 21:10:44,step_run5,1.014,3.74,16.67,instantaneous_fallback,3.957,1.07,0.0,1,,68,368,0.059,-37.33,3,0.0,-37.2,6.5,6.5,0.0249,0.1042,0.0134,0.0,0.0165,0.1475,0.1042,0
2026-08-28 21:10:45,step_run5,1.016,0.44,16.67,instantaneous_fallback,3.467,1.07,0.0,1,,0,242,0.0572,-37.33,3,0.0,-37.27,6.5,39.4,0.0029,0.1042,0.0134,0.0,0.0144,0.143,0.1042,0
2026-08-28 21:10:46,step_run5,1.018,0.39,16.67,instantaneous_fallback,3.467,1.375,0.0,1,,2,208,0.0576,-37.33,3,0.0,-37.33,6.5,6.5,0.0026,0.1042,0.0172,0.0,0.0144,0.144,0.1042,0
2026-08-28 21:10:47,step_run5,1.014,1.01,20.0,instantaneous_fallback,3.332,1.375,0.0,1,,0,273,0.0549,-37.33,3,0.0,-37.33,6.5,6.5,0.0067,0.125,0.0172,0.0,0.0139,0.1372,0.125,0
2026-08-28 21:10:48,step_run5,1.015,0.37,20.0,instantaneous_fallback,2.71,1.449,0.0,1,,0,212,0.051,-37.33,3,0.0,-37.33,6.5,6.5,0.0025,0.125,0.0181,0.0,0.0113,0.1275,0.125,0
2026-08-28 21:10:49,step_run5,1.016,0.42,23.33,delta,2.438,1.449,0.0,1,,0,247,0.0017,-37.33,3,0.0,-37.33,6.5,45.7,0.0028,0.1458,0.0181,0.0,0.0102,0.0042,0.1458,0
2026-08-28 21:10:50,step_run5,1.014,3.74,20.0,instantaneous_fallback,2.487,1.414,0.0,1,,30,342,0.0244,-37.33,3,0.0,-37.33,6.5,45.7,0.0249,0.125,0.0177,0.0,0.0104,0.061,0.125,0
2026-08-28 21:10:51,step_run5,1.016,0.41,20.69,instantaneous_fallback,2.487,1.414,0.0,1,,38,230,0.0496,-37.33,3,0.0,-37.33,6.5,32.5,0.0027,0.1293,0.0177,0.0,0.0104,0.124,0.1293,0
2026-08-28 21:10:52,step_run5,1.019,0.44,20.69,delta,4.424,1.347,0.0,1,,2,237,0.0523,-37.33,3,0.0,-37.33,6.5,6.5,0.0029,0.1293,0.0168,0.0,0.0184,0.1307,0.1293,0
2026-08-28 21:10:53,step_run5,1.014,1.0,26.67,instantaneous_fallback,4.424,1.347,0.0,1,,0,258,0.0506,-37.33,3,0.0,-37.33,6.5,45.7,0.0067,0.1667,0.0168,0.0,0.0184,0.1265,0.1667,0
2026-08-28 21:10:54,step_run5,1.023,0.48,26.67,instantaneous_fallback,4.424,0.669,0.0,1,,4,227,0.0541,-37.33,3,0.0,-37.33,6.5,32.5,0.0032,0.1667,0.0084,0.0,0.0184,0.1353,0.1667,0
2026-08-28 21:10:55,step_run5,1.038,3.55,23.33,instantaneous_fallback,5.604,0.669,0.0,1,,90,300,0.0967,-39.0,3,-1.67,-37.67,6.5,29.2,0.0237,0.1458,0.0084,0.0,0.0233,0.2417,0.1458,0
2026-08-28 21:10:56,step_run5,1.043,0.71,23.33,instantaneous_fallback,12.591,3.271,0.0,1,,28,318,0.0847,-39.33,3,-0.33,-38.07,6.5,34.9,0.0047,0.1458,0.0409,0.0,0.0525,0.2117,0.1458,0
2026-08-28 21:10:57,step_run5,1.046,2.69,23.33,instantaneous_fallback,17.107,3.271,0.0,1,,16,373,0.0855,-35.33,3,4.0,-37.67,6.5,39.0,0.0179,0.1458,0.0409,0.0,0.0713,0.2138,0.1458,0
2026-08-28 21:10:58,step_run5,1.014,31.94,27.59,delta,17.107,5.219,0.0,1,,1170,1936,0.2931,-33.67,3,1.67,-36.93,6.5,39.0,0.2129,0.1724,0.0652,0.0,0.0713,0.8218,0.1724,0
2026-08-28 21:10:59,step_run5,1.027,45.85,53.33,instantaneous_fallback,8.753,5.219,0.0,1,,1158,2585,0.3088,-35.67,3,-2.0,-36.6,6.5,29.2,0.3057,0.4722,0.0652,0.0,0.0365,0.848,0.4722,1
2026-08-28 21:11:00,step_run5,1.023,45.98,53.33,instantaneous_fallback,6.724,3.655,0.0,1,,410,2621,0.2621,-36.0,3,-0.33,-36.0,6.5,29.2,0.3065,0.4722,0.0457,0.0,0.028,0.7702,0.4722,1
2026-08-28 21:11:01,step_run5,1.047,40.45,51.72,delta,8.753,3.655,0.0,1,,698,2335,0.2595,-35.33,3,0.67,-35.2,6.5,6.5,0.2697,0.4453,0.0457,0.0,0.0365,0.7658,0.4453,1
2026-08-28 21:11:02,step_run5,1.015,37.39,50.0,instantaneous_fallback,6.724,4.117,0.0,1,,608,2078,0.2592,-35.67,3,-0.33,-35.27,6.5,6.5,0.2493,0.4167,0.0515,0.0,0.028,0.7653,0.4167,1
2026-08-28 21:11:03,step_run5,1.014,52.95,50.0,instantaneous_fallback,5.884,4.117,0.0,1,,736,2890,0.224,-35.67,3,0.0,-35.67,6.5,6.5,0.353,0.4167,0.0515,0.0,0.0245,0.685,0.4167,1
2026-08-28 21:11:04,step_run5,1.112,40.0,53.33,instantaneous_fallback,5.884,4.117,0.0,1,,656,2266,0.2032,-37.33,3,-1.67,-36.0,6.5,29.2,0.2667,0.4722,0.0515,0.0,0.0245,0.633,0.4722,1
2026-08-28 21:11:05,step_run5,1.024,40.84,56.67,instantaneous_fallback,15.026,4.117,0.0,1,,254,2263,0.1997,-34.0,3,3.33,-35.6,6.5,6.5,0.2723,0.5209,0.0515,0.0,0.0626,0.6242,0.5209,2
2026-08-28 21:11:06,step_run5,1.021,45.28,56.67,instantaneous_fallback,15.026,4.853,0.0,1,,1506,2597,0.2372,-37.33,3,-3.33,-36.0,6.5,39.4,0.3019,0.5209,0.0607,0.0,0.0626,0.718,0.5209,2
2026-08-28 21:11:07,step_run5,1.053,22.94,56.67,instantaneous_fallback,15.026,4.853,0.0,1,,298,1443,0.2314,-37.67,3,-0.33,-36.4,6.5,39.4,0.1529,0.5209,0.0607,0.0,0.0626,0.7035,0.5209,2
2026-08-28 21:11:08,step_run5,1.017,30.44,63.33,instantaneous_fallback,22.075,4.815,0.0,1,,678,1708,0.2482,-35.67,3,2.0,-36.4,6.5,39.4,0.2029,0.6041,0.0602,0.0,0.092,0.7455,0.6041,2
2026-08-28 21:11:09,step_run5,1.054,55.2,63.33,instantaneous_fallback,22.539,4.815,0.0,1,,1126,3024,0.2592,-33.67,3,2.0,-35.67,6.5,6.5,0.368,0.6041,0.0602,0.0,0.0939,0.7653,0.6041,2
2026-08-28 21:11:10,step_run5,1.021,66.69,62.07,instantaneous_fallback,22.539,3.57,0.0,1,,1524,3796,0.2899,-33.67,3,0.0,-35.6,6.5,6.5,0.4446,0.5884,0.0446,0.0,0.0939,0.8165,0.5884,2
2026-08-28 21:11:11,step_run5,1.106,39.27,56.67,instantaneous_fallback,22.539,3.57,0.0,1,,322,2397,0.242,-33.33,3,0.33,-34.8,6.5,32.5,0.2618,0.5209,0.0446,0.0,0.0939,0.73,0.5209,2
2026-08-28 21:11:12,step_run5,1.148,28.49,56.67,instantaneous_fallback,49.389,6.445,0.0,1,,640,1793,0.2522,-33.0,3,0.33,-33.87,6.5,6.5,0.1899,0.5209,0.0806,0.0,0.2058,0.7537,0.5209,2
2026-08-28 21:11:14,step_run5,1.098,32.6,63.33,instantaneous_fallback,86.413,6.445,0.0,1,,844,1987,0.2553,-33.33,3,-0.33,-33.4,6.5,39.4,0.2173,0.6041,0.0806,0.0,0.3601,0.7588,0.6041,2
2026-08-28 21:11:15,step_run5,1.015,62.01,63.33,delta,86.413,4.982,0.0,1,,1350,3416,0.259,-33.0,3,0.33,-33.27,6.5,6.5,0.4134,0.6041,0.0623,0.0,0.3601,0.765,0.6041,2
2026-08-28 21:11:16,step_run5,1.052,54.52,62.07,instantaneous_fallback,29.57,4.982,0.0,1,,1818,3162,0.2806,-33.67,3,-0.67,-33.27,6.5,6.5,0.3635,0.5884,0.0623,0.0,0.1232,0.801,0.5884,2
2026-08-28 21:11:17,step_run5,1.017,44.16,46.67,instantaneous_fallback,29.43,3.645,0.0,1,,296,2501,0.2779,-33.67,3,0.0,-33.33,6.5,39.4,0.2944,0.3612,0.0456,0.0,0.1226,0.7965,0.3612,1
2026-08-28 21:11:18,step_run5,1.019,45.3,50.0,instantaneous_fallback,17.289,3.645,0.0,1,,444,2539,0.2589,-33.67,3,0.0,-33.47,6.5,6.5,0.302,0.4167,0.0456,0.0,0.072,0.7648,0.4167,1
2026-08-28 21:11:19,step_run5,1.014,43.19,50.0,instantaneous_fallback,5.359,2.504,0.0,1,,602,2432,0.243,-33.33,3,0.33,-33.47,6.5,6.5,0.2879,0.4167,0.0313,0.0,0.0223,0.7325,0.4167,1
2026-08-28 21:11:20,step_run5,1.016,44.38,50.0,instantaneous_fallback,3.714,2.504,0.0,1,,596,2495,0.2224,-33.33,3,0.0,-33.53,6.5,32.5,0.2959,0.4167,0.0313,0.0,0.0155,0.681,0.4167,1
2026-08-28 21:11:21,step_run5,1.029,43.45,50.0,instantaneous_fallback,3.714,2.897,0.0,1,,240,2459,0.1491,-33.33,3,0.0,-33.47,6.5,6.5,0.2897,0.4167,0.0362,0.0,0.0155,0.4955,0.4167,1
2026-08-28 21:11:22,step_run5,1.025,20.06,50.0,instantaneous_fallback,8.784,2.897,0.0,1,,318,1135,0.1659,-33.67,3,-0.33,-33.47,6.5,6.5,0.1337,0.4167,0.0362,0.0,0.0366,0.5397,0.4167,1
2026-08-28 21:11:23,step_run5,1.031,43.76,50.0,instantaneous_fallback,9.989,1.949,0.0,1,,462,2509,0.1674,-33.33,3,0.33,-33.4,6.5,6.5,0.2917,0.4167,0.0244,0.0,0.0416,0.5435,0.4167,1
2026-08-28 21:11:24,step_run5,1.031,44.47,53.33,instantaneous_fallback,14.398,1.949,0.0,1,,494,2529,0.1594,-33.33,3,0.0,-33.4,6.5,6.5,0.2965,0.4722,0.0244,0.0,0.06,0.5235,0.4722,1
2026-08-28 21:11:25,step_run5,1.014,45.28,51.72,instantaneous_fallback,14.398,5.143,0.0,1,,364,2535,0.144,-33.33,3,0.0,-33.4,6.5,32.5,0.3019,0.4453,0.0643,0.0,0.06,0.47,0.4453,1
2026-08-28 21:11:26,step_run5,1.082,39.96,55.17,delta,16.507,5.143,0.0,1,,712,2287,0.1761,-33.67,3,-0.33,-33.47,6.5,32.5,0.2664,0.5021,0.0643,0.0,0.0688,0.5653,0.5021,2
2026-08-28 21:11:27,step_run5,1.017,44.56,51.72,instantaneous_fallback,23.536,3.772,0.0,1,,388,2593,0.1627,-34.0,3,-0.33,-33.53,6.5,6.5,0.2971,0.4453,0.0471,0.0,0.0981,0.5317,0.4453,1
2026-08-28 21:11:28,step_run5,1.024,44.61,55.17,instantaneous_fallback,23.536,3.772,0.0,1,,592,2524,0.1698,-34.33,3,-0.33,-33.73,6.5,6.5,0.2974,0.5021,0.0471,0.0,0.0981,0.5495,0.5021,2
2026-08-28 21:11:29,step_run5,1.018,43.88,50.0,instantaneous_fallback,8.635,2.654,0.0,1,,576,2449,0.1752,-34.0,3,0.33,-33.87,6.5,39.4,0.2925,0.4167,0.0332,0.0,0.036,0.563,0.4167,1
2026-08-28 21:11:30,step_run5,1.19,34.81,50.0,instantaneous_fallback,8.635,2.654,0.0,1,,432,2326,0.1815,-33.33,3,0.67,-33.87,6.5,6.5,0.2321,0.4167,0.0332,0.0,0.036,0.5787,0.4167,1
2026-08-28 21:11:31,step_run5,1.047,45.67,50.0,instantaneous_fallback,66.516,4.552,0.0,1,,976,2619,0.1915,-33.33,3,0.0,-33.8,6.5,6.5,0.3045,0.4167,0.0569,0.0,0.2772,0.6038,0.4167,1
2026-08-28 21:11:32,step_run5,1.018,40.16,50.0,instantaneous_fallback,66.516,4.552,0.0,1,,1032,2282,0.2282,-33.33,3,0.0,-33.67,6.5,6.5,0.2677,0.4167,0.0569,0.0,0.2772,0.6955,0.4167,1
2026-08-28 21:11:33,step_run5,1.069,45.43,53.33,instantaneous_fallback,37.536,2.68,0.0,1,,408,2638,0.2176,-33.67,3,-0.33,-33.53,6.5,6.5,0.3029,0.4722,0.0335,0.0,0.1564,0.669,0.4722,1
2026-08-28 21:11:34,step_run5,1.067,43.02,56.67,instantaneous_fallback,37.536,2.68,0.0,1,,484,2556,0.2115,-33.67,3,0.0,-33.47,6.5,6.5,0.2868,0.5209,0.0335,0.0,0.1564,0.6537,0.5209,2
2026-08-28 21:11:36,step_run5,1.036,32.14,53.33,instantaneous_fallback,37.536,6.018,0.0,1,,692,1735,0.2329,-33.33,3,0.33,-33.47,6.5,6.5,0.2143,0.4722,0.0752,0.0,0.1564,0.7072,0.4722,1
2026-08-28 21:11:37,step_run5,1.021,45.33,56.67,instantaneous_fallback,34.076,6.018,0.0,1,,1014,2713,0.2334,-34.33,3,-1.0,-33.67,6.5,39.4,0.3022,0.5209,0.0752,0.0,0.142,0.7085,0.5209,2
2026-08-28 21:11:38,step_run5,1.014,52.32,58.62,instantaneous_fallback,13.512,4.291,0.0,1,,664,2732,0.2086,-33.0,3,1.33,-33.6,6.5,6.5,0.3488,0.5453,0.0536,0.0,0.0563,0.6465,0.5453,2
2026-08-28 21:11:39,step_run5,1.103,43.61,58.62,instantaneous_fallback,34.076,4.291,0.0,1,,790,2841,0.2246,-33.33,3,-0.33,-33.53,6.5,39.4,0.2907,0.5453,0.0536,0.0,0.142,0.6865,0.5453,2
2026-08-28 21:11:40,step_run5,1.02,39.1,58.62,instantaneous_fallback,29.783,4.87,0.0,1,,614,2224,0.2356,-33.0,3,0.33,-33.4,6.5,32.5,0.2607,0.5453,0.0609,0.0,0.1241,0.714,0.5453,2
2026-08-28 21:11:41,step_run5,1.028,41.97,58.62,instantaneous_fallback,29.783,4.87,0.0,1,,1476,2356,0.2616,-33.33,3,-0.33,-33.4,6.5,32.5,0.2798,0.5453,0.0609,0.0,0.1241,0.7693,0.5453,2
2026-08-28 21:11:42,step_run5,1.046,31.34,60.0,delta,28.262,5.82,0.0,1,,660,1886,0.2588,-33.33,3,0.0,-33.2,6.5,39.4,0.2089,0.5625,0.0728,0.0,0.1178,0.7647,0.5625,2
2026-08-28 21:11:43,step_run5,1.133,27.22,60.0,instantaneous_fallback,28.262,5.82,0.0,1,,834,1743,0.2836,-33.33,3,0.0,-33.27,6.5,6.5,0.1815,0.5625,0.0728,0.0,0.1178,0.806,0.5625,2
2026-08-28 21:11:44,step_run5,1.029,46.64,66.67,instantaneous_fallback,77.265,6.71,0.0,1,,884,2478,0.2948,-33.0,3,0.33,-33.2,6.5,6.5,0.3109,0.6459,0.0839,0.0,0.3219,0.8247,0.6459,2
2026-08-28 21:11:45,step_run5,1.013,58.46,60.0,instantaneous_fallback,77.265,6.71,0.0,1,,1102,3366,0.2953,-33.0,3,0.0,-33.2,6.5,45.7,0.3897,0.5625,0.0839,0.0,0.3219,0.8255,0.5625,2
2026-08-28 21:11:46,step_run5,1.027,55.47,66.67,delta,8.563,3.432,0.0,1,,828,3114,0.255,-33.33,3,-0.33,-33.2,6.5,32.5,0.3698,0.6459,0.0429,0.0,0.0357,0.7583,0.6459,2
2026-08-28 21:11:47,step_run5,1.014,45.54,58.62,instantaneous_fallback,5.975,3.432,0.0,1,,888,2532,0.2553,-33.0,3,0.33,-33.13,6.5,6.5,0.3036,0.5453,0.0429,0.0,0.0249,0.7588,0.5453,2
2026-08-28 21:11:48,step_run5,1.032,45.14,48.28,instantaneous_fallback,8.563,3.309,0.0,1,,848,2624,0.2438,-33.0,3,0.0,-33.07,6.5,6.5,0.3009,0.388,0.0414,0.0,0.0357,0.7345,0.388,1
2026-08-28 21:11:49,step_run5,1.095,20.21,48.28,instantaneous_fallback,11.984,3.309,0.0,1,,172,1235,0.2297,-33.0,3,0.0,-33.07,6.5,29.2,0.1347,0.388,0.0414,0.0,0.0499,0.6992,0.388,1
2026-08-28 21:11:50,step_run5,1.018,51.63,48.28,delta,64.986,6.204,0.0,1,,1094,2859,0.2365,-33.0,3,0.0,-33.07,6.5,29.2,0.3442,0.388,0.0775,0.0,0.2708,0.7162,0.388,1
2026-08-28 21:11:51,step_run5,1.022,31.76,60.0,instantaneous_fallback,64.986,6.204,0.0,1,,592,1896,0.2438,-33.33,3,-0.33,-33.07,6.5,39.0,0.2117,0.5625,0.0775,0.0,0.2708,0.7345,0.5625,2
2026-08-28 21:11:52,step_run5,1.021,49.85,63.33,instantaneous_fallback,8.924,5.711,0.0,1,,1236,2747,0.2576,-33.33,3,0.0,-33.13,6.5,32.5,0.3323,0.6041,0.0714,0.0,0.0372,0.7627,0.6041,2
2026-08-28 21:11:53,step_run5,1.029,38.67,60.0,instantaneous_fallback,8.924,5.711,0.0,1,,698,2210,0.2573,-33.0,3,0.33,-33.13,6.5,6.5,0.2578,0.5625,0.0714,0.0,0.0372,0.7622,0.5625,2
2026-08-28 21:11:54,step_run5,1.035,49.16,53.33,instantaneous_fallback,10.434,6.101,0.0,1,,1312,2818,0.2824,-33.33,3,-0.33,-33.2,6.5,32.5,0.3277,0.4722,0.0763,0.0,0.0435,0.804,0.4722,1
2026-08-28 21:11:55,step_run5,1.017,39.03,53.33,instantaneous_fallback,18.382,6.101,0.0,1,,994,2247,0.2885,-33.33,3,0.0,-33.27,6.5,6.5,0.2602,0.4722,0.0763,0.0,0.0766,0.8142,0.4722,1
2026-08-28 21:11:56,step_run5,1.043,41.3,63.33,instantaneous_fallback,18.382,6.101,0.0,1,,1068,2355,0.3001,-33.0,3,0.33,-33.2,6.5,6.5,0.2753,0.6041,0.0763,0.0,0.0766,0.8335,0.6041,2
2026-08-28 21:11:57,step_run5,1.88,16.39,63.33,instantaneous_fallback,35.248,6.577,0.532,1,,478,1793,0.2849,-33.67,3,-0.67,-33.27,6.5,39.4,0.1093,0.6041,0.0822,0.266,0.1469,0.8082,0.6041,2
2026-08-28 21:11:59,step_run5,2.041,32.11,63.33,instantaneous_fallback,345.724,9.634,6.649,1,,808,2326,0.2877,-32.33,3,1.33,-33.13,6.5,45.7,0.2141,0.6041,0.1204,0.8325,0.7729,0.8128,0.8325,3
2026-08-28 21:12:01,step_run5,2.016,22.76,66.67,instantaneous_fallback,445.848,9.634,6.649,1,,0,1486,0.247,-33.33,3,-1.0,-33.13,6.5,32.5,0.1517,0.6459,0.1204,0.8325,0.8229,0.7425,0.8325,3
2026-08-28 21:12:03,step_run5,2.016,25.65,66.67,delta,345.724,9.634,6.649,1,,2,1227,0.2041,-33.33,3,0.0,-33.13,6.5,32.5,0.171,0.6459,0.1204,0.8325,0.7729,0.6352,0.8325,3
2026-08-28 21:12:05,step_run5,1.035,58.44,63.33,instantaneous_fallback,24.175,5.569,0.0,1,,424,3842,0.1382,-34.0,3,-0.67,-33.33,6.5,26.7,0.3896,0.6041,0.0696,0.0,0.1007,0.441,0.6041,2
2026-08-28 21:12:06,step_run5,1.021,62.32,63.33,instantaneous_fallback,21.398,5.569,0.0,1,,572,3414,0.1281,-34.0,3,0.0,-33.4,6.5,29.2,0.4155,0.6041,0.0696,0.0,0.0892,0.3905,0.6041,2
2026-08-28 21:12:07,step_run5,1.029,62.95,63.33,instantaneous_fallback,21.398,3.083,0.0,1,,1048,3421,0.1325,-33.67,3,0.33,-33.67,6.5,6.5,0.4197,0.6041,0.0385,0.0,0.0892,0.4125,0.6041,2
2026-08-28 21:12:08,step_run5,1.023,66.67,48.28,delta,9.645,3.083,0.0,1,,1304,3737,0.1764,-34.0,3,-0.33,-33.8,6.5,6.5,0.4445,0.388,0.0385,0.0,0.0402,0.566,0.388,1
2026-08-28 21:12:09,step_run5,1.032,47.18,48.28,instantaneous_fallback,9.645,4.601,0.0,1,,470,2645,0.1829,-34.33,3,-0.33,-34.0,6.5,6.5,0.3145,0.388,0.0575,0.0,0.0402,0.5822,0.388,1
2026-08-28 21:12:10,step_run5,1.055,43.95,48.28,instantaneous_fallback,22.008,4.601,0.0,1,,1124,2471,0.2236,-34.67,3,-0.33,-34.13,6.5,6.5,0.293,0.388,0.0575,0.0,0.0917,0.684,0.388,1
2026-08-28 21:12:11,step_run5,1.016,40.48,58.62,instantaneous_fallback,25.862,6.892,0.0,1,,1296,2358,0.2638,-34.67,3,0.0,-34.27,6.5,6.5,0.2699,0.5453,0.0862,0.0,0.1078,0.773,0.5453,2
2026-08-28 21:12:12,step_run5,1.096,21.03,68.97,delta,41.987,6.892,0.0,1,,604,1386,0.2758,-34.0,3,0.67,-34.33,6.5,6.5,0.1402,0.6746,0.0862,0.0,0.1749,0.793,0.6746,2
2026-08-28 21:12:14,step_run5,1.067,24.23,70.0,instantaneous_fallback,41.987,6.359,0.0,1,,680,1423,0.2887,-35.33,3,-1.33,-34.6,6.5,29.2,0.1615,0.6875,0.0795,0.0,0.1749,0.8145,0.6875,2
2026-08-28 21:12:15,step_run5,1.03,45.68,70.0,instantaneous_fallback,41.522,6.359,0.0,1,,1252,2658,0.3249,-36.0,3,-0.67,-34.93,6.5,6.5,0.3045,0.6875,0.0795,0.0,0.173,0.8748,0.6875,2
2026-08-28 21:12:16,step_run5,1.021,47.72,66.67,instantaneous_fallback,39.39,6.359,0.0,1,,1480,2483,0.3401,-36.0,3,0.0,-35.2,6.5,14.1,0.3181,0.6459,0.0795,0.0,0.1641,0.9002,0.6459,2
2026-08-28 21:12:17,step_run5,1.025,24.22,60.0,instantaneous_fallback,25.144,6.359,0.0,1,,522,1256,0.3302,-35.67,3,0.33,-35.4,6.5,14.1,0.1615,0.5625,0.0795,0.0,0.1048,0.8837,0.5625,2
2026-08-28 21:12:18,step_run5,1.025,43.86,60.0,instantaneous_fallback,21.668,6.162,0.0,1,,678,2411,0.3107,-35.67,3,0.0,-35.73,6.5,14.1,0.2924,0.5625,0.077,0.0,0.0903,0.8512,0.5625,2
2026-08-28 21:12:19,step_run5,1.059,36.42,60.0,instantaneous_fallback,21.668,6.162,0.0,1,,1046,2165,0.3121,-36.67,3,-1.0,-36.0,6.5,14.1,0.2428,0.5625,0.077,0.0,0.0903,0.8535,0.5625,2
2026-08-28 21:12:20,step_run5,1.133,46.8,60.0,instantaneous_fallback,34.613,4.993,0.0,1,,1376,2851,0.3136,-35.33,3,1.33,-35.87,6.5,14.1,0.312,0.5625,0.0624,0.0,0.1442,0.856,0.5625,2
2026-08-28 21:12:21,step_run5,1.027,38.96,66.67,instantaneous_fallback,34.613,4.993,0.0,1,,480,2271,0.2724,-34.67,3,0.67,-35.6,6.5,14.1,0.2597,0.6459,0.0624,0.0,0.1442,0.7873,0.6459,2
2026-08-28 21:12:22,step_run5,1.032,28.74,66.67,instantaneous_fallback,20.595,4.993,0.0,1,,880,1668,0.2818,-34.67,3,0.0,-35.4,6.5,16.2,0.1916,0.6459,0.0624,0.0,0.0858,0.803,0.6459,2
2026-08-28 21:12:23,step_run5,1.057,20.75,70.0,instantaneous_fallback,20.595,5.069,0.0,1,,582,1318,0.2981,-35.0,3,-0.33,-35.27,6.5,16.2,0.1383,0.6875,0.0634,0.0,0.0858,0.8302,0.6875,2
2026-08-28 21:12:24,step_run5,1.028,48.2,70.0,instantaneous_fallback,31.99,5.069,0.0,1,,1128,2718,0.2911,-35.67,3,-0.67,-35.07,6.5,16.2,0.3213,0.6875,0.0634,0.0,0.1333,0.8185,0.6875,2
2026-08-28 21:12:25,step_run5,1.047,80.6,63.33,instantaneous_fallback,37.436,5.294,0.0,1,,1980,4374,0.2902,-35.33,3,0.33,-35.07,6.5,16.2,0.5373,0.6041,0.0662,0.0,0.156,0.817,0.6041,2
2026-08-28 21:12:26,step_run5,1.026,50.84,58.62,instantaneous_fallback,37.561,5.294,0.0,1,,1094,2949,0.303,-35.33,3,0.0,-35.2,6.5,6.5,0.3389,0.5453,0.0662,0.0,0.1565,0.8383,0.5453,2
2026-08-28 21:12:27,step_run5,1.069,63.06,53.33,instantaneous_fallback,37.436,8.368,0.0,1,,1252,3623,0.2872,-35.33,3,0.0,-35.33,6.5,16.2,0.4204,0.4722,0.1046,0.0,0.156,0.812,0.4722,1
2026-08-28 21:12:28,step_run5,1.048,59.86,56.67,instantaneous_fallback,36.889,8.368,0.0,1,,1714,3347,0.2965,-35.67,3,-0.33,-35.47,6.5,16.2,0.3991,0.5209,0.1046,0.0,0.1537,0.8275,0.5209,2
2026-08-28 21:12:29,step_run5,1.103,61.61,56.67,instantaneous_fallback,36.889,6.068,0.0,1,,1260,3628,0.2894,-35.0,3,0.67,-35.33,6.5,29.2,0.4107,0.5209,0.0759,0.0,0.1537,0.8157,0.5209,2
2026-08-28 21:12:30,step_run5,1.019,42.27,60.0,instantaneous_fallback,26.471,6.068,0.0,1,,1036,2443,0.2844,-35.0,3,0.0,-35.27,6.5,16.2,0.2818,0.5625,0.0759,0.0,0.1103,0.8073,0.5625,2
2026-08-28 21:12:31,step_run5,1.071,63.72,60.0,instantaneous_fallback,33.722,5.283,3.723,1,,1490,3652,0.288,-35.33,3,-0.33,-35.27,6.5,6.5,0.4248,0.5625,0.066,0.6702,0.1405,0.8133,0.6702,2
2026-08-28 21:12:32,step_run5,1.075,41.6,62.07,instantaneous_fallback,33.722,5.283,3.723,1,,1042,2433,0.2968,-35.67,3,-0.33,-35.33,6.5,6.5,0.2773,0.5884,0.066,0.6702,0.1405,0.828,0.6702,2
2026-08-28 21:12:34,step_run5,1.079,47.63,60.0,delta,44.945,6.331,0.0,1,,946,2813,0.2784,-35.33,3,0.33,-35.27,6.5,6.5,0.3175,0.5625,0.0791,0.0,0.1873,0.7973,0.5625,2
2026-08-28 21:12:35,step_run5,1.016,35.62,62.07,instantaneous_fallback,44.945,6.331,0.0,1,,686,2033,0.28,-35.0,3,0.33,-35.27,6.5,6.5,0.2375,0.5884,0.0791,0.0,0.1873,0.8,0.5884,2
2026-08-28 21:12:36,step_run5,1.069,25.48,63.33,instantaneous_fallback,42.111,4.379,0.0,1,,796,1579,0.2839,-35.0,3,0.0,-35.27,6.5,6.5,0.1699,0.6041,0.0547,0.0,0.1755,0.8065,0.6041,2
2026-08-28 21:12:37,step_run5,1.05,21.19,63.33,instantaneous_fallback,29.743,4.379,0.0,1,,474,1293,0.2798,-35.0,3,0.0,-35.2,6.5,16.2,0.1413,0.6041,0.0547,0.0,0.1239,0.7997,0.6041,2
2026-08-28 21:12:38,step_run5,1.048,40.85,63.33,instantaneous_fallback,29.743,7.224,0.0,1,,1082,2396,0.2826,-35.67,3,-0.67,-35.2,6.5,35.8,0.2723,0.6041,0.0903,0.0,0.1239,0.8043,0.6041,2
2026-08-28 21:12:39,step_run5,2.011,28.0,63.33,instantaneous_fallback,24.251,10.159,11.17,1,,886,3011,0.2756,-35.0,3,0.67,-35.13,6.5,41.2,0.1867,0.6041,0.127,1.0,0.101,0.7927,1.0,3
2026-08-28 21:12:41,step_run5,1.074,118.81,60.0,instantaneous_fallback,48.119,10.159,11.17,1,,2294,6320,0.2748,-35.33,3,-0.33,-35.2,6.5,35.8,0.7921,0.5625,0.127,1.0,0.2005,0.7913,1.0,3
2026-08-28 21:12:42,step_run5,1.071,49.27,60.0,instantaneous_fallback,34.262,6.415,0.0,1,,562,2863,0.2501,-35.33,3,0.0,-35.27,6.5,6.5,0.3285,0.5625,0.0802,0.0,0.1428,0.7502,0.5625,2
2026-08-28 21:12:43,step_run5,1.109,34.6,63.33,instantaneous_fallback,48.119,6.415,0.0,1,,1364,2142,0.27,-35.33,3,0.0,-35.33,6.5,35.8,0.2307,0.6041,0.0802,0.0,0.2005,0.7833,0.6041,2
2026-08-28 21:12:44,step_run5,1.044,51.97,63.33,delta,43.918,5.977,0.0,1,,1396,2864,0.2743,-35.67,3,-0.33,-35.33,6.5,35.8,0.3465,0.6041,0.0747,0.0,0.183,0.7905,0.6041,2
2026-08-28 21:12:45,step_run5,1.055,56.0,62.07,instantaneous_fallback,44.079,5.977,0.0,1,,1514,3278,0.2899,-35.67,3,0.0,-35.47,6.5,35.8,0.3733,0.5884,0.0747,0.0,0.1837,0.8165,0.5884,2
2026-08-28 21:12:46,step_run5,1.065,44.16,0.0,delta,43.918,4.725,0.0,1,,1276,2500,0.3093,-35.33,3,0.33,-35.47,6.5,35.8,0.2944,0.0,0.0591,0.0,0.183,0.8488,0.183,0
2026-08-28 21:12:47,step_run5,1.065,48.8,56.67,instantaneous_fallback,44.079,4.725,0.0,1,,1174,2877,0.3299,-35.33,3,0.0,-35.47,6.5,35.8,0.3253,0.5209,0.0591,0.0,0.1837,0.8832,0.5209,2
2026-08-28 21:12:48,step_run5,1.064,75.51,50.0,instantaneous_fallback,42.544,6.948,0.0,1,,1504,4248,0.3033,-35.33,3,0.0,-35.47,6.5,35.8,0.5034,0.4167,0.0869,0.0,0.1773,0.8388,0.4167,1
2026-08-28 21:12:49,step_run5,1.021,56.34,56.67,instantaneous_fallback,31.041,6.948,0.0,1,,1436,3119,0.3011,-35.33,3,0.0,-35.4,6.5,6.5,0.3756,0.5209,0.0869,0.0,0.1293,0.8352,0.5209,2
2026-08-28 21:12:50,step_run5,1.145,48.26,60.0,instantaneous_fallback,31.041,6.948,0.0,1,,1334,3062,0.2984,-35.67,3,-0.33,-35.4,6.5,35.8,0.3217,0.5625,0.0869,0.0,0.1293,0.8307,0.5625,2
2026-08-28 21:12:52,step_run5,1.064,66.1,60.0,instantaneous_fallback,84.722,6.168,0.0,1,,2096,3800,0.306,-34.67,3,1.0,-35.27,6.5,6.5,0.4407,0.5625,0.0771,0.0,0.353,0.8433,0.5625,2
2026-08-28 21:12:53,step_run5,1.015,73.26,56.67,instantaneous_fallback,84.722,6.168,0.0,1,,2312,3600,0.3275,-35.67,3,-1.0,-35.33,6.5,6.5,0.4884,0.5209,0.0771,0.0,0.353,0.8792,0.5209,2
2026-08-28 21:12:54,step_run5,1.044,53.21,53.33,instantaneous_fallback,32.478,6.168,0.0,1,,988,3231,0.3269,-34.5,2,1.17,-35.17,6.5,6.5,0.3547,0.4722,0.0771,0.0,0.1353,0.8782,0.4722,1
2026-08-28 21:12:55,step_run5,1.083,39.59,53.33,instantaneous_fallback,32.478,6.168,0.0,1,,1069,2193,0.3293,-34.0,2,0.5,-34.9,6.5,6.5,0.2639,0.4722,0.0771,0.0,0.1353,0.8822,0.4722,1
2026-08-28 21:12:56,step_run5,1.083,63.05,53.33,instantaneous_fallback,50.474,4.822,0.0,1,,1966,3540,0.34,-34.0,2,0.0,-34.57,6.5,6.5,0.4203,0.4722,0.0603,0.0,0.2103,0.9,0.4722,1
2026-08-28 21:12:57,step_run5,1.043,53.51,53.33,instantaneous_fallback,50.474,4.822,0.0,1,,1778,3138,0.3407,-34.0,2,0.0,-34.43,6.5,6.5,0.3567,0.4722,0.0603,0.0,0.2103,0.9012,0.4722,1
2026-08-28 21:12:58,step_run5,1.057,55.22,48.28,delta,34.225,4.822,0.0,1,,804,3019,0.304,-34.5,2,-0.5,-34.2,6.5,17.7,0.3681,0.388,0.0603,0.0,0.1426,0.84,0.388,1
2026-08-28 21:12:59,step_run5,1.039,45.1,48.28,instantaneous_fallback,25.533,4.822,0.0,1,,1102,2414,0.3196,-33.5,2,1.0,-34.0,6.5,17.7,0.3007,0.388,0.0603,0.0,0.1064,0.866,0.388,1
2026-08-28 21:13:00,step_run5,1.027,43.06,53.33,instantaneous_fallback,25.533,5.344,0.0,1,,900,2456,0.3102,-33.5,2,0.0,-33.9,6.5,6.5,0.2871,0.4722,0.0668,0.0,0.1064,0.8503,0.4722,1
2026-08-28 21:13:01,step_run5,1.031,39.21,65.52,delta,23.786,5.344,0.0,1,,856,2253,0.2906,-33.5,2,0.0,-33.8,6.5,6.5,0.2614,0.6315,0.0668,0.0,0.0991,0.8177,0.6315,2
2026-08-28 21:13:02,step_run5,1.022,34.84,65.52,instantaneous_fallback,23.733,5.389,0.0,1,,1204,1968,0.2866,-33.5,2,0.0,-33.7,6.5,6.5,0.2323,0.6315,0.0674,0.0,0.0989,0.811,0.6315,2
2026-08-28 21:13:03,step_run5,1.043,44.04,65.52,delta,23.733,5.389,0.0,1,,850,2539,0.2969,-33.5,2,0.0,-33.5,6.5,6.5,0.2936,0.6315,0.0674,0.0,0.0989,0.8282,0.6315,2
2026-08-28 21:13:04,step_run5,1.036,11.59,65.52,instantaneous_fallback,23.733,3.615,0.0,1,,468,820,0.2989,-33.5,2,0.0,-33.5,6.5,17.7,0.0773,0.6315,0.0452,0.0,0.0989,0.8315,0.6315,2
2026-08-28 21:13:05,step_run5,1.046,2.01,66.67,instantaneous_fallback,21.854,3.615,0.0,1,,92,211,0.3081,-33.5,2,0.0,-33.5,6.5,17.7,0.0134,0.6459,0.0452,0.0,0.0911,0.8468,0.6459,2
2026-08-28 21:13:06,step_run5,1.037,33.63,66.67,instantaneous_fallback,21.854,5.072,0.0,1,,626,1900,0.3034,-34.5,2,-1.0,-33.7,6.5,6.5,0.2242,0.6459,0.0634,0.0,0.0911,0.839,0.6459,2
2026-08-28 21:13:07,step_run5,1.094,31.02,63.33,instantaneous_fallback,45.826,5.072,0.0,1,,770,1977,0.2737,-35.0,2,-0.5,-34.0,6.5,6.5,0.2068,0.6041,0.0634,0.0,0.1909,0.7895,0.6041,2
2026-08-28 21:13:08,step_run5,1.119,58.97,53.33,instantaneous_fallback,60.948,5.072,0.0,1,,944,3481,0.2569,-35.0,2,0.0,-34.3,6.5,6.5,0.3931,0.4722,0.0634,0.0,0.254,0.7615,0.4722,1
2026-08-28 21:13:09,step_run5,2.034,62.79,50.0,instantaneous_fallback,60.948,7.57,0.0,1,,2602,6158,0.2683,-34.5,2,0.5,-34.5,6.5,6.5,0.4186,0.4167,0.0946,0.0,0.254,0.7805,0.4167,1
2026-08-28 21:13:11,step_run5,1.154,111.4,50.0,instantaneous_fallback,78.563,7.57,0.0,1,,1694,6941,0.2449,-35.5,2,-1.0,-34.9,6.5,6.5,0.7427,0.4167,0.0946,0.0,0.3273,0.7373,0.4167,1
2026-08-28 21:13:13,step_run5,1.046,113.51,50.0,instantaneous_fallback,51.286,7.57,0.0,1,,2766,5637,0.2662,-35.0,2,0.5,-35.0,6.5,6.5,0.7567,0.4167,0.0946,0.0,0.2137,0.777,0.4167,1
2026-08-28 21:13:14,step_run5,1.126,63.98,50.0,instantaneous_fallback,65.587,7.57,0.0,1,,826,4389,0.2492,-34.5,2,0.5,-34.9,6.5,17.7,0.4265,0.4167,0.0946,0.0,0.2733,0.748,0.4167,1
2026-08-28 21:13:15,step_run5,1.017,65.74,53.33,instantaneous_fallback,65.587,6.177,0.266,1,,1534,3449,0.2618,-35.0,2,-0.5,-34.9,6.5,6.5,0.4383,0.4722,0.0772,0.133,0.2733,0.7697,0.4722,1
2026-08-28 21:13:16,step_run5,1.039,54.61,53.33,instantaneous_fallback,65.587,6.177,0.266,1,,1180,3187,0.2531,-35.0,2,0.0,-35.0,6.5,6.5,0.3641,0.4722,0.0772,0.133,0.2733,0.7552,0.4722,1
2026-08-28 21:13:17,step_run5,1.058,37.81,53.33,instantaneous_fallback,35.008,5.04,0.0,1,,484,2212,0.2646,-34.5,2,0.5,-34.8,6.5,6.5,0.2521,0.4722,0.063,0.0,0.1459,0.7743,0.4722,1
2026-08-28 21:13:18,step_run5,1.017,66.0,55.17,instantaneous_fallback,35.008,5.04,0.0,1,,1378,3560,0.2433,-35.0,2,-0.5,-34.8,6.5,6.5,0.44,0.5021,0.063,0.0,0.1459,0.7332,0.5021,2
2026-08-28 21:13:19,step_run5,1.046,35.18,55.17,instantaneous_fallback,35.008,5.453,0.0,1,,1144,1834,0.2865,-34.5,2,0.5,-34.8,6.5,6.5,0.2345,0.5021,0.0682,0.0,0.1459,0.8108,0.5021,2
2026-08-28 21:13:20,step_run5,1.025,53.68,55.17,delta,24.261,5.453,0.0,1,,1098,3169,0.2746,-34.0,2,0.5,-34.6,6.5,6.5,0.3579,0.5021,0.0682,0.0,0.1011,0.791,0.5021,2
2026-08-28 21:13:21,step_run5,1.031,40.67,60.0,instantaneous_fallback,23.185,6.885,0.0,1,,728,2293,0.2699,-35.0,2,-1.0,-34.6,6.5,6.5,0.2711,0.5625,0.0861,0.0,0.0966,0.7832,0.5625,2
2026-08-28 21:13:22,step_run5,1.038,39.09,65.52,instantaneous_fallback,16.268,6.885,0.0,1,,872,2307,0.284,-34.5,2,0.5,-34.6,6.5,6.5,0.2606,0.6315,0.0861,0.0,0.0678,0.8067,0.6315,2
2026-08-28 21:13:23,step_run5,1.013,39.15,60.0,delta,16.268,6.375,0.0,1,,984,2188,0.2904,-34.0,2,0.5,-34.4,6.5,6.5,0.261,0.5625,0.0797,0.0,0.0678,0.8173,0.5625,2
2026-08-28 21:13:24,step_run5,1.037,69.38,63.33,instantaneous_fallback,20.035,6.375,0.0,1,,1208,3542,0.2659,-34.5,2,-0.5,-34.4,6.5,6.5,0.4625,0.6041,0.0797,0.0,0.0835,0.7765,0.6041,2
2026-08-28 21:13:25,step_run5,1.015,67.94,50.0,instantaneous_fallback,20.035,5.071,0.0,1,,828,3934,0.2447,-35.0,2,-0.5,-34.6,6.5,6.5,0.4529,0.4167,0.0634,0.0,0.0835,0.7368,0.4167,1
2026-08-28 21:13:26,step_run5,1.031,39.88,50.0,instantaneous_fallback,10.816,5.071,0.0,1,,424,2302,0.2322,-34.5,2,0.5,-34.5,6.5,6.5,0.2659,0.4167,0.0634,0.0,0.0451,0.7055,0.4167,1
2026-08-28 21:13:27,step_run5,1.029,14.0,50.0,instantaneous_fallback,10.816,5.071,0.0,1,,100,919,0.2157,-34.5,2,0.0,-34.5,6.5,6.5,0.0933,0.4167,0.0634,0.0,0.0451,0.6643,0.4167,1
2026-08-28 21:13:28,step_run5,1.047,51.92,58.62,instantaneous_fallback,28.742,5.663,0.0,1,,842,2967,0.1993,-34.5,2,0.0,-34.6,6.5,6.5,0.3461,0.5453,0.0708,0.0,0.1198,0.6232,0.5453,2
2026-08-28 21:13:29,step_run5,1.015,57.96,58.62,delta,28.742,5.663,0.0,1,,458,3147,0.1666,-34.5,2,0.0,-34.6,6.5,17.7,0.3864,0.5453,0.0708,0.0,0.1198,0.5415,0.5453,2
2026-08-28 21:13:30,step_run5,1.029,22.25,70.0,instantaneous_fallback,34.392,4.932,0.0,1,,534,1327,0.1811,-33.5,2,1.0,-34.3,6.5,6.5,0.1483,0.6875,0.0617,0.0,0.1433,0.5777,0.6875,2
2026-08-28 21:13:31,step_run5,1.067,12.26,70.0,instantaneous_fallback,37.363,4.932,0.0,1,,198,896,0.1872,-33.5,2,0.0,-34.1,6.5,6.5,0.0817,0.6875,0.0617,0.0,0.1557,0.593,0.6875,2
2026-08-28 21:13:32,step_run5,1.025,6.47,70.0,instantaneous_fallback,37.363,4.51,0.0,1,,286,497,0.2079,-33.5,2,0.0,-33.9,6.5,6.5,0.0431,0.6875,0.0564,0.0,0.1557,0.6447,0.6875,2
2026-08-28 21:13:33,step_run5,1.013,14.07,73.33,instantaneous_fallback,10.463,4.51,0.0,1,,314,848,0.2105,-34.5,2,-1.0,-33.9,6.5,6.5,0.0938,0.7291,0.0564,0.0,0.0436,0.6512,0.7291,2
2026-08-28 21:13:34,step_run5,1.018,7.61,73.33,instantaneous_fallback,10.091,4.51,0.0,1,,150,406,0.2716,-34.5,2,0.0,-33.9,6.5,6.5,0.0507,0.7291,0.0564,0.0,0.042,0.786,0.7291,2
2026-08-28 21:13:35,step_run5,1.027,3.12,73.33,instantaneous_fallback,10.463,4.51,0.0,1,,44,299,0.2519,-34.0,2,0.5,-34.0,6.5,6.5,0.0208,0.7291,0.0564,0.0,0.0436,0.7532,0.7291,2
2026-08-28 21:13:36,step_run5,1.067,7.31,76.67,instantaneous_fallback,27.767,4.519,0.0,1,,136,499,0.2673,-34.5,2,-0.5,-34.2,6.5,6.5,0.0487,0.7778,0.0565,0.0,0.1157,0.7788,0.7778,3
2026-08-28 21:13:37,step_run5,1.086,60.49,76.67,instantaneous_fallback,29.201,4.519,0.0,1,,822,3554,0.2073,-34.5,2,0.0,-34.4,6.5,6.5,0.4033,0.7778,0.0565,0.0,0.1217,0.6432,0.7778,3
2026-08-28 21:13:39,step_run5,1.072,70.84,56.67,instantaneous_fallback,34.553,8.235,0.0,1,,752,4014,0.1783,-32.0,2,2.5,-33.9,6.5,6.5,0.4723,0.5209,0.1029,0.0,0.144,0.5707,0.5209,2
2026-08-28 21:13:40,step_run5,1.095,75.18,46.67,instantaneous_fallback,74.007,8.235,0.0,1,,1020,4255,0.1802,-33.0,2,-1.0,-33.6,6.5,6.5,0.5012,0.3612,0.1029,0.0,0.3084,0.5755,0.3612,1
2026-08-28 21:13:41,step_run5,1.038,77.06,53.33,instantaneous_fallback,34.553,8.235,0.0,1,,1024,4007,0.1869,-35.5,2,-2.5,-33.9,6.5,6.5,0.5137,0.4722,0.1029,0.0,0.144,0.5923,0.4722,1
2026-08-28 21:13:42,step_run5,1.017,74.9,50.0,instantaneous_fallback,33.937,8.235,0.0,1,,848,4123,0.1829,-35.0,2,0.5,-34.0,6.5,6.5,0.4993,0.4167,0.1029,0.0,0.1414,0.5822,0.4167,1
2026-08-28 21:13:43,step_run5,1.139,21.63,50.0,instantaneous_fallback,33.937,3.81,0.266,1,,364,1371,0.184,-35.0,2,0.0,-34.1,6.5,6.5,0.1442,0.4167,0.0476,0.133,0.1414,0.585,0.4167,1
2026-08-28 21:13:44,step_run5,1.047,83.6,50.0,instantaneous_fallback,75.991,3.81,0.266,1,,1412,4357,0.2049,-33.0,2,2.0,-34.3,6.5,6.5,0.5573,0.4167,0.0476,0.133,0.3166,0.6372,0.4167,1
2026-08-28 21:13:45,step_run5,1.042,67.19,56.67,instantaneous_fallback,84.173,3.81,0.266,1,,1056,3996,0.2085,-35.0,2,-2.0,-34.7,6.5,17.7,0.4479,0.5209,0.0476,0.133,0.3507,0.6462,0.5209,2
2026-08-28 21:13:46,step_run5,1.013,69.44,56.67,instantaneous_fallback,84.173,5.793,0.0,1,,1572,3786,0.2295,-33.0,2,2.0,-34.2,6.5,6.5,0.4629,0.5209,0.0724,0.0,0.3507,0.6987,0.5209,2
2026-08-28 21:13:47,step_run5,1.073,17.93,50.0,instantaneous_fallback,36.735,5.793,0.0,1,,268,1056,0.2429,-31.5,2,1.5,-33.5,6.5,6.5,0.1195,0.4167,0.0724,0.0,0.1531,0.7322,0.4167,1
2026-08-28 21:13:48,step_run5,1.087,60.53,50.0,delta,36.735,8.238,0.0,1,,1222,3547,0.2483,-33.5,2,-2.0,-33.2,6.5,6.5,0.4035,0.4167,0.103,0.0,0.1531,0.7457,0.4167,1
2026-08-28 21:13:49,step_run5,1.051,66.2,56.67,instantaneous_fallback,63.921,8.238,0.0,1,,1358,3600,0.2552,-34.5,2,-1.0,-33.5,6.5,6.5,0.4413,0.5209,0.103,0.0,0.2663,0.7587,0.5209,2
2026-08-28 21:13:50,step_run5,1.148,39.41,56.67,instantaneous_fallback,78.492,5.849,0.0,1,,1072,2602,0.2735,-34.5,2,0.0,-33.4,6.5,6.5,0.2627,0.5209,0.0731,0.0,0.3271,0.7892,0.5209,2
2026-08-28 21:13:51,step_run5,2.018,23.38,56.67,instantaneous_fallback,78.492,5.125,0.0,1,,734,2452,0.2598,-35.0,2,-0.5,-33.8,6.5,6.5,0.1559,0.5209,0.0641,0.0,0.3271,0.7663,0.5209,2
2026-08-28 21:13:53,step_run5,1.063,72.92,53.33,instantaneous_fallback,48.685,5.125,0.0,1,,1584,4428,0.2642,-35.5,2,-0.5,-34.6,6.5,6.5,0.4861,0.4722,0.0641,0.0,0.2029,0.7737,0.4722,1
2026-08-28 21:13:54,step_run5,1.017,66.52,60.0,instantaneous_fallback,28.176,5.117,0.0,1,,1292,3645,0.2653,-35.5,2,0.0,-35.0,6.5,6.5,0.4435,0.5625,0.064,0.0,0.1174,0.7755,0.5625,2
2026-08-28 21:13:55,step_run5,1.028,26.09,56.67,instantaneous_fallback,28.176,5.117,0.0,1,,326,1269,0.2581,-36.0,2,-0.5,-35.3,6.5,6.5,0.1739,0.5209,0.064,0.0,0.1174,0.7635,0.5209,2
2026-08-28 21:13:57,step_run5,1.092,55.5,56.67,instantaneous_fallback,28.176,6.849,0.0,1,,1134,3481,0.2492,-36.5,2,-0.5,-35.7,6.5,17.7,0.37,0.5209,0.0856,0.0,0.1174,0.748,0.5209,2
2026-08-28 21:13:58,step_run5,1.073,64.38,48.28,instantaneous_fallback,45.149,6.849,0.0,1,,1528,3606,0.263,-36.5,2,0.0,-36.0,6.5,17.7,0.4292,0.388,0.0856,0.0,0.1881,0.7717,0.388,1
2026-08-28 21:13:59,step_run5,2.01,38.21,48.28,instantaneous_fallback,45.149,6.476,9.574,1,,1800,4197,0.2729,-38.5,2,-2.0,-36.6,6.5,29.2,0.2547,0.388,0.0809,0.9787,0.1881,0.7882,0.9787,3
2026-08-28 21:14:01,step_run5,2.028,73.88,50.0,instantaneous_fallback,94.249,6.476,9.574,1,,4476,7054,0.3209,-38.5,2,0.0,-37.2,6.5,29.2,0.4925,0.4167,0.0809,0.9787,0.3927,0.8682,0.9787,3
2026-08-28 21:14:03,step_run5,1.075,133.28,50.0,instantaneous_fallback,66.384,6.476,9.574,1,,3609,7454,0.3273,-39.0,2,-0.5,-37.8,6.5,6.5,0.8885,0.4167,0.0809,0.9787,0.2766,0.8788,0.9787,3
2026-08-28 21:14:04,step_run5,1.138,49.63,56.67,instantaneous_fallback,69.349,6.476,9.574,1,,1062,2906,0.331,-38.5,2,0.5,-38.2,6.5,6.5,0.3309,0.5209,0.0809,0.9787,0.289,0.885,0.9787,3
2026-08-28 21:14:05,step_run5,1.09,45.44,62.07,delta,69.349,4.871,0.0,1,,1014,2690,0.3298,-38.5,2,0.0,-38.6,6.5,6.5,0.3029,0.5884,0.0609,0.0,0.289,0.883,0.5884,2
2026-08-28 21:14:06,step_run5,1.015,51.43,63.33,instantaneous_fallback,69.349,4.871,0.0,1,,1320,2916,0.3328,-38.5,2,0.0,-38.6,6.5,6.5,0.3429,0.6041,0.0609,0.0,0.289,0.888,0.6041,2
2026-08-28 21:14:07,step_run5,1.065,38.67,63.33,instantaneous_fallback,47.449,7.847,0.0,1,,826,2257,0.3006,-38.5,2,0.0,-38.6,6.5,6.5,0.2578,0.6041,0.0981,0.0,0.1977,0.8343,0.6041,2
2026-08-28 21:14:08,step_run5,1.065,40.24,56.67,instantaneous_fallback,40.195,7.847,0.0,1,,1086,2388,0.2875,-38.5,2,0.0,-38.5,6.5,6.5,0.2683,0.5209,0.0981,0.0,0.1675,0.8125,0.5209,2
2026-08-28 21:14:09,step_run5,1.074,35.22,56.67,instantaneous_fallback,40.195,5.566,0.0,1,,988,1984,0.2996,-38.5,2,0.0,-38.5,6.5,6.5,0.2348,0.5209,0.0696,0.0,0.1675,0.8327,0.5209,2
2026-08-28 21:14:10,step_run5,1.118,59.03,56.67,instantaneous_fallback,54.497,5.566,0.0,1,,1272,3581,0.295,-39.0,2,-0.5,-38.6,6.5,6.5,0.3935,0.5209,0.0696,0.0,0.2271,0.825,0.5209,2
2026-08-28 21:14:11,step_run5,2.015,38.53,58.62,instantaneous_fallback,72.481,10.694,0.0,1,,1946,3634,0.3065,-39.0,2,0.0,-38.7,6.5,6.5,0.2569,0.5453,0.1337,0.0,0.302,0.8442,0.5453,2
2026-08-28 21:14:13,step_run5,2.016,76.94,58.62,instantaneous_fallback,54.497,10.694,0.0,1,,5238,7857,0.3513,-39.0,2,0.0,-38.8,6.5,6.5,0.5129,0.5453,0.1337,0.0,0.2271,0.9188,0.5453,2
2026-08-28 21:14:15,step_run5,1.03,111.93,56.67,instantaneous_fallback,52.489,10.694,0.0,1,,2213,6513,0.3309,-38.67,3,0.33,-38.83,6.5,29.2,0.7462,0.5209,0.1337,0.0,0.2187,0.8848,0.5209,2
2026-08-28 21:14:16,step_run5,1.055,34.92,55.17,instantaneous_fallback,38.968,4.031,0.0,1,,1186,2116,0.3334,-39.0,3,-0.33,-38.93,6.5,24.9,0.2328,0.5021,0.0504,0.0,0.1624,0.889,0.5021,2
2026-08-28 21:14:17,step_run5,1.165,35.93,55.17,delta,38.968,4.031,0.0,1,,812,2208,0.3379,-38.67,3,0.33,-38.87,6.5,24.9,0.2395,0.5021,0.0504,0.0,0.1624,0.8965,0.5021,2
2026-08-28 21:14:19,step_run5,2.03,38.59,55.17,instantaneous_fallback,53.921,12.561,0.0,1,,1362,3792,0.3247,-38.67,3,0.0,-38.8,6.5,24.9,0.2573,0.5021,0.157,0.0,0.2247,0.8745,0.5021,2
2026-08-28 21:14:21,step_run5,1.081,137.05,51.72,instantaneous_fallback,53.921,12.561,0.0,1,,3220,8037,0.2795,-36.0,3,2.67,-38.2,6.5,24.9,0.9137,0.4453,0.157,0.0,0.2247,0.7992,0.4453,1
2026-08-28 21:14:22,step_run5,1.022,47.26,58.62,delta,41.611,6.148,0.0,1,,1950,2572,0.313,-35.67,3,0.33,-37.6,6.5,6.5,0.3151,0.5453,0.0769,0.0,0.1734,0.855,0.5453,2
2026-08-28 21:14:23,step_run5,1.064,30.54,62.07,instantaneous_fallback,37.912,6.148,0.0,1,,1680,1934,0.3273,-37.33,3,-1.67,-37.27,6.5,6.5,0.2036,0.5884,0.0769,0.0,0.158,0.8788,0.5884,2
2026-08-28 21:14:24,step_run5,1.104,26.18,100.0,delta,37.912,5.071,0.0,1,,976,1700,0.3375,-38.67,3,-1.33,-37.27,6.5,6.5,0.1745,1.0,0.0634,0.0,0.158,0.8958,1.0,3
2026-08-28 21:14:25,step_run5,1.026,38.76,66.67,instantaneous_fallback,62.937,5.071,0.0,1,,1640,2145,0.3661,-40.33,3,-1.67,-37.6,6.5,6.5,0.2584,0.6459,0.0634,0.0,0.2622,0.9435,0.6459,2
2026-08-28 21:14:26,step_run5,1.035,22.19,66.67,instantaneous_fallback,62.937,5.175,0.0,1,,874,1450,0.4208,-39.67,3,0.67,-38.33,6.5,33.9,0.1479,0.6459,0.0647,0.0,0.2622,1.0,0.6459,2
2026-08-28 21:14:27,step_run5,1.096,31.27,63.33,instantaneous_fallback,53.741,5.175,0.0,1,,1114,1930,0.4069,-40.33,3,-0.67,-39.27,6.5,33.9,0.2085,0.6041,0.0647,0.0,0.2239,1.0,0.6041,2
2026-08-28 21:14:28,step_run5,1.192,42.28,53.33,instantaneous_fallback,53.741,10.372,0.0,1,,1966,2747,0.3972,-40.67,3,-0.33,-39.93,6.5,33.9,0.2819,0.4722,0.1296,0.0,0.2239,0.9953,0.4722,1
2026-08-28 21:14:29,step_run5,2.035,30.24,53.33,instantaneous_fallback,53.741,10.372,0.0,1,,2302,2922,0.4136,-41.67,3,-1.0,-40.53,6.5,24.9,0.2016,0.4722,0.1296,0.0,0.2239,1.0,0.4722,1
2026-08-28 21:14:31,step_run5,1.033,113.52,60.0,instantaneous_fallback,46.692,10.372,0.0,1,,3494,6369,0.3874,-41.67,3,0.0,-40.8,6.5,33.9,0.7568,0.5625,0.1296,0.0,0.1946,0.979,0.5625,2
2026-08-28 21:14:32,step_run5,1.033,20.83,60.0,instantaneous_fallback,18.676,10.372,0.0,1,,1430,1277,0.4034,-41.33,3,0.33,-41.13,6.5,6.5,0.1389,0.5625,0.1296,0.0,0.0778,1.0,0.5625,2
2026-08-28 21:14:33,step_run5,1.047,4.1,62.07,instantaneous_fallback,18.676,5.527,0.0,1,,120,426,0.4039,-41.33,3,0.0,-41.33,6.5,24.9,0.0273,0.5884,0.0691,0.0,0.0778,1.0,0.5884,2
2026-08-28 21:14:34,step_run5,1.037,9.81,68.97,delta,20.436,5.527,0.0,1,,524,703,0.4022,-41.33,3,0.0,-41.47,6.5,6.5,0.0654,0.6746,0.0691,0.0,0.0852,1.0,0.6746,2
2026-08-28 21:14:35,step_run5,1.018,11.26,73.33,instantaneous_fallback,20.436,5.822,0.0,1,,608,782,0.3926,-42.0,3,-0.67,-41.53,6.5,24.9,0.0751,0.7291,0.0728,0.0,0.0852,0.9877,0.7291,2
2026-08-28 21:14:36,step_run5,1.106,11.73,73.33,instantaneous_fallback,30.45,5.822,0.0,1,,588,786,0.4514,-42.33,3,-0.33,-41.67,6.5,24.9,0.0782,0.7291,0.0728,0.0,0.1269,1.0,0.7291,2
2026-08-28 21:14:38,step_run5,1.035,48.22,66.67,instantaneous_fallback,43.839,7.618,0.0,1,,1952,2651,0.4149,-42.0,3,0.33,-41.8,6.5,24.9,0.3215,0.6459,0.0952,0.0,0.1827,1.0,0.6459,2
2026-08-28 21:14:39,step_run5,1.169,23.4,66.67,delta,54.248,7.618,0.0,1,,1062,1397,0.4283,-42.0,3,0.0,-41.93,6.5,6.5,0.156,0.6459,0.0952,0.0,0.226,1.0,0.6459,2
2026-08-28 21:14:40,step_run5,1.229,36.21,63.33,instantaneous_fallback,118.391,9.621,3.457,1,,4256,2658,0.5057,-41.67,3,0.33,-42.0,6.5,6.5,0.2414,0.6041,0.1203,0.6536,0.4933,1.0,0.6536,2
2026-08-28 21:14:41,step_run5,1.015,13.26,72.41,instantaneous_fallback,118.391,9.621,3.457,1,,694,695,0.5109,-40.67,3,1.0,-41.73,6.5,6.5,0.0884,0.7176,0.1203,0.6536,0.4933,1.0,0.7176,2
2026-08-28 21:14:42,step_run5,1.123,19.91,65.52,instantaneous_fallback,100.522,7.043,3.723,1,,3342,1478,0.5601,-40.67,3,0.0,-41.4,6.5,6.5,0.1327,0.6315,0.088,0.6702,0.4188,1.0,0.6702,2
2026-08-28 21:14:43,step_run5,1.104,12.18,72.41,delta,56.737,7.043,3.723,1,,978,885,0.5923,-40.67,3,0.0,-41.13,6.5,6.5,0.0812,0.7176,0.088,0.6702,0.2364,1.0,0.7176,2
2026-08-28 21:14:44,step_run5,1.033,9.6,73.33,instantaneous_fallback,56.737,6.918,0.0,1,,410,720,0.6006,-41.0,3,-0.33,-40.93,6.5,6.5,0.064,0.7291,0.0865,0.0,0.2364,1.0,0.7291,2
2026-08-28 21:14:45,step_run5,1.02,9.54,76.67,instantaneous_fallback,24.108,6.918,0.0,1,,334,714,0.5618,-41.0,3,0.0,-40.8,6.5,24.9,0.0636,0.7778,0.0865,0.0,0.1004,1.0,0.7778,3
2026-08-28 21:14:46,step_run5,1.014,12.77,73.33,instantaneous_fallback,22.039,4.736,0.0,1,,264,861,0.5335,-41.0,3,0.0,-40.87,6.5,33.9,0.0851,0.7291,0.0592,0.0,0.0918,1.0,0.7291,2
2026-08-28 21:14:47,step_run5,1.103,10.89,63.33,instantaneous_fallback,24.108,4.736,0.0,1,,154,825,0.3483,-41.0,3,0.0,-40.93,6.5,6.5,0.0726,0.6041,0.0592,0.0,0.1004,0.9138,0.6041,2
2026-08-28 21:14:48,step_run5,1.018,53.72,56.67,instantaneous_fallback,36.758,7.38,0.0,1,,1338,2880,0.2941,-41.33,3,-0.33,-41.07,6.5,32.1,0.3581,0.5209,0.0922,0.0,0.1532,0.8235,0.5209,2
2026-08-28 21:14:49,step_run5,1.126,36.11,50.0,instantaneous_fallback,48.315,7.38,0.0,1,,1840,2362,0.3396,-41.0,3,0.33,-41.07,6.5,32.1,0.2407,0.4167,0.0922,0.0,0.2013,0.8993,0.4167,1
2026-08-28 21:14:51,step_run5,1.147,26.18,50.0,instantaneous_fallback,64.216,6.692,0.0,1,,928,1736,0.343,-41.0,3,0.0,-41.07,6.5,32.1,0.1745,0.4167,0.0837,0.0,0.2676,0.905,0.4167,1
2026-08-28 21:14:52,step_run5,2.023,29.86,63.33,instantaneous_fallback,64.216,6.692,0.0,1,,2390,3187,0.377,-41.33,3,-0.33,-41.13,6.5,43.1,0.1991,0.6041,0.0837,0.0,0.2676,0.9617,0.6041,2
2026-08-28 21:14:54,step_run5,1.015,52.87,63.33,instantaneous_fallback,2.457,6.692,0.0,1,,1686,2556,0.3914,-41.33,3,0.0,-41.2,6.5,45.5,0.3525,0.6041,0.0837,0.0,0.0102,0.9857,0.6041,2
2026-08-28 21:14:55,step_run5,1.014,1.83,30.0,instantaneous_fallback,2.411,1.834,0.0,1,,6,358,0.4018,-41.0,3,0.33,-41.13,6.5,6.5,0.0122,0.1875,0.0229,0.0,0.01,1.0,0.1875,0
2026-08-28 21:14:56,step_run5,1.014,0.45,20.0,instantaneous_fallback,2.372,1.834,0.0,1,,8,234,0.3834,-41.0,3,0.0,-41.13,6.5,6.5,0.003,0.125,0.0229,0.0,0.0099,0.9723,0.125,0
2026-08-28 21:14:57,step_run5,1.014,0.43,20.0,instantaneous_fallback,2.31,1.583,0.0,1,,50,220,0.3871,-41.0,3,0.0,-41.13,6.5,6.5,0.0029,0.125,0.0198,0.0,0.0096,0.9785,0.125,0
2026-08-28 21:14:58,step_run5,1.02,0.54,20.0,instantaneous_fallback,2.31,1.583,0.0,1,,16,251,0.3279,-41.0,3,0.0,-41.07,6.5,35.8,0.0036,0.125,0.0198,0.0,0.0096,0.8798,0.125,0
2026-08-28 21:14:59,step_run5,1.02,0.39,20.0,instantaneous_fallback,5.828,1.325,0.0,1,,6,211,0.0632,-41.33,3,-0.33,-41.07,6.5,6.5,0.0026,0.125,0.0166,0.0,0.0243,0.158,0.125,0
2026-08-28 21:15:00,step_run5,1.016,1.01,20.0,instantaneous_fallback,6.15,1.325,0.0,1,,6,254,0.0685,-41.33,3,0.0,-41.13,6.5,6.5,0.0067,0.125,0.0166,0.0,0.0256,0.1713,0.125,0
2026-08-28 21:15:01,step_run5,1.017,0.19,20.0,instantaneous_fallback,5.828,2.144,0.0,1,,2,111,0.071,-41.33,3,0.0,-41.2,6.5,6.5,0.0013,0.125,0.0268,0.0,0.0243,0.1775,0.125,0
2026-08-28 21:15:02,step_run5,1.044,0.39,16.67,instantaneous_fallback,7.739,2.144,0.0,1,,4,221,0.0314,-41.33,3,0.0,-41.27,6.5,6.5,0.0026,0.1042,0.0268,0.0,0.0322,0.0785,0.1042,0
2026-08-28 21:15:03,step_run5,1.01,1.37,20.0,instantaneous_fallback,9.733,1.208,0.0,1,,18,283,0.0323,-41.33,3,0.0,-41.33,6.5,6.5,0.0091,0.125,0.0151,0.0,0.0406,0.0808,0.125,0
2026-08-28 21:15:04,step_run5,1.009,2.99,16.67,delta,9.733,1.208,0.0,1,,2,385,0.0249,-42.0,3,-0.67,-41.47,6.5,6.5,0.0199,0.1042,0.0151,0.0,0.0406,0.0622,0.1042,0
2026-08-28 21:15:05,step_run5,1.009,0.43,16.67,instantaneous_fallback,3.243,2.458,0.0,1,,6,235,0.0253,-42.0,3,0.0,-41.6,6.5,6.5,0.0029,0.1042,0.0307,0.0,0.0135,0.0633,0.1042,0
2026-08-28 21:15:06,step_run5,1.009,1.68,16.67,instantaneous_fallback,2.137,2.458,0.0,1,,8,285,0.0263,-41.67,3,0.33,-41.67,6.5,6.5,0.0112,0.1042,0.0307,0.0,0.0089,0.0658,0.1042,0
2026-08-28 21:15:07,step_run5,1.01,3.16,16.67,instantaneous_fallback,2.137,0.962,0.0,1,,100,387,0.0784,-41.67,3,0.0,-41.73,6.5,35.8,0.0211,0.1042,0.012,0.0,0.0089,0.196,0.1042,0
2026-08-28 21:15:08,step_run5,1.014,0.43,20.0,instantaneous_fallback,2.281,0.962,0.0,1,,10,236,0.0762,-41.33,3,0.33,-41.73,6.5,29.2,0.0029,0.125,0.012,0.0,0.0095,0.1905,0.125,0
2026-08-28 21:15:09,step_run5,1.017,0.82,20.0,instantaneous_fallback,2.384,1.34,0.0,1,,0,244,0.0821,-41.0,3,0.33,-41.53,6.5,29.2,0.0055,0.125,0.0168,0.0,0.0099,0.2053,0.125,0
2026-08-28 21:15:10,step_run5,1.013,0.37,16.67,instantaneous_fallback,2.345,1.34,0.0,1,,0,218,0.0793,-40.67,3,0.33,-41.27,6.5,6.5,0.0025,0.1042,0.0168,0.0,0.0098,0.1982,0.1042,0
2026-08-28 21:15:11,step_run5,1.022,0.36,16.67,instantaneous_fallback,2.757,1.793,0.0,1,,0,203,0.0787,-40.33,3,0.33,-41.0,6.5,35.8,0.0024,0.1042,0.0224,0.0,0.0115,0.1968,0.1042,0
2026-08-28 21:15:12,step_run5,1.021,0.37,20.0,instantaneous_fallback,6.826,1.793,0.0,1,,0,221,0.0088,-40.0,3,0.33,-40.67,6.5,6.5,0.0025,0.125,0.0224,0.0,0.0284,0.022,0.125,0
2026-08-28 21:15:13,step_run5,1.022,0.38,20.0,instantaneous_fallback,11.048,1.338,0.0,1,,40,216,0.035,-40.0,3,0.0,-40.4,6.5,6.5,0.0025,0.125,0.0167,0.0,0.046,0.0875,0.125,0
2026-08-28 21:15:14,step_run5,1.015,0.19,20.0,instantaneous_fallback,11.048,1.338,0.0,1,,2,112,0.0415,-40.0,3,0.0,-40.2,6.5,6.5,0.0013,0.125,0.0167,0.0,0.046,0.1038,0.125,0
2026-08-28 21:15:15,step_run5,1.013,3.81,20.0,instantaneous_fallback,4.824,1.496,0.0,1,,0,396,0.0353,-40.0,3,0.0,-40.07,6.5,6.5,0.0254,0.125,0.0187,0.0,0.0201,0.0882,0.125,0
2026-08-28 21:15:16,step_run5,1.013,0.4,16.67,instantaneous_fallback,4.824,1.496,0.0,1,,10,218,0.0428,-40.0,3,0.0,-40.0,6.5,6.5,0.0027,0.1042,0.0187,0.0,0.0201,0.107,0.1042,0
2026-08-28 21:19:21,step_run6,0.0,0.0,20.0,instantaneous,3.589,,,0,,0,0,0.0,-41.0,3,0.0,-41.0,0.0,0.0,0.0,0.125,0.0,0.0,0.015,0.0,0.125,0
2026-08-28 21:19:23,step_run6,1.011,0.4,20.0,instantaneous_fallback,6.93,1.701,0.0,1,,8,220,0.0351,-41.0,3,0.0,-41.0,6.5,6.5,0.0027,0.125,0.0213,0.0,0.0289,0.0877,0.125,0
2026-08-28 21:19:24,step_run6,1.024,0.44,20.0,instantaneous_fallback,10.263,1.701,0.0,1,,0,244,0.0169,-41.33,3,-0.33,-41.11,6.5,6.5,0.0029,0.125,0.0213,0.0,0.0428,0.0422,0.125,0
2026-08-28 21:19:25,step_run6,1.017,0.19,20.0,instantaneous_fallback,10.263,2.224,0.0,1,,0,113,0.0137,-41.33,3,0.0,-41.17,6.5,6.5,0.0013,0.125,0.0278,0.0,0.0428,0.0343,0.125,0
2026-08-28 21:19:26,step_run6,1.015,0.52,16.67,instantaneous_fallback,6.544,2.224,0.0,1,,0,243,0.0097,-41.33,3,0.0,-41.2,6.5,6.5,0.0035,0.1042,0.0278,0.0,0.0273,0.0243,0.1042,0
2026-08-28 21:19:27,step_run6,1.013,3.71,16.67,instantaneous_fallback,4.822,1.662,0.0,1,,8,331,0.0137,-41.67,3,-0.33,-41.33,6.5,6.5,0.0247,0.1042,0.0208,0.0,0.0201,0.0343,0.1042,0
2026-08-28 21:19:28,step_run6,1.014,0.47,16.67,instantaneous_fallback,4.822,1.662,0.0,1,,0,240,0.0068,-42.0,3,-0.33,-41.53,6.5,6.5,0.0031,0.1042,0.0208,0.0,0.0201,0.017,0.1042,0
2026-08-28 21:19:29,step_run6,1.014,0.41,20.0,instantaneous_fallback,4.822,0.994,0.0,1,,4,221,0.0103,-42.0,3,0.0,-41.67,6.5,6.5,0.0027,0.125,0.0124,0.0,0.0201,0.0258,0.125,0
2026-08-28 21:19:30,step_run6,1.018,1.04,20.0,instantaneous_fallback,5.377,0.994,0.0,1,,38,259,0.0372,-40.33,3,1.67,-41.47,6.5,6.5,0.0069,0.125,0.0124,0.0,0.0224,0.093,0.125,0
2026-08-28 21:19:31,step_run6,1.016,0.37,20.0,instantaneous_fallback,3.154,1.394,0.0,1,,0,208,0.0382,-40.33,3,0.0,-41.27,6.5,6.5,0.0025,0.125,0.0174,0.0,0.0131,0.0955,0.125,0
2026-08-28 21:19:32,step_run6,1.015,0.41,20.0,instantaneous_fallback,3.83,1.394,0.0,1,,0,238,0.0348,-39.33,3,1.0,-40.8,6.5,25.8,0.0027,0.125,0.0174,0.0,0.016,0.087,0.125,0
2026-08-28 21:19:33,step_run6,1.015,3.77,20.0,instantaneous_fallback,2.08,1.43,0.0,1,,6,346,0.0364,-35.67,3,3.67,-39.53,6.5,25.8,0.0251,0.125,0.0179,0.0,0.0087,0.091,0.125,0
2026-08-28 21:19:34,step_run6,1.015,0.42,20.0,instantaneous_fallback,2.08,1.43,0.0,1,,0,234,0.0331,-35.67,3,0.0,-38.27,6.5,6.5,0.0028,0.125,0.0179,0.0,0.0087,0.0827,0.125,0
2026-08-28 21:19:35,step_run6,1.019,0.42,20.69,instantaneous_fallback,2.08,0.658,0.0,1,,2,229,0.0063,-36.0,3,-0.33,-37.4,6.5,6.5,0.0028,0.1293,0.0082,0.0,0.0087,0.0158,0.1293,0
2026-08-28 21:19:36,step_run6,1.016,1.42,20.69,instantaneous_fallback,1.986,0.658,0.0,1,,0,297,0.0059,-36.0,3,0.0,-36.53,6.5,25.8,0.0095,0.1293,0.0082,0.0,0.0083,0.0147,0.1293,0
2026-08-28 21:19:37,step_run6,1.016,0.37,20.69,instantaneous_fallback,2.314,1.163,0.0,1,,10,214,0.0135,-36.0,3,0.0,-35.87,6.5,25.8,0.0025,0.1293,0.0145,0.0,0.0096,0.0338,0.1293,0
2026-08-28 21:19:38,step_run6,1.024,0.38,16.67,instantaneous_fallback,2.314,1.163,0.0,1,,0,231,0.0099,-36.0,3,0.0,-35.93,6.5,25.8,0.0025,0.1042,0.0145,0.0,0.0096,0.0248,0.1042,0
2026-08-28 21:19:39,step_run6,1.03,0.64,20.0,instantaneous_fallback,6.905,2.257,0.0,1,,0,136,0.0107,-36.0,3,0.0,-36.0,6.5,6.5,0.0043,0.125,0.0282,0.0,0.0288,0.0267,0.125,0
2026-08-28 21:19:40,step_run6,1.017,3.7,20.0,instantaneous_fallback,6.905,2.257,0.0,1,,50,424,0.0441,-36.33,3,-0.33,-36.07,6.5,10.8,0.0247,0.125,0.0282,0.0,0.0288,0.1103,0.125,0
2026-08-28 21:19:41,step_run6,1.03,8.47,23.33,instantaneous_fallback,9.414,5.848,0.0,1,,172,803,0.1137,-36.67,3,-0.33,-36.2,6.5,10.8,0.0565,0.1458,0.0731,0.0,0.0392,0.3185,0.1458,0
2026-08-28 21:19:42,step_run6,1.018,43.82,24.14,delta,7.442,5.848,0.0,1,,1320,2463,0.2754,-36.0,3,0.67,-36.2,6.5,9.8,0.2921,0.1509,0.0731,0.0,0.031,0.7923,0.1509,0
2026-08-28 21:19:43,step_run6,1.014,42.98,50.0,instantaneous_fallback,9.452,3.189,0.0,1,,952,2429,0.2851,-35.0,3,1.0,-36.0,6.5,6.5,0.2865,0.4167,0.0399,0.0,0.0394,0.8085,0.4167,1
2026-08-28 21:19:45,step_run6,1.015,45.72,51.72,instantaneous_fallback,7.442,3.189,0.0,1,,910,2575,0.2814,-35.33,3,-0.33,-35.87,6.5,6.5,0.3048,0.4453,0.0399,0.0,0.031,0.8023,0.4453,1
2026-08-28 21:19:46,step_run6,1.014,42.42,51.72,instantaneous_fallback,9.036,2.723,0.0,1,,416,2377,0.2615,-35.33,3,0.0,-35.67,6.5,6.5,0.2828,0.4453,0.034,0.0,0.0376,0.7692,0.4453,1
2026-08-28 21:19:47,step_run6,1.099,42.68,51.72,delta,9.036,2.723,0.0,1,,344,2581,0.2409,-35.67,3,-0.33,-35.47,6.5,6.5,0.2845,0.4453,0.034,0.0,0.0376,0.7272,0.4453,1
2026-08-28 21:19:48,step_run6,1.015,40.64,51.72,instantaneous_fallback,26.977,5.684,0.0,1,,574,2289,0.2069,-34.33,3,1.33,-35.13,6.5,6.5,0.2709,0.4453,0.0711,0.0,0.1124,0.6422,0.4453,1
2026-08-28 21:19:49,step_run6,1.031,47.86,53.33,instantaneous_fallback,26.977,5.684,0.0,1,,530,2692,0.1814,-35.33,3,-1.0,-35.2,6.5,6.5,0.3191,0.4722,0.0711,0.0,0.1124,0.5785,0.4722,1
2026-08-28 21:19:50,step_run6,1.017,44.59,56.67,instantaneous_fallback,10.118,3.434,0.0,1,,468,2506,0.1578,-35.67,3,-0.33,-35.27,6.5,6.5,0.2973,0.5209,0.0429,0.0,0.0422,0.5195,0.5209,2
2026-08-28 21:19:51,step_run6,1.015,42.28,58.62,instantaneous_fallback,4.694,3.434,0.0,1,,764,2303,0.1781,-35.0,3,0.67,-35.2,6.5,6.5,0.2819,0.5453,0.0429,0.0,0.0196,0.5703,0.5453,2
2026-08-28 21:19:52,step_run6,1.027,44.14,56.67,delta,4.694,6.346,0.0,1,,372,2604,0.1793,-35.0,3,0.0,-35.07,6.5,6.5,0.2943,0.5209,0.0793,0.0,0.0196,0.5733,0.5209,2
2026-08-28 21:19:53,step_run6,1.022,36.83,56.67,instantaneous_fallback,9.214,6.346,0.0,1,,660,2091,0.1864,-35.33,3,-0.33,-35.27,6.5,6.5,0.2455,0.5209,0.0793,0.0,0.0384,0.591,0.5209,2
2026-08-28 21:19:54,step_run6,1.014,20.74,56.67,instantaneous_fallback,9.214,4.754,0.0,1,,500,1139,0.2062,-35.67,3,-0.33,-35.33,6.5,6.5,0.1383,0.5209,0.0594,0.0,0.0384,0.6405,0.5209,2
2026-08-28 21:19:55,step_run6,1.032,55.37,56.67,instantaneous_fallback,28.378,4.754,0.0,1,,1392,3137,0.2465,-35.33,3,0.33,-35.27,6.5,6.5,0.3691,0.5209,0.0594,0.0,0.1182,0.7412,0.5209,2
2026-08-28 21:19:56,step_run6,1.03,42.41,56.67,instantaneous_fallback,10.456,4.154,0.0,1,,408,2419,0.2263,-35.0,3,0.33,-35.27,6.5,6.5,0.2827,0.5209,0.0519,0.0,0.0436,0.6907,0.5209,2
2026-08-28 21:19:57,step_run6,1.058,42.66,56.67,instantaneous_fallback,27.883,4.154,0.0,1,,1262,2494,0.2724,-34.67,3,0.33,-35.2,6.5,6.5,0.2844,0.5209,0.0519,0.0,0.1162,0.7873,0.5209,2
2026-08-28 21:19:58,step_run6,1.014,42.56,56.67,instantaneous_fallback,26.461,4.773,0.0,1,,698,2397,0.2688,-34.67,3,0.0,-35.07,6.5,9.8,0.2837,0.5209,0.0597,0.0,0.1103,0.7813,0.5209,2
2026-08-28 21:19:59,step_run6,1.018,45.17,56.67,instantaneous_fallback,26.461,4.773,0.0,1,,958,2519,0.2668,-34.67,3,0.0,-34.87,6.5,6.5,0.3011,0.5209,0.0597,0.0,0.1103,0.778,0.5209,2
2026-08-28 21:20:00,step_run6,1.032,43.05,55.17,delta,12.276,5.395,0.0,1,,772,2397,0.251,-34.67,3,0.0,-34.73,6.5,6.5,0.287,0.5021,0.0674,0.0,0.0512,0.7517,0.5021,2
2026-08-28 21:20:01,step_run6,1.016,44.82,55.17,instantaneous_fallback,4.428,5.395,0.0,1,,296,2570,0.2436,-34.33,3,0.33,-34.6,6.5,9.8,0.2988,0.5021,0.0674,0.0,0.0185,0.734,0.5021,2
2026-08-28 21:20:02,step_run6,1.021,44.45,56.67,instantaneous_fallback,5.718,6.354,0.0,1,,458,2472,0.2048,-35.0,3,-0.67,-34.67,6.5,6.5,0.2963,0.5209,0.0794,0.0,0.0238,0.637,0.5209,2
2026-08-28 21:20:03,step_run6,1.152,34.51,60.0,instantaneous_fallback,5.718,6.354,0.0,1,,342,2230,0.1882,-34.67,3,0.33,-34.67,6.5,6.5,0.2301,0.5625,0.0794,0.0,0.0238,0.5955,0.5625,2
2026-08-28 21:20:04,step_run6,1.08,21.14,62.07,delta,73.586,6.345,0.0,1,,686,1340,0.1883,-35.33,3,-0.67,-34.8,6.5,6.5,0.1409,0.5884,0.0793,0.0,0.3066,0.5958,0.5884,2
2026-08-28 21:20:05,step_run6,1.014,43.02,70.0,instantaneous_fallback,73.586,6.345,0.0,1,,900,2372,0.1963,-36.0,3,-0.67,-35.07,6.5,9.8,0.2868,0.6875,0.0793,0.0,0.3066,0.6158,0.6875,2
2026-08-28 21:20:06,step_run6,1.052,42.94,70.0,instantaneous_fallback,53.795,6.345,0.0,1,,474,2518,0.2074,-35.33,3,0.67,-35.27,6.5,9.8,0.2863,0.6875,0.0793,0.0,0.2241,0.6435,0.6875,2
2026-08-28 21:20:07,step_run6,1.166,46.45,70.0,instantaneous_fallback,53.795,5.561,0.0,1,,1588,2805,0.2616,-33.67,3,1.67,-35.0,6.5,6.5,0.3097,0.6875,0.0695,0.0,0.2241,0.7693,0.6875,2
2026-08-28 21:20:08,step_run6,1.159,40.0,66.67,instantaneous_fallback,99.613,5.561,0.0,1,,650,2517,0.2712,-35.0,3,-1.33,-35.07,6.5,6.5,0.2667,0.6459,0.0695,0.0,0.4151,0.7853,0.6459,2
2026-08-28 21:20:10,step_run6,1.024,55.99,66.67,delta,99.613,5.561,0.0,1,,740,3004,0.2477,-36.67,3,-1.67,-35.33,6.5,6.5,0.3733,0.6459,0.0695,0.0,0.4151,0.7442,0.6459,2
2026-08-28 21:20:11,step_run6,1.047,46.69,65.52,instantaneous_fallback,21.812,5.561,0.0,1,,556,2594,0.2297,-38.0,3,-1.33,-35.73,6.5,6.5,0.3113,0.6315,0.0695,0.0,0.0909,0.6992,0.6315,2
2026-08-28 21:20:12,step_run6,1.028,44.07,62.07,instantaneous_fallback,14.081,3.623,0.0,1,,922,2516,0.249,-38.67,3,-0.67,-36.4,6.5,6.5,0.2938,0.5884,0.0453,0.0,0.0587,0.7475,0.5884,2
2026-08-28 21:20:13,step_run6,1.084,37.61,60.0,instantaneous_fallback,21.812,3.623,0.0,1,,714,2217,0.218,-36.67,3,2.0,-37.0,6.5,6.5,0.2507,0.5625,0.0453,0.0,0.0909,0.67,0.5625,2
2026-08-28 21:20:14,step_run6,1.111,28.13,56.67,instantaneous_fallback,37.899,7.934,0.0,1,,940,1832,0.2415,-38.0,3,-1.33,-37.6,6.5,9.8,0.1875,0.5209,0.0992,0.0,0.1579,0.7288,0.5209,2
2026-08-28 21:20:15,step_run6,1.196,38.2,56.67,delta,99.483,7.934,0.0,1,,570,2312,0.244,-36.0,3,2.0,-37.47,6.5,6.5,0.2547,0.5209,0.0992,0.0,0.4145,0.735,0.5209,2
2026-08-28 21:20:16,step_run6,1.057,54.94,76.67,instantaneous_fallback,99.483,7.934,0.0,1,,1422,2874,0.2799,-36.67,3,-0.67,-37.2,6.5,6.5,0.3663,0.7778,0.0992,0.0,0.4145,0.7998,0.7778,3
2026-08-28 21:20:17,step_run6,1.015,29.09,76.67,instantaneous_fallback,56.601,7.934,0.0,1,,262,1785,0.2618,-36.67,3,0.0,-36.8,6.5,6.5,0.1939,0.7778,0.0992,0.0,0.2358,0.7697,0.7778,3
2026-08-28 21:20:18,step_run6,1.027,45.1,68.97,instantaneous_fallback,14.697,4.31,0.0,1,,886,2379,0.2673,-36.67,3,0.0,-36.8,6.5,6.5,0.3007,0.6746,0.0539,0.0,0.0612,0.7788,0.6746,2
2026-08-28 21:20:19,step_run6,1.064,50.87,63.33,instantaneous_fallback,14.697,4.31,0.0,1,,524,3030,0.2284,-36.67,3,0.0,-36.53,6.5,6.5,0.3391,0.6041,0.0539,0.0,0.0612,0.696,0.6041,2
2026-08-28 21:20:20,step_run6,1.032,42.57,68.97,delta,64.602,6.487,0.798,1,,146,2400,0.2063,-36.33,3,0.33,-36.6,6.5,6.5,0.2838,0.6746,0.0811,0.399,0.2692,0.6408,0.6746,2
2026-08-28 21:20:21,step_run6,1.019,28.9,66.67,instantaneous_fallback,64.602,6.487,0.798,1,,618,1723,0.1771,-36.67,3,-0.33,-36.6,6.5,6.5,0.1927,0.6459,0.0811,0.399,0.2692,0.5677,0.6459,2
2026-08-28 21:20:22,step_run6,1.029,22.29,70.0,instantaneous_fallback,12.19,4.392,0.0,1,,528,1400,0.1982,-36.67,3,0.0,-36.6,6.5,6.5,0.1486,0.6875,0.0549,0.0,0.0508,0.6205,0.6875,2
2026-08-28 21:20:23,step_run6,1.051,22.71,66.67,instantaneous_fallback,12.19,4.392,0.0,1,,288,1443,0.1739,-36.67,3,0.0,-36.6,6.5,6.5,0.1514,0.6459,0.0549,0.0,0.0508,0.5597,0.6459,2
2026-08-28 21:20:24,step_run6,1.04,22.45,66.67,instantaneous_fallback,20.3,6.481,0.0,1,,342,1361,0.1875,-36.33,3,0.33,-36.53,6.5,6.5,0.1497,0.6459,0.081,0.0,0.0846,0.5938,0.6459,2
2026-08-28 21:20:25,step_run6,1.047,25.9,66.67,instantaneous_fallback,23.211,6.481,0.0,1,,202,1510,0.2101,-35.67,3,0.67,-36.4,6.5,6.5,0.1727,0.6459,0.081,0.0,0.0967,0.6502,0.6459,2
2026-08-28 21:20:26,step_run6,1.134,50.13,70.0,instantaneous_fallback,34.687,6.481,0.0,1,,618,2864,0.1874,-35.0,3,0.67,-36.07,6.5,9.8,0.3342,0.6875,0.081,0.0,0.1445,0.5935,0.6875,2
2026-08-28 21:20:28,step_run6,1.1,54.99,70.0,instantaneous_fallback,49.123,6.481,0.0,1,,438,3206,0.1538,-33.67,3,1.33,-35.47,6.5,6.5,0.3666,0.6875,0.081,0.0,0.2047,0.5095,0.6875,2
2026-08-28 21:20:29,step_run6,1.015,63.94,56.67,instantaneous_fallback,49.123,7.333,0.0,1,,744,3478,0.1588,-34.67,3,-1.0,-35.07,6.5,6.5,0.4263,0.5209,0.0917,0.0,0.2047,0.522,0.5209,2
2026-08-28 21:20:30,step_run6,1.078,58.15,56.67,instantaneous_fallback,34.743,7.333,0.0,1,,586,3321,0.1525,-34.33,3,0.33,-34.67,6.5,9.8,0.3877,0.5209,0.0917,0.0,0.1448,0.5062,0.5209,2
2026-08-28 21:20:31,step_run6,1.02,53.46,56.67,delta,31.461,2.349,0.0,1,,582,2854,0.1588,-35.33,3,-1.0,-34.6,6.5,6.5,0.3564,0.5209,0.0294,0.0,0.1311,0.522,0.5209,2
2026-08-28 21:20:32,step_run6,1.055,54.32,58.62,instantaneous_fallback,23.201,2.349,0.0,1,,686,3203,0.159,-34.67,3,0.67,-34.53,6.5,9.8,0.3621,0.5453,0.0294,0.0,0.0967,0.5225,0.5453,2
2026-08-28 21:20:33,step_run6,1.058,39.9,50.0,instantaneous_fallback,23.201,5.435,0.0,1,,444,2368,0.1665,-35.67,3,-1.0,-34.93,6.5,9.8,0.266,0.4167,0.0679,0.0,0.0967,0.5413,0.4167,1
2026-08-28 21:20:34,step_run6,1.021,36.02,58.62,instantaneous_fallback,23.201,5.435,0.0,1,,310,2079,0.1587,-35.33,3,0.33,-35.07,6.5,9.8,0.2401,0.5453,0.0679,0.0,0.0967,0.5218,0.5453,2
2026-08-28 21:20:35,step_run6,1.017,56.79,58.62,delta,6.035,3.724,0.0,1,,428,3175,0.1519,-35.67,3,-0.33,-35.33,6.5,6.5,0.3786,0.5453,0.0466,0.0,0.0251,0.5048,0.5453,2
2026-08-28 21:20:36,step_run6,1.023,43.26,58.62,instantaneous_fallback,6.035,3.724,0.0,1,,288,2418,0.14,-35.33,3,0.33,-35.33,6.5,6.5,0.2884,0.5453,0.0466,0.0,0.0251,0.45,0.5453,2
2026-08-28 21:20:37,step_run6,1.022,43.6,56.67,instantaneous_fallback,6.276,3.607,0.0,1,,280,2490,0.1225,-35.0,3,0.33,-35.4,6.5,6.5,0.2907,0.5209,0.0451,0.0,0.0261,0.3625,0.5209,2
2026-08-28 21:20:38,step_run6,1.016,43.15,53.33,instantaneous_fallback,6.276,3.607,0.0,1,,312,2436,0.1138,-35.33,3,-0.33,-35.33,6.5,9.8,0.2877,0.4722,0.0451,0.0,0.0261,0.319,0.4722,1
2026-08-28 21:20:39,step_run6,1.016,44.26,53.33,instantaneous_fallback,6.771,4.244,0.0,1,,518,2457,0.1234,-35.0,3,0.33,-35.27,6.5,9.8,0.2951,0.4722,0.053,0.0,0.0282,0.367,0.4722,1
2026-08-28 21:20:40,step_run6,1.022,44.11,53.33,instantaneous_fallback,7.015,4.244,0.0,1,,296,2517,0.1209,-34.67,3,0.33,-35.07,6.5,6.5,0.2941,0.4722,0.053,0.0,0.0292,0.3545,0.4722,1
2026-08-28 21:20:41,step_run6,1.115,21.42,53.33,instantaneous_fallback,17.174,4.849,0.0,1,,218,1299,0.1266,-35.0,3,-0.33,-35.0,6.5,6.5,0.1428,0.4722,0.0606,0.0,0.0716,0.383,0.4722,1
2026-08-28 21:20:42,step_run6,1.033,81.95,53.33,instantaneous_fallback,54.945,4.849,0.0,1,,1222,4446,0.1632,-34.67,3,0.33,-34.93,6.5,10.8,0.5463,0.4722,0.0606,0.0,0.2289,0.533,0.4722,1
2026-08-28 21:20:43,step_run6,1.059,51.24,56.67,instantaneous_fallback,54.945,5.91,0.266,1,,1368,3088,0.2078,-35.0,3,-0.33,-34.87,6.5,6.5,0.3416,0.5209,0.0739,0.133,0.2289,0.6445,0.5209,2
2026-08-28 21:20:44,step_run6,1.066,54.21,60.0,instantaneous_fallback,38.344,5.91,0.266,1,,536,3175,0.2004,-35.0,3,0.0,-34.87,6.5,6.5,0.3614,0.5625,0.0739,0.133,0.1598,0.626,0.5625,2
2026-08-28 21:20:45,step_run6,1.077,66.99,65.52,delta,38.344,8.948,0.0,1,,594,3809,0.1993,-34.67,3,0.33,-34.87,6.5,6.5,0.4466,0.6315,0.1119,0.0,0.1598,0.6232,0.6315,2
2026-08-28 21:20:46,step_run6,1.018,66.57,65.52,instantaneous_fallback,55.983,8.948,0.0,1,,666,3232,0.1981,-34.67,3,0.0,-34.8,6.5,6.5,0.4438,0.6315,0.1119,0.0,0.2333,0.6202,0.6315,2
2026-08-28 21:20:47,step_run6,1.103,34.74,56.67,instantaneous_fallback,55.983,8.948,0.0,1,,650,2060,0.1989,-35.0,3,-0.33,-34.87,6.5,6.5,0.2316,0.5209,0.1119,0.0,0.2333,0.6222,0.5209,2
2026-08-28 21:20:49,step_run6,1.082,103.78,56.67,instantaneous_fallback,61.407,8.948,0.0,1,,1266,5986,0.1689,-35.33,3,-0.33,-34.93,6.5,6.5,0.6919,0.5209,0.1119,0.0,0.2559,0.5473,0.5209,2
2026-08-28 21:20:50,step_run6,1.074,64.84,56.67,instantaneous_fallback,61.407,8.948,0.0,1,,992,3669,0.1818,-34.67,3,0.67,-34.87,6.5,6.5,0.4323,0.5209,0.1119,0.0,0.2559,0.5795,0.5209,2
2026-08-28 21:20:51,step_run6,1.02,73.57,56.67,delta,61.407,6.424,0.0,1,,560,4004,0.1791,-35.33,3,-0.67,-35.0,6.5,6.5,0.4905,0.5209,0.0803,0.0,0.2559,0.5727,0.5209,2
2026-08-28 21:20:52,step_run6,1.036,75.15,55.17,instantaneous_fallback,14.532,6.424,0.0,1,,1314,4049,0.1948,-35.33,3,0.0,-35.13,6.5,6.5,0.501,0.5021,0.0803,0.0,0.0605,0.612,0.5021,2
2026-08-28 21:20:53,step_run6,1.068,60.77,53.33,instantaneous_fallback,14.532,6.424,0.0,1,,660,3374,0.1852,-35.0,3,0.33,-35.13,6.5,9.8,0.4051,0.4722,0.0803,0.0,0.0605,0.588,0.4722,1
2026-08-28 21:20:54,step_run6,1.064,32.2,53.33,instantaneous_fallback,36.926,6.424,0.0,1,,624,1843,0.1968,-35.0,3,0.0,-35.07,6.5,6.5,0.2147,0.4722,0.0803,0.0,0.1539,0.617,0.4722,1
2026-08-28 21:20:55,step_run6,1.032,66.93,53.33,instantaneous_fallback,36.926,5.061,0.0,1,,816,3388,0.1926,-35.33,3,-0.33,-35.2,6.5,6.5,0.4462,0.4722,0.0633,0.0,0.1539,0.6065,0.4722,1
2026-08-28 21:20:56,step_run6,1.199,64.36,53.33,instantaneous_fallback,79.428,5.061,0.0,1,,686,4456,0.1933,-34.67,3,0.67,-35.07,6.5,6.5,0.4291,0.4722,0.0633,0.0,0.3309,0.6082,0.4722,1
2026-08-28 21:20:57,step_run6,2.024,52.2,56.67,instantaneous_fallback,77.274,7.396,0.0,1,,1134,5241,0.1764,-35.0,3,-0.33,-35.0,6.5,6.5,0.348,0.5209,0.0925,0.0,0.322,0.566,0.5209,2
2026-08-28 21:20:59,step_run6,1.024,110.76,62.07,instantaneous_fallback,77.274,7.396,0.0,1,,1698,5950,0.1919,-34.67,3,0.33,-34.93,6.5,10.8,0.7384,0.5884,0.0925,0.0,0.322,0.6047,0.5884,2
2026-08-28 21:21:00,step_run6,2.011,35.88,56.67,instantaneous_fallback,16.473,7.396,0.0,1,,1110,3966,0.1914,-34.67,3,0.0,-34.87,6.5,6.5,0.2392,0.5209,0.0925,0.0,0.0686,0.6035,0.5209,2
2026-08-28 21:21:02,step_run6,2.021,53.66,62.07,instantaneous_fallback,9.749,7.396,0.0,1,,1034,2328,0.2051,-34.67,3,0.0,-34.73,6.5,6.5,0.3577,0.5884,0.0925,0.0,0.0406,0.6378,0.5884,2
2026-08-28 21:21:04,step_run6,2.016,37.76,73.33,instantaneous_fallback,9.749,19.895,64.628,1,,96,1597,0.21,-35.0,3,-0.33,-34.8,6.5,6.5,0.2517,0.7291,0.2487,1.0,0.0406,0.65,1.0,3
2026-08-28 21:21:06,step_run6,2.016,48.05,80.0,instantaneous_fallback,0.0,19.895,64.628,1,,0,504,0.2154,-34.67,3,0.33,-34.73,6.5,6.5,0.3203,0.8333,0.2487,1.0,1.0,0.6635,1.0,3
2026-08-28 21:21:08,step_run6,2.016,48.7,86.21,instantaneous_fallback,884.634,19.895,64.628,1,,50,1372,0.1899,-35.0,3,-0.33,-34.8,6.5,9.8,0.3247,0.9368,0.2487,1.0,1.0,0.5998,1.0,3
2026-08-28 21:21:10,step_run6,2.016,35.72,86.21,instantaneous_fallback,1058.8,19.895,64.628,1,,0,676,0.1541,-34.67,3,0.33,-34.8,6.5,6.5,0.2381,0.9368,0.2487,1.0,1.0,0.5102,1.0,3
2026-08-28 21:21:12,step_run6,1.042,91.74,80.0,instantaneous_fallback,1058.8,19.895,64.628,1,,0,715,0.0291,-33.67,3,1.0,-34.6,6.5,9.8,0.6116,0.8333,0.2487,1.0,1.0,0.0728,1.0,3
2026-08-28 21:21:13,step_run6,1.136,52.18,73.33,instantaneous_fallback,153.287,19.895,64.628,1,,802,2689,0.1251,-34.67,3,-1.0,-34.53,6.5,6.5,0.3479,0.7291,0.2487,1.0,0.5462,0.3755,1.0,3
2026-08-28 21:21:14,step_run6,1.058,44.26,66.67,instantaneous_fallback,82.685,7.936,0.266,1,,550,2659,0.1474,-35.0,3,-0.33,-34.6,6.5,6.5,0.2951,0.6459,0.0992,0.133,0.3445,0.487,0.6459,2
2026-08-28 21:21:16,step_run6,1.137,46.52,66.67,instantaneous_fallback,82.685,7.936,0.266,1,,1054,2732,0.2026,-34.67,3,0.33,-34.53,6.5,10.8,0.3101,0.6459,0.0992,0.133,0.3445,0.6315,0.6459,2
2026-08-28 21:21:17,step_run6,1.109,48.94,66.67,instantaneous_fallback,93.936,7.936,0.266,1,,734,2753,0.2138,-34.67,3,0.0,-34.53,6.5,6.5,0.3263,0.6459,0.0992,0.133,0.3914,0.6595,0.6459,2
2026-08-28 21:21:18,step_run6,1.058,63.98,66.67,instantaneous_fallback,93.936,7.604,0.0,1,,1042,3585,0.2248,-34.67,3,0.0,-34.73,6.5,9.8,0.4265,0.6459,0.095,0.0,0.3914,0.687,0.6459,2
2026-08-28 21:21:19,step_run6,1.036,70.76,63.33,instantaneous_fallback,41.515,7.604,0.0,1,,470,3554,0.2012,-34.67,3,0.0,-34.73,6.5,6.5,0.4717,0.6041,0.095,0.0,0.173,0.628,0.6041,2
2026-08-28 21:21:20,step_run6,1.105,65.22,63.33,instantaneous_fallback,41.515,7.604,0.0,1,,756,4195,0.1943,-34.0,3,0.67,-34.53,6.5,6.5,0.4348,0.6041,0.095,0.0,0.173,0.6108,0.6041,2
2026-08-28 21:21:21,step_run6,1.266,49.1,63.33,instantaneous_fallback,101.671,7.604,0.0,1,,860,3161,0.1829,-33.0,3,1.0,-34.2,6.5,9.8,0.3273,0.6041,0.095,0.0,0.4236,0.5822,0.6041,2
2026-08-28 21:21:22,step_run6,2.021,51.61,60.0,instantaneous_fallback,101.671,8.186,0.0,1,,1158,5245,0.1784,-33.67,3,-0.67,-34.0,6.5,9.8,0.3441,0.5625,0.1023,0.0,0.4236,0.571,0.5625,2
2026-08-28 21:21:24,step_run6,1.097,124.31,60.0,instantaneous_fallback,54.861,8.269,0.0,1,,1980,7568,0.1805,-33.33,3,0.33,-33.73,6.5,6.5,0.8287,0.5625,0.1034,0.0,0.2286,0.5763,0.5625,2
2026-08-28 21:21:25,step_run6,1.04,61.3,60.0,instantaneous_fallback,45.437,8.269,0.0,1,,1308,3291,0.2053,-33.33,3,0.0,-33.47,6.5,6.5,0.4087,0.5625,0.1034,0.0,0.1893,0.6382,0.5625,2
2026-08-28 21:21:26,step_run6,1.186,44.73,65.52,instantaneous_fallback,54.861,8.269,0.0,1,,1180,2803,0.2271,-34.33,3,-1.0,-33.53,6.5,6.5,0.2982,0.6315,0.1034,0.0,0.2286,0.6927,0.6315,2
2026-08-28 21:21:28,step_run6,1.168,48.98,65.52,instantaneous_fallback,116.267,3.113,0.0,1,,1220,3028,0.2379,-33.33,3,1.0,-33.6,6.5,6.5,0.3265,0.6315,0.0389,0.0,0.4844,0.7198,0.6315,2
2026-08-28 21:21:29,step_run6,1.299,44.91,65.52,delta,127.025,3.113,0.0,1,,1540,3261,0.2659,-34.0,3,-0.67,-33.67,6.5,6.5,0.2994,0.6315,0.0389,0.0,0.5098,0.7765,0.6315,2
2026-08-28 21:21:30,step_run6,2.017,24.18,60.0,instantaneous_fallback,116.267,8.658,16.489,1,,1128,2132,0.3052,-33.33,3,0.67,-33.67,6.5,9.8,0.1612,0.5625,0.1082,1.0,0.4844,0.842,1.0,3
2026-08-28 21:21:32,step_run6,1.026,111.68,60.0,instantaneous_fallback,123.14,8.658,16.489,1,,1264,5450,0.2752,-34.67,3,-1.33,-33.93,6.5,10.8,0.7445,0.5625,0.1082,1.0,0.5044,0.792,1.0,3
2026-08-28 21:21:33,step_run6,1.076,53.71,66.67,instantaneous_fallback,115.074,5.875,0.0,1,,1602,3051,0.2853,-34.67,3,0.0,-34.0,6.5,9.8,0.3581,0.6459,0.0734,0.0,0.4795,0.8088,0.6459,2
2026-08-28 21:21:34,step_run6,2.011,29.0,66.67,instantaneous_fallback,123.14,7.564,0.0,1,,970,3242,0.2751,-35.0,3,-0.33,-34.33,6.5,6.5,0.1933,0.6459,0.0945,0.0,0.5044,0.7918,0.6459,2
2026-08-28 21:21:36,step_run6,1.026,116.18,66.67,instantaneous_fallback,49.191,7.564,0.0,1,,2008,6146,0.2583,-35.0,3,0.0,-34.53,6.5,9.8,0.7745,0.6459,0.0945,0.0,0.205,0.7638,0.6459,2
2026-08-28 21:21:37,step_run6,1.043,50.31,62.07,instantaneous_fallback,42.626,6.288,0.0,1,,378,2892,0.2304,-35.33,3,-0.33,-34.93,6.5,6.5,0.3354,0.5884,0.0786,0.0,0.1776,0.701,0.5884,2
2026-08-28 21:21:38,step_run6,1.103,37.49,73.33,delta,42.626,6.288,0.0,1,,676,2265,0.2425,-35.33,3,0.0,-35.07,6.5,6.5,0.2499,0.7291,0.0786,0.0,0.1776,0.7312,0.7291,2
2026-08-28 21:21:39,step_run6,2.027,26.21,70.0,instantaneous_fallback,89.772,13.077,0.0,1,,1166,2319,0.2356,-36.33,3,-1.0,-35.4,6.5,9.8,0.1747,0.6875,0.1635,0.0,0.374,0.714,0.6875,2
2026-08-28 21:21:41,step_run6,1.025,127.05,70.0,instantaneous_fallback,89.772,13.077,0.0,1,,1846,7056,0.227,-35.67,3,0.67,-35.53,6.5,9.8,0.847,0.6875,0.1635,0.0,0.374,0.6925,0.6875,2
2026-08-28 21:21:42,step_run6,1.086,43.27,68.97,instantaneous_fallback,38.017,13.077,0.0,1,,270,2473,0.2032,-35.67,3,0.0,-35.67,6.5,15.2,0.2885,0.6746,0.1635,0.0,0.1584,0.633,0.6746,2
2026-08-28 21:21:43,step_run6,1.055,23.54,63.33,instantaneous_fallback,33.52,13.077,0.0,1,,814,1413,0.2351,-35.67,3,0.0,-35.73,6.5,16.2,0.1569,0.6041,0.1635,0.0,0.1397,0.7127,0.6041,2
2026-08-28 21:21:45,step_run6,1.064,49.08,56.67,instantaneous_fallback,38.017,5.261,6.383,1,,1000,2502,0.2443,-35.67,3,0.0,-35.8,6.5,9.8,0.3272,0.5209,0.0658,0.8192,0.1584,0.7358,0.8192,3
2026-08-28 21:21:46,step_run6,1.097,57.7,56.67,instantaneous_fallback,41.188,5.261,6.383,1,,542,3347,0.2103,-35.67,3,0.0,-35.67,6.5,6.5,0.3847,0.5209,0.0658,0.8192,0.1716,0.6507,0.8192,3
2026-08-28 21:21:47,step_run6,1.087,45.44,66.67,instantaneous_fallback,41.188,6.0,0.0,1,,576,2758,0.204,-35.33,3,0.33,-35.6,6.5,6.5,0.3029,0.6459,0.075,0.0,0.1716,0.635,0.6459,2
2026-08-28 21:21:48,step_run6,1.129,49.21,66.67,instantaneous_fallback,58.782,6.0,0.0,1,,886,3104,0.2254,-35.33,3,0.0,-35.53,6.5,6.5,0.3281,0.6459,0.075,0.0,0.2449,0.6885,0.6459,2
2026-08-28 21:21:49,step_run6,1.025,61.94,60.0,instantaneous_fallback,40.232,3.454,0.0,1,,426,3419,0.1848,-35.33,3,0.0,-35.47,6.5,16.2,0.4129,0.5625,0.0432,0.0,0.1676,0.587,0.5625,2
2026-08-28 21:21:50,step_run6,1.059,48.92,60.0,instantaneous_fallback,28.553,3.454,0.0,1,,596,2837,0.1636,-35.33,3,0.0,-35.4,6.5,9.8,0.3261,0.5625,0.0432,0.0,0.119,0.534,0.5625,2
2026-08-28 21:21:51,step_run6,1.03,47.66,60.0,instantaneous_fallback,27.818,7.571,0.0,1,,224,2659,0.1549,-35.0,3,0.33,-35.27,6.5,20.9,0.3177,0.5625,0.0946,0.0,0.1159,0.5122,0.5625,2
2026-08-28 21:21:52,step_run6,1.059,57.71,65.52,instantaneous_fallback,24.846,7.571,0.0,1,,810,3191,0.1621,-35.67,3,-0.67,-35.33,6.5,6.5,0.3847,0.6315,0.0946,0.0,0.1035,0.5302,0.6315,2
2026-08-28 21:21:53,step_run6,1.05,31.75,60.0,instantaneous_fallback,20.088,7.571,0.0,1,,314,1755,0.146,-36.0,3,-0.33,-35.47,6.5,6.5,0.2117,0.5625,0.0946,0.0,0.0837,0.48,0.5625,2
2026-08-28 21:21:54,step_run6,1.069,36.42,51.72,instantaneous_fallback,24.846,7.571,0.0,1,,488,2121,0.1622,-35.67,3,0.33,-35.53,6.5,24.9,0.2428,0.4453,0.0946,0.0,0.1035,0.5305,0.4453,1
2026-08-28 21:21:55,step_run6,1.061,52.28,51.72,instantaneous_fallback,40.589,5.996,0.0,1,,826,2986,0.1731,-35.67,3,0.0,-35.6,6.5,6.5,0.3485,0.4453,0.075,0.0,0.1691,0.5577,0.4453,1
2026-08-28 21:21:56,step_run6,1.123,56.78,65.52,instantaneous_fallback,48.45,5.996,0.0,1,,666,3333,0.1882,-37.0,3,-1.33,-36.0,6.5,16.2,0.3785,0.6315,0.075,0.0,0.2019,0.5955,0.6315,2
2026-08-28 21:21:57,step_run6,2.012,26.5,65.52,instantaneous_fallback,56.856,5.645,0.0,1,,654,3003,0.1826,-36.33,3,0.67,-36.13,6.5,6.5,0.1767,0.6315,0.0706,0.0,0.2369,0.5815,0.6315,2
2026-08-28 21:21:59,step_run6,1.025,101.86,65.52,delta,56.856,5.243,5.053,1,,1528,5505,0.1972,-37.33,3,-1.0,-36.4,6.5,6.5,0.6791,0.6315,0.0655,0.7527,0.2369,0.618,0.7527,3
2026-08-28 21:22:00,step_run6,1.034,55.97,58.62,instantaneous_fallback,21.017,5.243,5.053,1,,286,3135,0.1806,-37.0,3,0.33,-36.67,6.5,6.5,0.3731,0.5453,0.0655,0.7527,0.0876,0.5765,0.7527,3
2026-08-28 21:22:01,step_run6,1.02,58.06,56.67,instantaneous_fallback,21.017,6.828,0.0,1,,564,3081,0.17,-37.0,3,0.0,-36.93,6.5,6.5,0.3871,0.5209,0.0854,0.0,0.0876,0.55,0.5209,2
2026-08-28 21:22:02,step_run6,1.017,24.16,56.67,instantaneous_fallback,21.017,6.828,0.0,1,,586,1426,0.183,-36.67,3,0.33,-36.87,6.5,16.2,0.1611,0.5209,0.0854,0.0,0.0876,0.5825,0.5209,2
2026-08-28 21:22:03,step_run6,1.033,29.36,56.67,instantaneous_fallback,18.433,5.445,0.0,1,,870,1759,0.2046,-37.33,3,-0.67,-37.07,6.5,6.5,0.1957,0.5209,0.0681,0.0,0.0768,0.6365,0.5209,2
2026-08-28 21:22:05,step_run6,1.062,43.03,56.67,instantaneous_fallback,18.433,5.445,0.0,1,,386,2510,0.1843,-37.33,3,0.0,-37.07,6.5,9.8,0.2869,0.5209,0.0681,0.0,0.0768,0.5857,0.5209,2
2026-08-28 21:22:06,step_run6,1.014,59.72,66.67,instantaneous_fallback,45.734,8.623,11.968,1,,430,3240,0.191,-36.67,3,0.67,-37.0,6.5,6.5,0.3981,0.6459,0.1078,1.0,0.1906,0.6025,1.0,3
2026-08-28 21:22:07,step_run6,1.041,54.7,68.97,instantaneous_fallback,45.734,8.623,11.968,1,,514,2060,0.2022,-37.33,3,-0.67,-37.07,6.5,6.5,0.3647,0.6746,0.1078,1.0,0.1906,0.6305,1.0,3
2026-08-28 21:22:08,step_run6,1.023,53.19,68.97,instantaneous_fallback,20.226,6.998,0.0,1,,892,3001,0.1974,-36.0,3,1.33,-36.93,6.5,6.5,0.3546,0.6746,0.0875,0.0,0.0843,0.6185,0.6746,2
2026-08-28 21:22:09,step_run6,1.054,46.05,63.33,instantaneous_fallback,20.226,6.998,0.0,1,,316,2631,0.1588,-35.67,3,0.33,-36.6,6.5,6.5,0.307,0.6041,0.0875,0.0,0.0843,0.522,0.6041,2
2026-08-28 21:22:10,step_run6,1.015,59.34,60.0,instantaneous_fallback,20.226,5.423,0.0,1,,1404,3319,0.1997,-36.0,3,-0.33,-36.33,6.5,16.2,0.3956,0.5625,0.0678,0.0,0.0843,0.6242,0.5625,2
2026-08-28 21:22:11,step_run6,1.187,44.45,62.07,instantaneous_fallback,31.555,5.423,0.0,1,,486,2903,0.2061,-35.67,3,0.33,-36.13,6.5,16.2,0.2963,0.5884,0.0678,0.0,0.1315,0.6402,0.5884,2
2026-08-28 21:22:12,step_run6,1.016,46.59,60.0,instantaneous_fallback,11.068,2.01,0.0,1,,676,2548,0.2076,-36.0,3,-0.33,-35.87,6.5,6.5,0.3106,0.5625,0.0251,0.0,0.0461,0.644,0.5625,2
2026-08-28 21:22:13,step_run6,1.017,53.45,62.07,instantaneous_fallback,11.068,2.01,0.0,1,,768,3024,0.2019,-36.0,3,0.0,-35.87,6.5,16.2,0.3563,0.5884,0.0251,0.0,0.0461,0.6298,0.5884,2
2026-08-28 21:22:14,step_run6,1.053,23.39,56.67,instantaneous_fallback,11.068,6.482,0.0,1,,294,1391,0.2158,-36.33,3,-0.33,-36.0,6.5,6.5,0.1559,0.5209,0.081,0.0,0.0461,0.6645,0.5209,2
2026-08-28 21:22:15,step_run6,1.034,63.01,56.67,instantaneous_fallback,22.219,6.482,0.0,1,,548,3540,0.1713,-36.67,3,-0.33,-36.13,6.5,15.2,0.4201,0.5209,0.081,0.0,0.0926,0.5533,0.5209,2
2026-08-28 21:22:16,step_run6,1.043,62.57,56.67,instantaneous_fallback,31.613,6.482,0.0,1,,730,3410,0.1782,-36.67,3,0.0,-36.33,6.5,6.5,0.4171,0.5209,0.081,0.0,0.1317,0.5705,0.5209,2
2026-08-28 21:22:17,step_run6,1.035,58.05,65.52,delta,29.435,5.099,2.394,1,,708,3250,0.1726,-37.0,3,-0.33,-36.53,6.5,6.5,0.387,0.6315,0.0637,0.5871,0.1226,0.5565,0.6315,2
2026-08-28 21:22:18,step_run6,1.061,47.09,65.52,instantaneous_fallback,29.435,5.099,2.394,1,,606,2663,0.1684,-36.67,3,0.33,-36.67,6.5,6.5,0.3139,0.6315,0.0637,0.5871,0.1226,0.546,0.6315,2
2026-08-28 21:22:19,step_run6,1.066,45.93,65.52,instantaneous_fallback,29.285,6.348,0.0,1,,740,2719,0.1762,-36.67,3,0.0,-36.73,6.5,6.5,0.3062,0.6315,0.0794,0.0,0.122,0.5655,0.6315,2
2026-08-28 21:22:20,step_run6,1.019,46.36,60.0,delta,28.337,6.348,0.0,1,,366,2578,0.1773,-36.0,3,0.67,-36.6,6.5,9.8,0.3091,0.5625,0.0794,0.0,0.1181,0.5683,0.5625,2
2026-08-28 21:22:21,step_run6,1.08,51.76,60.0,instantaneous_fallback,29.285,4.793,0.0,1,,1048,2978,0.1964,-36.33,3,-0.33,-36.53,6.5,6.5,0.3451,0.5625,0.0599,0.0,0.122,0.616,0.5625,2
2026-08-28 21:22:22,step_run6,1.051,42.71,60.0,instantaneous_fallback,33.322,4.793,0.0,1,,896,2351,0.2158,-36.33,3,0.0,-36.4,6.5,24.9,0.2847,0.5625,0.0599,0.0,0.1388,0.6645,0.5625,2
2026-08-28 21:22:23,step_run6,1.124,32.68,60.0,instantaneous_fallback,34.555,2.115,0.0,1,,618,2153,0.223,-37.67,3,-1.33,-36.6,6.5,6.5,0.2179,0.5625,0.0264,0.0,0.144,0.6825,0.5625,2
2026-08-28 21:22:25,step_run6,1.06,51.75,60.0,instantaneous_fallback,41.743,2.115,0.0,1,,588,2946,0.2128,-37.67,3,0.0,-36.8,6.5,6.5,0.345,0.5625,0.0264,0.0,0.1739,0.657,0.5625,2
2026-08-28 21:22:26,step_run6,1.037,66.52,60.0,instantaneous_fallback,41.743,6.494,0.0,1,,914,3817,0.222,-37.33,3,0.33,-37.07,6.5,9.8,0.4435,0.5625,0.0812,0.0,0.1739,0.68,0.5625,2
2026-08-28 21:22:27,step_run6,1.1,63.96,60.0,instantaneous_fallback,41.743,6.494,0.0,1,,1380,3648,0.2276,-37.0,3,0.33,-37.2,6.5,24.9,0.4264,0.5625,0.0812,0.0,0.1739,0.694,0.5625,2
2026-08-28 21:22:28,step_run6,1.026,43.28,63.33,instantaneous_fallback,34.434,5.913,0.0,1,,846,2611,0.2226,-37.0,3,0.0,-37.33,6.5,6.5,0.2885,0.6041,0.0739,0.0,0.1435,0.6815,0.6041,2
2026-08-28 21:22:29,step_run6,1.108,47.55,63.33,instantaneous_fallback,47.136,5.913,0.0,1,,574,2849,0.2133,-37.67,3,-0.67,-37.33,6.5,6.5,0.317,0.6041,0.0739,0.0,0.1964,0.6583,0.6041,2
2026-08-28 21:22:30,step_run6,1.049,19.02,65.52,instantaneous_fallback,28.11,2.204,0.0,1,,446,992,0.2301,-37.67,3,0.0,-37.33,6.5,6.5,0.1268,0.6315,0.0276,0.0,0.1171,0.7003,0.6315,2
2026-08-28 21:22:31,step_run6,1.042,29.52,65.52,delta,28.11,2.204,0.0,1,,644,1985,0.2435,-37.67,3,0.0,-37.4,6.5,24.9,0.1968,0.6315,0.0276,0.0,0.1171,0.7337,0.6315,2
2026-08-28 21:22:32,step_run6,1.028,29.86,65.52,instantaneous_fallback,28.11,12.791,0.0,1,,684,1756,0.2386,-37.0,3,0.67,-37.4,6.5,6.5,0.1991,0.6315,0.1599,0.0,0.1171,0.7215,0.6315,2
2026-08-28 21:22:33,step_run6,1.024,48.88,65.52,instantaneous_fallback,20.79,12.791,0.0,1,,1072,2466,0.2539,-37.33,3,-0.33,-37.47,6.5,24.9,0.3259,0.6315,0.1599,0.0,0.0866,0.7565,0.6315,2
2026-08-28 21:22:34,step_run6,1.071,28.65,63.33,instantaneous_fallback,31.518,6.385,0.0,1,,538,1799,0.2733,-37.67,3,-0.33,-37.47,6.5,6.5,0.191,0.6041,0.0798,0.0,0.1313,0.7888,0.6041,2
2026-08-28 21:22:35,step_run6,1.129,48.7,65.52,delta,31.518,6.385,0.0,1,,314,2979,0.2284,-37.67,3,0.0,-37.47,6.5,9.8,0.3247,0.6315,0.0798,0.0,0.1313,0.696,0.6315,2
2026-08-28 21:22:36,step_run6,1.059,60.18,66.67,instantaneous_fallback,31.902,7.275,0.0,1,,686,3439,0.2094,-37.33,3,0.33,-37.4,6.5,6.5,0.4012,0.6459,0.0909,0.0,0.1329,0.6485,0.6459,2
2026-08-28 21:22:37,step_run6,1.106,55.75,66.67,instantaneous_fallback,63.723,7.275,0.0,1,,1100,3360,0.209,-37.67,3,-0.33,-37.53,6.5,6.5,0.3717,0.6459,0.0909,0.0,0.2655,0.6475,0.6459,2
2026-08-28 21:22:38,step_run6,1.074,46.89,63.33,instantaneous_fallback,55.074,5.908,0.0,1,,750,2730,0.1915,-37.0,3,0.67,-37.47,6.5,24.9,0.3126,0.6041,0.0738,0.0,0.2295,0.6038,0.6041,2
2026-08-28 21:22:39,step_run6,1.017,52.9,63.33,delta,55.074,5.908,0.0,1,,652,2924,0.185,-37.33,3,-0.33,-37.4,6.5,24.9,0.3527,0.6041,0.0738,0.0,0.2295,0.5875,0.6041,2
2026-08-28 21:22:40,step_run6,1.06,56.31,60.0,instantaneous_fallback,55.074,5.908,0.0,1,,682,3186,0.1984,-36.67,3,0.67,-37.2,6.5,24.9,0.3754,0.5625,0.0738,0.0,0.2295,0.621,0.5625,2
2026-08-28 21:22:42,step_run6,1.014,51.49,60.0,instantaneous_fallback,12.708,5.415,0.0,1,,910,2771,0.2147,-36.67,3,0.0,-37.07,6.5,6.5,0.3433,0.5625,0.0677,0.0,0.053,0.6617,0.5625,2
2026-08-28 21:22:43,step_run6,1.019,50.46,60.0,instantaneous_fallback,12.708,5.415,0.0,1,,600,2638,0.2014,-37.0,3,-0.33,-36.93,6.5,6.5,0.3364,0.5625,0.0677,0.0,0.053,0.6285,0.5625,2
2026-08-28 21:22:44,step_run6,1.025,23.71,53.33,instantaneous_fallback,12.708,5.415,0.0,1,,532,1465,0.2064,-36.67,3,0.33,-36.87,6.5,32.1,0.1581,0.4722,0.0677,0.0,0.053,0.641,0.4722,1
2026-08-28 21:22:45,step_run6,1.043,46.09,50.0,instantaneous_fallback,24.972,5.415,0.0,1,,908,2593,0.223,-36.67,3,0.0,-36.73,6.5,6.5,0.3073,0.4167,0.0677,0.0,0.1041,0.6825,0.4167,1
2026-08-28 21:22:46,step_run6,1.089,42.73,50.0,instantaneous_fallback,32.368,5.53,0.0,1,,992,2575,0.2466,-36.33,3,0.33,-36.67,6.5,6.5,0.2849,0.4167,0.0691,0.0,0.1349,0.7415,0.4167,1
2026-08-28 21:22:47,step_run6,1.014,45.16,63.33,instantaneous_fallback,24.972,5.53,0.0,1,,500,2354,0.233,-36.67,3,-0.33,-36.67,6.5,6.5,0.3011,0.6041,0.0691,0.0,0.1041,0.7075,0.6041,2
2026-08-28 21:22:48,step_run6,1.025,53.12,63.33,instantaneous_fallback,20.909,1.916,9.574,1,,940,2766,0.2478,-36.67,3,0.0,-36.6,6.5,6.5,0.3541,0.6041,0.0239,0.9787,0.0871,0.7445,0.9787,3
2026-08-28 21:22:49,step_run6,1.125,44.68,62.07,delta,20.909,1.916,9.574,1,,1052,2760,0.2518,-36.33,3,0.33,-36.53,6.5,6.5,0.2979,0.5884,0.0239,0.9787,0.0871,0.753,0.9787,3
2026-08-28 21:22:50,step_run6,1.04,45.78,62.07,instantaneous_fallback,36.554,7.655,0.0,1,,668,2546,0.2421,-36.67,3,-0.33,-36.53,6.5,24.9,0.3052,0.5884,0.0957,0.0,0.1523,0.7303,0.5884,2
2026-08-28 21:22:51,step_run6,1.017,46.56,56.67,instantaneous_fallback,36.554,7.655,0.0,1,,1176,2626,0.2494,-36.33,3,0.33,-36.53,6.5,24.9,0.3104,0.5209,0.0957,0.0,0.1523,0.7485,0.5209,2
2026-08-28 21:22:52,step_run6,1.016,54.61,56.67,instantaneous_fallback,33.941,2.565,0.0,1,,974,2993,0.26,-36.67,3,-0.33,-36.53,6.5,6.5,0.3641,0.5209,0.0321,0.0,0.1414,0.7667,0.5209,2
2026-08-28 21:22:53,step_run6,1.092,17.15,56.67,instantaneous_fallback,33.941,2.565,0.0,1,,284,1067,0.2573,-36.33,3,0.33,-36.47,6.5,6.5,0.1143,0.5209,0.0321,0.0,0.1414,0.7622,0.5209,2
2026-08-28 21:22:54,step_run6,1.057,49.26,56.67,instantaneous_fallback,34.577,6.734,0.0,1,,628,2841,0.236,-36.33,3,0.0,-36.47,6.5,6.5,0.3284,0.5209,0.0842,0.0,0.1441,0.715,0.5209,2
2026-08-28 21:22:55,step_run6,1.079,54.82,63.33,delta,40.155,6.734,0.0,1,,736,3190,0.23,-36.33,3,0.0,-36.4,6.5,6.5,0.3655,0.6041,0.0842,0.0,0.1673,0.7,0.6041,2
2026-08-28 21:22:56,step_run6,1.048,50.91,63.33,instantaneous_fallback,34.577,6.734,0.0,1,,506,2687,0.1967,-37.0,3,-0.67,-36.53,6.5,24.9,0.3394,0.6041,0.0842,0.0,0.1441,0.6168,0.6041,2
2026-08-28 21:22:57,step_run6,1.057,52.07,68.97,instantaneous_fallback,38.33,6.734,0.0,1,,606,2883,0.1789,-37.0,3,0.0,-36.6,6.5,6.5,0.3471,0.6746,0.0842,0.0,0.1597,0.5723,0.6746,2
2026-08-28 21:22:58,step_run6,1.016,50.61,63.33,instantaneous_fallback,27.56,6.177,0.0,1,,724,2830,0.1815,-36.67,3,0.33,-36.67,6.5,6.5,0.3374,0.6041,0.0772,0.0,0.1148,0.5787,0.6041,2
2026-08-28 21:22:59,step_run6,1.034,29.63,53.33,instantaneous_fallback,29.164,6.177,0.0,1,,574,1598,0.1926,-36.0,3,0.67,-36.6,6.5,6.5,0.1975,0.4722,0.0772,0.0,0.1215,0.6065,0.4722,1
2026-08-28 21:23:00,step_run6,1.035,48.73,53.33,instantaneous_fallback,22.803,6.928,0.0,1,,500,2886,0.1842,-35.67,3,0.33,-36.47,6.5,6.5,0.3249,0.4722,0.0866,0.0,0.095,0.5855,0.4722,1
2026-08-28 21:23:01,step_run6,1.016,60.09,60.0,instantaneous_fallback,13.438,6.928,0.0,1,,196,3307,0.1615,-35.67,3,0.0,-36.2,6.5,6.5,0.4006,0.5625,0.0866,0.0,0.056,0.5288,0.5625,2
2026-08-28 21:23:02,step_run6,1.014,49.79,62.07,instantaneous_fallback,8.189,3.056,0.0,1,,378,2750,0.1507,-36.33,3,-0.67,-36.07,6.5,6.5,0.3319,0.5884,0.0382,0.0,0.0341,0.5018,0.5884,2
2026-08-28 21:23:03,step_run6,1.029,30.08,62.07,delta,8.189,3.056,0.0,1,,360,1757,0.1404,-37.0,3,-0.67,-36.13,6.5,6.5,0.2005,0.5884,0.0382,0.0,0.0341,0.452,0.5884,2
2026-08-28 21:23:04,step_run6,1.063,37.45,62.07,instantaneous_fallback,13.679,6.9,0.0,1,,282,2214,0.1173,-37.0,3,0.0,-36.33,6.5,32.1,0.2497,0.5884,0.0863,0.0,0.057,0.3365,0.5884,2
2026-08-28 21:23:05,step_run6,1.046,56.76,60.0,instantaneous_fallback,31.973,6.9,0.0,1,,460,3208,0.1124,-36.67,3,0.33,-36.53,6.5,35.9,0.3784,0.5625,0.0863,0.0,0.1332,0.312,0.5625,2
2026-08-28 21:23:07,step_run6,1.078,51.39,60.0,instantaneous_fallback,51.435,6.767,0.0,1,,416,3008,0.1278,-36.33,3,0.33,-36.67,6.5,6.5,0.3426,0.5625,0.0846,0.0,0.2143,0.389,0.5625,2
2026-08-28 21:23:08,step_run6,1.018,51.42,63.33,instantaneous_fallback,51.435,6.767,0.0,1,,148,2872,0.1131,-36.67,3,-0.33,-36.73,6.5,6.5,0.3428,0.6041,0.0846,0.0,0.2143,0.3155,0.6041,2
2026-08-28 21:23:09,step_run6,1.028,48.06,63.33,instantaneous_fallback,49.471,5.751,0.0,1,,580,2706,0.1187,-36.67,3,0.0,-36.67,6.5,6.5,0.3204,0.6041,0.0719,0.0,0.2061,0.3435,0.6041,2
2026-08-28 21:23:10,step_run6,1.041,48.55,60.0,instantaneous_fallback,15.735,5.751,0.0,1,,512,2734,0.1271,-36.67,3,0.0,-36.6,6.5,35.8,0.3237,0.5625,0.0719,0.0,0.0656,0.3855,0.5625,2
2026-08-28 21:23:11,step_run6,1.035,47.76,60.0,delta,43.859,4.63,0.0,1,,686,2630,0.1438,-36.67,3,0.0,-36.6,6.5,43.1,0.3184,0.5625,0.0579,0.0,0.1827,0.469,0.5625,2
2026-08-28 21:23:12,step_run6,1.014,45.45,62.07,instantaneous_fallback,15.735,4.63,0.0,1,,1100,2648,0.1821,-36.67,3,0.0,-36.67,6.5,35.8,0.303,0.5884,0.0579,0.0,0.0656,0.5803,0.5884,2
2026-08-28 21:23:13,step_run6,1.098,56.14,62.07,instantaneous_fallback,43.859,4.63,0.0,1,,462,3192,0.1936,-36.67,3,0.0,-36.67,6.5,6.5,0.3743,0.5884,0.0579,0.0,0.1827,0.609,0.5884,2
2026-08-28 21:23:14,step_run6,1.082,25.13,62.07,delta,44.74,4.63,0.0,1,,510,1362,0.2065,-36.33,3,0.33,-36.6,6.5,35.8,0.1675,0.5884,0.0579,0.0,0.1864,0.6412,0.5884,2
2026-08-28 21:23:15,step_run6,1.058,49.18,58.62,instantaneous_fallback,44.74,4.63,0.0,1,,922,2702,0.227,-36.67,3,-0.33,-36.6,6.5,35.8,0.3279,0.5453,0.0579,0.0,0.1864,0.6925,0.5453,2
2026-08-28 21:23:16,step_run6,1.027,57.07,63.33,instantaneous_fallback,29.152,6.826,6.117,1,,620,3178,0.2165,-36.33,3,0.33,-36.53,6.5,35.8,0.3805,0.6041,0.0853,0.8058,0.1215,0.6663,0.8058,3
2026-08-28 21:23:17,step_run6,1.041,60.03,63.33,instantaneous_fallback,16.731,6.826,6.117,1,,1004,3339,0.2035,-36.67,3,-0.33,-36.53,6.5,6.5,0.4002,0.6041,0.0853,0.8058,0.0697,0.6337,0.8058,3
2026-08-28 21:23:18,step_run6,1.023,48.0,63.33,instantaneous_fallback,16.731,7.777,0.0,1,,376,2663,0.2058,-36.67,3,0.0,-36.53,6.5,6.5,0.32,0.6041,0.0972,0.0,0.0697,0.6395,0.6041,2
2026-08-28 21:23:19,step_run6,1.016,50.87,60.0,instantaneous_fallback,22.396,7.777,0.0,1,,980,2718,0.2109,-36.33,3,0.33,-36.53,6.5,6.5,0.3391,0.5625,0.0972,0.0,0.0933,0.6522,0.5625,2
2026-08-28 21:23:20,step_run6,1.034,55.57,60.0,instantaneous_fallback,26.32,7.777,0.0,1,,688,2967,0.1979,-36.67,3,-0.33,-36.53,6.5,6.5,0.3705,0.5625,0.0972,0.0,0.1097,0.6198,0.5625,2
2026-08-28 21:23:21,step_run6,1.079,52.05,56.67,instantaneous_fallback,26.32,7.777,0.0,1,,608,2862,0.2008,-36.33,3,0.33,-36.53,6.5,6.5,0.347,0.5209,0.0972,0.0,0.1097,0.627,0.5209,2
2026-08-28 21:23:22,step_run6,1.014,48.13,60.0,instantaneous_fallback,39.165,5.251,0.0,1,,140,2661,0.1676,-37.0,3,-0.67,-36.6,6.5,6.5,0.3209,0.5625,0.0656,0.0,0.1632,0.544,0.5625,2
2026-08-28 21:23:23,step_run6,1.063,38.78,60.0,instantaneous_fallback,39.165,5.251,0.0,1,,576,2390,0.1803,-37.33,3,-0.33,-36.73,6.5,6.5,0.2585,0.5625,0.0656,0.0,0.1632,0.5757,0.5625,2
2026-08-28 21:23:24,step_run6,1.025,39.14,60.0,instantaneous_fallback,26.838,5.558,0.0,1,,274,2192,0.1488,-37.0,3,0.33,-36.87,6.5,6.5,0.2609,0.5625,0.0695,0.0,0.1118,0.494,0.5625,2
2026-08-28 21:23:25,step_run6,1.031,32.16,43.33,instantaneous_fallback,26.838,5.558,0.0,1,,336,1671,0.1411,-36.67,3,0.33,-36.87,6.5,32.1,0.2144,0.3055,0.0695,0.0,0.1118,0.4555,0.3055,1
2026-08-28 21:23:26,step_run6,1.017,56.71,43.33,instantaneous_fallback,22.803,5.675,0.266,1,,340,3247,0.1205,-36.67,3,0.0,-36.93,6.5,6.5,0.3781,0.3055,0.0709,0.133,0.095,0.3525,0.3055,1
2026-08-28 21:23:27,step_run6,1.065,57.86,63.33,instantaneous_fallback,28.818,5.675,0.266,1,,452,3364,0.1333,-37.0,3,-0.33,-36.93,6.5,32.1,0.3857,0.6041,0.0709,0.133,0.1201,0.4165,0.6041,2
2026-08-28 21:23:28,step_run6,1.02,53.92,63.33,instantaneous_fallback,22.803,6.554,0.0,1,,854,2794,0.1453,-38.67,3,-1.67,-37.2,6.5,6.5,0.3595,0.6041,0.0819,0.0,0.095,0.4765,0.6041,2
2026-08-28 21:23:29,step_run6,1.056,51.3,63.33,instantaneous_fallback,28.818,6.554,0.0,1,,858,3093,0.167,-36.33,3,2.33,-37.07,6.5,6.5,0.342,0.6041,0.0819,0.0,0.1201,0.5425,0.6041,2
2026-08-28 21:23:30,step_run6,1.184,52.26,56.67,instantaneous_fallback,35.059,6.554,0.0,1,,1102,3211,0.1867,-38.33,3,-2.0,-37.4,6.5,6.5,0.3484,0.5209,0.0819,0.0,0.1461,0.5917,0.5209,2
2026-08-28 21:23:32,step_run6,1.074,44.69,56.67,instantaneous_fallback,44.025,5.136,0.0,1,,426,2449,0.1985,-38.33,3,0.0,-37.73,6.5,6.5,0.2979,0.5209,0.0642,0.0,0.1834,0.6213,0.5209,2
2026-08-28 21:23:33,step_run6,1.051,58.07,60.0,instantaneous_fallback,44.025,5.136,0.0,1,,976,3433,0.2196,-36.33,3,2.0,-37.6,6.5,43.1,0.3871,0.5625,0.0642,0.0,0.1834,0.674,0.5625,2
2026-08-28 21:23:34,step_run6,2.011,20.02,60.0,instantaneous_fallback,21.99,5.663,0.0,1,,684,2253,0.2189,-37.67,3,-1.33,-37.4,6.5,6.5,0.1335,0.5625,0.0708,0.0,0.0916,0.6723,0.5625,2
2026-08-28 21:23:36,step_run6,1.028,92.99,60.0,instantaneous_fallback,21.99,5.663,0.0,1,,1476,4321,0.2294,-36.67,3,1.0,-37.47,6.5,35.8,0.6199,0.5625,0.0708,0.0,0.0916,0.6985,0.5625,2
2026-08-28 21:23:37,step_run6,1.059,53.16,58.62,instantaneous_fallback,24.781,8.278,11.968,1,,910,3354,0.2205,-38.0,3,-1.33,-37.4,6.5,6.5,0.3544,0.5453,0.1035,1.0,0.1033,0.6763,1.0,3
2026-08-28 21:23:38,step_run6,1.084,57.3,63.33,instantaneous_fallback,92.863,8.278,11.968,1,,1152,3351,0.2372,-37.0,3,1.0,-37.13,6.5,6.5,0.382,0.6041,0.1035,1.0,0.3869,0.718,1.0,3
2026-08-28 21:23:39,step_run6,1.073,44.92,56.67,instantaneous_fallback,31.282,4.938,0.0,1,,808,2511,0.2416,-37.33,3,-0.33,-37.33,6.5,35.8,0.2995,0.5209,0.0617,0.0,0.1303,0.729,0.5209,2
2026-08-28 21:23:40,step_run6,1.114,43.14,56.67,instantaneous_fallback,56.563,4.938,0.0,1,,804,2747,0.2403,-38.0,3,-0.67,-37.4,6.5,6.5,0.2876,0.5209,0.0617,0.0,0.2357,0.7258,0.5209,2
2026-08-28 21:23:41,step_run6,1.071,49.89,56.67,instantaneous_fallback,40.74,6.117,2.926,1,,898,2867,0.2356,-37.33,3,0.67,-37.53,6.5,6.5,0.3326,0.5209,0.0765,0.6204,0.1698,0.714,0.6204,2
2026-08-28 21:23:42,step_run6,1.017,59.96,60.0,instantaneous_fallback,43.161,6.117,2.926,1,,626,3277,0.2252,-37.67,3,-0.33,-37.47,6.5,35.8,0.3997,0.5625,0.0765,0.6204,0.1798,0.688,0.6204,2
2026-08-28 21:23:43,step_run6,1.013,39.34,62.07,instantaneous_fallback,40.74,3.001,0.0,1,,872,2216,0.2274,-38.0,3,-0.33,-37.67,6.5,35.8,0.2623,0.5884,0.0375,0.0,0.1698,0.6935,0.5884,2
2026-08-28 21:23:44,step_run6,1.018,17.18,60.0,instantaneous_fallback,14.479,3.001,0.0,1,,210,1166,0.2174,-38.67,3,-0.67,-37.93,6.5,32.1,0.1145,0.5625,0.0375,0.0,0.0603,0.6685,0.5625,2
2026-08-28 21:23:45,step_run6,1.016,3.79,46.67,instantaneous_fallback,4.309,1.194,0.0,1,,12,395,0.2088,-37.67,3,1.0,-37.87,6.5,6.5,0.0253,0.3612,0.0149,0.0,0.018,0.647,0.3612,1
2026-08-28 21:23:46,step_run6,1.015,0.39,26.67,instantaneous_fallback,2.556,1.194,0.0,1,,6,220,0.1918,-37.67,3,0.0,-37.93,6.5,6.5,0.0026,0.1667,0.0149,0.0,0.0106,0.6045,0.1667,0
2026-08-28 21:23:47,step_run6,1.045,0.37,17.24,instantaneous_fallback,2.556,2.227,0.0,1,,0,214,0.2071,-37.67,3,0.0,-37.93,6.5,6.5,0.0025,0.1077,0.0278,0.0,0.0106,0.6428,0.1077,0
2026-08-28 21:23:48,step_run6,1.122,0.82,16.67,delta,20.13,2.227,0.0,1,,0,178,0.095,-37.67,3,0.0,-37.87,6.5,35.8,0.0055,0.1042,0.0278,0.0,0.0839,0.2375,0.1042,0
2026-08-28 21:23:49,step_run6,1.018,0.04,16.67,instantaneous_fallback,20.13,2.227,0.0,1,,0,26,0.0171,-37.67,3,0.0,-37.67,6.5,6.5,0.0003,0.1042,0.0278,0.0,0.0839,0.0427,0.1042,0
2026-08-28 21:23:50,step_run6,1.015,0.17,16.67,instantaneous_fallback,4.536,2.227,0.0,1,,0,96,0.0081,-38.0,3,-0.33,-37.73,6.5,6.5,0.0011,0.1042,0.0278,0.0,0.0189,0.0202,0.1042,0
2026-08-28 21:23:52,step_run6,1.015,0.37,16.67,instantaneous_fallback,4.536,1.492,0.0,1,,16,211,0.0216,-38.0,3,0.0,-37.8,6.5,6.5,0.0025,0.1042,0.0186,0.0,0.0189,0.054,0.1042,0
2026-08-28 21:23:53,step_run6,1.021,0.41,16.67,instantaneous_fallback,5.829,1.492,0.0,1,,0,229,0.0212,-38.67,3,-0.67,-38.0,6.5,6.5,0.0027,0.1042,0.0186,0.0,0.0243,0.053,0.1042,0
2026-08-28 21:23:54,step_run6,1.015,0.37,16.67,instantaneous_fallback,5.829,1.55,0.0,1,,0,213,0.0202,-38.67,3,0.0,-38.2,6.5,6.5,0.0025,0.1042,0.0194,0.0,0.0243,0.0505,0.1042,0
2026-08-28 21:23:55,step_run6,1.019,0.39,20.69,instantaneous_fallback,5.334,1.55,0.0,1,,12,229,0.0278,-39.0,3,-0.33,-38.47,6.5,6.5,0.0026,0.1293,0.0194,0.0,0.0222,0.0695,0.1293,0
2026-08-28 21:23:56,step_run6,1.014,3.85,20.0,instantaneous_fallback,1.988,0.963,0.0,1,,10,379,0.0293,-39.0,3,0.0,-38.67,6.5,35.8,0.0257,0.125,0.012,0.0,0.0083,0.0733,0.125,0
2026-08-28 21:23:57,step_run6,1.015,0.22,20.69,instantaneous_fallback,2.031,0.963,0.0,1,,8,129,0.0248,-38.67,3,0.33,-38.8,6.5,6.5,0.0015,0.1293,0.012,0.0,0.0085,0.062,0.1293,0
2026-08-28 21:23:58,step_run6,1.013,0.42,20.0,delta,2.031,1.424,0.0,1,,0,219,0.025,-38.67,3,0.0,-38.8,6.5,6.5,0.0028,0.125,0.0178,0.0,0.0085,0.0625,0.125,0
2026-08-28 21:23:59,step_run6,1.015,0.43,16.67,instantaneous_fallback,2.031,1.424,0.0,1,,4,234,0.0278,-39.0,3,-0.33,-38.87,6.5,6.5,0.0029,0.1042,0.0178,0.0,0.0085,0.0695,0.1042,0
2026-08-28 21:24:00,step_run6,1.013,1.45,16.67,instantaneous_fallback,2.388,1.934,0.0,1,,8,288,0.0235,-39.67,3,-0.67,-39.0,6.5,35.8,0.0097,0.1042,0.0242,0.0,0.0099,0.0588,0.1042,0
2026-08-28 21:24:01,step_run6,1.01,0.4,16.67,instantaneous_fallback,2.388,1.934,0.0,1,,0,220,0.018,-39.67,3,0.0,-39.13,6.5,6.5,0.0027,0.1042,0.0242,0.0,0.0099,0.045,0.1042,0
2026-08-28 21:24:02,step_run6,1.011,0.47,17.24,instantaneous_fallback,2.575,1.71,0.0,1,,0,239,0.0099,-40.0,3,-0.33,-39.4,6.5,6.5,0.0031,0.1077,0.0214,0.0,0.0107,0.0248,0.1077,0
2026-08-28 21:24:03,step_run6,1.009,3.8,17.24,delta,2.631,1.71,0.0,1,,90,426,0.0676,-37.67,3,2.33,-39.2,6.5,6.5,0.0253,0.1077,0.0214,0.0,0.011,0.169,0.1077,0
2026-08-28 21:24:04,step_run6,1.008,0.39,20.0,instantaneous_fallback,3.389,1.939,0.0,1,,0,207,0.0663,-37.67,3,0.0,-38.93,6.5,6.5,0.0026,0.125,0.0242,0.0,0.0141,0.1658,0.125,0
2026-08-28 21:24:05,step_run6,1.008,0.48,30.0,instantaneous_fallback,3.389,1.939,0.0,1,,8,240,0.0685,-38.0,3,-0.33,-38.6,6.5,6.5,0.0032,0.1875,0.0242,0.0,0.0141,0.1713,0.1875,0
2026-08-28 21:24:06,step_run6,1.009,0.39,20.0,instantaneous_fallback,2.441,2.719,0.0,1,,0,223,0.0684,-38.0,3,0.0,-38.27,6.5,6.5,0.0026,0.125,0.034,0.0,0.0102,0.171,0.125,0
2026-08-28 21:24:07,step_run6,1.013,3.93,20.0,instantaneous_fallback,2.441,2.719,0.0,1,,4,367,0.0652,-39.0,3,-1.0,-38.07,6.5,6.5,0.0262,0.125,0.034,0.0,0.0102,0.163,0.125,0
2026-08-28 21:24:08,step_run6,1.015,0.46,20.0,instantaneous_fallback,2.621,0.665,0.0,1,,4,226,0.0125,-39.0,3,0.0,-38.33,6.5,6.5,0.0031,0.125,0.0083,0.0,0.0109,0.0312,0.125,0
2026-08-28 21:24:09,step_run6,1.02,0.27,16.67,instantaneous_fallback,3.398,0.665,0.0,1,,0,139,0.0132,-39.33,3,-0.33,-38.67,6.5,6.5,0.0018,0.1042,0.0083,0.0,0.0142,0.033,0.1042,0
2026-08-28 21:24:10,step_run6,1.017,0.39,16.67,instantaneous_fallback,3.398,1.544,0.0,1,,0,227,0.0067,-39.33,3,0.0,-38.93,6.5,6.5,0.0026,0.1042,0.0193,0.0,0.0142,0.0168,0.1042,0
2026-08-28 21:24:11,step_run6,1.017,0.38,16.67,instantaneous_fallback,2.949,1.544,0.0,1,,6,230,0.0116,-39.67,3,-0.33,-39.27,6.5,6.5,0.0025,0.1042,0.0193,0.0,0.0123,0.029,0.1042,0
2026-08-28 21:24:12,step_run6,1.031,0.37,16.67,instantaneous_fallback,2.949,0.681,0.0,1,,0,212,0.0096,-39.67,3,0.0,-39.4,6.5,6.5,0.0025,0.1042,0.0085,0.0,0.0123,0.024,0.1042,0
2026-08-28 21:24:13,step_run6,1.016,0.38,16.67,delta,2.949,0.681,0.0,1,,0,221,0.0058,-39.67,3,0.0,-39.53,6.5,6.5,0.0025,0.1042,0.0085,0.0,0.0123,0.0145,0.1042,0
2026-08-28 21:24:14,step_run6,1.024,0.38,20.0,instantaneous_fallback,5.794,0.888,0.0,1,,0,218,0.0054,-39.67,3,0.0,-39.6,6.5,32.1,0.0025,0.125,0.0111,0.0,0.0241,0.0135,0.125,0
2026-08-28 21:24:15,step_run6,1.013,0.59,20.0,instantaneous_fallback,5.794,0.888,0.0,1,,0,239,0.0053,-40.0,3,-0.33,-39.73,6.5,6.5,0.0039,0.125,0.0111,0.0,0.0241,0.0133,0.125,0
2026-08-28 21:24:16,step_run6,1.013,0.72,20.0,instantaneous_fallback,5.794,1.311,0.0,1,,0,220,0.0,-40.33,3,-0.33,-39.87,6.5,6.5,0.0048,0.125,0.0164,0.0,0.0241,0.0,0.125,0
2026-08-28 21:24:17,step_run6,1.016,0.37,20.69,instantaneous_fallback,6.328,1.311,0.0,1,,4,214,0.0036,-40.33,3,0.0,-40.0,6.5,6.5,0.0025,0.1293,0.0164,0.0,0.0264,0.009,0.1293,0
2026-08-28 21:24:18,step_run6,1.017,0.39,16.67,delta,3.087,0.965,0.0,1,,0,211,0.0036,-40.33,3,0.0,-40.13,6.5,6.5,0.0026,0.1042,0.0121,0.0,0.0129,0.009,0.1042,0
2026-08-28 21:24:19,step_run6,1.015,0.4,16.67,instantaneous_fallback,3.087,0.965,0.0,1,,0,233,0.0036,-40.33,3,0.0,-40.27,6.5,32.1,0.0027,0.1042,0.0121,0.0,0.0129,0.009,0.1042,0
2026-08-28 21:24:20,step_run6,1.014,0.38,16.67,instantaneous_fallback,2.619,1.584,0.0,1,,0,213,0.0037,-40.33,3,0.0,-40.33,6.5,6.5,0.0025,0.1042,0.0198,0.0,0.0109,0.0092,0.1042,0
2026-08-28 21:24:21,step_run6,1.014,0.4,16.67,instantaneous_fallback,2.38,1.584,0.0,1,,16,228,0.0179,-40.0,3,0.33,-40.27,6.5,6.5,0.0027,0.1042,0.0198,0.0,0.0099,0.0447,0.1042,0
2026-08-28 21:24:22,step_run6,1.013,0.19,16.67,instantaneous_fallback,2.38,0.724,0.0,1,,0,102,0.016,-40.0,3,0.0,-40.2,6.5,6.5,0.0013,0.1042,0.009,0.0,0.0099,0.04,0.1042,0
2026-08-28 21:24:23,step_run6,1.015,0.38,16.67,instantaneous_fallback,2.38,0.724,0.0,1,,6,218,0.0217,-40.0,3,0.0,-40.13,6.5,35.8,0.0025,0.1042,0.009,0.0,0.0099,0.0542,0.1042,0
2026-08-28 21:24:24,step_run6,1.016,0.38,16.67,instantaneous_fallback,3.022,1.65,0.0,1,,0,217,0.022,-40.0,3,0.0,-40.07,6.5,6.5,0.0025,0.1042,0.0206,0.0,0.0126,0.055,0.1042,0
2026-08-28 21:24:25,step_run6,1.015,0.38,23.33,instantaneous_fallback,3.187,1.65,0.0,1,,0,223,0.0218,-40.0,3,0.0,-40.0,6.5,6.5,0.0025,0.1458,0.0206,0.0,0.0133,0.0545,0.1458,0
2026-08-28 21:24:26,step_run6,1.013,0.37,23.33,delta,3.191,0.954,0.0,1,,0,209,0.0062,-40.0,3,0.0,-40.0,6.5,35.8,0.0025,0.1458,0.0119,0.0,0.0133,0.0155,0.1458,0
2026-08-28 21:24:27,step_run6,1.015,0.37,17.24,instantaneous_fallback,3.252,0.954,0.0,1,,0,216,0.0055,-39.67,3,0.33,-39.93,6.5,6.5,0.0025,0.1077,0.0119,0.0,0.0135,0.0137,0.1077,0
2026-08-28 21:24:28,step_run6,1.019,0.38,17.24,delta,7.212,0.797,0.0,1,,0,215,0.0,-39.67,3,0.0,-39.87,6.5,35.8,0.0025,0.1077,0.01,0.0,0.0301,0.0,0.1077,0
2026-08-28 21:24:29,step_run6,1.014,0.38,17.24,instantaneous_fallback,7.617,0.797,0.0,1,,0,226,0.0,-39.67,3,0.0,-39.8,6.5,6.5,0.0025,0.1077,0.01,0.0,0.0317,0.0,0.1077,0
2026-08-28 21:24:30,step_run6,1.015,0.38,16.67,instantaneous_fallback,7.212,1.372,0.0,1,,0,216,0.0,-39.67,3,0.0,-39.73,6.5,6.5,0.0025,0.1042,0.0172,0.0,0.0301,0.0,0.1042,0
2026-08-28 21:24:31,step_run6,1.014,0.39,16.67,instantaneous_fallback,2.922,1.372,0.0,1,,18,233,0.016,-39.67,3,0.0,-39.67,6.5,6.5,0.0026,0.1042,0.0172,0.0,0.0122,0.04,0.1042,0
2026-08-28 21:24:32,step_run6,1.066,0.35,16.67,instantaneous_fallback,2.922,1.327,0.0,1,,0,202,0.0162,-39.67,3,0.0,-39.67,6.5,6.5,0.0023,0.1042,0.0166,0.0,0.0122,0.0405,0.1042,0
2026-08-28 21:24:33,step_run6,1.021,0.38,16.67,instantaneous_fallback,16.039,1.327,0.0,1,,0,220,0.0161,-39.33,3,0.33,-39.6,6.5,6.5,0.0025,0.1042,0.0166,0.0,0.0668,0.0402,0.1042,0
2026-08-28 21:24:34,step_run6,1.016,0.37,16.67,instantaneous_fallback,20.336,0.947,0.0,1,,0,213,0.0163,-39.33,3,0.0,-39.53,6.5,6.5,0.0025,0.1042,0.0118,0.0,0.0847,0.0407,0.1042,0
2026-08-28 21:24:35,step_run6,1.016,0.42,16.67,instantaneous_fallback,16.039,0.947,0.0,1,,0,229,0.0161,-39.0,3,0.33,-39.4,6.5,6.5,0.0028,0.1042,0.0118,0.0,0.0668,0.0402,0.1042,0
2026-08-28 21:24:36,step_run6,1.013,0.23,16.67,instantaneous_fallback,5.489,1.777,0.0,1,,0,118,0.0,-38.67,3,0.33,-39.2,6.5,6.5,0.0015,0.1042,0.0222,0.0,0.0229,0.0,0.1042,0
2026-08-28 21:24:37,step_run6,1.014,0.38,16.67,instantaneous_fallback,2.285,1.777,0.0,1,,0,207,0.0,-38.67,3,0.0,-39.0,6.5,6.5,0.0025,0.1042,0.0222,0.0,0.0095,0.0,0.1042,0
