sample_id,timestep,rps,channel_occupancy,packet_loss,latency,label,scenario
0,0,0.486942,0.331785,0.098206,0.114898,0,emergency_ramp
0,1,0.386704,0.313009,0.042304,0.146953,0,emergency_ramp
0,2,0.480166,0.306181,0.070525,0.148945,0,emergency_ramp
0,3,0.47146,0.332395,0.073251,0.078695,0,emergency_ramp
0,4,0.371483,0.336906,0.085528,0.076938,0,emergency_ramp
0,5,0.320458,0.368182,0.065647,0.073806,0,emergency_ramp
0,6,0.493915,0.322989,0.064757,0.083395,0,emergency_ramp
0,7,0.461925,0.325127,0.057292,0.091965,0,emergency_ramp
0,8,0.443756,0.316605,0.082046,0.13277,0,emergency_ramp
0,9,0.388404,0.385612,0.076937,0.075189,0,emergency_ramp
1,0,0.494817,0.707709,0.359231,0.213795,2,startup_surge
1,1,0.599846,0.696114,0.381805,0.205408,2,startup_surge
1,2,0.668641,0.71863,0.460322,0.184653,2,startup_surge
1,3,0.499109,0.739544,0.380932,0.192187,2,startup_surge
1,4,0.527581,0.774675,0.323771,0.218421,2,startup_surge
1,5,0.644351,0.694374,0.312255,0.191744,2,startup_surge
1,6,0.692957,0.770977,0.327765,0.310052,2,startup_surge
1,7,0.575185,0.662983,0.395579,0.329757,2,startup_surge
1,8,0.485974,0.726624,0.460247,0.266599,2,startup_surge
1,9,0.453484,0.736077,0.336169,0.249958,2,startup_surge
2,0,0.400498,0.30614,0.051738,0.096422,0,emergency_ramp
2,1,0.485462,0.303393,0.072277,0.098767,0,emergency_ramp
2,2,0.338953,0.364451,0.043448,0.144376,0,emergency_ramp
2,3,0.446161,0.356883,0.033554,0.142106,0,emergency_ramp
2,4,0.30874,0.383201,0.050615,0.12634,0,emergency_ramp
2,5,0.36717,0.360792,0.053607,0.128911,0,emergency_ramp
2,6,0.380277,0.318737,0.096088,0.140353,0,emergency_ramp
2,7,0.32167,0.303784,0.072122,0.098504,0,emergency_ramp
2,8,0.427355,0.347917,0.060384,0.105054,0,emergency_ramp
2,9,0.329135,0.344667,0.098867,0.084473,0,emergency_ramp
3,0,0.01027,0.076032,0.003753,0.029064,0,lunch_restart
3,1,0.013416,0.070632,0.004499,0.012424,0,lunch_restart
3,2,0.016758,0.067296,0.005444,0.012137,0,lunch_restart
3,3,0.025599,0.058745,0.005442,0.016594,0,lunch_restart
3,4,0.010634,0.063506,0.004687,0.022753,0,lunch_restart
3,5,0.024806,0.095049,0.006557,0.017386,0,lunch_restart
3,6,0.014707,0.091473,0.003587,0.015569,0,lunch_restart
3,7,0.029933,0.050225,0.002955,0.012304,0,lunch_restart
3,8,0.015737,0.061202,0.002205,0.01916,0,lunch_restart
3,9,0.012915,0.090364,0.000829,0.010705,0,lunch_restart
4,0,0.12962,0.284663,0.081444,0.075441,0,startup_surge
4,1,0.180254,0.266232,0.062383,0.072276,0,startup_surge
4,2,0.172189,0.23333,0.102219,0.101085,0,startup_surge
4,3,0.189101,0.253371,0.050403,0.108971,0,startup_surge
4,4,0.191019,0.296274,0.100099,0.110781,0,startup_surge
4,5,0.189458,0.345833,0.097511,0.11308,0,startup_surge
4,6,0.209698,0.364822,0.140181,0.13516,0,startup_surge
4,7,0.241209,0.422986,0.070756,0.109446,0,startup_surge
4,8,0.232922,0.381758,0.204508,0.11796,0,startup_surge
4,9,0.245981,0.394695,0.134482,0.128814,0,startup_surge
5,0,0.294819,0.476006,0.229803,0.221176,1,lunch_restart
5,1,0.278251,0.495505,0.211641,0.237388,1,lunch_restart
5,2,0.299298,0.517938,0.268311,0.246197,1,lunch_restart
5,3,0.310403,0.550021,0.256734,0.244944,1,lunch_restart
5,4,0.317817,0.56033,0.265771,0.266747,1,lunch_restart
5,5,0.353744,0.532848,0.239722,0.299524,1,lunch_restart
5,6,0.345145,0.566243,0.287835,0.297701,1,lunch_restart
5,7,0.370324,0.595577,0.265735,0.316527,1,lunch_restart
5,8,0.380118,0.585943,0.274351,0.313226,1,lunch_restart
5,9,0.390444,0.547776,0.24918,0.292172,1,lunch_restart
6,0,0.657674,0.757733,0.457057,0.378777,2,startup_surge
6,1,0.451073,0.715734,0.391156,0.333193,2,startup_surge
6,2,0.509322,0.665506,0.269385,0.35829,2,startup_surge
6,3,0.613563,0.709059,0.393547,0.324263,2,startup_surge
6,4,0.561555,0.758007,0.38682,0.381676,2,startup_surge
6,5,0.479363,0.742699,0.213093,0.255779,2,startup_surge
6,6,0.466198,0.774594,0.382068,0.21441,2,startup_surge
6,7,0.685838,0.752771,0.359775,0.181467,2,startup_surge
6,8,0.662112,0.680514,0.286841,0.18744,2,startup_surge
6,9,0.529762,0.668019,0.271675,0.367849,2,startup_surge
7,0,0.344591,0.447692,0.192128,0.211784,2,startup_surge
7,1,0.338512,0.474094,0.207838,0.169184,2,startup_surge
7,2,0.380319,0.521712,0.236432,0.185159,2,startup_surge
7,3,0.38497,0.506577,0.181434,0.191201,2,startup_surge
7,4,0.389318,0.558789,0.249194,0.2132,2,startup_surge
7,5,0.396232,0.556696,0.259657,0.20254,2,startup_surge
7,6,0.554339,0.714416,0.236713,0.350632,2,startup_surge
7,7,0.694242,0.731967,0.230467,0.326044,2,startup_surge
7,8,0.561946,0.764489,0.46784,0.327907,2,startup_surge
7,9,0.454109,0.736138,0.209212,0.373969,2,startup_surge
8,0,0.068822,0.196584,0.032303,0.03828,0,startup_surge
8,1,0.083422,0.147228,0.01318,0.026579,0,startup_surge
8,2,0.086959,0.178372,0.00996,0.054176,0,startup_surge
8,3,0.071109,0.16581,0.030666,0.057717,0,startup_surge
8,4,0.057169,0.151818,0.016222,0.023981,0,startup_surge
8,5,0.069335,0.10421,0.020478,0.050067,0,startup_surge
8,6,0.093552,0.16575,0.023195,0.028601,0,startup_surge
8,7,0.066554,0.16426,0.029047,0.020269,0,startup_surge
8,8,0.053132,0.112487,0.004325,0.030425,0,startup_surge
8,9,0.097957,0.179591,0.002722,0.054196,0,startup_surge
9,0,0.016351,0.086752,0.004421,0.028083,0,lunch_restart
9,1,0.02293,0.09998,0.005287,0.012359,0,lunch_restart
9,2,0.027803,0.07051,0.000813,0.02283,0,lunch_restart
9,3,0.012773,0.076121,0.00385,0.026802,0,lunch_restart
9,4,0.020935,0.082557,0.00567,0.025738,0,lunch_restart
9,5,0.011768,0.096028,0.003378,0.010199,0,lunch_restart
9,6,0.01443,0.089851,0.006159,0.019044,0,lunch_restart
9,7,0.016182,0.053221,0.000319,0.012307,0,lunch_restart
9,8,0.021582,0.085648,0.006128,0.013057,0,lunch_restart
9,9,0.021098,0.062597,0.006515,0.024126,0,lunch_restart
10,0,0.060329,0.141802,0.007862,0.045718,0,startup_surge
10,1,0.050571,0.187277,0.031361,0.026565,0,startup_surge
10,2,0.085685,0.17256,0.025652,0.055515,0,startup_surge
10,3,0.071873,0.189758,0.01071,0.020947,0,startup_surge
10,4,0.085927,0.12877,0.02608,0.028709,0,startup_surge
10,5,0.069391,0.146543,0.030675,0.046197,0,startup_surge
10,6,0.0686,0.166733,0.025646,0.046971,0,startup_surge
10,7,0.095327,0.187082,0.013003,0.038308,0,startup_surge
10,8,0.063432,0.160914,0.005918,0.029806,0,startup_surge
10,9,0.069141,0.104881,0.026269,0.044879,0,startup_surge
11,0,0.397243,0.509332,0.141154,0.195037,1,imbalanced_ap_load
11,1,0.368753,0.500314,0.162059,0.190539,1,imbalanced_ap_load
11,2,0.405019,0.505725,0.148243,0.191985,1,imbalanced_ap_load
11,3,0.405272,0.546394,0.177298,0.21534,1,imbalanced_ap_load
11,4,0.401189,0.562333,0.193117,0.206604,1,imbalanced_ap_load
11,5,0.414279,0.531339,0.2056,0.230427,1,imbalanced_ap_load
11,6,0.429245,0.532174,0.169925,0.195244,1,imbalanced_ap_load
11,7,0.43962,0.571729,0.197426,0.247291,1,imbalanced_ap_load
11,8,0.465571,0.562458,0.218841,0.246096,1,imbalanced_ap_load
11,9,0.460674,0.571301,0.197677,0.255294,1,imbalanced_ap_load
12,0,0.930588,0.989762,0.906973,0.890668,3,emergency_ramp
12,1,0.935939,0.953311,0.897821,0.840731,3,emergency_ramp
12,2,0.937323,0.94439,0.898168,0.989648,3,emergency_ramp
12,3,0.99002,0.97707,0.894126,0.928618,3,emergency_ramp
12,4,1.0,1.0,0.991002,0.936967,3,emergency_ramp
12,5,0.990891,0.961285,0.894824,0.949372,3,emergency_ramp
12,6,0.98591,0.960652,0.952232,0.980723,3,emergency_ramp
12,7,1.0,0.929935,1.0,1.0,3,emergency_ramp
12,8,0.995669,0.944175,0.927077,0.985201,3,emergency_ramp
12,9,0.995156,1.0,1.0,0.950289,3,emergency_ramp
13,0,0.029984,0.116095,0.0,0.031315,0,lunch_restart
13,1,0.033477,0.122858,0.014957,0.035373,0,lunch_restart
13,2,0.053365,0.103617,0.018308,0.04663,0,lunch_restart
13,3,0.046724,0.133906,0.024405,0.04315,0,lunch_restart
13,4,0.042659,0.147544,0.0,0.036824,0,lunch_restart
13,5,0.041155,0.157099,0.038861,0.043087,0,lunch_restart
13,6,0.052815,0.131989,0.022239,0.053241,0,lunch_restart
13,7,0.048797,0.166874,0.025313,0.048282,0,lunch_restart
13,8,0.071414,0.175557,0.041573,0.070183,0,lunch_restart
13,9,0.086241,0.196207,0.039252,0.058056,0,lunch_restart
14,0,0.129932,0.27489,0.094544,0.08289,1,lunch_restart
14,1,0.130423,0.261246,0.092149,0.090857,1,lunch_restart
14,2,0.140693,0.313677,0.111356,0.131116,1,lunch_restart
14,3,0.167132,0.296439,0.093132,0.120401,1,lunch_restart
14,4,0.171873,0.320263,0.103325,0.127985,1,lunch_restart
14,5,0.180922,0.33546,0.144468,0.129686,1,lunch_restart
14,6,0.168816,0.360507,0.132,0.143473,1,lunch_restart
14,7,0.176445,0.365132,0.136802,0.149741,1,lunch_restart
14,8,0.206216,0.393099,0.14252,0.182246,1,lunch_restart
14,9,0.211658,0.43944,0.162323,0.167942,1,lunch_restart
15,0,0.093453,0.183967,0.029139,0.031493,0,startup_surge
15,1,0.074029,0.130355,0.019653,0.020529,0,startup_surge
15,2,0.078975,0.109551,0.01014,0.030667,0,startup_surge
15,3,0.057908,0.146044,0.016418,0.048593,0,startup_surge
15,4,0.093107,0.10987,0.000629,0.044241,0,startup_surge
15,5,0.096919,0.129767,0.027245,0.026324,0,startup_surge
15,6,0.072379,0.191811,0.026754,0.051738,0,startup_surge
15,7,0.051007,0.165355,0.016944,0.02594,0,startup_surge
15,8,0.051353,0.178344,0.012585,0.051818,0,startup_surge
15,9,0.065115,0.154058,0.005753,0.040505,0,startup_surge
16,0,0.015167,0.082882,0.000254,0.02162,0,lunch_restart
16,1,0.019084,0.08414,0.003604,0.017545,0,lunch_restart
16,2,0.014313,0.071137,0.00051,0.017599,0,lunch_restart
16,3,0.022491,0.09036,0.003674,0.018002,0,lunch_restart
16,4,0.01308,0.08357,0.000248,0.028614,0,lunch_restart
16,5,0.017183,0.085614,0.003315,0.025421,0,lunch_restart
16,6,0.025179,0.056471,0.002847,0.026012,0,lunch_restart
16,7,0.021833,0.077368,0.006384,0.010863,0,lunch_restart
16,8,0.035666,0.112257,0.003982,0.025956,0,lunch_restart
16,9,0.039417,0.108999,0.0,0.030827,0,lunch_restart
17,0,0.042253,0.142529,0.030433,0.034726,0,lunch_restart
17,1,0.04978,0.144517,0.009429,0.047301,0,lunch_restart
17,2,0.069559,0.165879,0.037373,0.048645,0,lunch_restart
17,3,0.065592,0.173544,0.039335,0.063767,0,lunch_restart
17,4,0.072027,0.173713,0.053084,0.077015,0,lunch_restart
17,5,0.082204,0.197144,0.059201,0.079644,0,lunch_restart
17,6,0.08411,0.219715,0.064416,0.079718,0,lunch_restart
17,7,0.076033,0.219655,0.046242,0.066657,0,lunch_restart
17,8,0.085515,0.212472,0.057957,0.074265,0,lunch_restart
17,9,0.091051,0.250179,0.051275,0.083658,0,lunch_restart
18,0,0.446366,0.654812,0.207032,0.271771,2,imbalanced_ap_load
18,1,0.475319,0.666651,0.295343,0.2995,2,imbalanced_ap_load
18,2,0.503498,0.657317,0.279516,0.282729,2,imbalanced_ap_load
18,3,0.464168,0.675126,0.286416,0.325781,2,imbalanced_ap_load
18,4,0.500329,0.703361,0.280991,0.333989,2,imbalanced_ap_load
18,5,0.506759,0.675993,0.307677,0.300614,2,imbalanced_ap_load
18,6,0.553659,0.698402,0.325726,0.363483,2,imbalanced_ap_load
18,7,0.542172,0.718975,0.346663,0.335487,2,imbalanced_ap_load
18,8,0.52241,0.694711,0.370249,0.344794,2,imbalanced_ap_load
18,9,0.544317,0.739508,0.344467,0.355176,2,imbalanced_ap_load
19,0,0.072027,0.173713,0.053084,0.077015,0,lunch_restart
19,1,0.082204,0.197144,0.059201,0.079644,0,lunch_restart
19,2,0.08411,0.219715,0.064416,0.079718,0,lunch_restart
19,3,0.076033,0.219655,0.046242,0.066657,0,lunch_restart
19,4,0.085515,0.212472,0.057957,0.074265,0,lunch_restart
19,5,0.091051,0.250179,0.051275,0.083658,0,lunch_restart
19,6,0.102136,0.239585,0.069392,0.075235,0,lunch_restart
19,7,0.115607,0.224711,0.041523,0.079696,0,lunch_restart
19,8,0.120489,0.250824,0.053913,0.093745,0,lunch_restart
19,9,0.09544,0.262547,0.027747,0.093666,0,lunch_restart
20,0,0.32887,0.542092,0.303256,0.282857,1,lunch_restart
20,1,0.389987,0.582297,0.269917,0.278439,1,lunch_restart
20,2,0.335366,0.587436,0.307481,0.319183,1,lunch_restart
20,3,0.375631,0.59481,0.317455,0.278012,1,lunch_restart
20,4,0.411535,0.593845,0.31188,0.313538,1,lunch_restart
20,5,0.402592,0.585773,0.348639,0.326127,1,lunch_restart
20,6,0.371815,0.653157,0.343085,0.330001,1,lunch_restart
20,7,0.45145,0.615342,0.391894,0.370046,1,lunch_restart
20,8,0.400167,0.642374,0.356752,0.352802,1,lunch_restart
20,9,0.421853,0.648332,0.361573,0.33994,1,lunch_restart
21,0,0.584238,0.698376,0.2291,0.198632,2,startup_surge
21,1,0.541667,0.728456,0.388063,0.274053,2,startup_surge
21,2,0.564872,0.73695,0.420614,0.39056,2,startup_surge
21,3,0.678589,0.706271,0.384448,0.339487,2,startup_surge
21,4,0.578563,0.764069,0.305874,0.337254,2,startup_surge
21,5,0.460413,0.76101,0.366757,0.327337,2,startup_surge
21,6,0.621013,0.746538,0.471908,0.349206,2,startup_surge
21,7,0.520244,0.702089,0.477165,0.296477,2,startup_surge
21,8,0.503463,0.689062,0.269687,0.396833,2,startup_surge
21,9,0.641626,0.673927,0.228523,0.3137,2,startup_surge
22,0,0.021468,0.09317,0.00186,0.027716,0,lunch_restart
22,1,0.028484,0.08377,0.002536,0.020913,0,lunch_restart
22,2,0.023617,0.097761,0.006392,0.016219,0,lunch_restart
22,3,0.029103,0.090022,0.002613,0.010882,0,lunch_restart
22,4,0.021583,0.077969,0.002183,0.01071,0,lunch_restart
22,5,0.010424,0.073019,0.001337,0.02155,0,lunch_restart
22,6,0.018958,0.09733,0.002718,0.024062,0,lunch_restart
22,7,0.028065,0.071199,0.002424,0.017711,0,lunch_restart
22,8,0.010675,0.077245,0.004899,0.015752,0,lunch_restart
22,9,0.02236,0.066687,0.002313,0.026131,0,lunch_restart
23,0,0.679264,0.745168,0.297301,0.36148,2,startup_surge
23,1,0.605943,0.753629,0.246289,0.21904,2,startup_surge
23,2,0.564982,0.768177,0.341795,0.31546,2,startup_surge
23,3,0.657124,0.677617,0.269539,0.195392,2,startup_surge
23,4,0.691055,0.698609,0.406098,0.182282,2,startup_surge
23,5,0.463573,0.698063,0.414477,0.250159,2,startup_surge
23,6,0.475882,0.776817,0.202455,0.357242,2,startup_surge
23,7,0.676272,0.729949,0.48626,0.189094,2,startup_surge
23,8,0.474849,0.7005,0.477501,0.260256,2,startup_surge
23,9,0.628542,0.695848,0.239582,0.340299,2,startup_surge
24,0,0.035017,0.127414,0.007868,0.034847,0,lunch_restart
24,1,0.045396,0.139471,0.006386,0.03974,0,lunch_restart
24,2,0.049007,0.142902,0.007984,0.043163,0,lunch_restart
24,3,0.049278,0.139652,0.033263,0.049931,0,lunch_restart
24,4,0.062618,0.174274,0.029552,0.062692,0,lunch_restart
24,5,0.058313,0.160753,0.036501,0.057625,0,lunch_restart
24,6,0.086252,0.159685,0.032722,0.05551,0,lunch_restart
24,7,0.060432,0.173028,0.038826,0.057254,0,lunch_restart
24,8,0.09497,0.194023,0.041529,0.066708,0,lunch_restart
24,9,0.08321,0.212015,0.033867,0.064076,0,lunch_restart
25,0,0.028725,0.109616,0.021171,0.038628,0,lunch_restart
25,1,0.031526,0.112001,0.01916,0.028489,0,lunch_restart
25,2,0.045755,0.116895,0.007279,0.048,0,lunch_restart
25,3,0.070428,0.142388,0.014888,0.050568,0,lunch_restart
25,4,0.077096,0.129647,0.031412,0.062197,0,lunch_restart
25,5,0.082217,0.172752,0.019456,0.062896,0,lunch_restart
25,6,0.065757,0.174778,0.029671,0.05735,0,lunch_restart
25,7,0.079511,0.159721,0.031994,0.085839,0,lunch_restart
25,8,0.078917,0.176469,0.031198,0.070602,0,lunch_restart
25,9,0.074735,0.20643,0.031345,0.078023,0,lunch_restart
26,0,0.301181,0.314542,0.064747,0.140117,0,emergency_ramp
26,1,0.439962,0.354406,0.036154,0.124933,0,emergency_ramp
26,2,0.320329,0.33473,0.034752,0.102656,0,emergency_ramp
26,3,0.409219,0.327565,0.072161,0.138897,0,emergency_ramp
26,4,0.331464,0.349478,0.070839,0.135669,0,emergency_ramp
26,5,0.398946,0.320312,0.08711,0.078362,0,emergency_ramp
26,6,0.458525,0.32787,0.038527,0.131578,0,emergency_ramp
26,7,0.357822,0.347208,0.093146,0.139258,0,emergency_ramp
26,8,0.330537,0.359156,0.034575,0.150088,0,emergency_ramp
26,9,0.362899,0.375272,0.053424,0.132962,0,emergency_ramp
27,0,0.067405,0.198087,0.028745,0.030401,0,startup_surge
27,1,0.071956,0.180647,0.003376,0.051232,0,startup_surge
27,2,0.091899,0.139172,0.002162,0.027505,0,startup_surge
27,3,0.084484,0.111974,0.029036,0.054491,0,startup_surge
27,4,0.077754,0.121789,0.010836,0.054941,0,startup_surge
27,5,0.083935,0.178336,0.026546,0.052697,0,startup_surge
27,6,0.076059,0.145696,0.025802,0.032841,0,startup_surge
27,7,0.092329,0.215834,0.058793,0.06351,0,startup_surge
27,8,0.102789,0.221482,0.065367,0.036434,0,startup_surge
27,9,0.140457,0.201635,0.044827,0.078923,0,startup_surge
28,0,0.036743,0.127141,0.010205,0.038013,0,lunch_restart
28,1,0.028027,0.108484,0.0,0.054334,0,lunch_restart
28,2,0.040974,0.119962,0.007185,0.047333,0,lunch_restart
28,3,0.032636,0.126097,0.035507,0.051894,0,lunch_restart
28,4,0.064092,0.140098,0.027082,0.050379,0,lunch_restart
28,5,0.057198,0.150093,0.028857,0.050303,0,lunch_restart
28,6,0.063142,0.166773,0.021201,0.052042,0,lunch_restart
28,7,0.075349,0.175538,0.034245,0.045561,0,lunch_restart
28,8,0.059839,0.178379,0.034757,0.065136,0,lunch_restart
28,9,0.071497,0.202064,0.030464,0.068072,0,lunch_restart
29,0,0.079646,0.231542,0.065583,0.068855,0,lunch_restart
29,1,0.109305,0.231795,0.047074,0.066116,0,lunch_restart
29,2,0.114817,0.233024,0.035862,0.076307,0,lunch_restart
29,3,0.095719,0.216008,0.074432,0.080859,0,lunch_restart
29,4,0.094943,0.260394,0.084339,0.083757,0,lunch_restart
29,5,0.116951,0.25868,0.082404,0.085048,0,lunch_restart
29,6,0.105188,0.256615,0.06872,0.114661,0,lunch_restart
29,7,0.148677,0.288837,0.079947,0.058599,0,lunch_restart
29,8,0.170141,0.317415,0.088575,0.140348,0,lunch_restart
29,9,0.14154,0.279975,0.102289,0.114858,0,lunch_restart
30,0,0.092006,0.100498,0.01333,0.029654,0,startup_surge
30,1,0.080735,0.174245,0.003121,0.056936,0,startup_surge
30,2,0.078345,0.152401,0.030364,0.054505,0,startup_surge
30,3,0.069159,0.184278,0.019139,0.035149,0,startup_surge
30,4,0.07656,0.145036,0.017031,0.028087,0,startup_surge
30,5,0.083545,0.116254,0.015032,0.034194,0,startup_surge
30,6,0.064526,0.165596,0.006259,0.047717,0,startup_surge
30,7,0.097672,0.191496,0.012262,0.033066,0,startup_surge
30,8,0.051092,0.109053,0.010852,0.039018,0,startup_surge
30,9,0.066761,0.118164,0.011905,0.057977,0,startup_surge
31,0,0.02235,0.055788,0.004387,0.016366,0,lunch_restart
31,1,0.015591,0.076841,0.00191,0.024779,0,lunch_restart
31,2,0.010717,0.092572,0.006125,0.01474,0,lunch_restart
31,3,0.025556,0.075751,0.006054,0.016255,0,lunch_restart
31,4,0.011736,0.053424,0.000485,0.020593,0,lunch_restart
31,5,0.016564,0.051566,0.006112,0.022999,0,lunch_restart
31,6,0.021899,0.093024,0.001212,0.012984,0,lunch_restart
31,7,0.022475,0.061214,0.004542,0.023093,0,lunch_restart
31,8,0.023325,0.076285,0.005487,0.017621,0,lunch_restart
31,9,0.02989,0.088839,0.001608,0.016923,0,lunch_restart
32,0,0.338113,0.555692,0.227386,0.227207,1,lunch_restart
32,1,0.341986,0.556697,0.269049,0.260166,1,lunch_restart
32,2,0.333,0.568683,0.251064,0.255259,1,lunch_restart
32,3,0.356102,0.558297,0.325899,0.24935,1,lunch_restart
32,4,0.327676,0.566823,0.32139,0.299795,1,lunch_restart
32,5,0.319687,0.562961,0.284925,0.285786,1,lunch_restart
32,6,0.36491,0.599131,0.329057,0.270029,1,lunch_restart
32,7,0.399117,0.616291,0.327469,0.314437,1,lunch_restart
32,8,0.427268,0.591745,0.285387,0.274996,1,lunch_restart
32,9,0.397675,0.634013,0.318524,0.335418,1,lunch_restart
33,0,0.245284,0.29729,0.116656,0.110824,1,startup_surge
33,1,0.249087,0.397702,0.163214,0.146439,1,startup_surge
33,2,0.239125,0.364276,0.137631,0.129257,1,startup_surge
33,3,0.258792,0.397122,0.183577,0.140219,1,startup_surge
33,4,0.264791,0.408942,0.161016,0.133297,1,startup_surge
33,5,0.265895,0.439785,0.13288,0.146894,1,startup_surge
33,6,0.281368,0.424807,0.194752,0.14981,1,startup_surge
33,7,0.317808,0.425136,0.171448,0.138611,1,startup_surge
33,8,0.312724,0.47846,0.178012,0.181032,1,startup_surge
33,9,0.337604,0.513925,0.226233,0.17867,1,startup_surge
34,0,0.113488,0.261172,0.06336,0.13338,1,lunch_restart
34,1,0.148928,0.272768,0.088474,0.112621,1,lunch_restart
34,2,0.149057,0.2787,0.08948,0.110745,1,lunch_restart
34,3,0.189265,0.295554,0.12062,0.097437,1,lunch_restart
34,4,0.181367,0.281232,0.134623,0.134031,1,lunch_restart
34,5,0.156747,0.370353,0.131666,0.12103,1,lunch_restart
34,6,0.18226,0.314173,0.150907,0.162159,1,lunch_restart
34,7,0.195474,0.381967,0.189518,0.119965,1,lunch_restart
34,8,0.224396,0.391931,0.132518,0.19214,1,lunch_restart
34,9,0.225714,0.40351,0.194072,0.173214,1,lunch_restart
35,0,0.13459,0.242566,0.065707,0.076567,1,lunch_restart
35,1,0.120129,0.287846,0.076556,0.1045,1,lunch_restart
35,2,0.132235,0.298091,0.111211,0.131429,1,lunch_restart
35,3,0.162847,0.321514,0.141669,0.120705,1,lunch_restart
35,4,0.181918,0.318455,0.13807,0.141335,1,lunch_restart
35,5,0.194334,0.36462,0.174203,0.132881,1,lunch_restart
35,6,0.196456,0.405255,0.160126,0.16478,1,lunch_restart
35,7,0.208072,0.371739,0.17117,0.17813,1,lunch_restart
35,8,0.224063,0.412616,0.186135,0.157233,1,lunch_restart
35,9,0.248903,0.443588,0.214077,0.17797,1,lunch_restart
36,0,0.4656,0.366941,0.044088,0.147434,0,emergency_ramp
36,1,0.490601,0.389769,0.049441,0.121819,0,emergency_ramp
36,2,0.361367,0.316748,0.045558,0.146159,0,emergency_ramp
36,3,0.392065,0.34174,0.069473,0.123037,0,emergency_ramp
36,4,0.417669,0.316883,0.036161,0.117409,0,emergency_ramp
36,5,0.420699,0.30534,0.06434,0.149858,0,emergency_ramp
36,6,0.466728,0.316222,0.0934,0.110086,0,emergency_ramp
36,7,0.368793,0.332391,0.04265,0.1318,0,emergency_ramp
36,8,0.42171,0.349347,0.072718,0.07191,0,emergency_ramp
36,9,0.317461,0.347147,0.036112,0.078474,0,emergency_ramp
37,0,0.063989,0.148197,0.022901,0.037433,0,lunch_restart
37,1,0.065251,0.144972,0.017114,0.043215,0,lunch_restart
37,2,0.055104,0.160993,0.023458,0.034054,0,lunch_restart
37,3,0.06127,0.180798,0.013267,0.066309,0,lunch_restart
37,4,0.067526,0.150787,0.054632,0.048761,0,lunch_restart
37,5,0.073823,0.158632,0.035614,0.05586,0,lunch_restart
37,6,0.069174,0.189444,0.043421,0.055843,0,lunch_restart
37,7,0.092307,0.18818,0.036555,0.064478,0,lunch_restart
37,8,0.090301,0.200364,0.038964,0.081905,0,lunch_restart
37,9,0.093081,0.202152,0.068146,0.097083,0,lunch_restart
38,0,0.857022,0.900779,0.83614,0.791244,3,emergency_ramp
38,1,0.917196,0.926747,0.897163,0.811043,3,emergency_ramp
38,2,0.923377,0.914354,0.876612,0.931856,3,emergency_ramp
38,3,0.899034,0.956416,0.832257,0.873059,3,emergency_ramp
38,4,0.932684,0.939096,0.945627,0.863244,3,emergency_ramp
38,5,0.938473,0.978314,0.93482,0.861641,3,emergency_ramp
38,6,0.934732,0.982379,0.88032,0.911583,3,emergency_ramp
38,7,0.938788,0.949087,0.929132,0.99135,3,emergency_ramp
38,8,0.977024,0.955907,0.924979,0.972245,3,emergency_ramp
38,9,0.969527,0.987241,0.990337,0.965891,3,emergency_ramp
39,0,0.083233,0.183596,0.020903,0.030003,0,startup_surge
39,1,0.054673,0.17194,0.007,0.022707,0,startup_surge
39,2,0.09937,0.115013,0.000189,0.030251,0,startup_surge
39,3,0.066034,0.193356,0.002168,0.033628,0,startup_surge
39,4,0.096895,0.183976,0.012901,0.086273,0,startup_surge
39,5,0.071722,0.216,0.053351,0.092475,0,startup_surge
39,6,0.143506,0.232539,0.075891,0.040404,0,startup_surge
39,7,0.157792,0.257241,0.042612,0.069274,0,startup_surge
39,8,0.156521,0.19635,0.044528,0.101032,0,startup_surge
39,9,0.175919,0.296199,0.076819,0.097287,0,startup_surge
40,0,0.02417,0.088484,0.001921,0.01521,0,lunch_restart
40,1,0.018391,0.078435,0.005201,0.011284,0,lunch_restart
40,2,0.017427,0.095715,0.001063,0.022676,0,lunch_restart
40,3,0.018792,0.073413,0.006165,0.022677,0,lunch_restart
40,4,0.019139,0.070582,0.006277,0.016361,0,lunch_restart
40,5,0.010015,0.085995,0.002299,0.029185,0,lunch_restart
40,6,0.013772,0.087433,0.005148,0.025781,0,lunch_restart
40,7,0.022187,0.067725,0.006147,0.028048,0,lunch_restart
40,8,0.010349,0.07378,0.006128,0.019388,0,lunch_restart
40,9,0.015529,0.060791,0.000763,0.020476,0,lunch_restart
41,0,0.339526,0.33904,0.036816,0.103365,0,emergency_ramp
41,1,0.374416,0.317728,0.044736,0.156215,0,emergency_ramp
41,2,0.456048,0.380653,0.074437,0.125249,0,emergency_ramp
41,3,0.405418,0.387673,0.085007,0.070946,0,emergency_ramp
41,4,0.334898,0.304657,0.083737,0.110927,0,emergency_ramp
41,5,0.379211,0.371617,0.072245,0.129562,0,emergency_ramp
41,6,0.425187,0.358114,0.038984,0.066537,0,emergency_ramp
41,7,0.494645,0.323529,0.034486,0.094465,0,emergency_ramp
41,8,0.432362,0.357164,0.085476,0.131708,0,emergency_ramp
41,9,0.303239,0.311578,0.069958,0.075707,0,emergency_ramp
42,0,0.071007,0.145823,0.01464,0.053193,0,startup_surge
42,1,0.089062,0.129053,0.019496,0.034803,0,startup_surge
42,2,0.103562,0.195919,0.031053,0.076242,0,startup_surge
42,3,0.128089,0.244441,0.021394,0.051586,0,startup_surge
42,4,0.107183,0.239877,0.043732,0.06153,0,startup_surge
42,5,0.118008,0.255688,0.065814,0.076659,0,startup_surge
42,6,0.117037,0.236477,0.10435,0.107206,0,startup_surge
42,7,0.141824,0.269566,0.065578,0.076296,0,startup_surge
42,8,0.190297,0.260564,0.12453,0.129536,0,startup_surge
42,9,0.177268,0.336907,0.0515,0.073004,0,startup_surge
43,0,0.070649,0.138096,0.03797,0.06315,0,lunch_restart
43,1,0.070717,0.151978,0.036437,0.042845,0,lunch_restart
43,2,0.07291,0.184516,0.049306,0.065267,0,lunch_restart
43,3,0.088895,0.193832,0.040529,0.090253,0,lunch_restart
43,4,0.079648,0.199484,0.028326,0.079829,0,lunch_restart
43,5,0.082057,0.20366,0.044433,0.070159,0,lunch_restart
43,6,0.107255,0.212075,0.054176,0.080937,0,lunch_restart
43,7,0.117231,0.218869,0.050389,0.062186,0,lunch_restart
43,8,0.097183,0.229643,0.062656,0.063678,0,lunch_restart
43,9,0.108274,0.239483,0.058951,0.083228,0,lunch_restart
44,0,0.345113,0.461165,0.058728,0.122802,1,imbalanced_ap_load
44,1,0.329766,0.433684,0.107732,0.152421,1,imbalanced_ap_load
44,2,0.352046,0.483483,0.132686,0.150329,1,imbalanced_ap_load
44,3,0.35793,0.48742,0.123864,0.128746,1,imbalanced_ap_load
44,4,0.354309,0.487416,0.115712,0.202826,1,imbalanced_ap_load
44,5,0.364851,0.499849,0.131528,0.177267,1,imbalanced_ap_load
44,6,0.391397,0.517027,0.148905,0.192696,1,imbalanced_ap_load
44,7,0.400079,0.560541,0.175995,0.188428,1,imbalanced_ap_load
44,8,0.395909,0.545907,0.168883,0.20264,1,imbalanced_ap_load
44,9,0.417504,0.531672,0.191284,0.218902,1,imbalanced_ap_load
45,0,0.428241,0.381273,0.048793,0.110942,0,emergency_ramp
45,1,0.438786,0.332146,0.079059,0.147195,0,emergency_ramp
45,2,0.47853,0.314622,0.047926,0.142428,0,emergency_ramp
45,3,0.444552,0.374746,0.046169,0.133775,0,emergency_ramp
45,4,0.406781,0.338131,0.096735,0.077117,0,emergency_ramp
45,5,0.359827,0.351576,0.095458,0.106151,0,emergency_ramp
45,6,0.393323,0.364943,0.06461,0.151714,0,emergency_ramp
45,7,0.495083,0.355973,0.040201,0.136415,0,emergency_ramp
45,8,0.488966,0.372237,0.085682,0.114439,0,emergency_ramp
45,9,0.447497,0.315861,0.085583,0.114808,0,emergency_ramp
46,0,0.126083,0.247042,0.059571,0.095439,0,lunch_restart
46,1,0.113364,0.254905,0.061463,0.074632,0,lunch_restart
46,2,0.140514,0.287285,0.080726,0.105974,0,lunch_restart
46,3,0.172624,0.288074,0.084861,0.114411,0,lunch_restart
46,4,0.14883,0.299956,0.108251,0.11479,0,lunch_restart
46,5,0.15861,0.30988,0.138307,0.096956,0,lunch_restart
46,6,0.175928,0.359469,0.128436,0.17457,0,lunch_restart
46,7,0.194819,0.349048,0.14094,0.133133,0,lunch_restart
46,8,0.217525,0.372507,0.144437,0.164364,0,lunch_restart
46,9,0.218313,0.396915,0.150683,0.158323,0,lunch_restart
47,0,0.38172,0.353425,0.039116,0.09875,0,emergency_ramp
47,1,0.418941,0.326943,0.096638,0.096347,0,emergency_ramp
47,2,0.387249,0.361406,0.064203,0.074973,0,emergency_ramp
47,3,0.415803,0.366613,0.075349,0.119684,0,emergency_ramp
47,4,0.403501,0.329899,0.034884,0.120266,0,emergency_ramp
47,5,0.436193,0.374389,0.051914,0.09403,0,emergency_ramp
47,6,0.401542,0.306633,0.067027,0.145985,0,emergency_ramp
47,7,0.488122,0.300968,0.092415,0.144546,0,emergency_ramp
47,8,0.385606,0.311067,0.051429,0.070905,0,emergency_ramp
47,9,0.303183,0.314041,0.085013,0.129504,0,emergency_ramp
48,0,0.025678,0.06427,0.002573,0.023275,0,lunch_restart
48,1,0.010085,0.094459,0.003575,0.028191,0,lunch_restart
48,2,0.026073,0.095769,0.004696,0.018177,0,lunch_restart
48,3,0.028506,0.06355,0.004501,0.020513,0,lunch_restart
48,4,0.01304,0.073733,0.005071,0.010551,0,lunch_restart
48,5,0.010427,0.099081,0.005677,0.019318,0,lunch_restart
48,6,0.019587,0.083299,0.004929,0.021814,0,lunch_restart
48,7,0.027371,0.053486,0.001201,0.012012,0,lunch_restart
48,8,0.024737,0.069572,0.005644,0.029625,0,lunch_restart
48,9,0.010694,0.071072,0.002213,0.010088,0,lunch_restart
49,0,0.076799,0.201578,0.051115,0.074471,0,lunch_restart
49,1,0.104322,0.237946,0.053368,0.076191,0,lunch_restart
49,2,0.106456,0.227583,0.074776,0.080784,0,lunch_restart
49,3,0.103165,0.225056,0.061847,0.073834,0,lunch_restart
49,4,0.135443,0.214056,0.065609,0.075718,0,lunch_restart
49,5,0.126083,0.247042,0.059571,0.095439,0,lunch_restart
49,6,0.113364,0.254905,0.061463,0.074632,0,lunch_restart
49,7,0.140514,0.287285,0.080726,0.105974,0,lunch_restart
49,8,0.172624,0.288074,0.084861,0.114411,0,lunch_restart
49,9,0.14883,0.299956,0.108251,0.11479,0,lunch_restart
50,0,0.364407,0.379501,0.087982,0.090957,0,emergency_ramp
50,1,0.414303,0.321966,0.086624,0.080027,0,emergency_ramp
50,2,0.355632,0.351665,0.097459,0.068486,0,emergency_ramp
50,3,0.310667,0.361588,0.049928,0.111153,0,emergency_ramp
50,4,0.447571,0.305475,0.080641,0.105074,0,emergency_ramp
50,5,0.334201,0.313779,0.083795,0.135131,0,emergency_ramp
50,6,0.385143,0.329815,0.095752,0.10646,0,emergency_ramp
50,7,0.397409,0.360308,0.093793,0.094382,0,emergency_ramp
50,8,0.336894,0.339513,0.071568,0.086165,0,emergency_ramp
50,9,0.318911,0.366078,0.071944,0.087815,0,emergency_ramp
51,0,0.028509,0.086916,0.005851,0.026379,0,lunch_restart
51,1,0.015964,0.092772,0.003077,0.024279,0,lunch_restart
51,2,0.025797,0.093289,0.007379,0.028302,0,lunch_restart
51,3,0.040845,0.127559,0.011835,0.024159,0,lunch_restart
51,4,0.0448,0.118289,0.007737,0.034285,0,lunch_restart
51,5,0.040483,0.103047,0.011703,0.014989,0,lunch_restart
51,6,0.057336,0.143454,0.019598,0.032838,0,lunch_restart
51,7,0.075096,0.138171,0.023866,0.062286,0,lunch_restart
51,8,0.066482,0.176039,0.023455,0.05948,0,lunch_restart
51,9,0.072722,0.152672,0.034612,0.067896,0,lunch_restart
52,0,0.786372,0.868448,0.71406,0.692744,3,emergency_ramp
52,1,0.758814,0.879726,0.740943,0.602573,3,emergency_ramp
52,2,0.804971,0.861264,0.726083,0.619665,3,emergency_ramp
52,3,0.798102,0.850622,0.713642,0.722397,3,emergency_ramp
52,4,0.763883,0.845437,0.752278,0.675105,3,emergency_ramp
52,5,0.841138,0.869032,0.735808,0.752705,3,emergency_ramp
52,6,0.811082,0.886689,0.792924,0.692643,3,emergency_ramp
52,7,0.821135,0.894481,0.702963,0.78234,3,emergency_ramp
52,8,0.816015,0.943572,0.769304,0.74319,3,emergency_ramp
52,9,0.834677,0.93143,0.720107,0.762053,3,emergency_ramp
53,0,0.673667,0.664967,0.367827,0.363951,2,startup_surge
53,1,0.698057,0.75181,0.494613,0.258087,2,startup_surge
53,2,0.555516,0.680726,0.362328,0.338577,2,startup_surge
53,3,0.653629,0.733394,0.205061,0.361523,2,startup_surge
53,4,0.49145,0.696563,0.400776,0.335751,2,startup_surge
53,5,0.64243,0.699162,0.26167,0.20474,2,startup_surge
53,6,0.462701,0.678969,0.444191,0.34257,2,startup_surge
53,7,0.535524,0.687581,0.332424,0.366785,2,startup_surge
53,8,0.592172,0.728661,0.458875,0.262505,2,startup_surge
53,9,0.465735,0.730523,0.252666,0.375296,2,startup_surge
54,0,0.080764,0.118387,0.025182,0.056348,0,startup_surge
54,1,0.086913,0.148568,0.001741,0.03807,0,startup_surge
54,2,0.082741,0.112632,0.02438,0.050619,0,startup_surge
54,3,0.06779,0.110517,0.001279,0.059283,0,startup_surge
54,4,0.068416,0.191998,0.008753,0.023545,0,startup_surge
54,5,0.077455,0.154463,0.017697,0.044247,0,startup_surge
54,6,0.05967,0.124891,0.030309,0.03014,0,startup_surge
54,7,0.092309,0.188127,0.003512,0.052001,0,startup_surge
54,8,0.041638,0.138087,0.038615,0.06782,0,startup_surge
54,9,0.125419,0.217719,0.038053,0.080573,0,startup_surge
55,0,0.344108,0.339383,0.034411,0.114203,0,emergency_ramp
55,1,0.417845,0.344977,0.035514,0.07865,0,emergency_ramp
55,2,0.428553,0.327668,0.074616,0.152781,0,emergency_ramp
55,3,0.329775,0.368318,0.089808,0.063436,0,emergency_ramp
55,4,0.409706,0.379828,0.075464,0.087258,0,emergency_ramp
55,5,0.350057,0.37608,0.084912,0.066755,0,emergency_ramp
55,6,0.482082,0.35704,0.066858,0.088337,0,emergency_ramp
55,7,0.471261,0.371478,0.050857,0.12853,0,emergency_ramp
55,8,0.323125,0.320936,0.035984,0.062381,0,emergency_ramp
55,9,0.350457,0.302311,0.087823,0.063876,0,emergency_ramp
56,0,0.123351,0.231009,0.053046,0.077682,0,lunch_restart
56,1,0.089812,0.215197,0.068972,0.086035,0,lunch_restart
56,2,0.113744,0.252734,0.061355,0.094977,0,lunch_restart
56,3,0.134567,0.242825,0.076901,0.097492,0,lunch_restart
56,4,0.100033,0.2566,0.096714,0.122864,0,lunch_restart
56,5,0.149939,0.282515,0.082534,0.107332,0,lunch_restart
56,6,0.143108,0.273965,0.057533,0.120988,0,lunch_restart
56,7,0.139293,0.280619,0.106025,0.113391,0,lunch_restart
56,8,0.193467,0.328305,0.154605,0.126091,0,lunch_restart
56,9,0.208104,0.327568,0.099742,0.155754,0,lunch_restart
57,0,0.399856,0.355792,0.096711,0.153182,1,emergency_ramp
57,1,0.428748,0.362705,0.060747,0.117121,1,emergency_ramp
57,2,0.49,0.377307,0.077826,0.10225,1,emergency_ramp
57,3,0.357044,0.311006,0.063783,0.116037,1,emergency_ramp
57,4,0.438554,0.383356,0.083564,0.09426,1,emergency_ramp
57,5,0.513142,0.439887,0.14234,0.182329,1,emergency_ramp
57,6,0.57831,0.435654,0.11292,0.15349,1,emergency_ramp
57,7,0.547252,0.476203,0.137252,0.223777,1,emergency_ramp
57,8,0.585256,0.468188,0.182035,0.179571,1,emergency_ramp
57,9,0.563788,0.488484,0.135297,0.191606,1,emergency_ramp
58,0,0.21966,0.386139,0.159306,0.168715,1,lunch_restart
58,1,0.237292,0.412326,0.17674,0.147676,1,lunch_restart
58,2,0.24404,0.432766,0.164867,0.198108,1,lunch_restart
58,3,0.259195,0.459562,0.202506,0.239323,1,lunch_restart
58,4,0.297435,0.495076,0.244148,0.20337,1,lunch_restart
58,5,0.290483,0.483106,0.223742,0.19697,1,lunch_restart
58,6,0.260623,0.472016,0.236833,0.242795,1,lunch_restart
58,7,0.310914,0.499274,0.215708,0.226104,1,lunch_restart
58,8,0.338642,0.535104,0.269641,0.250488,1,lunch_restart
58,9,0.288297,0.57908,0.255081,0.248646,1,lunch_restart
59,0,0.013596,0.062045,0.001477,0.017519,0,lunch_restart
59,1,0.024894,0.08333,0.005376,0.021023,0,lunch_restart
59,2,0.025664,0.068832,0.004547,0.024194,0,lunch_restart
59,3,0.01477,0.068835,0.004363,0.010913,0,lunch_restart
59,4,0.02134,0.08511,0.006191,0.013198,0,lunch_restart
59,5,0.015696,0.083536,0.005801,0.024601,0,lunch_restart
59,6,0.029548,0.070184,0.005646,0.028291,0,lunch_restart
59,7,0.015977,0.096504,0.000908,0.016073,0,lunch_restart
59,8,0.027281,0.066413,0.001107,0.01788,0,lunch_restart
59,9,0.024006,0.085919,0.006547,0.027488,0,lunch_restart
60,0,0.018214,0.056612,0.002723,0.025463,0,lunch_restart
60,1,0.022681,0.089039,0.004078,0.010621,0,lunch_restart
60,2,0.016007,0.078811,0.003511,0.026481,0,lunch_restart
60,3,0.015456,0.098172,0.002022,0.024468,0,lunch_restart
60,4,0.017212,0.070325,0.002902,0.027932,0,lunch_restart
60,5,0.02373,0.067451,0.005528,0.022749,0,lunch_restart
60,6,0.010003,0.064538,0.002003,0.028827,0,lunch_restart
60,7,0.024939,0.074094,0.00593,0.017797,0,lunch_restart
60,8,0.016779,0.066136,0.00661,0.024651,0,lunch_restart
60,9,0.021525,0.05366,0.002045,0.024511,0,lunch_restart
61,0,0.370348,0.576316,0.217463,0.210415,2,startup_surge
61,1,0.399819,0.578129,0.186412,0.190275,2,startup_surge
61,2,0.550512,0.735204,0.364313,0.268111,2,startup_surge
61,3,0.517531,0.661869,0.444615,0.203423,2,startup_surge
61,4,0.584566,0.673628,0.310083,0.189266,2,startup_surge
61,5,0.526529,0.676804,0.216914,0.362953,2,startup_surge
61,6,0.606671,0.6911,0.304354,0.248365,2,startup_surge
61,7,0.651571,0.767189,0.222103,0.361065,2,startup_surge
61,8,0.637426,0.747128,0.256506,0.205498,2,startup_surge
61,9,0.525398,0.735989,0.340449,0.188676,2,startup_surge
62,0,0.010158,0.067352,0.004241,0.012868,0,lunch_restart
62,1,0.027583,0.060409,0.006089,0.015107,0,lunch_restart
62,2,0.025033,0.080833,0.002028,0.029776,0,lunch_restart
62,3,0.008435,0.104574,0.0,0.025154,0,lunch_restart
62,4,0.042958,0.090855,0.007921,0.046975,0,lunch_restart
62,5,0.035866,0.136621,0.000664,0.037407,0,lunch_restart
62,6,0.044093,0.124872,0.041689,0.051317,0,lunch_restart
62,7,0.040309,0.141853,0.028507,0.049792,0,lunch_restart
62,8,0.056932,0.167814,0.019351,0.047311,0,lunch_restart
62,9,0.057851,0.156166,0.027485,0.061173,0,lunch_restart
63,0,0.024027,0.093512,0.004829,0.015675,0,lunch_restart
63,1,0.026169,0.089203,0.004927,0.01199,0,lunch_restart
63,2,0.026788,0.10407,0.0,0.018295,0,lunch_restart
63,3,0.035076,0.105859,0.014311,0.043487,0,lunch_restart
63,4,0.05138,0.112955,0.008803,0.029409,0,lunch_restart
63,5,0.05166,0.145044,0.030496,0.026889,0,lunch_restart
63,6,0.053561,0.152566,0.028096,0.052919,0,lunch_restart
63,7,0.065777,0.130307,0.017388,0.060159,0,lunch_restart
63,8,0.050185,0.159577,0.023983,0.053553,0,lunch_restart
63,9,0.082859,0.1383,0.064066,0.045297,0,lunch_restart
64,0,0.070532,0.131504,0.011988,0.039124,0,startup_surge
64,1,0.050686,0.214147,0.023647,0.092786,0,startup_surge
64,2,0.101822,0.197762,0.054039,0.094123,0,startup_surge
64,3,0.116956,0.213669,0.028975,0.067522,0,startup_surge
64,4,0.110687,0.25247,0.11087,0.063552,0,startup_surge
64,5,0.134932,0.302057,0.073281,0.070133,0,startup_surge
64,6,0.186599,0.288883,0.080225,0.085131,0,startup_surge
64,7,0.175255,0.320043,0.072638,0.119953,0,startup_surge
64,8,0.191973,0.279035,0.145217,0.110077,0,startup_surge
64,9,0.183446,0.340247,0.069477,0.11802,0,startup_surge
65,0,0.083287,0.117994,0.010465,0.046194,0,startup_surge
65,1,0.079678,0.152173,0.032388,0.052807,0,startup_surge
65,2,0.076715,0.117988,0.033253,0.036227,0,startup_surge
65,3,0.062866,0.112797,0.013699,0.052453,0,startup_surge
65,4,0.082731,0.100378,0.027927,0.029777,0,startup_surge
65,5,0.089711,0.108208,0.030692,0.03845,0,startup_surge
65,6,0.069628,0.15294,0.029337,0.044768,0,startup_surge
65,7,0.06755,0.152617,0.022323,0.043936,0,startup_surge
65,8,0.096907,0.125472,0.013944,0.021951,0,startup_surge
65,9,0.090066,0.193325,0.016822,0.034109,0,startup_surge
66,0,0.273164,0.440179,0.20344,0.173121,2,startup_surge
66,1,0.314655,0.487068,0.199977,0.155909,2,startup_surge
66,2,0.310889,0.481972,0.202664,0.189135,2,startup_surge
66,3,0.349184,0.485893,0.223413,0.202352,2,startup_surge
66,4,0.30841,0.512318,0.191371,0.186224,2,startup_surge
66,5,0.343748,0.516871,0.176452,0.185231,2,startup_surge
66,6,0.361699,0.477698,0.229752,0.169444,2,startup_surge
66,7,0.386388,0.566896,0.215249,0.205546,2,startup_surge
66,8,0.36673,0.526133,0.249368,0.194548,2,startup_surge
66,9,0.566619,0.771064,0.42526,0.283269,2,startup_surge
67,0,0.468892,0.651614,0.392555,0.377276,2,lunch_restart
67,1,0.465691,0.670844,0.411384,0.410137,2,lunch_restart
67,2,0.449642,0.68958,0.378578,0.347202,2,lunch_restart
67,3,0.4643,0.680104,0.44109,0.421378,2,lunch_restart
67,4,0.483402,0.698092,0.425632,0.346479,2,lunch_restart
67,5,0.507473,0.686018,0.460196,0.408288,2,lunch_restart
67,6,0.512818,0.691531,0.487691,0.472593,2,lunch_restart
67,7,0.504367,0.698968,0.493273,0.431068,2,lunch_restart
67,8,0.515827,0.752459,0.497018,0.451632,2,lunch_restart
67,9,0.50803,0.743242,0.517123,0.478309,2,lunch_restart
68,0,0.419068,0.334706,0.04537,0.141271,0,emergency_ramp
68,1,0.469583,0.38175,0.084687,0.074513,0,emergency_ramp
68,2,0.340057,0.333564,0.04318,0.157704,0,emergency_ramp
68,3,0.443784,0.324495,0.052223,0.119528,0,emergency_ramp
68,4,0.419957,0.386224,0.095966,0.129414,0,emergency_ramp
68,5,0.395514,0.364393,0.098424,0.090641,0,emergency_ramp
68,6,0.358217,0.333271,0.085111,0.063187,0,emergency_ramp
68,7,0.305206,0.367439,0.047126,0.07631,0,emergency_ramp
68,8,0.46112,0.357469,0.082795,0.074207,0,emergency_ramp
68,9,0.321486,0.376936,0.072937,0.104243,0,emergency_ramp
69,0,0.449194,0.64118,0.235883,0.270629,2,imbalanced_ap_load
69,1,0.496806,0.640861,0.204249,0.246185,2,imbalanced_ap_load
69,2,0.449858,0.633288,0.23676,0.257219,2,imbalanced_ap_load
69,3,0.486279,0.689034,0.15786,0.282301,2,imbalanced_ap_load
69,4,0.450956,0.709849,0.256299,0.26645,2,imbalanced_ap_load
69,5,0.527116,0.670755,0.250567,0.296922,2,imbalanced_ap_load
69,6,0.509251,0.709431,0.286573,0.332737,2,imbalanced_ap_load
69,7,0.503327,0.695008,0.297354,0.302227,2,imbalanced_ap_load
69,8,0.515632,0.670804,0.312911,0.29911,2,imbalanced_ap_load
69,9,0.556126,0.705737,0.364705,0.332459,2,imbalanced_ap_load
70,0,0.271064,0.430328,0.213356,0.223041,1,lunch_restart
70,1,0.322967,0.485794,0.230518,0.253985,1,lunch_restart
70,2,0.297608,0.505234,0.240121,0.223249,1,lunch_restart
70,3,0.307319,0.523867,0.247388,0.235441,1,lunch_restart
70,4,0.325224,0.549918,0.254438,0.236721,1,lunch_restart
70,5,0.329528,0.546766,0.265261,0.257544,1,lunch_restart
70,6,0.290792,0.541799,0.215371,0.262235,1,lunch_restart
70,7,0.363566,0.551594,0.293734,0.254409,1,lunch_restart
70,8,0.326475,0.56823,0.323702,0.282615,1,lunch_restart
70,9,0.348611,0.592315,0.340627,0.304684,1,lunch_restart
71,0,0.060988,0.150845,0.025413,0.047105,0,lunch_restart
71,1,0.057049,0.172858,0.011209,0.056488,0,lunch_restart
71,2,0.068332,0.156365,0.04146,0.055169,0,lunch_restart
71,3,0.086193,0.15948,0.034025,0.059481,0,lunch_restart
71,4,0.075965,0.176026,0.046327,0.078999,0,lunch_restart
71,5,0.092139,0.170849,0.048863,0.077311,0,lunch_restart
71,6,0.070315,0.204311,0.037757,0.069618,0,lunch_restart
71,7,0.088826,0.200094,0.039872,0.074497,0,lunch_restart
71,8,0.0991,0.204629,0.059103,0.068864,0,lunch_restart
71,9,0.123351,0.231009,0.053046,0.077682,0,lunch_restart
72,0,0.057049,0.117064,0.022595,0.058334,0,startup_surge
72,1,0.070546,0.162286,0.012,0.056124,0,startup_surge
72,2,0.093669,0.130566,0.008545,0.037761,0,startup_surge
72,3,0.095024,0.121472,0.003494,0.035934,0,startup_surge
72,4,0.099019,0.122885,0.031369,0.055847,0,startup_surge
72,5,0.094242,0.121482,0.00473,0.057078,0,startup_surge
72,6,0.052548,0.162285,0.008648,0.058913,0,startup_surge
72,7,0.096488,0.116769,0.023037,0.050733,0,startup_surge
72,8,0.071408,0.136271,0.023672,0.02808,0,startup_surge
72,9,0.082581,0.168789,0.005359,0.057798,0,startup_surge
73,0,0.085541,0.111104,0.002433,0.048728,0,startup_surge
73,1,0.121257,0.213138,0.0,0.063741,0,startup_surge
73,2,0.141826,0.189246,0.041611,0.036013,0,startup_surge
73,3,0.143597,0.257984,0.03598,0.076269,0,startup_surge
73,4,0.131019,0.26754,0.0775,0.102373,0,startup_surge
73,5,0.156738,0.264904,0.114491,0.096355,0,startup_surge
73,6,0.16317,0.27661,0.067624,0.079215,0,startup_surge
73,7,0.159187,0.297091,0.076318,0.10146,0,startup_surge
73,8,0.182701,0.3064,0.161345,0.08008,0,startup_surge
73,9,0.229969,0.283175,0.083924,0.111149,0,startup_surge
74,0,0.017553,0.065934,0.005292,0.010694,0,lunch_restart
74,1,0.019815,0.087261,0.00525,0.02468,0,lunch_restart
74,2,0.011085,0.068381,5.5e-05,0.014236,0,lunch_restart
74,3,0.017219,0.051729,0.004664,0.014639,0,lunch_restart
74,4,0.018329,0.082664,0.001351,0.010155,0,lunch_restart
74,5,0.019842,0.089429,0.003554,0.020216,0,lunch_restart
74,6,0.019652,0.0839,0.00497,0.017922,0,lunch_restart
74,7,0.029483,0.05941,0.006385,0.026667,0,lunch_restart
74,8,0.041515,0.077533,0.005031,0.0373,0,lunch_restart
74,9,0.023982,0.088327,0.004338,0.048376,0,lunch_restart
75,0,0.084844,0.162315,0.018883,0.031583,0,startup_surge
75,1,0.098922,0.171227,0.021641,0.029509,0,startup_surge
75,2,0.066444,0.184019,0.010952,0.054173,0,startup_surge
75,3,0.085065,0.247123,0.014869,0.045762,0,startup_surge
75,4,0.144939,0.239458,0.044631,0.076989,0,startup_surge
75,5,0.127832,0.213326,0.058989,0.089832,0,startup_surge
75,6,0.13605,0.244462,0.050324,0.099925,0,startup_surge
75,7,0.149362,0.27808,0.029332,0.113495,0,startup_surge
75,8,0.199018,0.301219,0.133667,0.060266,0,startup_surge
75,9,0.132497,0.28898,0.091841,0.07494,0,startup_surge
76,0,0.389318,0.558789,0.249194,0.2132,2,startup_surge
76,1,0.396232,0.556696,0.259657,0.20254,2,startup_surge
76,2,0.554339,0.714416,0.236713,0.350632,2,startup_surge
76,3,0.694242,0.731967,0.230467,0.326044,2,startup_surge
76,4,0.561946,0.764489,0.46784,0.327907,2,startup_surge
76,5,0.454109,0.736138,0.209212,0.373969,2,startup_surge
76,6,0.547531,0.725553,0.28475,0.36162,2,startup_surge
76,7,0.54853,0.701495,0.261727,0.288322,2,startup_surge
76,8,0.539634,0.711721,0.333543,0.325563,2,startup_surge
76,9,0.638177,0.737377,0.276508,0.263343,2,startup_surge
77,0,0.479513,0.374208,0.075295,0.124499,0,emergency_ramp
77,1,0.418407,0.34026,0.09504,0.146542,0,emergency_ramp
77,2,0.310704,0.332981,0.092141,0.125726,0,emergency_ramp
77,3,0.359542,0.315898,0.050985,0.153732,0,emergency_ramp
77,4,0.366133,0.30758,0.064733,0.117438,0,emergency_ramp
77,5,0.496763,0.367922,0.039962,0.109341,0,emergency_ramp
77,6,0.447621,0.379829,0.048155,0.138547,0,emergency_ramp
77,7,0.38561,0.344935,0.052937,0.081329,0,emergency_ramp
77,8,0.370423,0.380575,0.096956,0.123449,0,emergency_ramp
77,9,0.515394,0.386396,0.115927,0.167906,0,emergency_ramp
78,0,0.08276,0.177261,0.008505,0.039532,0,startup_surge
78,1,0.068553,0.198812,0.007839,0.02131,0,startup_surge
78,2,0.094538,0.195402,0.006304,0.029167,0,startup_surge
78,3,0.068702,0.160574,0.032348,0.027874,0,startup_surge
78,4,0.0689,0.115174,0.005534,0.032022,0,startup_surge
78,5,0.087956,0.111934,0.02489,0.03442,0,startup_surge
78,6,0.079501,0.126682,0.0017,0.046747,0,startup_surge
78,7,0.062764,0.160131,0.018127,0.041028,0,startup_surge
78,8,0.083834,0.138623,0.002362,0.04599,0,startup_surge
78,9,0.07815,0.169902,0.002058,0.058874,0,startup_surge
79,0,0.58824,0.707916,0.45625,0.422493,2,imbalanced_ap_load
79,1,0.616083,0.736367,0.415833,0.387091,2,imbalanced_ap_load
79,2,0.601909,0.77016,0.512831,0.383815,2,imbalanced_ap_load
79,3,0.621998,0.747398,0.460202,0.441789,2,imbalanced_ap_load
79,4,0.635604,0.754779,0.481495,0.458447,2,imbalanced_ap_load
79,5,0.674347,0.747773,0.484942,0.428032,2,imbalanced_ap_load
79,6,0.661405,0.774354,0.492882,0.424815,2,imbalanced_ap_load
79,7,0.638291,0.771569,0.512524,0.464615,2,imbalanced_ap_load
79,8,0.623758,0.74658,0.547511,0.431221,2,imbalanced_ap_load
79,9,0.675107,0.823829,0.556471,0.533638,2,imbalanced_ap_load
80,0,0.022493,0.074129,0.003232,0.022163,0,lunch_restart
80,1,0.029521,0.059462,0.001676,0.026356,0,lunch_restart
80,2,0.01862,0.062752,0.003271,0.025359,0,lunch_restart
80,3,0.011507,0.07893,0.005345,0.017434,0,lunch_restart
80,4,0.029984,0.116095,0.0,0.031315,0,lunch_restart
80,5,0.033477,0.122858,0.014957,0.035373,0,lunch_restart
80,6,0.053365,0.103617,0.018308,0.04663,0,lunch_restart
80,7,0.046724,0.133906,0.024405,0.04315,0,lunch_restart
80,8,0.042659,0.147544,0.0,0.036824,0,lunch_restart
80,9,0.041155,0.157099,0.038861,0.043087,0,lunch_restart
81,0,0.044122,0.110702,0.001669,0.023591,0,lunch_restart
81,1,0.048442,0.109342,0.008242,0.036362,0,lunch_restart
81,2,0.033723,0.133587,0.0,0.047501,0,lunch_restart
81,3,0.054066,0.129343,0.0,0.045725,0,lunch_restart
81,4,0.046406,0.121317,0.033249,0.051621,0,lunch_restart
81,5,0.063297,0.144964,0.028935,0.044981,0,lunch_restart
81,6,0.069825,0.176959,0.003713,0.057206,0,lunch_restart
81,7,0.07948,0.169229,0.025609,0.053222,0,lunch_restart
81,8,0.067427,0.168842,0.043707,0.053821,0,lunch_restart
81,9,0.08779,0.213248,0.035631,0.080736,0,lunch_restart
82,0,0.349788,0.46765,0.114523,0.114338,1,imbalanced_ap_load
82,1,0.361519,0.466467,0.137733,0.128148,1,imbalanced_ap_load
82,2,0.365649,0.468954,0.140627,0.185171,1,imbalanced_ap_load
82,3,0.363977,0.50164,0.123974,0.170342,1,imbalanced_ap_load
82,4,0.361329,0.484464,0.089988,0.15738,1,imbalanced_ap_load
82,5,0.372004,0.507163,0.157791,0.168316,1,imbalanced_ap_load
82,6,0.386731,0.546211,0.145737,0.202114,1,imbalanced_ap_load
82,7,0.426792,0.559787,0.18039,0.209304,1,imbalanced_ap_load
82,8,0.398032,0.560168,0.20721,0.24281,1,imbalanced_ap_load
82,9,0.427599,0.552909,0.172313,0.22398,1,imbalanced_ap_load
83,0,0.392363,0.300922,0.091229,0.13638,0,emergency_ramp
83,1,0.345548,0.330552,0.052722,0.13283,0,emergency_ramp
83,2,0.498693,0.32305,0.09985,0.120089,0,emergency_ramp
83,3,0.323116,0.351471,0.054475,0.115848,0,emergency_ramp
83,4,0.491178,0.305607,0.063923,0.13347,0,emergency_ramp
83,5,0.461809,0.324347,0.090084,0.159926,0,emergency_ramp
83,6,0.467779,0.304029,0.05364,0.117855,0,emergency_ramp
83,7,0.458984,0.357728,0.063369,0.140872,0,emergency_ramp
83,8,0.341634,0.351137,0.077706,0.134427,0,emergency_ramp
83,9,0.426516,0.330373,0.042031,0.145581,0,emergency_ramp
84,0,0.08255,0.138355,0.00451,0.023388,0,startup_surge
84,1,0.06626,0.136208,0.026427,0.042399,0,startup_surge
84,2,0.097165,0.1787,0.014318,0.054812,0,startup_surge
84,3,0.098591,0.184752,3.3e-05,0.047197,0,startup_surge
84,4,0.089727,0.137924,0.017057,0.050481,0,startup_surge
84,5,0.11085,0.157945,0.008941,0.078471,0,startup_surge
84,6,0.103707,0.171528,0.0,0.040727,0,startup_surge
84,7,0.103173,0.183055,0.038387,0.050422,0,startup_surge
84,8,0.147707,0.209727,0.045584,0.088732,0,startup_surge
84,9,0.1262,0.228399,0.147054,0.099162,0,startup_surge
85,0,0.355076,0.415642,0.106035,0.128472,1,imbalanced_ap_load
85,1,0.338877,0.49337,0.118244,0.12268,1,imbalanced_ap_load
85,2,0.371305,0.464327,0.126627,0.158241,1,imbalanced_ap_load
85,3,0.344376,0.439799,0.153968,0.152214,1,imbalanced_ap_load
85,4,0.377439,0.488501,0.137848,0.196351,1,imbalanced_ap_load
85,5,0.380645,0.522118,0.123906,0.19772,1,imbalanced_ap_load
85,6,0.430935,0.519311,0.127566,0.169139,1,imbalanced_ap_load
85,7,0.41609,0.509091,0.190421,0.195639,1,imbalanced_ap_load
85,8,0.424077,0.525382,0.180424,0.195284,1,imbalanced_ap_load
85,9,0.446733,0.544789,0.184143,0.197748,1,imbalanced_ap_load
86,0,0.116951,0.25868,0.082404,0.085048,1,lunch_restart
86,1,0.105188,0.256615,0.06872,0.114661,1,lunch_restart
86,2,0.148677,0.288837,0.079947,0.058599,1,lunch_restart
86,3,0.170141,0.317415,0.088575,0.140348,1,lunch_restart
86,4,0.14154,0.279975,0.102289,0.114858,1,lunch_restart
86,5,0.168522,0.349855,0.13297,0.142347,1,lunch_restart
86,6,0.149379,0.386727,0.091584,0.160618,1,lunch_restart
86,7,0.184295,0.327791,0.17575,0.130365,1,lunch_restart
86,8,0.241918,0.342175,0.154574,0.184543,1,lunch_restart
86,9,0.240421,0.424129,0.207626,0.183477,1,lunch_restart
87,0,0.027303,0.09426,0.00601,0.025867,0,lunch_restart
87,1,0.014814,0.090573,0.000597,0.029946,0,lunch_restart
87,2,0.023751,0.09738,0.00301,0.024886,0,lunch_restart
87,3,0.010099,0.073401,0.002275,0.027299,0,lunch_restart
87,4,0.024423,0.082616,0.005866,0.020053,0,lunch_restart
87,5,0.019296,0.058417,0.003454,0.017472,0,lunch_restart
87,6,0.02585,0.09884,0.001936,0.022866,0,lunch_restart
87,7,0.017861,0.079028,0.003495,0.024988,0,lunch_restart
87,8,0.017022,0.063083,0.00075,0.014551,0,lunch_restart
87,9,0.026816,0.090269,0.004875,0.020068,0,lunch_restart
88,0,0.055924,0.108755,0.007159,0.042086,0,lunch_restart
88,1,0.052184,0.134215,0.022102,0.030908,0,lunch_restart
88,2,0.050167,0.129951,0.032549,0.04491,0,lunch_restart
88,3,0.052408,0.153178,0.021876,0.071471,0,lunch_restart
88,4,0.073748,0.158883,0.032038,0.05472,0,lunch_restart
88,5,0.059211,0.146968,0.025969,0.054217,0,lunch_restart
88,6,0.060583,0.151891,0.025835,0.044043,0,lunch_restart
88,7,0.065016,0.17484,0.043046,0.065317,0,lunch_restart
88,8,0.085148,0.19536,0.051672,0.064433,0,lunch_restart
88,9,0.08121,0.223966,0.053611,0.049378,0,lunch_restart
89,0,0.048797,0.166874,0.025313,0.048282,0,lunch_restart
89,1,0.071414,0.175557,0.041573,0.070183,0,lunch_restart
89,2,0.086241,0.196207,0.039252,0.058056,0,lunch_restart
89,3,0.077253,0.184278,0.058889,0.07558,0,lunch_restart
89,4,0.113556,0.179754,0.052686,0.062083,0,lunch_restart
89,5,0.079355,0.191655,0.06444,0.07862,0,lunch_restart
89,6,0.104123,0.220154,0.048379,0.0738,0,lunch_restart
89,7,0.108469,0.240959,0.068343,0.091088,0,lunch_restart
89,8,0.10518,0.226861,0.037397,0.102094,0,lunch_restart
89,9,0.113149,0.245568,0.062295,0.088564,0,lunch_restart
90,0,0.073005,0.153814,0.032302,0.05391,0,startup_surge
90,1,0.068869,0.138706,0.020454,0.044687,0,startup_surge
90,2,0.073501,0.188941,0.027731,0.020496,0,startup_surge
90,3,0.08596,0.188408,0.002534,0.039048,0,startup_surge
90,4,0.094185,0.160284,0.008515,0.028421,0,startup_surge
90,5,0.080715,0.233887,0.037456,0.045478,0,startup_surge
90,6,0.0628,0.209529,0.055424,0.079388,0,startup_surge
90,7,0.112333,0.230362,0.017894,0.078918,0,startup_surge
90,8,0.132808,0.205654,0.081872,0.067088,0,startup_surge
90,9,0.154416,0.260737,0.076045,0.08695,0,startup_surge
91,0,0.087561,0.198752,0.008097,0.053133,0,startup_surge
91,1,0.063724,0.162148,0.007803,0.045967,0,startup_surge
91,2,0.072385,0.168531,0.015823,0.027639,0,startup_surge
91,3,0.053054,0.105039,0.009805,0.053414,0,startup_surge
91,4,0.064717,0.142148,0.027226,0.026432,0,startup_surge
91,5,0.055605,0.128426,0.014957,0.023353,0,startup_surge
91,6,0.061643,0.183565,0.001829,0.05758,0,startup_surge
91,7,0.05164,0.148553,0.014622,0.043352,0,startup_surge
91,8,0.096944,0.138451,0.003307,0.033246,0,startup_surge
91,9,0.094766,0.114785,0.004905,0.030255,0,startup_surge
92,0,0.475889,0.598417,0.211315,0.285794,2,imbalanced_ap_load
92,1,0.473801,0.678478,0.214343,0.308659,2,imbalanced_ap_load
92,2,0.487887,0.646909,0.276376,0.285025,2,imbalanced_ap_load
92,3,0.48888,0.641703,0.218152,0.330501,2,imbalanced_ap_load
92,4,0.479551,0.689167,0.283936,0.322985,2,imbalanced_ap_load
92,5,0.515955,0.70997,0.290829,0.305357,2,imbalanced_ap_load
92,6,0.512444,0.683898,0.341169,0.275983,2,imbalanced_ap_load
92,7,0.52481,0.70649,0.358534,0.327253,2,imbalanced_ap_load
92,8,0.577186,0.696487,0.310866,0.371803,2,imbalanced_ap_load
92,9,0.559243,0.72564,0.355138,0.324994,2,imbalanced_ap_load
93,0,0.387856,0.548494,0.153557,0.18524,1,imbalanced_ap_load
93,1,0.392033,0.50675,0.154631,0.204236,1,imbalanced_ap_load
93,2,0.390014,0.514051,0.149991,0.208982,1,imbalanced_ap_load
93,3,0.407834,0.547628,0.174095,0.238032,1,imbalanced_ap_load
93,4,0.412535,0.555563,0.179538,0.204101,1,imbalanced_ap_load
93,5,0.413474,0.534009,0.167249,0.203197,1,imbalanced_ap_load
93,6,0.429862,0.596138,0.173715,0.218301,1,imbalanced_ap_load
93,7,0.446134,0.583379,0.216437,0.253725,1,imbalanced_ap_load
93,8,0.440597,0.574623,0.172425,0.260072,1,imbalanced_ap_load
93,9,0.448958,0.632197,0.227985,0.262689,1,imbalanced_ap_load
94,0,0.051417,0.123208,0.010745,0.051674,0,startup_surge
94,1,0.087022,0.162003,0.000236,0.038046,0,startup_surge
94,2,0.096347,0.178679,0.019875,0.051582,0,startup_surge
94,3,0.053739,0.10573,0.008801,0.020269,0,startup_surge
94,4,0.055509,0.185028,0.006262,0.031528,0,startup_surge
94,5,0.084598,0.186077,0.001348,0.050053,0,startup_surge
94,6,0.082398,0.134227,0.012145,0.051721,0,startup_surge
94,7,0.053441,0.1659,0.029299,0.044789,0,startup_surge
94,8,0.091721,0.140261,0.011222,0.03205,0,startup_surge
94,9,0.075673,0.166825,0.025757,0.036329,0,startup_surge
95,0,0.182926,0.354417,0.164116,0.149321,1,lunch_restart
95,1,0.2221,0.360323,0.140065,0.169572,1,lunch_restart
95,2,0.216718,0.378437,0.141726,0.16908,1,lunch_restart
95,3,0.230657,0.403152,0.183241,0.20232,1,lunch_restart
95,4,0.241868,0.426261,0.201951,0.190944,1,lunch_restart
95,5,0.24879,0.467143,0.192162,0.20628,1,lunch_restart
95,6,0.253909,0.499557,0.211552,0.232193,1,lunch_restart
95,7,0.2506,0.475176,0.238884,0.228304,1,lunch_restart
95,8,0.299849,0.469453,0.227208,0.229772,1,lunch_restart
95,9,0.310725,0.502912,0.238251,0.233147,1,lunch_restart
96,0,0.471919,0.356312,0.040803,0.098585,0,emergency_ramp
96,1,0.439886,0.322187,0.066453,0.069923,0,emergency_ramp
96,2,0.334777,0.36601,0.072632,0.106377,0,emergency_ramp
96,3,0.409274,0.328,0.073193,0.139922,0,emergency_ramp
96,4,0.302385,0.322373,0.065752,0.064763,0,emergency_ramp
96,5,0.414626,0.33767,0.098747,0.149671,0,emergency_ramp
96,6,0.416441,0.314207,0.067264,0.072315,0,emergency_ramp
96,7,0.381705,0.329264,0.095687,0.125598,0,emergency_ramp
96,8,0.464883,0.323386,0.099213,0.084054,0,emergency_ramp
96,9,0.486149,0.301956,0.062935,0.144492,0,emergency_ramp
97,0,0.418632,0.360365,0.043105,0.067651,0,emergency_ramp
97,1,0.466504,0.337506,0.052446,0.100512,0,emergency_ramp
97,2,0.498667,0.324643,0.04928,0.12088,0,emergency_ramp
97,3,0.364505,0.334259,0.085791,0.11902,0,emergency_ramp
97,4,0.480391,0.342845,0.056365,0.078144,0,emergency_ramp
97,5,0.46121,0.364244,0.066371,0.118294,0,emergency_ramp
97,6,0.313601,0.308041,0.07826,0.094968,0,emergency_ramp
97,7,0.366832,0.376395,0.08815,0.093893,0,emergency_ramp
97,8,0.343809,0.31148,0.053414,0.143401,0,emergency_ramp
97,9,0.432877,0.323621,0.047281,0.102193,0,emergency_ramp
98,0,0.384125,0.358242,0.099774,0.138915,0,emergency_ramp
98,1,0.328008,0.307413,0.081434,0.082997,0,emergency_ramp
98,2,0.380109,0.323652,0.076599,0.103202,0,emergency_ramp
98,3,0.404598,0.36262,0.04314,0.073845,0,emergency_ramp
98,4,0.308487,0.36391,0.046015,0.060558,0,emergency_ramp
98,5,0.467662,0.375029,0.095424,0.089648,0,emergency_ramp
98,6,0.477138,0.348653,0.063266,0.116061,0,emergency_ramp
98,7,0.426431,0.372179,0.034332,0.135931,0,emergency_ramp
98,8,0.416032,0.345287,0.066454,0.15499,0,emergency_ramp
98,9,0.377472,0.318144,0.074545,0.102287,0,emergency_ramp
99,0,0.334777,0.36601,0.072632,0.106377,0,emergency_ramp
99,1,0.409274,0.328,0.073193,0.139922,0,emergency_ramp
99,2,0.302385,0.322373,0.065752,0.064763,0,emergency_ramp
99,3,0.414626,0.33767,0.098747,0.149671,0,emergency_ramp
99,4,0.416441,0.314207,0.067264,0.072315,0,emergency_ramp
99,5,0.381705,0.329264,0.095687,0.125598,0,emergency_ramp
99,6,0.464883,0.323386,0.099213,0.084054,0,emergency_ramp
99,7,0.486149,0.301956,0.062935,0.144492,0,emergency_ramp
99,8,0.406752,0.327079,0.042251,0.061035,0,emergency_ramp
99,9,0.434791,0.342015,0.055061,0.102139,0,emergency_ramp
100,0,0.09736,0.126578,0.02352,0.043811,0,startup_surge
100,1,0.065077,0.180291,0.001061,0.040683,0,startup_surge
100,2,0.053338,0.155289,0.006969,0.033758,0,startup_surge
100,3,0.104814,0.211936,0.031034,0.092561,0,startup_surge
100,4,0.122724,0.197917,0.051924,0.071801,0,startup_surge
100,5,0.121569,0.244267,0.086272,0.036604,0,startup_surge
100,6,0.149437,0.304006,0.108549,0.080007,0,startup_surge
100,7,0.11994,0.28056,0.04355,0.07407,0,startup_surge
100,8,0.159727,0.304458,0.041722,0.115343,0,startup_surge
100,9,0.184791,0.243497,0.094193,0.113885,0,startup_surge
101,0,0.064526,0.165596,0.006259,0.047717,0,startup_surge
101,1,0.097672,0.191496,0.012262,0.033066,0,startup_surge
101,2,0.051092,0.109053,0.010852,0.039018,0,startup_surge
101,3,0.066761,0.118164,0.011905,0.057977,0,startup_surge
101,4,0.099104,0.122849,0.009197,0.057702,0,startup_surge
101,5,0.090536,0.114074,0.016685,0.038147,0,startup_surge
101,6,0.052788,0.156288,0.025028,0.055983,0,startup_surge
101,7,0.068028,0.107647,0.032002,0.035426,0,startup_surge
101,8,0.143457,0.177834,0.0,0.09194,0,startup_surge
101,9,0.08925,0.174637,0.028082,0.072559,0,startup_surge
102,0,0.021539,0.095183,0.005937,0.027844,0,lunch_restart
102,1,0.011981,0.061615,0.005326,0.028448,0,lunch_restart
102,2,0.020773,0.054145,0.003291,0.028472,0,lunch_restart
102,3,0.029706,0.0951,0.014362,0.03875,0,lunch_restart
102,4,0.049231,0.084604,0.023246,0.05076,0,lunch_restart
102,5,0.027466,0.113711,0.004019,0.028197,0,lunch_restart
102,6,0.037342,0.139468,0.011504,0.040981,0,lunch_restart
102,7,0.059784,0.139088,0.014921,0.055019,0,lunch_restart
102,8,0.057246,0.1425,0.022986,0.048801,0,lunch_restart
102,9,0.063276,0.129468,0.024279,0.033704,0,lunch_restart
103,0,0.150307,0.303631,0.075105,0.068214,0,startup_surge
103,1,0.165769,0.288289,0.098545,0.124546,0,startup_surge
103,2,0.199207,0.29659,0.0821,0.123397,0,startup_surge
103,3,0.224606,0.280644,0.070655,0.108127,0,startup_surge
103,4,0.231864,0.354829,0.157863,0.094008,0,startup_surge
103,5,0.215973,0.372458,0.161533,0.148516,0,startup_surge
103,6,0.239404,0.420945,0.152553,0.12037,0,startup_surge
103,7,0.234836,0.41285,0.12734,0.11315,0,startup_surge
103,8,0.243891,0.380009,0.138368,0.107412,0,startup_surge
103,9,0.253932,0.382928,0.191935,0.13359,0,startup_surge
104,0,0.019782,0.0887,0.002037,0.011191,0,lunch_restart
104,1,0.021836,0.066967,0.002793,0.025969,0,lunch_restart
104,2,0.027882,0.064794,0.003085,0.025767,0,lunch_restart
104,3,0.019155,0.069071,0.002209,0.019641,0,lunch_restart
104,4,0.028603,0.059081,0.000723,0.024622,0,lunch_restart
104,5,0.017873,0.087318,0.001329,0.010803,0,lunch_restart
104,6,0.016491,0.073752,0.005356,0.016362,0,lunch_restart
104,7,0.015901,0.09429,0.004348,0.023464,0,lunch_restart
104,8,0.039815,0.092339,0.013556,0.038949,0,lunch_restart
104,9,0.047081,0.12903,0.001594,0.028286,0,lunch_restart
105,0,0.024514,0.059854,0.002858,0.025551,0,lunch_restart
105,1,0.029649,0.085526,0.003732,0.012657,0,lunch_restart
105,2,0.025368,0.061823,0.002406,0.010696,0,lunch_restart
105,3,0.010472,0.07124,0.001745,0.013417,0,lunch_restart
105,4,0.0225,0.096338,0.005974,0.018034,0,lunch_restart
105,5,0.022325,0.070293,0.0039,0.025841,0,lunch_restart
105,6,0.012467,0.066854,0.002463,0.017854,0,lunch_restart
105,7,0.025005,0.071135,0.005676,0.010626,0,lunch_restart
105,8,0.017497,0.062456,0.002949,0.011434,0,lunch_restart
105,9,0.022475,0.086627,0.001232,0.019211,0,lunch_restart
106,0,0.061412,0.161423,0.01538,0.024908,0,startup_surge
106,1,0.058097,0.125854,0.016068,0.029735,0,startup_surge
106,2,0.065443,0.146646,0.018848,0.036973,0,startup_surge
106,3,0.087334,0.124135,0.018547,0.034005,0,startup_surge
106,4,0.076442,0.164083,0.024197,0.02365,0,startup_surge
106,5,0.091752,0.172534,0.017505,0.037242,0,startup_surge
106,6,0.05052,0.150393,0.024501,0.042965,0,startup_surge
106,7,0.077487,0.136507,0.025603,0.049347,0,startup_surge
106,8,0.071351,0.161079,0.011469,0.027943,0,startup_surge
106,9,0.058127,0.18446,0.023083,0.031332,0,startup_surge
107,0,0.340541,0.382879,0.038207,0.075697,0,emergency_ramp
107,1,0.304395,0.324117,0.059418,0.157478,0,emergency_ramp
107,2,0.496181,0.31238,0.03682,0.132614,0,emergency_ramp
107,3,0.351829,0.362829,0.059644,0.086691,0,emergency_ramp
107,4,0.418622,0.314656,0.042559,0.097147,0,emergency_ramp
107,5,0.36005,0.385443,0.082035,0.102248,0,emergency_ramp
107,6,0.374124,0.359,0.088891,0.134753,0,emergency_ramp
107,7,0.379552,0.320777,0.079188,0.15257,0,emergency_ramp
107,8,0.367009,0.318794,0.0467,0.092144,0,emergency_ramp
107,9,0.42748,0.383149,0.084457,0.10725,0,emergency_ramp
108,0,0.367856,0.493763,0.092428,0.145421,1,imbalanced_ap_load
108,1,0.374724,0.478685,0.145712,0.172134,1,imbalanced_ap_load
108,2,0.375635,0.475522,0.128759,0.212285,1,imbalanced_ap_load
108,3,0.38645,0.49546,0.163842,0.188816,1,imbalanced_ap_load
108,4,0.383471,0.495161,0.178815,0.218339,1,imbalanced_ap_load
108,5,0.381547,0.537518,0.18511,0.186984,1,imbalanced_ap_load
108,6,0.411114,0.518251,0.17139,0.218312,1,imbalanced_ap_load
108,7,0.417351,0.574613,0.172632,0.236406,1,imbalanced_ap_load
108,8,0.439118,0.575944,0.180269,0.24734,1,imbalanced_ap_load
108,9,0.432091,0.578227,0.231051,0.254679,1,imbalanced_ap_load
109,0,0.082072,0.134294,0.020459,0.041068,0,startup_surge
109,1,0.089325,0.106341,0.032167,0.052035,0,startup_surge
109,2,0.060999,0.184419,0.020989,0.049835,0,startup_surge
109,3,0.080376,0.184267,0.007386,0.027823,0,startup_surge
109,4,0.05544,0.136329,0.023121,0.059113,0,startup_surge
109,5,0.082933,0.107041,0.017041,0.058614,0,startup_surge
109,6,0.080018,0.188088,0.016459,0.031169,0,startup_surge
109,7,0.091195,0.193354,0.016279,0.059954,0,startup_surge
109,8,0.082246,0.199717,0.003751,0.041004,0,startup_surge
109,9,0.098576,0.139105,0.026315,0.029069,0,startup_surge
110,0,0.085391,0.174221,0.026763,0.064037,0,lunch_restart
110,1,0.045463,0.175976,0.01951,0.039314,0,lunch_restart
110,2,0.060183,0.152302,0.023954,0.044758,0,lunch_restart
110,3,0.074094,0.19424,0.039678,0.076631,0,lunch_restart
110,4,0.097866,0.195367,0.025996,0.072625,0,lunch_restart
110,5,0.08714,0.187688,0.063495,0.06623,0,lunch_restart
110,6,0.078851,0.208614,0.059509,0.089424,0,lunch_restart
110,7,0.096372,0.22329,0.070817,0.062232,0,lunch_restart
110,8,0.092142,0.224235,0.073293,0.088724,0,lunch_restart
110,9,0.095476,0.239557,0.056089,0.082259,0,lunch_restart
111,0,0.362968,0.478395,0.131682,0.144561,1,imbalanced_ap_load
111,1,0.379681,0.422047,0.147867,0.146582,1,imbalanced_ap_load
111,2,0.382766,0.505354,0.149793,0.190695,1,imbalanced_ap_load
111,3,0.385208,0.516146,0.142066,0.200426,1,imbalanced_ap_load
111,4,0.404447,0.54814,0.17783,0.192531,1,imbalanced_ap_load
111,5,0.41976,0.565129,0.200791,0.212067,1,imbalanced_ap_load
111,6,0.407975,0.546772,0.170972,0.219326,1,imbalanced_ap_load
111,7,0.424372,0.57843,0.158886,0.234902,1,imbalanced_ap_load
111,8,0.451639,0.551653,0.206568,0.243887,1,imbalanced_ap_load
111,9,0.426616,0.60061,0.201498,0.201465,1,imbalanced_ap_load
112,0,0.068593,0.088544,0.008101,0.036423,0,lunch_restart
112,1,0.046876,0.139363,0.029637,0.060845,0,lunch_restart
112,2,0.057732,0.128066,0.025815,0.05687,0,lunch_restart
112,3,0.066906,0.163182,0.031038,0.034403,0,lunch_restart
112,4,0.055871,0.151198,0.031803,0.049079,0,lunch_restart
112,5,0.088085,0.18643,0.043998,0.084649,0,lunch_restart
112,6,0.081736,0.219113,0.048666,0.06408,0,lunch_restart
112,7,0.081886,0.239449,0.053801,0.059783,0,lunch_restart
112,8,0.10297,0.210691,0.039613,0.063632,0,lunch_restart
112,9,0.085516,0.214536,0.055759,0.074522,0,lunch_restart
113,0,0.569557,0.461597,0.130744,0.18409,1,emergency_ramp
113,1,0.500014,0.434695,0.154308,0.165689,1,emergency_ramp
113,2,0.548025,0.481509,0.145232,0.216392,1,emergency_ramp
113,3,0.563889,0.514698,0.110248,0.215573,1,emergency_ramp
113,4,0.592808,0.495761,0.213706,0.216713,1,emergency_ramp
113,5,0.578382,0.499357,0.210497,0.27566,1,emergency_ramp
113,6,0.649107,0.558362,0.199506,0.270973,1,emergency_ramp
113,7,0.636567,0.560214,0.224946,0.285261,1,emergency_ramp
113,8,0.646172,0.537404,0.220477,0.274834,1,emergency_ramp
113,9,0.643125,0.576795,0.215361,0.300452,1,emergency_ramp
114,0,0.558555,0.457897,0.159766,0.246356,1,emergency_ramp
114,1,0.597428,0.472406,0.216353,0.20097,1,emergency_ramp
114,2,0.594901,0.511322,0.210145,0.247054,1,emergency_ramp
114,3,0.618291,0.528487,0.269191,0.283605,1,emergency_ramp
114,4,0.651494,0.516907,0.278727,0.216346,1,emergency_ramp
114,5,0.676974,0.547865,0.261465,0.328438,1,emergency_ramp
114,6,0.652651,0.565979,0.263243,0.281793,1,emergency_ramp
114,7,0.646762,0.580134,0.301865,0.307386,1,emergency_ramp
114,8,0.692797,0.605038,0.296809,0.329715,1,emergency_ramp
114,9,0.718512,0.602768,0.368187,0.345427,1,emergency_ramp
115,0,0.61483,0.733716,0.260291,0.314384,2,startup_surge
115,1,0.618536,0.662616,0.43461,0.180867,2,startup_surge
115,2,0.62736,0.758041,0.401556,0.317808,2,startup_surge
115,3,0.655825,0.751611,0.394156,0.242227,2,startup_surge
115,4,0.585181,0.696987,0.280096,0.288762,2,startup_surge
115,5,0.49832,0.736245,0.352031,0.245499,2,startup_surge
115,6,0.61991,0.732179,0.206921,0.399177,2,startup_surge
115,7,0.46928,0.677182,0.238984,0.230785,2,startup_surge
115,8,0.504739,0.683191,0.355475,0.380829,2,startup_surge
115,9,0.648039,0.741985,0.292902,0.381953,2,startup_surge
116,0,0.013214,0.086166,0.005907,0.018282,0,lunch_restart
116,1,0.029976,0.052138,0.005735,0.01811,0,lunch_restart
116,2,0.015856,0.097572,0.006112,0.01347,0,lunch_restart
116,3,0.023309,0.062432,0.004465,0.029953,0,lunch_restart
116,4,0.029199,0.083931,0.004413,0.024248,0,lunch_restart
116,5,0.025126,0.090335,0.001532,0.029113,0,lunch_restart
116,6,0.016995,0.070866,0.004948,0.02485,0,lunch_restart
116,7,0.028416,0.071886,0.004143,0.019878,0,lunch_restart
116,8,0.011027,0.113916,0.005657,0.015102,0,lunch_restart
116,9,0.042184,0.091676,0.0,0.011136,0,lunch_restart
117,0,0.240847,0.423255,0.156866,0.210647,1,lunch_restart
117,1,0.243894,0.428435,0.218812,0.207521,1,lunch_restart
117,2,0.273551,0.453893,0.200211,0.196242,1,lunch_restart
117,3,0.260935,0.439274,0.193966,0.200475,1,lunch_restart
117,4,0.281772,0.490749,0.220389,0.212873,1,lunch_restart
117,5,0.342509,0.486403,0.216028,0.259593,1,lunch_restart
117,6,0.329291,0.563246,0.240394,0.263768,1,lunch_restart
117,7,0.336836,0.564674,0.257101,0.260736,1,lunch_restart
117,8,0.301496,0.548177,0.295541,0.254134,1,lunch_restart
117,9,0.359417,0.557339,0.265293,0.255947,1,lunch_restart
118,0,0.325758,0.55618,0.318105,0.257924,2,lunch_restart
118,1,0.378404,0.564482,0.300104,0.261426,2,lunch_restart
118,2,0.376987,0.59124,0.325915,0.249981,2,lunch_restart
118,3,0.348109,0.581227,0.359103,0.277291,2,lunch_restart
118,4,0.390675,0.638695,0.344261,0.312493,2,lunch_restart
118,5,0.413212,0.618384,0.277537,0.313911,2,lunch_restart
118,6,0.409733,0.618733,0.357407,0.359442,2,lunch_restart
118,7,0.424277,0.626395,0.298183,0.329365,2,lunch_restart
118,8,0.444609,0.620842,0.357931,0.354448,2,lunch_restart
118,9,0.41377,0.669857,0.349501,0.352207,2,lunch_restart
119,0,0.588515,0.687339,0.414898,0.377303,2,imbalanced_ap_load
119,1,0.615863,0.760671,0.380352,0.359095,2,imbalanced_ap_load
119,2,0.573555,0.778774,0.438782,0.396992,2,imbalanced_ap_load
119,3,0.614771,0.718106,0.458928,0.436107,2,imbalanced_ap_load
119,4,0.625162,0.756291,0.466542,0.408982,2,imbalanced_ap_load
119,5,0.633794,0.750072,0.462241,0.428898,2,imbalanced_ap_load
119,6,0.616819,0.780122,0.496114,0.387571,2,imbalanced_ap_load
119,7,0.65265,0.808335,0.534442,0.424266,2,imbalanced_ap_load
119,8,0.659301,0.783341,0.518776,0.470987,2,imbalanced_ap_load
119,9,0.653307,0.784276,0.57813,0.488606,2,imbalanced_ap_load
120,0,0.020386,0.082239,0.004961,0.02189,0,lunch_restart
120,1,0.010706,0.073298,0.003232,0.011227,0,lunch_restart
120,2,0.024188,0.091983,0.0031,0.021002,0,lunch_restart
120,3,0.029692,0.07425,0.004146,0.02169,0,lunch_restart
120,4,0.015161,0.09649,0.001729,0.015819,0,lunch_restart
120,5,0.019269,0.095023,0.001665,0.015862,0,lunch_restart
120,6,0.017225,0.059264,0.006596,0.014582,0,lunch_restart
120,7,0.017809,0.084308,0.005793,0.028714,0,lunch_restart
120,8,0.024428,0.060731,0.004918,0.017777,0,lunch_restart
120,9,0.017568,0.091165,0.000914,0.021705,0,lunch_restart
121,0,0.628191,0.789858,0.4827,0.453557,3,imbalanced_ap_load
121,1,0.689372,0.776921,0.545709,0.473285,3,imbalanced_ap_load
121,2,0.674833,0.799301,0.556898,0.465331,3,imbalanced_ap_load
121,3,0.671192,0.784073,0.603452,0.466297,3,imbalanced_ap_load
121,4,0.690989,0.813055,0.613558,0.47369,3,imbalanced_ap_load
121,5,0.7245,0.826675,0.616342,0.544692,3,imbalanced_ap_load
121,6,0.692075,0.830113,0.579647,0.445118,3,imbalanced_ap_load
121,7,0.717261,0.876496,0.657249,0.524277,3,imbalanced_ap_load
121,8,0.741407,0.858211,0.635239,0.524869,3,imbalanced_ap_load
121,9,0.737102,0.862267,0.613957,0.543066,3,imbalanced_ap_load
122,0,0.050098,0.154107,0.023372,0.0392,0,lunch_restart
122,1,0.057602,0.121313,0.016549,0.037905,0,lunch_restart
122,2,0.052066,0.136065,0.02348,0.055025,0,lunch_restart
122,3,0.066489,0.133134,0.03138,0.043198,0,lunch_restart
122,4,0.049392,0.16056,0.026521,0.056577,0,lunch_restart
122,5,0.086855,0.186626,0.047999,0.06494,0,lunch_restart
122,6,0.069669,0.16889,0.02145,0.044438,0,lunch_restart
122,7,0.080031,0.17407,0.038758,0.057153,0,lunch_restart
122,8,0.097207,0.21582,0.056549,0.087941,0,lunch_restart
122,9,0.078758,0.194117,0.058963,0.074558,0,lunch_restart
123,0,0.641214,0.786332,0.494059,0.369934,3,imbalanced_ap_load
123,1,0.636649,0.724957,0.504155,0.504431,3,imbalanced_ap_load
123,2,0.652047,0.809474,0.464303,0.457446,3,imbalanced_ap_load
123,3,0.664695,0.747143,0.574513,0.457283,3,imbalanced_ap_load
123,4,0.671977,0.843128,0.580288,0.469887,3,imbalanced_ap_load
123,5,0.658382,0.793005,0.534652,0.438048,3,imbalanced_ap_load
123,6,0.669401,0.833008,0.540735,0.462523,3,imbalanced_ap_load
123,7,0.685605,0.835283,0.591415,0.53264,3,imbalanced_ap_load
123,8,0.68728,0.81127,0.561977,0.5158,3,imbalanced_ap_load
123,9,0.686255,0.85208,0.641952,0.455534,3,imbalanced_ap_load
124,0,0.085833,0.170138,0.020233,0.029488,0,startup_surge
124,1,0.055187,0.136279,0.008791,0.027754,0,startup_surge
124,2,0.085313,0.187964,0.03291,0.035852,0,startup_surge
124,3,0.073453,0.14063,0.012091,0.045652,0,startup_surge
124,4,0.068563,0.169837,0.027735,0.032587,0,startup_surge
124,5,0.062534,0.178787,0.001168,0.039536,0,startup_surge
124,6,0.065899,0.128639,0.023174,0.044,0,startup_surge
124,7,0.07679,0.107226,0.010115,0.028399,0,startup_surge
124,8,0.058097,0.186813,0.017896,0.049656,0,startup_surge
124,9,0.075465,0.123129,0.027887,0.045146,0,startup_surge
125,0,0.062262,0.182651,0.001024,0.035692,0,startup_surge
125,1,0.092975,0.112139,0.012816,0.020561,0,startup_surge
125,2,0.094588,0.105318,0.017541,0.024281,0,startup_surge
125,3,0.079552,0.198731,0.0,0.045382,0,startup_surge
125,4,0.113069,0.224583,0.031879,0.077631,0,startup_surge
125,5,0.134599,0.228109,0.062209,0.081733,0,startup_surge
125,6,0.143711,0.234842,0.112427,0.099411,0,startup_surge
125,7,0.157202,0.287117,0.09423,0.0545,0,startup_surge
125,8,0.172837,0.292081,0.115031,0.106477,0,startup_surge
125,9,0.161972,0.333186,0.102938,0.095477,0,startup_surge
126,0,0.389011,0.507254,0.218672,0.182017,2,startup_surge
126,1,0.383543,0.607898,0.27582,0.173571,2,startup_surge
126,2,0.68186,0.762036,0.279656,0.358578,2,startup_surge
126,3,0.647513,0.725819,0.485162,0.239157,2,startup_surge
126,4,0.559843,0.722632,0.432264,0.314098,2,startup_surge
126,5,0.676289,0.743025,0.326985,0.255495,2,startup_surge
126,6,0.511658,0.711538,0.418095,0.324409,2,startup_surge
126,7,0.50839,0.765693,0.294448,0.310158,2,startup_surge
126,8,0.48224,0.680074,0.224669,0.399509,2,startup_surge
126,9,0.560608,0.71063,0.329157,0.24841,2,startup_surge
127,0,0.013905,0.085036,0.003051,0.020687,0,lunch_restart
127,1,0.023807,0.061237,0.005665,0.018042,0,lunch_restart
127,2,0.017841,0.068044,0.00534,0.012185,0,lunch_restart
127,3,0.013655,0.097463,0.001087,0.021813,0,lunch_restart
127,4,0.028876,0.083061,0.004489,0.024011,0,lunch_restart
127,5,0.020136,0.089451,0.005712,0.01808,0,lunch_restart
127,6,0.020561,0.098435,0.005465,0.018121,0,lunch_restart
127,7,0.029627,0.061572,0.002838,0.021466,0,lunch_restart
127,8,0.017328,0.066084,0.000321,0.010556,0,lunch_restart
127,9,0.02886,0.08224,0.006208,0.029157,0,lunch_restart
128,0,0.061263,0.162339,0.015386,0.052576,0,lunch_restart
128,1,0.0649,0.174789,0.026244,0.060331,0,lunch_restart
128,2,0.072079,0.173391,0.02187,0.068436,0,lunch_restart
128,3,0.076907,0.190494,0.044084,0.071863,0,lunch_restart
128,4,0.097439,0.200579,0.054767,0.041732,0,lunch_restart
128,5,0.07917,0.187481,0.044723,0.090023,0,lunch_restart
128,6,0.102335,0.225433,0.065092,0.091981,0,lunch_restart
128,7,0.106382,0.23302,0.047576,0.091936,0,lunch_restart
128,8,0.10834,0.221812,0.054944,0.084407,0,lunch_restart
128,9,0.120966,0.221314,0.072086,0.098948,0,lunch_restart
129,0,0.056462,0.133327,0.012757,0.054679,0,startup_surge
129,1,0.091094,0.127046,0.03282,0.045149,0,startup_surge
129,2,0.092847,0.143139,0.018551,0.039449,0,startup_surge
129,3,0.061694,0.173909,0.033,0.049328,0,startup_surge
129,4,0.072854,0.119359,0.021063,0.023036,0,startup_surge
129,5,0.079243,0.187426,0.011545,0.055311,0,startup_surge
129,6,0.105488,0.223863,0.017457,0.083199,0,startup_surge
129,7,0.109983,0.194921,0.000716,0.073977,0,startup_surge
129,8,0.166326,0.196917,0.018347,0.095843,0,startup_surge
129,9,0.146687,0.24653,0.067692,0.059154,0,startup_surge
130,0,0.017545,0.067592,0.003893,0.026439,0,lunch_restart
130,1,0.020337,0.051113,0.002526,0.023419,0,lunch_restart
130,2,0.014904,0.053766,0.002319,0.02226,0,lunch_restart
130,3,0.022331,0.050367,0.000229,0.024612,0,lunch_restart
130,4,0.016117,0.059089,0.002776,0.01752,0,lunch_restart
130,5,0.029638,0.091277,0.005792,0.023023,0,lunch_restart
130,6,0.035469,0.113458,0.0,0.012895,0,lunch_restart
130,7,0.026368,0.126565,0.008009,0.020463,0,lunch_restart
130,8,0.036206,0.125048,0.001146,0.049653,0,lunch_restart
130,9,0.039462,0.119998,0.0,0.04226,0,lunch_restart
131,0,0.305909,0.374392,0.069591,0.090052,0,emergency_ramp
131,1,0.359175,0.382057,0.0985,0.158294,0,emergency_ramp
131,2,0.471961,0.313125,0.037366,0.101526,0,emergency_ramp
131,3,0.383823,0.324013,0.03725,0.088536,0,emergency_ramp
131,4,0.461557,0.375689,0.090943,0.138007,0,emergency_ramp
131,5,0.380554,0.360256,0.0369,0.118805,0,emergency_ramp
131,6,0.32679,0.334636,0.093825,0.150454,0,emergency_ramp
131,7,0.338924,0.341793,0.039601,0.070637,0,emergency_ramp
131,8,0.476241,0.339468,0.040829,0.065467,0,emergency_ramp
131,9,0.336248,0.350207,0.055384,0.154315,0,emergency_ramp
132,0,0.099263,0.22063,0.072894,0.079564,0,lunch_restart
132,1,0.10215,0.227397,0.065611,0.078715,0,lunch_restart
132,2,0.140025,0.272238,0.069669,0.067345,0,lunch_restart
132,3,0.103622,0.233083,0.064632,0.066071,0,lunch_restart
132,4,0.119784,0.251663,0.089864,0.085147,0,lunch_restart
132,5,0.150491,0.271906,0.070113,0.095276,0,lunch_restart
132,6,0.164358,0.319155,0.153806,0.119765,0,lunch_restart
132,7,0.195311,0.314701,0.110796,0.12608,0,lunch_restart
132,8,0.160338,0.339956,0.136724,0.157545,0,lunch_restart
132,9,0.19652,0.375234,0.1607,0.150669,0,lunch_restart
133,0,0.026268,0.063678,0.004554,0.010931,0,lunch_restart
133,1,0.020833,0.090616,0.002165,0.029345,0,lunch_restart
133,2,0.019125,0.076757,0.005951,0.02856,0,lunch_restart
133,3,0.01265,0.082286,0.002653,0.02424,0,lunch_restart
133,4,0.020282,0.072863,0.003676,0.015663,0,lunch_restart
133,5,0.015348,0.079415,0.002655,0.0159,0,lunch_restart
133,6,0.012532,0.077005,0.002902,0.027305,0,lunch_restart
133,7,0.020537,0.074095,0.000365,0.011212,0,lunch_restart
133,8,0.023636,0.090142,0.002068,0.014747,0,lunch_restart
133,9,0.011135,0.094011,0.006322,0.013328,0,lunch_restart
134,0,0.022061,0.081945,0.005947,0.027597,0,lunch_restart
134,1,0.016201,0.067579,0.004905,0.014429,0,lunch_restart
134,2,0.021007,0.086062,0.003458,0.027533,0,lunch_restart
134,3,0.015246,0.090224,0.000795,0.029562,0,lunch_restart
134,4,0.019754,0.070732,0.005358,0.022514,0,lunch_restart
134,5,0.028645,0.068128,0.004761,0.024744,0,lunch_restart
134,6,0.019695,0.057623,0.002241,0.019661,0,lunch_restart
134,7,0.020027,0.083845,0.001546,0.011497,0,lunch_restart
134,8,0.019857,0.072243,0.004387,0.029199,0,lunch_restart
134,9,0.027131,0.056645,0.000562,0.028905,0,lunch_restart
135,0,0.612612,0.75098,0.285805,0.342231,2,startup_surge
135,1,0.665421,0.757191,0.2109,0.238314,2,startup_surge
135,2,0.576014,0.744212,0.320361,0.304836,2,startup_surge
135,3,0.670228,0.739495,0.26924,0.204207,2,startup_surge
135,4,0.639943,0.758736,0.431933,0.35897,2,startup_surge
135,5,0.5437,0.746212,0.213164,0.390036,2,startup_surge
135,6,0.56188,0.733239,0.234771,0.258164,2,startup_surge
135,7,0.610384,0.745937,0.397844,0.201576,2,startup_surge
135,8,0.669538,0.672997,0.444626,0.256858,2,startup_surge
135,9,0.696927,0.701598,0.210171,0.216032,2,startup_surge
136,0,0.458957,0.302082,0.081631,0.130605,0,emergency_ramp
136,1,0.332649,0.382293,0.092341,0.078373,0,emergency_ramp
136,2,0.351385,0.377725,0.046476,0.068347,0,emergency_ramp
136,3,0.456737,0.382469,0.086326,0.11486,0,emergency_ramp
136,4,0.32947,0.360898,0.04464,0.06115,0,emergency_ramp
136,5,0.324792,0.301172,0.071763,0.074822,0,emergency_ramp
136,6,0.495403,0.387587,0.08988,0.131706,0,emergency_ramp
136,7,0.493558,0.363789,0.093723,0.150162,0,emergency_ramp
136,8,0.367347,0.337371,0.053896,0.088526,0,emergency_ramp
136,9,0.301719,0.365923,0.087925,0.098262,0,emergency_ramp
137,0,0.070315,0.204311,0.037757,0.069618,0,lunch_restart
137,1,0.088826,0.200094,0.039872,0.074497,0,lunch_restart
137,2,0.0991,0.204629,0.059103,0.068864,0,lunch_restart
137,3,0.123351,0.231009,0.053046,0.077682,0,lunch_restart
137,4,0.089812,0.215197,0.068972,0.086035,0,lunch_restart
137,5,0.113744,0.252734,0.061355,0.094977,0,lunch_restart
137,6,0.134567,0.242825,0.076901,0.097492,0,lunch_restart
137,7,0.100033,0.2566,0.096714,0.122864,0,lunch_restart
137,8,0.149939,0.282515,0.082534,0.107332,0,lunch_restart
137,9,0.143108,0.273965,0.057533,0.120988,0,lunch_restart
138,0,0.360847,0.32247,0.059969,0.066914,1,emergency_ramp
138,1,0.488854,0.34249,0.041754,0.078915,1,emergency_ramp
138,2,0.328038,0.335608,0.097315,0.098961,1,emergency_ramp
138,3,0.494927,0.339185,0.042754,0.083591,1,emergency_ramp
138,4,0.456412,0.300021,0.041191,0.075853,1,emergency_ramp
138,5,0.541913,0.415225,0.104698,0.189115,1,emergency_ramp
138,6,0.524535,0.469622,0.105988,0.163099,1,emergency_ramp
138,7,0.58389,0.443322,0.163714,0.200884,1,emergency_ramp
138,8,0.520706,0.479151,0.120742,0.213193,1,emergency_ramp
138,9,0.540689,0.469414,0.163825,0.201458,1,emergency_ramp
139,0,0.403328,0.641963,0.362921,0.35515,2,lunch_restart
139,1,0.43331,0.662352,0.395925,0.362207,2,lunch_restart
139,2,0.467219,0.659133,0.42169,0.381657,2,lunch_restart
139,3,0.460209,0.6682,0.357833,0.350998,2,lunch_restart
139,4,0.479302,0.706046,0.401323,0.377833,2,lunch_restart
139,5,0.460971,0.697635,0.406628,0.411665,2,lunch_restart
139,6,0.483995,0.701265,0.415218,0.388222,2,lunch_restart
139,7,0.486178,0.708739,0.440665,0.409436,2,lunch_restart
139,8,0.513553,0.707103,0.411225,0.442846,2,lunch_restart
139,9,0.523074,0.704037,0.465636,0.446384,2,lunch_restart
140,0,0.148547,0.258913,0.066102,0.091512,1,startup_surge
140,1,0.130899,0.283462,0.064683,0.084506,1,startup_surge
140,2,0.143899,0.282155,0.058646,0.090925,1,startup_surge
140,3,0.191651,0.286006,0.053403,0.111271,1,startup_surge
140,4,0.190221,0.306175,0.132205,0.11817,1,startup_surge
140,5,0.206472,0.359889,0.116868,0.127555,1,startup_surge
140,6,0.234336,0.340336,0.07072,0.133648,1,startup_surge
140,7,0.219263,0.369113,0.103879,0.13312,1,startup_surge
140,8,0.238711,0.369723,0.123046,0.158484,1,startup_surge
140,9,0.255392,0.426016,0.104476,0.128327,1,startup_surge
141,0,0.46956,0.331974,0.075049,0.095384,0,emergency_ramp
141,1,0.371795,0.359027,0.099048,0.127508,0,emergency_ramp
141,2,0.463854,0.316125,0.098008,0.130484,0,emergency_ramp
141,3,0.451383,0.348331,0.083046,0.066519,0,emergency_ramp
141,4,0.485862,0.32692,0.088305,0.081752,0,emergency_ramp
141,5,0.497886,0.300353,0.091598,0.14255,0,emergency_ramp
141,6,0.308346,0.365263,0.068557,0.079182,0,emergency_ramp
141,7,0.387494,0.311806,0.048573,0.088653,0,emergency_ramp
141,8,0.454712,0.384573,0.077406,0.076224,0,emergency_ramp
141,9,0.464633,0.348935,0.042773,0.135432,0,emergency_ramp
142,0,0.824009,0.924582,0.717846,0.658267,3,emergency_ramp
142,1,0.810248,0.891057,0.800745,0.793235,3,emergency_ramp
142,2,0.818838,0.914532,0.825101,0.719437,3,emergency_ramp
142,3,0.887211,0.904518,0.800835,0.750699,3,emergency_ramp
142,4,0.8554,0.921103,0.798137,0.749406,3,emergency_ramp
142,5,0.908595,0.949591,0.83077,0.741533,3,emergency_ramp
142,6,0.863021,0.932932,0.722664,0.783697,3,emergency_ramp
142,7,0.891418,0.891773,0.850163,0.905226,3,emergency_ramp
142,8,0.952231,0.940804,0.846418,0.876372,3,emergency_ramp
142,9,0.874255,0.960864,0.860213,0.800365,3,emergency_ramp
143,0,0.462734,0.344613,0.076203,0.117679,0,emergency_ramp
143,1,0.323469,0.312495,0.067882,0.119683,0,emergency_ramp
143,2,0.331752,0.320111,0.057706,0.1445,0,emergency_ramp
143,3,0.498476,0.314834,0.039529,0.141909,0,emergency_ramp
143,4,0.385738,0.372224,0.08071,0.142353,0,emergency_ramp
143,5,0.392124,0.340475,0.059652,0.144417,0,emergency_ramp
143,6,0.490206,0.349733,0.068999,0.147983,0,emergency_ramp
143,7,0.372368,0.352466,0.036784,0.115532,0,emergency_ramp
143,8,0.347393,0.335675,0.085063,0.119517,0,emergency_ramp
143,9,0.315564,0.326859,0.079485,0.132723,0,emergency_ramp
144,0,0.072608,0.161917,0.038091,0.051037,0,lunch_restart
144,1,0.07568,0.191847,0.046373,0.058568,0,lunch_restart
144,2,0.092871,0.193867,0.047861,0.078549,0,lunch_restart
144,3,0.098272,0.192196,0.031961,0.070172,0,lunch_restart
144,4,0.105023,0.205682,0.066217,0.068406,0,lunch_restart
144,5,0.10969,0.233972,0.059423,0.073102,0,lunch_restart
144,6,0.105245,0.250989,0.067171,0.070716,0,lunch_restart
144,7,0.110523,0.225315,0.055145,0.066877,0,lunch_restart
144,8,0.131192,0.236031,0.069074,0.073039,0,lunch_restart
144,9,0.120823,0.280898,0.077114,0.074963,0,lunch_restart
145,0,0.663386,0.725407,0.284654,0.183284,2,startup_surge
145,1,0.535837,0.66654,0.276158,0.30781,2,startup_surge
145,2,0.475235,0.705131,0.277603,0.341749,2,startup_surge
145,3,0.557793,0.662671,0.40673,0.313865,2,startup_surge
145,4,0.650528,0.770355,0.411254,0.297183,2,startup_surge
145,5,0.456109,0.777573,0.370895,0.321119,2,startup_surge
145,6,0.560258,0.68682,0.482174,0.371663,2,startup_surge
145,7,0.600716,0.725374,0.428291,0.247898,2,startup_surge
145,8,0.653898,0.669138,0.32612,0.284723,2,startup_surge
145,9,0.51235,0.686523,0.446966,0.378592,2,startup_surge
146,0,0.3936,0.520531,0.143727,0.198588,1,imbalanced_ap_load
146,1,0.382381,0.476283,0.173188,0.185741,1,imbalanced_ap_load
146,2,0.369466,0.498079,0.159798,0.198329,1,imbalanced_ap_load
146,3,0.383563,0.517955,0.148855,0.200111,1,imbalanced_ap_load
146,4,0.410935,0.533341,0.15171,0.176999,1,imbalanced_ap_load
146,5,0.403344,0.536157,0.183309,0.21407,1,imbalanced_ap_load
146,6,0.417709,0.587431,0.150584,0.246692,1,imbalanced_ap_load
146,7,0.426241,0.613552,0.191431,0.241914,1,imbalanced_ap_load
146,8,0.449083,0.589644,0.197229,0.235367,1,imbalanced_ap_load
146,9,0.475886,0.583523,0.202357,0.257996,1,imbalanced_ap_load
147,0,0.023893,0.094606,0.000557,0.019366,0,lunch_restart
147,1,0.028915,0.094809,0.004262,0.025572,0,lunch_restart
147,2,0.016591,0.060963,0.002248,0.012207,0,lunch_restart
147,3,0.029878,0.08428,0.003453,0.011496,0,lunch_restart
147,4,0.024153,0.093111,0.003501,0.012021,0,lunch_restart
147,5,0.041454,0.114126,0.000898,0.033809,0,lunch_restart
147,6,0.028832,0.123472,0.004056,0.023294,0,lunch_restart
147,7,0.025408,0.111346,0.023152,0.04856,0,lunch_restart
147,8,0.06709,0.135971,0.018052,0.025745,0,lunch_restart
147,9,0.035713,0.140035,0.00396,0.035681,0,lunch_restart
148,0,0.016894,0.0576,0.00532,0.026959,0,lunch_restart
148,1,0.010554,0.092485,0.002733,0.01389,0,lunch_restart
148,2,0.029656,0.124519,0.007492,0.038015,0,lunch_restart
148,3,0.043818,0.116827,0.009426,0.036756,0,lunch_restart
148,4,0.040864,0.118203,0.009848,0.035787,0,lunch_restart
148,5,0.049898,0.127893,0.016168,0.038074,0,lunch_restart
148,6,0.052688,0.135447,0.034417,0.055432,0,lunch_restart
148,7,0.062368,0.161117,0.018527,0.050051,0,lunch_restart
148,8,0.057323,0.139852,0.050397,0.042454,0,lunch_restart
148,9,0.055665,0.15935,0.025021,0.045407,0,lunch_restart
149,0,0.387833,0.328828,0.074515,0.1117,0,emergency_ramp
149,1,0.336398,0.37442,0.086878,0.142433,0,emergency_ramp
149,2,0.309087,0.387889,0.073447,0.1585,0,emergency_ramp
149,3,0.355935,0.3454,0.09091,0.062667,0,emergency_ramp
149,4,0.496019,0.335766,0.082393,0.094792,0,emergency_ramp
149,5,0.463213,0.356275,0.078817,0.089196,0,emergency_ramp
149,6,0.341746,0.388015,0.090434,0.106036,0,emergency_ramp
149,7,0.356626,0.36724,0.051938,0.075561,0,emergency_ramp
149,8,0.404761,0.306352,0.038571,0.091848,0,emergency_ramp
149,9,0.432764,0.337831,0.036232,0.121797,0,emergency_ramp
150,0,0.012998,0.07908,0.002008,0.0157,0,lunch_restart
150,1,0.027652,0.087338,0.000271,0.019456,0,lunch_restart
150,2,0.024594,0.095764,0.003089,0.013823,0,lunch_restart
150,3,0.021717,0.096605,0.00028,0.02006,0,lunch_restart
150,4,0.021224,0.083395,0.001725,0.019712,0,lunch_restart
150,5,0.029038,0.063435,0.004455,0.025433,0,lunch_restart
150,6,0.027274,0.093354,0.003047,0.019141,0,lunch_restart
150,7,0.028439,0.084699,0.002181,0.012861,0,lunch_restart
150,8,0.026445,0.068384,0.005329,0.028993,0,lunch_restart
150,9,0.017014,0.081371,0.002243,0.015356,0,lunch_restart
151,0,0.349071,0.305059,0.056564,0.144453,1,emergency_ramp
151,1,0.347548,0.351829,0.090737,0.128165,1,emergency_ramp
151,2,0.504527,0.446137,0.033169,0.152079,1,emergency_ramp
151,3,0.47085,0.445437,0.108706,0.145485,1,emergency_ramp
151,4,0.530086,0.430837,0.122961,0.17259,1,emergency_ramp
151,5,0.537908,0.524701,0.15623,0.175281,1,emergency_ramp
151,6,0.587736,0.448357,0.226586,0.179344,1,emergency_ramp
151,7,0.555594,0.502394,0.197113,0.223905,1,emergency_ramp
151,8,0.621315,0.48807,0.219129,0.220748,1,emergency_ramp
151,9,0.613497,0.553621,0.199734,0.261966,1,emergency_ramp
152,0,0.062397,0.123989,0.018044,0.032723,0,startup_surge
152,1,0.085074,0.169271,0.014619,0.058141,0,startup_surge
152,2,0.066919,0.167635,0.032675,0.045292,0,startup_surge
152,3,0.059466,0.114289,0.032035,0.030246,0,startup_surge
152,4,0.073071,0.130708,0.025365,0.055675,0,startup_surge
152,5,0.074066,0.147738,0.029361,0.045484,0,startup_surge
152,6,0.082319,0.191146,0.018498,0.047381,0,startup_surge
152,7,0.094877,0.152735,0.0,0.052376,0,startup_surge
152,8,0.102887,0.232998,0.04421,0.053499,0,startup_surge
152,9,0.149765,0.286494,0.031413,0.054243,0,startup_surge
153,0,0.057749,0.181705,0.024389,0.029533,0,startup_surge
153,1,0.079319,0.101941,0.004498,0.032023,0,startup_surge
153,2,0.053101,0.132182,0.028421,0.056624,0,startup_surge
153,3,0.069152,0.190619,0.016313,0.043345,0,startup_surge
153,4,0.089626,0.118504,0.031178,0.048328,0,startup_surge
153,5,0.094502,0.128402,0.031851,0.047041,0,startup_surge
153,6,0.062262,0.182651,0.001024,0.035692,0,startup_surge
153,7,0.092975,0.112139,0.012816,0.020561,0,startup_surge
153,8,0.094588,0.105318,0.017541,0.024281,0,startup_surge
153,9,0.079552,0.198731,0.0,0.045382,0,startup_surge
154,0,0.02345,0.064635,0.004959,0.011979,0,lunch_restart
154,1,0.015087,0.055613,0.006227,0.016855,0,lunch_restart
154,2,0.012775,0.057833,0.001738,0.028973,0,lunch_restart
154,3,0.038345,0.101703,0.027689,0.01682,0,lunch_restart
154,4,0.053024,0.127639,0.000257,0.027581,0,lunch_restart
154,5,0.058355,0.103009,0.024984,0.037074,0,lunch_restart
154,6,0.05565,0.136259,0.009139,0.033554,0,lunch_restart
154,7,0.055056,0.162522,0.014557,0.038922,0,lunch_restart
154,8,0.059373,0.128369,0.023494,0.057264,0,lunch_restart
154,9,0.076337,0.14813,0.032497,0.043053,0,lunch_restart
155,0,0.32666,0.403778,0.189266,0.145092,2,startup_surge
155,1,0.304749,0.516322,0.205295,0.174344,2,startup_surge
155,2,0.31597,0.461585,0.188723,0.173189,2,startup_surge
155,3,0.385516,0.496882,0.182021,0.186484,2,startup_surge
155,4,0.387341,0.54576,0.252437,0.190922,2,startup_surge
155,5,0.401181,0.512447,0.242865,0.206003,2,startup_surge
155,6,0.396286,0.547868,0.25966,0.226625,2,startup_surge
155,7,0.517763,0.751766,0.406904,0.27983,2,startup_surge
155,8,0.555095,0.738172,0.42033,0.275227,2,startup_surge
155,9,0.50626,0.750083,0.431873,0.238012,2,startup_surge
156,0,0.579786,0.766951,0.450265,0.399876,2,imbalanced_ap_load
156,1,0.625353,0.775974,0.498273,0.416493,2,imbalanced_ap_load
156,2,0.60705,0.768034,0.477077,0.376809,2,imbalanced_ap_load
156,3,0.642377,0.794702,0.511165,0.413224,2,imbalanced_ap_load
156,4,0.657421,0.78398,0.525041,0.482501,2,imbalanced_ap_load
156,5,0.661324,0.781654,0.514094,0.453788,2,imbalanced_ap_load
156,6,0.647294,0.753553,0.524193,0.476673,2,imbalanced_ap_load
156,7,0.678077,0.767015,0.555158,0.482388,2,imbalanced_ap_load
156,8,0.677754,0.863129,0.559125,0.479001,2,imbalanced_ap_load
156,9,0.680182,0.829167,0.545378,0.46961,2,imbalanced_ap_load
157,0,0.112004,0.281936,0.056521,0.08965,0,lunch_restart
157,1,0.155569,0.265507,0.06728,0.108312,0,lunch_restart
157,2,0.160424,0.301861,0.075219,0.115682,0,lunch_restart
157,3,0.179279,0.294405,0.105195,0.111212,0,lunch_restart
157,4,0.193538,0.355305,0.119091,0.13076,0,lunch_restart
157,5,0.213865,0.349514,0.128201,0.141016,0,lunch_restart
157,6,0.187305,0.396737,0.154044,0.153893,0,lunch_restart
157,7,0.221462,0.370584,0.133127,0.141153,0,lunch_restart
157,8,0.202754,0.404692,0.155462,0.168331,0,lunch_restart
157,9,0.238008,0.380195,0.169107,0.20459,0,lunch_restart
158,0,0.380792,0.372269,0.056472,0.083834,1,emergency_ramp
158,1,0.413046,0.303104,0.034156,0.115559,1,emergency_ramp
158,2,0.49311,0.424564,0.088026,0.172792,1,emergency_ramp
158,3,0.510338,0.451681,0.098109,0.169755,1,emergency_ramp
158,4,0.521672,0.468055,0.130963,0.174877,1,emergency_ramp
158,5,0.474122,0.443409,0.109005,0.204183,1,emergency_ramp
158,6,0.505218,0.438706,0.19449,0.221588,1,emergency_ramp
158,7,0.597297,0.47643,0.19642,0.225209,1,emergency_ramp
158,8,0.569133,0.505668,0.220505,0.223626,1,emergency_ramp
158,9,0.631308,0.507491,0.250454,0.243256,1,emergency_ramp
159,0,0.011021,0.088551,0.002359,0.025186,0,lunch_restart
159,1,0.010119,0.069459,0.004953,0.013899,0,lunch_restart
159,2,0.0199,0.082275,0.003698,0.02022,0,lunch_restart
159,3,0.02636,0.071331,0.002066,0.013928,0,lunch_restart
159,4,0.023419,0.058113,0.004378,0.028722,0,lunch_restart
159,5,0.029809,0.085032,0.006008,0.020144,0,lunch_restart
159,6,0.022199,0.070867,0.003368,0.01939,0,lunch_restart
159,7,0.020182,0.059268,0.004928,0.016148,0,lunch_restart
159,8,0.021632,0.096675,0.001323,0.018979,0,lunch_restart
159,9,0.027643,0.094666,0.003153,0.012214,0,lunch_restart
160,0,0.312935,0.376304,0.034584,0.146607,1,emergency_ramp
160,1,0.446966,0.310784,0.048123,0.123217,1,emergency_ramp
160,2,0.377078,0.369517,0.054019,0.146038,1,emergency_ramp
160,3,0.360422,0.31998,0.074161,0.106537,1,emergency_ramp
160,4,0.404532,0.383553,0.089509,0.062557,1,emergency_ramp
160,5,0.481424,0.359217,0.08087,0.125797,1,emergency_ramp
160,6,0.35135,0.338803,0.099886,0.156601,1,emergency_ramp
160,7,0.499877,0.303927,0.033381,0.153029,1,emergency_ramp
160,8,0.417776,0.354645,0.046008,0.075204,1,emergency_ramp
160,9,0.557981,0.430929,0.156418,0.183693,1,emergency_ramp
161,0,0.02373,0.067451,0.005528,0.022749,0,lunch_restart
161,1,0.010003,0.064538,0.002003,0.028827,0,lunch_restart
161,2,0.024939,0.074094,0.00593,0.017797,0,lunch_restart
161,3,0.016779,0.066136,0.00661,0.024651,0,lunch_restart
161,4,0.021525,0.05366,0.002045,0.024511,0,lunch_restart
161,5,0.02523,0.065606,0.000818,0.015372,0,lunch_restart
161,6,0.020217,0.060944,0.006381,0.028412,0,lunch_restart
161,7,0.022943,0.090769,0.00114,0.025584,0,lunch_restart
161,8,0.028399,0.06178,0.005143,0.027327,0,lunch_restart
161,9,0.010597,0.072944,0.000261,0.017252,0,lunch_restart
162,0,0.0938,0.276534,0.084613,0.097432,0,lunch_restart
162,1,0.171413,0.289989,0.103255,0.11017,0,lunch_restart
162,2,0.140845,0.315884,0.111796,0.132106,0,lunch_restart
162,3,0.165117,0.315133,0.114256,0.149874,0,lunch_restart
162,4,0.209808,0.379679,0.104376,0.162256,0,lunch_restart
162,5,0.191564,0.346114,0.143546,0.158596,0,lunch_restart
162,6,0.21573,0.400577,0.153816,0.159987,0,lunch_restart
162,7,0.193253,0.379196,0.13452,0.193734,0,lunch_restart
162,8,0.256347,0.380268,0.166502,0.17444,0,lunch_restart
162,9,0.241341,0.393129,0.191642,0.190872,0,lunch_restart
163,0,0.468953,0.344413,0.03716,0.147904,0,emergency_ramp
163,1,0.449045,0.329302,0.095438,0.151133,0,emergency_ramp
163,2,0.403381,0.330826,0.098367,0.091715,0,emergency_ramp
163,3,0.313963,0.360865,0.033709,0.155955,0,emergency_ramp
163,4,0.442301,0.355872,0.093379,0.146493,0,emergency_ramp
163,5,0.403668,0.328665,0.044931,0.152763,0,emergency_ramp
163,6,0.361955,0.310672,0.070757,0.130633,0,emergency_ramp
163,7,0.301988,0.352042,0.078543,0.079827,0,emergency_ramp
163,8,0.34621,0.366546,0.057271,0.079523,0,emergency_ramp
163,9,0.421138,0.350276,0.068599,0.150865,0,emergency_ramp
164,0,0.489561,0.455954,0.125051,0.126502,1,emergency_ramp
164,1,0.537229,0.461948,0.062271,0.166276,1,emergency_ramp
164,2,0.605977,0.45249,0.178758,0.182104,1,emergency_ramp
164,3,0.585233,0.495648,0.182945,0.248907,1,emergency_ramp
164,4,0.573467,0.528104,0.19708,0.225909,1,emergency_ramp
164,5,0.585317,0.52724,0.214663,0.233288,1,emergency_ramp
164,6,0.589571,0.52471,0.18352,0.251164,1,emergency_ramp
164,7,0.619643,0.534165,0.218835,0.25278,1,emergency_ramp
164,8,0.620673,0.535036,0.29596,0.318221,1,emergency_ramp
164,9,0.63946,0.563989,0.216624,0.329265,1,emergency_ramp
165,0,0.090905,0.173516,0.022706,0.037341,0,startup_surge
165,1,0.075903,0.153983,0.027623,0.036972,0,startup_surge
165,2,0.098513,0.190061,0.022848,0.026132,0,startup_surge
165,3,0.070269,0.196509,0.021256,0.027669,0,startup_surge
165,4,0.09365,0.186713,0.00559,0.039985,0,startup_surge
165,5,0.070605,0.154756,0.014664,0.041097,0,startup_surge
165,6,0.055395,0.175412,0.015046,0.041514,0,startup_surge
165,7,0.084382,0.133433,0.000617,0.059281,0,startup_surge
165,8,0.059148,0.101476,0.013517,0.021584,0,startup_surge
165,9,0.089993,0.178047,0.00757,0.051452,0,startup_surge
166,0,0.02006,0.056726,0.002007,0.021454,0,lunch_restart
166,1,0.017509,0.053312,0.004643,0.015138,0,lunch_restart
166,2,0.010807,0.057752,0.000785,0.02055,0,lunch_restart
166,3,0.026248,0.079424,0.001137,0.018099,0,lunch_restart
166,4,0.026166,0.078484,0.004982,0.028413,0,lunch_restart
166,5,0.019801,0.064054,0.006529,0.027848,0,lunch_restart
166,6,0.026778,0.083994,0.003348,0.022347,0,lunch_restart
166,7,0.01962,0.088481,0.000286,0.029307,0,lunch_restart
166,8,0.013378,0.099009,0.001562,0.017503,0,lunch_restart
166,9,0.020352,0.071988,0.001418,0.011759,0,lunch_restart
167,0,0.300152,0.484209,0.215063,0.226575,1,lunch_restart
167,1,0.280708,0.509499,0.248424,0.270906,1,lunch_restart
167,2,0.309904,0.500082,0.234142,0.251668,1,lunch_restart
167,3,0.301125,0.533802,0.286147,0.253523,1,lunch_restart
167,4,0.324357,0.55083,0.251995,0.26536,1,lunch_restart
167,5,0.334234,0.536273,0.331403,0.263503,1,lunch_restart
167,6,0.351035,0.554742,0.265573,0.274541,1,lunch_restart
167,7,0.369217,0.563653,0.341886,0.338562,1,lunch_restart
167,8,0.353877,0.594432,0.28269,0.303683,1,lunch_restart
167,9,0.367468,0.588705,0.321041,0.309325,1,lunch_restart
168,0,0.022891,0.055242,0.0046,0.028451,0,lunch_restart
168,1,0.02964,0.076447,0.000896,0.012294,0,lunch_restart
168,2,0.019938,0.066749,0.001892,0.013981,0,lunch_restart
168,3,0.015144,0.088195,0.000616,0.019339,0,lunch_restart
168,4,0.023068,0.081942,0.000344,0.014217,0,lunch_restart
168,5,0.012295,0.096889,0.002595,0.010632,0,lunch_restart
168,6,0.010112,0.099009,0.002766,0.022789,0,lunch_restart
168,7,0.017523,0.05003,0.00128,0.018153,0,lunch_restart
168,8,0.011392,0.061759,0.006135,0.028456,0,lunch_restart
168,9,0.019546,0.062084,0.004051,0.029675,0,lunch_restart
169,0,0.022503,0.094036,0.006273,0.015837,0,lunch_restart
169,1,0.010907,0.076898,0.003466,0.013434,0,lunch_restart
169,2,0.017104,0.050123,0.002005,0.021011,0,lunch_restart
169,3,0.023736,0.099681,0.004444,0.012133,0,lunch_restart
169,4,0.02448,0.076713,0.006041,0.022425,0,lunch_restart
169,5,0.005763,0.097562,0.021672,0.032528,0,lunch_restart
169,6,0.032728,0.100221,0.018807,0.046152,0,lunch_restart
169,7,0.033769,0.149144,0.003095,0.031703,0,lunch_restart
169,8,0.038364,0.140258,0.016401,0.041326,0,lunch_restart
169,9,0.039606,0.151432,0.017446,0.067262,0,lunch_restart
170,0,0.098001,0.114764,0.027613,0.058636,0,startup_surge
170,1,0.065074,0.152649,0.013336,0.025772,0,startup_surge
170,2,0.07607,0.166842,0.009133,0.022695,0,startup_surge
170,3,0.097906,0.133224,0.013639,0.052647,0,startup_surge
170,4,0.060067,0.108252,0.030688,0.020164,0,startup_surge
170,5,0.079894,0.132194,0.006026,0.042462,0,startup_surge
170,6,0.05318,0.169057,0.006174,0.020056,0,startup_surge
170,7,0.063149,0.197837,0.011792,0.03393,0,startup_surge
170,8,0.053461,0.119009,0.002015,0.046035,0,startup_surge
170,9,0.066508,0.191456,0.002497,0.041893,0,startup_surge
171,0,0.101352,0.184347,0.050428,0.025808,0,startup_surge
171,1,0.107322,0.238184,0.034133,0.069554,0,startup_surge
171,2,0.105512,0.214913,0.024395,0.073117,0,startup_surge
171,3,0.129751,0.211916,0.08896,0.081206,0,startup_surge
171,4,0.153538,0.254682,0.108987,0.068707,0,startup_surge
171,5,0.160845,0.267814,0.04618,0.094534,0,startup_surge
171,6,0.204851,0.319137,0.057399,0.095819,0,startup_surge
171,7,0.177763,0.262926,0.101638,0.125993,0,startup_surge
171,8,0.209836,0.354548,0.112826,0.120177,0,startup_surge
171,9,0.190175,0.318267,0.124468,0.088701,0,startup_surge
172,0,0.029134,0.062523,0.000792,0.021529,0,lunch_restart
172,1,0.022822,0.087222,0.004596,0.015726,0,lunch_restart
172,2,0.013699,0.096629,0.004917,0.029502,0,lunch_restart
172,3,0.017362,0.090835,0.004809,0.02857,0,lunch_restart
172,4,0.016109,0.066,0.003135,0.012244,0,lunch_restart
172,5,0.025703,0.072788,0.005621,0.026788,0,lunch_restart
172,6,0.020742,0.062352,0.004039,0.011554,0,lunch_restart
172,7,0.025593,0.096199,0.006624,0.028576,0,lunch_restart
172,8,0.01721,0.055937,0.005436,0.022483,0,lunch_restart
172,9,0.02739,0.097598,0.004815,0.013332,0,lunch_restart
173,0,0.094943,0.260394,0.084339,0.083757,0,lunch_restart
173,1,0.116951,0.25868,0.082404,0.085048,0,lunch_restart
173,2,0.105188,0.256615,0.06872,0.114661,0,lunch_restart
173,3,0.148677,0.288837,0.079947,0.058599,0,lunch_restart
173,4,0.170141,0.317415,0.088575,0.140348,0,lunch_restart
173,5,0.14154,0.279975,0.102289,0.114858,0,lunch_restart
173,6,0.168522,0.349855,0.13297,0.142347,0,lunch_restart
173,7,0.149379,0.386727,0.091584,0.160618,0,lunch_restart
173,8,0.184295,0.327791,0.17575,0.130365,0,lunch_restart
173,9,0.241918,0.342175,0.154574,0.184543,0,lunch_restart
174,0,0.023023,0.078155,0.0,0.048104,0,lunch_restart
174,1,0.037349,0.09107,0.018491,0.029867,0,lunch_restart
174,2,0.035761,0.136434,0.002926,0.049283,0,lunch_restart
174,3,0.042729,0.1328,0.005583,0.034383,0,lunch_restart
174,4,0.04888,0.127891,0.00601,0.053446,0,lunch_restart
174,5,0.058745,0.129669,0.005004,0.039323,0,lunch_restart
174,6,0.060382,0.132254,0.030358,0.052426,0,lunch_restart
174,7,0.050922,0.143606,0.021031,0.048166,0,lunch_restart
174,8,0.084631,0.161266,0.038131,0.058314,0,lunch_restart
174,9,0.088749,0.136816,0.054764,0.061814,0,lunch_restart
175,0,0.019457,0.073101,0.003693,0.018393,0,lunch_restart
175,1,0.028865,0.081119,0.004377,0.021173,0,lunch_restart
175,2,0.013598,0.0897,0.000338,0.022327,0,lunch_restart
175,3,0.01521,0.098301,0.001977,0.010365,0,lunch_restart
175,4,0.017229,0.057124,0.005531,0.018283,0,lunch_restart
175,5,0.012491,0.085183,0.003302,0.026332,0,lunch_restart
175,6,0.013832,0.072008,0.004017,0.022205,0,lunch_restart
175,7,0.018203,0.069705,0.002446,0.015498,0,lunch_restart
175,8,0.021172,0.050053,0.000381,0.028592,0,lunch_restart
175,9,0.021474,0.099509,0.003736,0.02937,0,lunch_restart
176,0,0.469163,0.663819,0.485167,0.31054,2,startup_surge
176,1,0.679728,0.745743,0.279587,0.31264,2,startup_surge
176,2,0.645844,0.692085,0.206443,0.248636,2,startup_surge
176,3,0.600911,0.746635,0.269263,0.262763,2,startup_surge
176,4,0.481741,0.739932,0.213238,0.190033,2,startup_surge
176,5,0.530031,0.722833,0.322324,0.245073,2,startup_surge
176,6,0.52517,0.667166,0.44932,0.374173,2,startup_surge
176,7,0.610012,0.696637,0.492554,0.217685,2,startup_surge
176,8,0.596967,0.663254,0.410096,0.282971,2,startup_surge
176,9,0.51931,0.769202,0.477834,0.328902,2,startup_surge
177,0,0.020106,0.073129,0.006385,0.019544,0,lunch_restart
177,1,0.013238,0.077124,0.001137,0.027722,0,lunch_restart
177,2,0.014673,0.082273,0.005954,0.019327,0,lunch_restart
177,3,0.014549,0.058753,0.002923,0.020187,0,lunch_restart
177,4,0.020255,0.088559,0.003121,0.021431,0,lunch_restart
177,5,0.018802,0.051654,0.004923,0.029498,0,lunch_restart
177,6,0.02255,0.061868,0.003378,0.01582,0,lunch_restart
177,7,0.018032,0.099247,0.004799,0.029187,0,lunch_restart
177,8,0.023504,0.081224,0.002794,0.025258,0,lunch_restart
177,9,0.017525,0.071097,0.004826,0.018866,0,lunch_restart
178,0,0.015964,0.092772,0.003077,0.024279,0,lunch_restart
178,1,0.025797,0.093289,0.007379,0.028302,0,lunch_restart
178,2,0.040845,0.127559,0.011835,0.024159,0,lunch_restart
178,3,0.0448,0.118289,0.007737,0.034285,0,lunch_restart
178,4,0.040483,0.103047,0.011703,0.014989,0,lunch_restart
178,5,0.057336,0.143454,0.019598,0.032838,0,lunch_restart
178,6,0.075096,0.138171,0.023866,0.062286,0,lunch_restart
178,7,0.066482,0.176039,0.023455,0.05948,0,lunch_restart
178,8,0.072722,0.152672,0.034612,0.067896,0,lunch_restart
178,9,0.079074,0.186357,0.016754,0.072113,0,lunch_restart
179,0,0.391545,0.589763,0.335374,0.330285,2,lunch_restart
179,1,0.408342,0.616816,0.338556,0.345863,2,lunch_restart
179,2,0.377225,0.599448,0.361742,0.341422,2,lunch_restart
179,3,0.421606,0.601533,0.326646,0.345928,2,lunch_restart
179,4,0.43901,0.706702,0.40258,0.335959,2,lunch_restart
179,5,0.438231,0.65665,0.357537,0.376779,2,lunch_restart
179,6,0.44078,0.708484,0.443137,0.360557,2,lunch_restart
179,7,0.454024,0.706497,0.434589,0.355776,2,lunch_restart
179,8,0.474659,0.65413,0.441157,0.423856,2,lunch_restart
179,9,0.510393,0.704604,0.454599,0.382651,2,lunch_restart
180,0,0.482232,0.361746,0.084267,0.130393,0,emergency_ramp
180,1,0.376769,0.377004,0.097722,0.100586,0,emergency_ramp
180,2,0.396746,0.325791,0.090933,0.128294,0,emergency_ramp
180,3,0.361977,0.32832,0.05492,0.147226,0,emergency_ramp
180,4,0.375316,0.386902,0.081818,0.0829,0,emergency_ramp
180,5,0.345542,0.341094,0.038398,0.131693,0,emergency_ramp
180,6,0.305982,0.375106,0.042414,0.121395,0,emergency_ramp
180,7,0.383266,0.355035,0.063974,0.133382,0,emergency_ramp
180,8,0.394116,0.316278,0.063975,0.068416,0,emergency_ramp
180,9,0.455979,0.386169,0.06705,0.133294,0,emergency_ramp
181,0,0.01862,0.062752,0.003271,0.025359,0,lunch_restart
181,1,0.011507,0.07893,0.005345,0.017434,0,lunch_restart
181,2,0.029984,0.116095,0.0,0.031315,0,lunch_restart
181,3,0.033477,0.122858,0.014957,0.035373,0,lunch_restart
181,4,0.053365,0.103617,0.018308,0.04663,0,lunch_restart
181,5,0.046724,0.133906,0.024405,0.04315,0,lunch_restart
181,6,0.042659,0.147544,0.0,0.036824,0,lunch_restart
181,7,0.041155,0.157099,0.038861,0.043087,0,lunch_restart
181,8,0.052815,0.131989,0.022239,0.053241,0,lunch_restart
181,9,0.048797,0.166874,0.025313,0.048282,0,lunch_restart
182,0,0.096944,0.138451,0.003307,0.033246,0,startup_surge
182,1,0.094766,0.114785,0.004905,0.030255,0,startup_surge
182,2,0.08255,0.138355,0.00451,0.023388,0,startup_surge
182,3,0.06626,0.136208,0.026427,0.042399,0,startup_surge
182,4,0.097165,0.1787,0.014318,0.054812,0,startup_surge
182,5,0.098591,0.184752,3.3e-05,0.047197,0,startup_surge
182,6,0.089727,0.137924,0.017057,0.050481,0,startup_surge
182,7,0.11085,0.157945,0.008941,0.078471,0,startup_surge
182,8,0.103707,0.171528,0.0,0.040727,0,startup_surge
182,9,0.103173,0.183055,0.038387,0.050422,0,startup_surge
183,0,0.325219,0.498152,0.178975,0.184069,2,startup_surge
183,1,0.353165,0.47115,0.215739,0.190845,2,startup_surge
183,2,0.381531,0.540282,0.209876,0.214855,2,startup_surge
183,3,0.391738,0.566518,0.238003,0.163194,2,startup_surge
183,4,0.387127,0.55817,0.236483,0.191749,2,startup_surge
183,5,0.524235,0.709204,0.344761,0.198022,2,startup_surge
183,6,0.471612,0.697975,0.477237,0.240646,2,startup_surge
183,7,0.556974,0.769936,0.363467,0.324208,2,startup_surge
183,8,0.491839,0.701191,0.324536,0.247895,2,startup_surge
183,9,0.536602,0.688401,0.496832,0.399483,2,startup_surge
184,0,0.446139,0.338332,0.098252,0.061291,0,emergency_ramp
184,1,0.37521,0.344745,0.079703,0.143217,0,emergency_ramp
184,2,0.451058,0.314235,0.068099,0.092654,0,emergency_ramp
184,3,0.356579,0.327901,0.063124,0.115116,0,emergency_ramp
184,4,0.368398,0.340954,0.078936,0.142173,0,emergency_ramp
184,5,0.476805,0.389526,0.092867,0.065289,0,emergency_ramp
184,6,0.344884,0.335084,0.048703,0.09163,0,emergency_ramp
184,7,0.470858,0.304517,0.082766,0.155478,0,emergency_ramp
184,8,0.34932,0.323056,0.049685,0.069668,0,emergency_ramp
184,9,0.482384,0.383627,0.085132,0.096465,0,emergency_ramp
185,0,0.084022,0.163642,0.012482,0.039562,0,startup_surge
185,1,0.050879,0.160278,0.02539,0.021884,0,startup_surge
185,2,0.078921,0.167328,0.022328,0.033625,0,startup_surge
185,3,0.071007,0.145823,0.01464,0.053193,0,startup_surge
185,4,0.089062,0.129053,0.019496,0.034803,0,startup_surge
185,5,0.103562,0.195919,0.031053,0.076242,0,startup_surge
185,6,0.128089,0.244441,0.021394,0.051586,0,startup_surge
185,7,0.107183,0.239877,0.043732,0.06153,0,startup_surge
185,8,0.118008,0.255688,0.065814,0.076659,0,startup_surge
185,9,0.117037,0.236477,0.10435,0.107206,0,startup_surge
186,0,0.470346,0.56979,0.229811,0.254184,2,imbalanced_ap_load
186,1,0.47596,0.625068,0.25219,0.267859,2,imbalanced_ap_load
186,2,0.460971,0.634963,0.219066,0.277757,2,imbalanced_ap_load
186,3,0.481677,0.661118,0.272726,0.290809,2,imbalanced_ap_load
186,4,0.523025,0.654188,0.298957,0.288262,2,imbalanced_ap_load
186,5,0.491769,0.67385,0.233513,0.265683,2,imbalanced_ap_load
186,6,0.512051,0.717688,0.308329,0.324267,2,imbalanced_ap_load
186,7,0.551905,0.663548,0.332227,0.314729,2,imbalanced_ap_load
186,8,0.5153,0.666023,0.314434,0.353082,2,imbalanced_ap_load
186,9,0.567064,0.688229,0.303713,0.317414,2,imbalanced_ap_load
187,0,0.320897,0.430455,0.10008,0.132612,1,imbalanced_ap_load
187,1,0.329908,0.416056,0.08629,0.141575,1,imbalanced_ap_load
187,2,0.360959,0.467739,0.123685,0.143261,1,imbalanced_ap_load
187,3,0.352662,0.479509,0.091323,0.144,1,imbalanced_ap_load
187,4,0.358265,0.480093,0.12273,0.174513,1,imbalanced_ap_load
187,5,0.377442,0.484267,0.117808,0.176248,1,imbalanced_ap_load
187,6,0.407995,0.55674,0.131329,0.147231,1,imbalanced_ap_load
187,7,0.390588,0.491722,0.186496,0.17626,1,imbalanced_ap_load
187,8,0.394379,0.51294,0.138647,0.19073,1,imbalanced_ap_load
187,9,0.436513,0.553113,0.158277,0.20415,1,imbalanced_ap_load
188,0,0.350444,0.316704,0.074091,0.123165,1,emergency_ramp
188,1,0.512864,0.448108,0.081502,0.155963,1,emergency_ramp
188,2,0.52811,0.433937,0.114437,0.150415,1,emergency_ramp
188,3,0.567921,0.406096,0.176081,0.163905,1,emergency_ramp
188,4,0.575681,0.455196,0.208245,0.221703,1,emergency_ramp
188,5,0.519963,0.521718,0.173973,0.190039,1,emergency_ramp
188,6,0.528672,0.498564,0.194284,0.268304,1,emergency_ramp
188,7,0.572777,0.500654,0.147997,0.254791,1,emergency_ramp
188,8,0.550796,0.505771,0.196206,0.252152,1,emergency_ramp
188,9,0.654082,0.549744,0.20785,0.321149,1,emergency_ramp
189,0,0.011876,0.097257,0.00233,0.016921,0,lunch_restart
189,1,0.018247,0.052544,0.003857,0.019353,0,lunch_restart
189,2,0.027511,0.087485,0.00094,0.013394,0,lunch_restart
189,3,0.015681,0.062881,0.006482,0.025931,0,lunch_restart
189,4,0.025756,0.09333,0.006019,0.015214,0,lunch_restart
189,5,0.017656,0.087303,0.006146,0.013071,0,lunch_restart
189,6,0.0296,0.094285,0.002214,0.014927,0,lunch_restart
189,7,0.027671,0.060796,0.001128,0.026841,0,lunch_restart
189,8,0.016026,0.076565,0.001412,0.016604,0,lunch_restart
189,9,0.025404,0.088963,0.0006,0.023721,0,lunch_restart
190,0,0.075223,0.1923,0.024991,0.050738,0,startup_surge
190,1,0.097524,0.188473,0.031301,0.041346,0,startup_surge
190,2,0.06982,0.134826,0.027988,0.031155,0,startup_surge
190,3,0.095494,0.120827,0.001909,0.036464,0,startup_surge
190,4,0.078299,0.133013,0.023885,0.023438,0,startup_surge
190,5,0.078505,0.191552,0.004463,0.025803,0,startup_surge
190,6,0.093726,0.142559,0.027791,0.059943,0,startup_surge
190,7,0.097723,0.149834,0.003336,0.056672,0,startup_surge
190,8,0.059978,0.11464,0.009587,0.044702,0,startup_surge
190,9,0.056493,0.12282,0.01049,0.045166,0,startup_surge
191,0,0.060656,0.123221,0.023197,0.048106,0,startup_surge
191,1,0.083502,0.148652,0.029177,0.044424,0,startup_surge
191,2,0.053757,0.185127,0.00741,0.029077,0,startup_surge
191,3,0.091045,0.164895,0.004533,0.034485,0,startup_surge
191,4,0.060704,0.120486,0.015757,0.054452,0,startup_surge
191,5,0.088352,0.107073,0.020763,0.04856,0,startup_surge
191,6,0.057679,0.156105,0.018928,0.038397,0,startup_surge
191,7,0.087015,0.156888,0.022661,0.029508,0,startup_surge
191,8,0.054015,0.121467,0.030624,0.053286,0,startup_surge
191,9,0.055205,0.179081,0.003821,0.029981,0,startup_surge
192,0,0.460684,0.725441,0.284804,0.30453,2,startup_surge
192,1,0.574509,0.706256,0.213843,0.251786,2,startup_surge
192,2,0.672501,0.745377,0.243845,0.379368,2,startup_surge
192,3,0.648178,0.699446,0.38256,0.393928,2,startup_surge
192,4,0.670207,0.66163,0.211454,0.345582,2,startup_surge
192,5,0.6289,0.716712,0.342183,0.307289,2,startup_surge
192,6,0.662924,0.731335,0.378667,0.21658,2,startup_surge
192,7,0.465012,0.741341,0.273977,0.3179,2,startup_surge
192,8,0.499435,0.759951,0.498537,0.231739,2,startup_surge
192,9,0.630958,0.77998,0.337292,0.219236,2,startup_surge
193,0,0.142686,0.232712,0.049453,0.10164,0,lunch_restart
193,1,0.111692,0.239283,0.057482,0.076059,0,lunch_restart
193,2,0.135373,0.251316,0.072292,0.084467,0,lunch_restart
193,3,0.126705,0.233943,0.055193,0.070401,0,lunch_restart
193,4,0.128413,0.27564,0.109855,0.06608,0,lunch_restart
193,5,0.155034,0.296045,0.067975,0.110622,0,lunch_restart
193,6,0.130639,0.322261,0.086938,0.11841,0,lunch_restart
193,7,0.165625,0.325625,0.171696,0.125715,0,lunch_restart
193,8,0.193963,0.36074,0.144311,0.133913,0,lunch_restart
193,9,0.206377,0.383605,0.122594,0.138026,0,lunch_restart
194,0,0.104741,0.247841,0.058865,0.090292,0,lunch_restart
194,1,0.09048,0.215855,0.047493,0.100105,0,lunch_restart
194,2,0.108889,0.251472,0.059087,0.088959,0,lunch_restart
194,3,0.114369,0.257863,0.060286,0.105703,0,lunch_restart
194,4,0.134263,0.271946,0.063964,0.102427,0,lunch_restart
194,5,0.134945,0.287051,0.079528,0.120429,0,lunch_restart
194,6,0.151012,0.269348,0.115689,0.109562,0,lunch_restart
194,7,0.124273,0.29203,0.128602,0.11511,0,lunch_restart
194,8,0.17467,0.300815,0.080801,0.13696,0,lunch_restart
194,9,0.153977,0.325107,0.138447,0.139686,0,lunch_restart
195,0,0.055364,0.112983,0.002552,0.023001,0,startup_surge
195,1,0.099284,0.173145,0.001105,0.053752,0,startup_surge
195,2,0.093729,0.198977,0.015196,0.028601,0,startup_surge
195,3,0.094673,0.181091,0.009889,0.034677,0,startup_surge
195,4,0.094015,0.100792,0.029001,0.045493,0,startup_surge
195,5,0.092114,0.182212,0.024499,0.052145,0,startup_surge
195,6,0.054258,0.102999,0.018021,0.043483,0,startup_surge
195,7,0.095518,0.113427,0.000335,0.034466,0,startup_surge
195,8,0.058441,0.124252,0.008851,0.020212,0,startup_surge
195,9,0.093391,0.149207,0.029683,0.039804,0,startup_surge
196,0,0.051404,0.183329,0.032664,0.033377,0,startup_surge
196,1,0.095551,0.137784,0.004197,0.030418,0,startup_surge
196,2,0.053297,0.150801,0.008118,0.058432,0,startup_surge
196,3,0.069851,0.168814,0.009819,0.049815,0,startup_surge
196,4,0.053916,0.147382,0.030955,0.025545,0,startup_surge
196,5,0.055556,0.187404,0.026041,0.031898,0,startup_surge
196,6,0.082373,0.153705,0.004046,0.055864,0,startup_surge
196,7,0.096194,0.101813,0.014612,0.053186,0,startup_surge
196,8,0.067411,0.179859,0.030974,0.034087,0,startup_surge
196,9,0.087282,0.149417,0.006875,0.048366,0,startup_surge
197,0,0.410618,0.535035,0.17348,0.202758,2,imbalanced_ap_load
197,1,0.414063,0.539563,0.19764,0.189118,2,imbalanced_ap_load
197,2,0.426261,0.565582,0.198053,0.235487,2,imbalanced_ap_load
197,3,0.445376,0.566822,0.22343,0.223359,2,imbalanced_ap_load
197,4,0.446367,0.583673,0.22011,0.253717,2,imbalanced_ap_load
197,5,0.439142,0.599487,0.224157,0.251334,2,imbalanced_ap_load
197,6,0.487495,0.592877,0.239375,0.267593,2,imbalanced_ap_load
197,7,0.47693,0.636001,0.239413,0.284334,2,imbalanced_ap_load
197,8,0.438873,0.643298,0.218324,0.267054,2,imbalanced_ap_load
197,9,0.481517,0.672714,0.234629,0.292698,2,imbalanced_ap_load
198,0,0.35656,0.486987,0.24805,0.20455,2,startup_surge
198,1,0.371179,0.487885,0.201347,0.184142,2,startup_surge
198,2,0.347642,0.530035,0.224888,0.218322,2,startup_surge
198,3,0.367849,0.591417,0.226157,0.171863,2,startup_surge
198,4,0.381133,0.538879,0.27948,0.203324,2,startup_surge
198,5,0.61207,0.752245,0.240611,0.240278,2,startup_surge
198,6,0.548166,0.730082,0.297429,0.383192,2,startup_surge
198,7,0.634457,0.772764,0.25769,0.211029,2,startup_surge
198,8,0.677998,0.730059,0.328141,0.313533,2,startup_surge
198,9,0.679807,0.722405,0.24005,0.247718,2,startup_surge
199,0,0.341404,0.480923,0.238722,0.194501,2,startup_surge
199,1,0.366714,0.531577,0.1735,0.180582,2,startup_surge
199,2,0.361269,0.558169,0.23681,0.209582,2,startup_surge
199,3,0.3858,0.558398,0.160367,0.228804,2,startup_surge
199,4,0.609723,0.708199,0.233569,0.346719,2,startup_surge
199,5,0.542643,0.759028,0.278968,0.341863,2,startup_surge
199,6,0.517812,0.662847,0.278379,0.258458,2,startup_surge
199,7,0.662776,0.710281,0.283276,0.265129,2,startup_surge
199,8,0.661691,0.710659,0.275737,0.308934,2,startup_surge
199,9,0.679577,0.730505,0.364044,0.241649,2,startup_surge
200,0,0.355632,0.351665,0.097459,0.068486,0,emergency_ramp
200,1,0.310667,0.361588,0.049928,0.111153,0,emergency_ramp
200,2,0.447571,0.305475,0.080641,0.105074,0,emergency_ramp
200,3,0.334201,0.313779,0.083795,0.135131,0,emergency_ramp
200,4,0.385143,0.329815,0.095752,0.10646,0,emergency_ramp
200,5,0.397409,0.360308,0.093793,0.094382,0,emergency_ramp
200,6,0.336894,0.339513,0.071568,0.086165,0,emergency_ramp
200,7,0.318911,0.366078,0.071944,0.087815,0,emergency_ramp
200,8,0.369603,0.378084,0.044486,0.152785,0,emergency_ramp
200,9,0.490457,0.368254,0.098331,0.076508,0,emergency_ramp
201,0,0.893706,0.911824,0.84896,0.866902,3,emergency_ramp
201,1,0.971916,0.937035,0.818292,0.966204,3,emergency_ramp
201,2,0.941343,0.942163,0.871944,0.888266,3,emergency_ramp
201,3,0.940656,0.980332,0.878483,0.917563,3,emergency_ramp
201,4,0.91766,0.961471,0.896367,0.915065,3,emergency_ramp
201,5,0.973126,0.983692,0.895857,0.913277,3,emergency_ramp
201,6,0.924678,0.97362,0.925621,0.920683,3,emergency_ramp
201,7,0.92772,0.961356,0.976757,0.956597,3,emergency_ramp
201,8,0.9612,0.979226,1.0,0.979468,3,emergency_ramp
201,9,1.0,0.995623,0.913749,1.0,3,emergency_ramp
202,0,0.086008,0.170195,0.0,0.068302,0,startup_surge
202,1,0.074095,0.205354,0.069709,0.069581,0,startup_surge
202,2,0.1347,0.278847,0.045922,0.033401,0,startup_surge
202,3,0.105628,0.277281,0.025149,0.081989,0,startup_surge
202,4,0.123304,0.211644,0.062565,0.090946,0,startup_surge
202,5,0.168383,0.316627,0.086519,0.113542,0,startup_surge
202,6,0.191069,0.331787,0.083298,0.084728,0,startup_surge
202,7,0.181921,0.271301,0.052817,0.062251,0,startup_surge
202,8,0.207872,0.246095,0.15318,0.090754,0,startup_surge
202,9,0.220115,0.33479,0.138373,0.095035,0,startup_surge
203,0,0.828155,0.907345,0.740738,0.64102,3,emergency_ramp
203,1,0.82913,0.881141,0.67042,0.758633,3,emergency_ramp
203,2,0.843383,0.893409,0.71664,0.670844,3,emergency_ramp
203,3,0.861657,0.909147,0.781455,0.762218,3,emergency_ramp
203,4,0.842189,0.893639,0.753217,0.682882,3,emergency_ramp
203,5,0.831332,0.91248,0.802898,0.758196,3,emergency_ramp
203,6,0.854715,0.914325,0.75064,0.762225,3,emergency_ramp
203,7,0.850834,0.891177,0.836075,0.814852,3,emergency_ramp
203,8,0.930625,0.90899,0.754091,0.822845,3,emergency_ramp
203,9,0.862546,0.92985,0.875936,0.796379,3,emergency_ramp
204,0,0.15751,0.274433,0.121557,0.12759,1,startup_surge
204,1,0.136058,0.257708,0.133438,0.079945,1,startup_surge
204,2,0.175408,0.335102,0.109287,0.120955,1,startup_surge
204,3,0.171182,0.304522,0.105962,0.115676,1,startup_surge
204,4,0.218334,0.277576,0.106596,0.083484,1,startup_surge
204,5,0.209247,0.31813,0.119022,0.106629,1,startup_surge
204,6,0.203953,0.351897,0.139898,0.072456,1,startup_surge
204,7,0.264495,0.389207,0.140074,0.138868,1,startup_surge
204,8,0.250872,0.402978,0.172556,0.119748,1,startup_surge
204,9,0.266787,0.449877,0.130585,0.147628,1,startup_surge
205,0,0.402498,0.335843,0.047043,0.070749,0,emergency_ramp
205,1,0.461362,0.320955,0.072064,0.092596,0,emergency_ramp
205,2,0.438344,0.326557,0.089588,0.120287,0,emergency_ramp
205,3,0.450296,0.308561,0.038597,0.073484,0,emergency_ramp
205,4,0.454514,0.302263,0.090059,0.115013,0,emergency_ramp
205,5,0.407983,0.387582,0.056208,0.086961,0,emergency_ramp
205,6,0.407212,0.308677,0.060415,0.129541,0,emergency_ramp
205,7,0.443778,0.31124,0.055991,0.062826,0,emergency_ramp
205,8,0.43953,0.378387,0.094099,0.106902,0,emergency_ramp
205,9,0.434012,0.359715,0.042053,0.065226,0,emergency_ramp
206,0,0.056684,0.14855,0.023202,0.044819,0,lunch_restart
206,1,0.06111,0.144087,0.018669,0.04625,0,lunch_restart
206,2,0.072274,0.176262,0.046575,0.034292,0,lunch_restart
206,3,0.072082,0.158954,0.025021,0.074994,0,lunch_restart
206,4,0.071199,0.183814,0.033422,0.063983,0,lunch_restart
206,5,0.074249,0.168518,0.031798,0.063567,0,lunch_restart
206,6,0.087494,0.19431,0.033958,0.068674,0,lunch_restart
206,7,0.086332,0.183072,0.031479,0.089347,0,lunch_restart
206,8,0.094002,0.206174,0.05574,0.083722,0,lunch_restart
206,9,0.10392,0.213935,0.045821,0.07937,0,lunch_restart
207,0,0.447312,0.562782,0.209485,0.222548,2,imbalanced_ap_load
207,1,0.43253,0.570569,0.195041,0.220842,2,imbalanced_ap_load
207,2,0.446043,0.59965,0.203852,0.26703,2,imbalanced_ap_load
207,3,0.437156,0.596331,0.221656,0.270798,2,imbalanced_ap_load
207,4,0.497208,0.599869,0.233356,0.269213,2,imbalanced_ap_load
207,5,0.47687,0.655012,0.270293,0.267694,2,imbalanced_ap_load
207,6,0.484706,0.677771,0.241538,0.268366,2,imbalanced_ap_load
207,7,0.475197,0.68342,0.235219,0.285936,2,imbalanced_ap_load
207,8,0.529981,0.652585,0.251574,0.33357,2,imbalanced_ap_load
207,9,0.492965,0.691866,0.279388,0.330624,2,imbalanced_ap_load
208,0,0.027427,0.118538,0.000118,0.035454,0,lunch_restart
208,1,0.068453,0.128927,0.014504,0.026828,0,lunch_restart
208,2,0.065865,0.119473,0.021548,0.038797,0,lunch_restart
208,3,0.052777,0.159139,0.036603,0.034206,0,lunch_restart
208,4,0.056072,0.204759,0.031446,0.066491,0,lunch_restart
208,5,0.074374,0.176858,0.029393,0.061915,0,lunch_restart
208,6,0.07894,0.213747,0.039224,0.069825,0,lunch_restart
208,7,0.089139,0.207603,0.046299,0.069942,0,lunch_restart
208,8,0.093151,0.185773,0.043879,0.05923,0,lunch_restart
208,9,0.099394,0.212246,0.065276,0.080522,0,lunch_restart
209,0,0.063281,0.125212,0.017005,0.045662,0,startup_surge
209,1,0.063574,0.134955,0.024134,0.052105,0,startup_surge
209,2,0.083521,0.106812,0.028911,0.038497,0,startup_surge
209,3,0.064709,0.121987,0.028447,0.036601,0,startup_surge
209,4,0.065518,0.119488,0.006733,0.042347,0,startup_surge
209,5,0.068831,0.173531,0.032744,0.05619,0,startup_surge
209,6,0.09901,0.169447,0.032711,0.036919,0,startup_surge
209,7,0.073005,0.153814,0.032302,0.05391,0,startup_surge
209,8,0.068869,0.138706,0.020454,0.044687,0,startup_surge
209,9,0.073501,0.188941,0.027731,0.020496,0,startup_surge
210,0,0.251621,0.386536,0.187421,0.161676,1,lunch_restart
210,1,0.242933,0.406799,0.21722,0.160053,1,lunch_restart
210,2,0.247159,0.432856,0.215578,0.17998,1,lunch_restart
210,3,0.290313,0.471307,0.164731,0.211791,1,lunch_restart
210,4,0.308509,0.472971,0.230876,0.235684,1,lunch_restart
210,5,0.315538,0.48409,0.282811,0.221034,1,lunch_restart
210,6,0.289938,0.515737,0.255586,0.265129,1,lunch_restart
210,7,0.308733,0.509414,0.23181,0.23852,1,lunch_restart
210,8,0.362647,0.558576,0.272303,0.256192,1,lunch_restart
210,9,0.308408,0.53994,0.245213,0.260833,1,lunch_restart
211,0,0.01268,0.069322,0.003985,0.012224,0,lunch_restart
211,1,0.011334,0.088887,0.00262,0.027935,0,lunch_restart
211,2,0.026332,0.067959,0.003042,0.028629,0,lunch_restart
211,3,0.027204,0.062403,0.000941,0.020826,0,lunch_restart
211,4,0.028023,0.056432,0.006371,0.015427,0,lunch_restart
211,5,0.027739,0.071372,0.003929,0.019885,0,lunch_restart
211,6,0.027478,0.064297,0.002534,0.012225,0,lunch_restart
211,7,0.029497,0.099481,0.001345,0.012665,0,lunch_restart
211,8,0.017965,0.080554,0.002712,0.019592,0,lunch_restart
211,9,0.023162,0.099625,0.001119,0.026879,0,lunch_restart
212,0,0.05098,0.120559,0.014569,0.052246,0,startup_surge
212,1,0.07631,0.191742,0.006646,0.032274,0,startup_surge
212,2,0.09144,0.150957,0.017452,0.047032,0,startup_surge
212,3,0.077251,0.123384,0.027136,0.041605,0,startup_surge
212,4,0.067997,0.163963,0.009707,0.05304,0,startup_surge
212,5,0.073535,0.109032,0.010419,0.050033,0,startup_surge
212,6,0.054035,0.143402,0.018094,0.02255,0,startup_surge
212,7,0.074816,0.186596,0.007792,0.033537,0,startup_surge
212,8,0.051392,0.176786,0.01126,0.040804,0,startup_surge
212,9,0.082206,0.170344,0.015081,0.052146,0,startup_surge
213,0,0.401004,0.336961,0.054196,0.093664,1,emergency_ramp
213,1,0.430894,0.380545,0.099117,0.104364,1,emergency_ramp
213,2,0.363845,0.377214,0.055258,0.157224,1,emergency_ramp
213,3,0.319669,0.30934,0.03525,0.092556,1,emergency_ramp
213,4,0.34358,0.327626,0.078909,0.141932,1,emergency_ramp
213,5,0.314002,0.306647,0.098842,0.093706,1,emergency_ramp
213,6,0.477644,0.326823,0.048711,0.082932,1,emergency_ramp
213,7,0.485414,0.409577,0.110031,0.162803,1,emergency_ramp
213,8,0.490568,0.397408,0.167164,0.203387,1,emergency_ramp
213,9,0.502104,0.456486,0.104061,0.18347,1,emergency_ramp
214,0,0.028564,0.10189,0.011503,0.031225,0,lunch_restart
214,1,0.03574,0.111413,0.036004,0.037695,0,lunch_restart
214,2,0.067403,0.151179,0.006916,0.058677,0,lunch_restart
214,3,0.052348,0.145123,0.013317,0.042251,0,lunch_restart
214,4,0.071955,0.176457,0.005339,0.063837,0,lunch_restart
214,5,0.092132,0.151473,0.019905,0.037224,0,lunch_restart
214,6,0.074745,0.174958,0.028576,0.06385,0,lunch_restart
214,7,0.069027,0.185223,0.053081,0.05731,0,lunch_restart
214,8,0.084211,0.194324,0.052419,0.0495,0,lunch_restart
214,9,0.086347,0.20637,0.047875,0.057468,0,lunch_restart
215,0,0.036206,0.125048,0.001146,0.049653,0,lunch_restart
215,1,0.039462,0.119998,0.0,0.04226,0,lunch_restart
215,2,0.054498,0.159948,0.007592,0.037828,0,lunch_restart
215,3,0.060137,0.129885,0.018779,0.042762,0,lunch_restart
215,4,0.05576,0.167468,0.033709,0.068329,0,lunch_restart
215,5,0.087336,0.154127,0.023234,0.048138,0,lunch_restart
215,6,0.072079,0.163854,0.026245,0.062969,0,lunch_restart
215,7,0.078675,0.187492,0.042389,0.070479,0,lunch_restart
215,8,0.096376,0.218745,0.044829,0.079744,0,lunch_restart
215,9,0.079486,0.218489,0.062512,0.060313,0,lunch_restart
216,0,0.854429,0.899796,0.788353,0.755453,3,emergency_ramp
216,1,0.889805,0.916785,0.804055,0.728256,3,emergency_ramp
216,2,0.873882,0.916743,0.789684,0.787033,3,emergency_ramp
216,3,0.858955,0.920064,0.846032,0.784987,3,emergency_ramp
216,4,0.888849,0.922758,0.841303,0.753757,3,emergency_ramp
216,5,0.854631,0.931318,0.837169,0.874289,3,emergency_ramp
216,6,0.842894,0.94307,0.893825,0.904848,3,emergency_ramp
216,7,0.925046,0.945049,0.897214,0.889004,3,emergency_ramp
216,8,0.942699,0.96771,0.828742,0.896822,3,emergency_ramp
216,9,0.92732,0.938721,0.898354,0.946466,3,emergency_ramp
217,0,0.351481,0.43328,0.113378,0.156995,1,imbalanced_ap_load
217,1,0.370785,0.490237,0.142645,0.171845,1,imbalanced_ap_load
217,2,0.3936,0.520531,0.143727,0.198588,1,imbalanced_ap_load
217,3,0.382381,0.476283,0.173188,0.185741,1,imbalanced_ap_load
217,4,0.369466,0.498079,0.159798,0.198329,1,imbalanced_ap_load
217,5,0.383563,0.517955,0.148855,0.200111,1,imbalanced_ap_load
217,6,0.410935,0.533341,0.15171,0.176999,1,imbalanced_ap_load
217,7,0.403344,0.536157,0.183309,0.21407,1,imbalanced_ap_load
217,8,0.417709,0.587431,0.150584,0.246692,1,imbalanced_ap_load
217,9,0.426241,0.613552,0.191431,0.241914,1,imbalanced_ap_load
218,0,0.018154,0.089622,0.004527,0.017371,0,lunch_restart
218,1,0.014871,0.050956,0.002414,0.023854,0,lunch_restart
218,2,0.012258,0.071532,0.004755,0.024738,0,lunch_restart
218,3,0.012169,0.056365,0.003771,0.022168,0,lunch_restart
218,4,0.023481,0.051389,0.004124,0.016765,0,lunch_restart
218,5,0.024408,0.077533,0.003647,0.028905,0,lunch_restart
218,6,0.017314,0.057772,0.000372,0.01705,0,lunch_restart
218,7,0.02212,0.053426,0.003162,0.01584,0,lunch_restart
218,8,0.013121,0.073939,0.000342,0.026863,0,lunch_restart
218,9,0.010419,0.092182,0.001123,0.028704,0,lunch_restart
219,0,0.499405,0.373639,0.071568,0.156863,1,emergency_ramp
219,1,0.403388,0.363355,0.081589,0.147166,1,emergency_ramp
219,2,0.395177,0.307961,0.058875,0.111481,1,emergency_ramp
219,3,0.430111,0.31323,0.080344,0.154051,1,emergency_ramp
219,4,0.395035,0.340715,0.057731,0.141139,1,emergency_ramp
219,5,0.471159,0.397374,0.04239,0.161436,1,emergency_ramp
219,6,0.523296,0.455005,0.127253,0.191564,1,emergency_ramp
219,7,0.527374,0.419818,0.127997,0.215307,1,emergency_ramp
219,8,0.555923,0.430295,0.140541,0.181169,1,emergency_ramp
219,9,0.568883,0.446123,0.16316,0.208715,1,emergency_ramp
220,0,0.014407,0.090242,0.002954,0.025193,0,lunch_restart
220,1,0.012781,0.060219,0.001278,0.018612,0,lunch_restart
220,2,0.011598,0.089263,0.000141,0.029572,0,lunch_restart
220,3,0.023603,0.069727,0.002503,0.027092,0,lunch_restart
220,4,0.0188,0.090786,0.00613,0.025809,0,lunch_restart
220,5,0.034863,0.118857,0.012116,0.020896,0,lunch_restart
220,6,0.027542,0.130311,0.005686,0.054128,0,lunch_restart
220,7,0.041071,0.117014,0.001087,0.032039,0,lunch_restart
220,8,0.039819,0.114717,0.009995,0.04857,0,lunch_restart
220,9,0.04017,0.121899,0.022814,0.039226,0,lunch_restart
221,0,0.012036,0.073394,0.005239,0.023825,0,lunch_restart
221,1,0.012612,0.09282,0.003978,0.026336,0,lunch_restart
221,2,0.022612,0.052976,0.001794,0.010713,0,lunch_restart
221,3,0.020915,0.092241,0.003898,0.025141,0,lunch_restart
221,4,0.021846,0.082652,0.004535,0.012375,0,lunch_restart
221,5,0.012742,0.083939,0.003982,0.011582,0,lunch_restart
221,6,0.022894,0.111815,0.0,0.024176,0,lunch_restart
221,7,0.04122,0.105868,0.008652,0.030669,0,lunch_restart
221,8,0.048058,0.124532,0.024924,0.05628,0,lunch_restart
221,9,0.047998,0.102952,0.017651,0.026562,0,lunch_restart
222,0,0.256289,0.447638,0.257248,0.198727,1,lunch_restart
222,1,0.270251,0.460638,0.217992,0.2371,1,lunch_restart
222,2,0.254146,0.485953,0.237769,0.213523,1,lunch_restart
222,3,0.277672,0.513901,0.236979,0.267223,1,lunch_restart
222,4,0.310776,0.517116,0.256096,0.23048,1,lunch_restart
222,5,0.315957,0.534438,0.222415,0.260283,1,lunch_restart
222,6,0.330301,0.542923,0.212575,0.264586,1,lunch_restart
222,7,0.359796,0.549293,0.27692,0.263769,1,lunch_restart
222,8,0.368675,0.577117,0.234948,0.252474,1,lunch_restart
222,9,0.332309,0.58196,0.337003,0.260172,1,lunch_restart
223,0,0.020889,0.055626,0.004072,0.012915,0,lunch_restart
223,1,0.017713,0.055399,0.006519,0.02105,0,lunch_restart
223,2,0.024081,0.053368,0.000487,0.014864,0,lunch_restart
223,3,0.025733,0.068367,0.000997,0.010329,0,lunch_restart
223,4,0.019654,0.073644,0.005539,0.027338,0,lunch_restart
223,5,0.018508,0.062229,0.000967,0.019834,0,lunch_restart
223,6,0.021548,0.067484,0.002555,0.025634,0,lunch_restart
223,7,0.021703,0.050313,0.001877,0.024458,0,lunch_restart
223,8,0.01851,0.067554,0.001623,0.029874,0,lunch_restart
223,9,0.025153,0.055959,0.000171,0.018759,0,lunch_restart
224,0,0.385403,0.375326,0.058847,0.102202,0,emergency_ramp
224,1,0.44156,0.369213,0.079335,0.131288,0,emergency_ramp
224,2,0.433068,0.360854,0.048659,0.136547,0,emergency_ramp
224,3,0.343409,0.323714,0.07679,0.069488,0,emergency_ramp
224,4,0.360717,0.343099,0.059944,0.1452,0,emergency_ramp
224,5,0.405966,0.330189,0.033785,0.132397,0,emergency_ramp
224,6,0.459331,0.321144,0.097035,0.093929,0,emergency_ramp
224,7,0.392363,0.300922,0.091229,0.13638,0,emergency_ramp
224,8,0.345548,0.330552,0.052722,0.13283,0,emergency_ramp
224,9,0.498693,0.32305,0.09985,0.120089,0,emergency_ramp
225,0,0.704908,0.856025,0.668752,0.495087,3,imbalanced_ap_load
225,1,0.728216,0.871522,0.638263,0.545012,3,imbalanced_ap_load
225,2,0.777083,0.88169,0.658749,0.563829,3,imbalanced_ap_load
225,3,0.794957,0.879692,0.684632,0.59928,3,imbalanced_ap_load
225,4,0.761152,0.882695,0.705262,0.580586,3,imbalanced_ap_load
225,5,0.787206,0.907214,0.700392,0.544547,3,imbalanced_ap_load
225,6,0.807719,0.905187,0.779213,0.600621,3,imbalanced_ap_load
225,7,0.833268,0.897567,0.787192,0.645563,3,imbalanced_ap_load
225,8,0.804687,0.914202,0.773667,0.665425,3,imbalanced_ap_load
225,9,0.821146,0.925748,0.817112,0.727145,3,imbalanced_ap_load
226,0,0.093573,0.153635,0.016711,0.043462,0,startup_surge
226,1,0.062397,0.123989,0.018044,0.032723,0,startup_surge
226,2,0.085074,0.169271,0.014619,0.058141,0,startup_surge
226,3,0.066919,0.167635,0.032675,0.045292,0,startup_surge
226,4,0.059466,0.114289,0.032035,0.030246,0,startup_surge
226,5,0.073071,0.130708,0.025365,0.055675,0,startup_surge
226,6,0.074066,0.147738,0.029361,0.045484,0,startup_surge
226,7,0.082319,0.191146,0.018498,0.047381,0,startup_surge
226,8,0.094877,0.152735,0.0,0.052376,0,startup_surge
226,9,0.102887,0.232998,0.04421,0.053499,0,startup_surge
227,0,0.367257,0.542145,0.193798,0.194624,2,startup_surge
227,1,0.635654,0.733709,0.361661,0.316136,2,startup_surge
227,2,0.628081,0.660434,0.335892,0.26357,2,startup_surge
227,3,0.528666,0.698104,0.379247,0.195909,2,startup_surge
227,4,0.645692,0.683558,0.220573,0.253165,2,startup_surge
227,5,0.610189,0.722817,0.364038,0.295564,2,startup_surge
227,6,0.504543,0.731678,0.353534,0.373789,2,startup_surge
227,7,0.457313,0.682682,0.254557,0.292859,2,startup_surge
227,8,0.639041,0.724366,0.360425,0.396575,2,startup_surge
227,9,0.491412,0.707607,0.338945,0.261217,2,startup_surge
228,0,0.080654,0.140243,0.016543,0.027773,0,startup_surge
228,1,0.06424,0.17448,0.0261,0.039701,0,startup_surge
228,2,0.096076,0.139546,0.001697,0.049346,0,startup_surge
228,3,0.076435,0.10878,0.001241,0.047874,0,startup_surge
228,4,0.063503,0.152668,0.005645,0.050326,0,startup_surge
228,5,0.068074,0.104224,0.009839,0.048546,0,startup_surge
228,6,0.06861,0.162337,0.016668,0.02064,0,startup_surge
228,7,0.106981,0.234152,0.044504,0.075489,0,startup_surge
228,8,0.108855,0.21821,0.048287,0.044244,0,startup_surge
228,9,0.108895,0.277702,0.118611,0.098626,0,startup_surge
229,0,0.057344,0.114718,0.02635,0.039752,0,lunch_restart
229,1,0.073638,0.15911,0.042562,0.044962,0,lunch_restart
229,2,0.054671,0.1578,0.004882,0.047156,0,lunch_restart
229,3,0.064892,0.175061,0.040765,0.054865,0,lunch_restart
229,4,0.066977,0.157212,0.053223,0.050644,0,lunch_restart
229,5,0.087434,0.207369,0.047867,0.076659,0,lunch_restart
229,6,0.094337,0.221531,0.041154,0.063298,0,lunch_restart
229,7,0.092143,0.19751,0.054459,0.058368,0,lunch_restart
229,8,0.094477,0.211784,0.048153,0.043666,0,lunch_restart
229,9,0.103002,0.214514,0.057969,0.086831,0,lunch_restart
230,0,0.010811,0.069515,0.000746,0.02911,0,lunch_restart
230,1,0.025909,0.06807,0.003991,0.028796,0,lunch_restart
230,2,0.020045,0.087519,0.004501,0.019027,0,lunch_restart
230,3,0.013965,0.073381,0.001648,0.028188,0,lunch_restart
230,4,0.019163,0.07355,0.004441,0.02408,0,lunch_restart
230,5,0.023023,0.078155,0.0,0.048104,0,lunch_restart
230,6,0.037349,0.09107,0.018491,0.029867,0,lunch_restart
230,7,0.035761,0.136434,0.002926,0.049283,0,lunch_restart
230,8,0.042729,0.1328,0.005583,0.034383,0,lunch_restart
230,9,0.04888,0.127891,0.00601,0.053446,0,lunch_restart
231,0,0.285381,0.430326,0.102372,0.109777,1,imbalanced_ap_load
231,1,0.329455,0.407475,0.097203,0.107917,1,imbalanced_ap_load
231,2,0.345856,0.471261,0.097771,0.118418,1,imbalanced_ap_load
231,3,0.322932,0.42364,0.114235,0.117791,1,imbalanced_ap_load
231,4,0.344603,0.484464,0.099414,0.164989,1,imbalanced_ap_load
231,5,0.327804,0.456344,0.116744,0.170735,1,imbalanced_ap_load
231,6,0.343749,0.521318,0.114335,0.171231,1,imbalanced_ap_load
231,7,0.387299,0.504458,0.11603,0.203134,1,imbalanced_ap_load
231,8,0.37353,0.48389,0.151173,0.177498,1,imbalanced_ap_load
231,9,0.372842,0.505345,0.157478,0.237982,1,imbalanced_ap_load
232,0,0.498667,0.324643,0.04928,0.12088,0,emergency_ramp
232,1,0.364505,0.334259,0.085791,0.11902,0,emergency_ramp
232,2,0.480391,0.342845,0.056365,0.078144,0,emergency_ramp
232,3,0.46121,0.364244,0.066371,0.118294,0,emergency_ramp
232,4,0.313601,0.308041,0.07826,0.094968,0,emergency_ramp
232,5,0.366832,0.376395,0.08815,0.093893,0,emergency_ramp
232,6,0.343809,0.31148,0.053414,0.143401,0,emergency_ramp
232,7,0.432877,0.323621,0.047281,0.102193,0,emergency_ramp
232,8,0.41106,0.389423,0.098564,0.11274,0,emergency_ramp
232,9,0.39897,0.317119,0.054677,0.116287,0,emergency_ramp
233,0,0.015161,0.09649,0.001729,0.015819,0,lunch_restart
233,1,0.019269,0.095023,0.001665,0.015862,0,lunch_restart
233,2,0.017225,0.059264,0.006596,0.014582,0,lunch_restart
233,3,0.017809,0.084308,0.005793,0.028714,0,lunch_restart
233,4,0.024428,0.060731,0.004918,0.017777,0,lunch_restart
233,5,0.017568,0.091165,0.000914,0.021705,0,lunch_restart
233,6,0.028822,0.081786,0.000201,0.016031,0,lunch_restart
233,7,0.025793,0.064706,0.001169,0.024053,0,lunch_restart
233,8,0.010553,0.062456,0.006252,0.012029,0,lunch_restart
233,9,0.026371,0.071479,0.005442,0.011433,0,lunch_restart
234,0,0.25128,0.467972,0.151523,0.176981,2,startup_surge
234,1,0.302761,0.460953,0.151771,0.172417,2,startup_surge
234,2,0.32666,0.403778,0.189266,0.145092,2,startup_surge
234,3,0.304749,0.516322,0.205295,0.174344,2,startup_surge
234,4,0.31597,0.461585,0.188723,0.173189,2,startup_surge
234,5,0.385516,0.496882,0.182021,0.186484,2,startup_surge
234,6,0.387341,0.54576,0.252437,0.190922,2,startup_surge
234,7,0.401181,0.512447,0.242865,0.206003,2,startup_surge
234,8,0.396286,0.547868,0.25966,0.226625,2,startup_surge
234,9,0.517763,0.751766,0.406904,0.27983,2,startup_surge
235,0,0.174787,0.348892,0.143189,0.138715,1,startup_surge
235,1,0.20626,0.379569,0.091007,0.098355,1,startup_surge
235,2,0.197,0.346935,0.027326,0.13737,1,startup_surge
235,3,0.224689,0.346292,0.09519,0.120688,1,startup_surge
235,4,0.259997,0.334153,0.118354,0.120071,1,startup_surge
235,5,0.286241,0.45629,0.161342,0.129972,1,startup_surge
235,6,0.294018,0.452611,0.139968,0.106188,1,startup_surge
235,7,0.285504,0.368906,0.163851,0.174004,1,startup_surge
235,8,0.310478,0.463142,0.156348,0.161465,1,startup_surge
235,9,0.327597,0.425332,0.177732,0.160814,1,startup_surge
236,0,0.321074,0.388636,0.086692,0.08227,0,emergency_ramp
236,1,0.388107,0.343264,0.053112,0.07128,0,emergency_ramp
236,2,0.41733,0.306039,0.061635,0.129942,0,emergency_ramp
236,3,0.476293,0.362207,0.041514,0.135445,0,emergency_ramp
236,4,0.443178,0.363954,0.051415,0.127344,0,emergency_ramp
236,5,0.346249,0.317479,0.085535,0.101987,0,emergency_ramp
236,6,0.471878,0.349087,0.080473,0.077257,0,emergency_ramp
236,7,0.432849,0.33323,0.060148,0.138954,0,emergency_ramp
236,8,0.479031,0.304493,0.071832,0.147123,0,emergency_ramp
236,9,0.466875,0.328044,0.063889,0.099187,0,emergency_ramp
237,0,0.023972,0.081448,0.005407,0.025691,0,lunch_restart
237,1,0.023666,0.097398,0.002904,0.022819,0,lunch_restart
237,2,0.015941,0.072303,0.004912,0.023749,0,lunch_restart
237,3,0.025871,0.058517,0.004905,0.029922,0,lunch_restart
237,4,0.016232,0.077496,0.00526,0.010216,0,lunch_restart
237,5,0.016859,0.074834,0.006123,0.010456,0,lunch_restart
237,6,0.017977,0.089129,0.003324,0.025701,0,lunch_restart
237,7,0.024892,0.09301,0.000693,0.014188,0,lunch_restart
237,8,0.010236,0.085631,0.000258,0.023703,0,lunch_restart
237,9,0.028129,0.098573,0.001246,0.020067,0,lunch_restart
238,0,0.405235,0.65499,0.345632,0.365426,2,lunch_restart
238,1,0.455875,0.635076,0.415684,0.359636,2,lunch_restart
238,2,0.428518,0.666717,0.375086,0.32372,2,lunch_restart
238,3,0.517855,0.689791,0.369983,0.398724,2,lunch_restart
238,4,0.445937,0.725036,0.426333,0.420498,2,lunch_restart
238,5,0.528025,0.710135,0.458882,0.433137,2,lunch_restart
238,6,0.503288,0.678495,0.490679,0.390151,2,lunch_restart
238,7,0.511608,0.692145,0.420177,0.442993,2,lunch_restart
238,8,0.538629,0.763474,0.513404,0.475734,2,lunch_restart
238,9,0.519661,0.726789,0.492662,0.510208,2,lunch_restart
239,0,0.564092,0.677759,0.33389,0.304366,2,imbalanced_ap_load
239,1,0.520457,0.709698,0.306711,0.338299,2,imbalanced_ap_load
239,2,0.508174,0.718602,0.337099,0.360736,2,imbalanced_ap_load
239,3,0.531032,0.683841,0.349026,0.361391,2,imbalanced_ap_load
239,4,0.551872,0.697978,0.384111,0.37462,2,imbalanced_ap_load
239,5,0.57184,0.709535,0.352662,0.334362,2,imbalanced_ap_load
239,6,0.581186,0.723254,0.421786,0.397928,2,imbalanced_ap_load
239,7,0.592579,0.709559,0.421769,0.359935,2,imbalanced_ap_load
239,8,0.577993,0.714759,0.388882,0.395829,2,imbalanced_ap_load
239,9,0.604928,0.733163,0.470887,0.404998,2,imbalanced_ap_load
240,0,0.307325,0.407473,0.079343,0.13164,1,imbalanced_ap_load
240,1,0.345365,0.432944,0.08224,0.133748,1,imbalanced_ap_load
240,2,0.339936,0.448806,0.079186,0.160235,1,imbalanced_ap_load
240,3,0.330016,0.493371,0.101351,0.170622,1,imbalanced_ap_load
240,4,0.344023,0.485314,0.108904,0.169733,1,imbalanced_ap_load
240,5,0.386823,0.481331,0.149937,0.18705,1,imbalanced_ap_load
240,6,0.400788,0.489483,0.135499,0.189426,1,imbalanced_ap_load
240,7,0.400029,0.524602,0.151798,0.190264,1,imbalanced_ap_load
240,8,0.38743,0.5211,0.183178,0.214312,1,imbalanced_ap_load
240,9,0.415088,0.517883,0.17312,0.192419,1,imbalanced_ap_load
241,0,0.06805,0.193432,0.001658,0.033783,0,startup_surge
241,1,0.07782,0.178897,0.011137,0.040747,0,startup_surge
241,2,0.071807,0.165959,0.01587,0.024629,0,startup_surge
241,3,0.06589,0.160518,0.027503,0.025489,0,startup_surge
241,4,0.055818,0.199846,0.020559,0.052616,0,startup_surge
241,5,0.078042,0.150211,0.032784,0.040551,0,startup_surge
241,6,0.092006,0.100498,0.01333,0.029654,0,startup_surge
241,7,0.080735,0.174245,0.003121,0.056936,0,startup_surge
241,8,0.078345,0.152401,0.030364,0.054505,0,startup_surge
241,9,0.069159,0.184278,0.019139,0.035149,0,startup_surge
242,0,0.297706,0.37934,0.18262,0.14214,1,startup_surge
242,1,0.312124,0.467857,0.164727,0.150568,1,startup_surge
242,2,0.309003,0.446617,0.132741,0.150926,1,startup_surge
242,3,0.32817,0.427598,0.215013,0.163381,1,startup_surge
242,4,0.292662,0.42841,0.173535,0.160631,1,startup_surge
242,5,0.349091,0.479169,0.151746,0.17632,1,startup_surge
242,6,0.362178,0.493522,0.292306,0.171732,1,startup_surge
242,7,0.358011,0.533202,0.18709,0.228657,1,startup_surge
242,8,0.378341,0.503952,0.241675,0.200988,1,startup_surge
242,9,0.380074,0.573585,0.205087,0.210429,1,startup_surge
243,0,0.024533,0.064343,0.003914,0.0138,0,lunch_restart
243,1,0.020012,0.060298,0.006247,0.022312,0,lunch_restart
243,2,0.023922,0.078076,0.000498,0.022336,0,lunch_restart
243,3,0.022507,0.07682,0.005575,0.012911,0,lunch_restart
243,4,0.023115,0.094237,0.002056,0.022496,0,lunch_restart
243,5,0.029019,0.083853,0.001992,0.01615,0,lunch_restart
243,6,0.044196,0.108666,0.0,0.037615,0,lunch_restart
243,7,0.037105,0.108982,0.016249,0.036815,0,lunch_restart
243,8,0.035017,0.127414,0.007868,0.034847,0,lunch_restart
243,9,0.045396,0.139471,0.006386,0.03974,0,lunch_restart
244,0,0.017576,0.084308,0.000802,0.016403,0,lunch_restart
244,1,0.019759,0.085291,0.003325,0.026469,0,lunch_restart
244,2,0.02192,0.084919,0.004224,0.02675,0,lunch_restart
244,3,0.01006,0.069592,0.00184,0.018246,0,lunch_restart
244,4,0.020058,0.09022,0.010594,0.046247,0,lunch_restart
244,5,0.036537,0.096084,0.017933,0.027331,0,lunch_restart
244,6,0.040409,0.093677,0.015219,0.017501,0,lunch_restart
244,7,0.063578,0.132952,0.000288,0.075742,0,lunch_restart
244,8,0.057344,0.114718,0.02635,0.039752,0,lunch_restart
244,9,0.073638,0.15911,0.042562,0.044962,0,lunch_restart
245,0,0.423731,0.329897,0.050153,0.137478,0,emergency_ramp
245,1,0.399605,0.384304,0.099001,0.100766,0,emergency_ramp
245,2,0.389376,0.3158,0.076064,0.110658,0,emergency_ramp
245,3,0.488766,0.342344,0.059541,0.156469,0,emergency_ramp
245,4,0.498526,0.326541,0.038524,0.151985,0,emergency_ramp
245,5,0.490272,0.331314,0.083683,0.098267,0,emergency_ramp
245,6,0.447775,0.333308,0.09502,0.130957,0,emergency_ramp
245,7,0.419774,0.3234,0.08277,0.111309,0,emergency_ramp
245,8,0.363887,0.368714,0.041094,0.14222,0,emergency_ramp
245,9,0.489436,0.373068,0.068791,0.091966,0,emergency_ramp
246,0,0.024425,0.085986,0.002456,0.011773,0,lunch_restart
246,1,0.019847,0.05387,0.00228,0.013911,0,lunch_restart
246,2,0.022255,0.082797,0.005249,0.029347,0,lunch_restart
246,3,0.021153,0.06569,0.002473,0.018229,0,lunch_restart
246,4,0.023158,0.059192,0.00191,0.027453,0,lunch_restart
246,5,0.024109,0.061662,0.005231,0.017668,0,lunch_restart
246,6,0.014233,0.059928,0.006566,0.020366,0,lunch_restart
246,7,0.023759,0.093047,0.001232,0.028939,0,lunch_restart
246,8,0.015521,0.064773,0.002523,0.029128,0,lunch_restart
246,9,0.010554,0.090641,1.7e-05,0.013311,0,lunch_restart
247,0,0.482063,0.674383,0.28877,0.308806,2,imbalanced_ap_load
247,1,0.530205,0.69138,0.331408,0.365537,2,imbalanced_ap_load
247,2,0.496898,0.707997,0.300515,0.282166,2,imbalanced_ap_load
247,3,0.560796,0.737375,0.331174,0.302943,2,imbalanced_ap_load
247,4,0.545934,0.714298,0.390723,0.350809,2,imbalanced_ap_load
247,5,0.530993,0.732578,0.375214,0.386022,2,imbalanced_ap_load
247,6,0.568604,0.711938,0.372816,0.376803,2,imbalanced_ap_load
247,7,0.558721,0.754349,0.393473,0.377815,2,imbalanced_ap_load
247,8,0.607537,0.735771,0.391618,0.396444,2,imbalanced_ap_load
247,9,0.61759,0.745519,0.447449,0.398295,2,imbalanced_ap_load
248,0,0.099813,0.10538,0.022462,0.045539,0,startup_surge
248,1,0.065211,0.123648,0.021662,0.055008,0,startup_surge
248,2,0.082103,0.19429,0.018327,0.045669,0,startup_surge
248,3,0.079167,0.145512,0.020435,0.059239,0,startup_surge
248,4,0.089356,0.184661,0.093861,0.070903,0,startup_surge
248,5,0.070568,0.227942,0.055216,0.060558,0,startup_surge
248,6,0.120111,0.233827,0.070897,0.060978,0,startup_surge
248,7,0.119814,0.246085,0.104422,0.097233,0,startup_surge
248,8,0.137712,0.275981,0.071454,0.094305,0,startup_surge
248,9,0.155072,0.306651,0.057456,0.118389,0,startup_surge
249,0,0.108889,0.251472,0.059087,0.088959,0,lunch_restart
249,1,0.114369,0.257863,0.060286,0.105703,0,lunch_restart
249,2,0.134263,0.271946,0.063964,0.102427,0,lunch_restart
249,3,0.134945,0.287051,0.079528,0.120429,0,lunch_restart
249,4,0.151012,0.269348,0.115689,0.109562,0,lunch_restart
249,5,0.124273,0.29203,0.128602,0.11511,0,lunch_restart
249,6,0.17467,0.300815,0.080801,0.13696,0,lunch_restart
249,7,0.153977,0.325107,0.138447,0.139686,0,lunch_restart
249,8,0.164863,0.327901,0.141768,0.132685,0,lunch_restart
249,9,0.209942,0.370766,0.139788,0.149557,0,lunch_restart
250,0,0.443778,0.31124,0.055991,0.062826,0,emergency_ramp
250,1,0.43953,0.378387,0.094099,0.106902,0,emergency_ramp
250,2,0.434012,0.359715,0.042053,0.065226,0,emergency_ramp
250,3,0.376427,0.339247,0.071618,0.093051,0,emergency_ramp
250,4,0.465709,0.358412,0.043207,0.061558,0,emergency_ramp
250,5,0.347241,0.384149,0.09524,0.10691,0,emergency_ramp
250,6,0.331146,0.308944,0.086529,0.136702,0,emergency_ramp
250,7,0.369032,0.321934,0.048921,0.070022,0,emergency_ramp
250,8,0.350766,0.377427,0.053185,0.133522,0,emergency_ramp
250,9,0.432637,0.370258,0.058768,0.11842,0,emergency_ramp
251,0,0.06909,0.192,0.018655,0.033382,0,startup_surge
251,1,0.082319,0.191297,0.017979,0.035073,0,startup_surge
251,2,0.09594,0.116791,0.025623,0.022267,0,startup_surge
251,3,0.061951,0.12386,0.025771,0.021594,0,startup_surge
251,4,0.080017,0.160185,0.009511,0.048997,0,startup_surge
251,5,0.057176,0.133716,0.029529,0.032436,0,startup_surge
251,6,0.087364,0.173088,0.029716,0.020849,0,startup_surge
251,7,0.056376,0.15224,0.031608,0.023259,0,startup_surge
251,8,0.076003,0.243782,0.000826,0.064849,0,startup_surge
251,9,0.094558,0.181316,0.065647,0.047009,0,startup_surge
252,0,0.134586,0.228251,0.053826,0.091015,0,startup_surge
252,1,0.171058,0.31123,0.078976,0.091253,0,startup_surge
252,2,0.153933,0.313218,0.077514,0.115804,0,startup_surge
252,3,0.190221,0.314049,0.115191,0.099048,0,startup_surge
252,4,0.215165,0.319374,0.060978,0.143012,0,startup_surge
252,5,0.194814,0.357599,0.1586,0.110418,0,startup_surge
252,6,0.22808,0.373683,0.14322,0.143518,0,startup_surge
252,7,0.254142,0.397004,0.153413,0.150381,0,startup_surge
252,8,0.2641,0.364566,0.083355,0.142116,0,startup_surge
252,9,0.280666,0.360114,0.127335,0.146599,0,startup_surge
253,0,0.541913,0.415225,0.104698,0.189115,1,emergency_ramp
253,1,0.524535,0.469622,0.105988,0.163099,1,emergency_ramp
253,2,0.58389,0.443322,0.163714,0.200884,1,emergency_ramp
253,3,0.520706,0.479151,0.120742,0.213193,1,emergency_ramp
253,4,0.540689,0.469414,0.163825,0.201458,1,emergency_ramp
253,5,0.56683,0.52365,0.159174,0.189811,1,emergency_ramp
253,6,0.554046,0.479616,0.172336,0.210829,1,emergency_ramp
253,7,0.628591,0.534141,0.195119,0.274691,1,emergency_ramp
253,8,0.61521,0.516812,0.202387,0.267821,1,emergency_ramp
253,9,0.599909,0.590266,0.256491,0.271333,1,emergency_ramp
254,0,0.371815,0.653157,0.343085,0.330001,2,lunch_restart
254,1,0.45145,0.615342,0.391894,0.370046,2,lunch_restart
254,2,0.400167,0.642374,0.356752,0.352802,2,lunch_restart
254,3,0.421853,0.648332,0.361573,0.33994,2,lunch_restart
254,4,0.476703,0.68545,0.404711,0.385132,2,lunch_restart
254,5,0.449673,0.721802,0.412097,0.428982,2,lunch_restart
254,6,0.475407,0.67321,0.466609,0.38017,2,lunch_restart
254,7,0.472614,0.700154,0.437911,0.405373,2,lunch_restart
254,8,0.505123,0.729399,0.450842,0.422473,2,lunch_restart
254,9,0.539202,0.745044,0.430916,0.450668,2,lunch_restart
255,0,0.132808,0.205654,0.081872,0.067088,0,startup_surge
255,1,0.154416,0.260737,0.076045,0.08695,0,startup_surge
255,2,0.139135,0.264817,0.072732,0.071391,0,startup_surge
255,3,0.175161,0.272748,0.088305,0.133415,0,startup_surge
255,4,0.18798,0.262667,0.113061,0.112947,0,startup_surge
255,5,0.215356,0.295685,0.164662,0.122847,0,startup_surge
255,6,0.204912,0.396117,0.127859,0.139565,0,startup_surge
255,7,0.231231,0.34169,0.141905,0.139162,0,startup_surge
255,8,0.241279,0.39108,0.134146,0.127524,0,startup_surge
255,9,0.264674,0.376717,0.188392,0.129714,0,startup_surge
256,0,0.337818,0.315808,0.081347,0.104604,0,emergency_ramp
256,1,0.335747,0.356384,0.048965,0.142384,0,emergency_ramp
256,2,0.306076,0.37899,0.054597,0.126866,0,emergency_ramp
256,3,0.469661,0.340622,0.056829,0.117411,0,emergency_ramp
256,4,0.446139,0.338332,0.098252,0.061291,0,emergency_ramp
256,5,0.37521,0.344745,0.079703,0.143217,0,emergency_ramp
256,6,0.451058,0.314235,0.068099,0.092654,0,emergency_ramp
256,7,0.356579,0.327901,0.063124,0.115116,0,emergency_ramp
256,8,0.368398,0.340954,0.078936,0.142173,0,emergency_ramp
256,9,0.476805,0.389526,0.092867,0.065289,0,emergency_ramp
257,0,0.083647,0.182039,0.050967,0.086024,0,lunch_restart
257,1,0.101041,0.199724,0.042058,0.065875,0,lunch_restart
257,2,0.072558,0.211001,0.03924,0.07565,0,lunch_restart
257,3,0.10208,0.172593,0.042802,0.069832,0,lunch_restart
257,4,0.092334,0.218211,0.070505,0.081777,0,lunch_restart
257,5,0.123451,0.233647,0.0625,0.076687,0,lunch_restart
257,6,0.122876,0.205829,0.077053,0.083881,0,lunch_restart
257,7,0.127851,0.260113,0.082029,0.114491,0,lunch_restart
257,8,0.121927,0.25143,0.061596,0.104791,0,lunch_restart
257,9,0.104198,0.274584,0.09575,0.100335,0,lunch_restart
258,0,0.427873,0.354645,0.086952,0.102744,0,emergency_ramp
258,1,0.357563,0.389518,0.036986,0.115703,0,emergency_ramp
258,2,0.485056,0.302029,0.09337,0.063081,0,emergency_ramp
258,3,0.380092,0.328781,0.095069,0.150089,0,emergency_ramp
258,4,0.352052,0.311252,0.049605,0.158202,0,emergency_ramp
258,5,0.3769,0.316612,0.040052,0.083518,0,emergency_ramp
258,6,0.422317,0.31944,0.071457,0.125652,0,emergency_ramp
258,7,0.444719,0.35642,0.037611,0.12788,0,emergency_ramp
258,8,0.432364,0.32449,0.048648,0.156628,0,emergency_ramp
258,9,0.484247,0.359777,0.067171,0.108377,0,emergency_ramp
259,0,0.015341,0.061306,0.001278,0.024279,0,lunch_restart
259,1,0.028822,0.055134,0.004805,0.022086,0,lunch_restart
259,2,0.015534,0.098283,0.001995,0.011985,0,lunch_restart
259,3,0.028378,0.073312,0.003064,0.025873,0,lunch_restart
259,4,0.028709,0.095335,0.006004,0.027076,0,lunch_restart
259,5,0.020097,0.073832,0.002486,0.028282,0,lunch_restart
259,6,0.029011,0.084984,0.001929,0.028796,0,lunch_restart
259,7,0.020985,0.066086,0.000211,0.012156,0,lunch_restart
259,8,0.017578,0.097533,0.004676,0.027643,0,lunch_restart
259,9,0.026203,0.051745,0.001435,0.028907,0,lunch_restart
260,0,0.475424,0.743302,0.200053,0.183321,2,startup_surge
260,1,0.572011,0.767951,0.372002,0.323982,2,startup_surge
260,2,0.500991,0.684197,0.228448,0.343037,2,startup_surge
260,3,0.565347,0.742973,0.499709,0.248134,2,startup_surge
260,4,0.581751,0.775325,0.263235,0.399328,2,startup_surge
260,5,0.606088,0.690282,0.454657,0.228317,2,startup_surge
260,6,0.485452,0.769868,0.437323,0.313997,2,startup_surge
260,7,0.651127,0.675492,0.401221,0.359537,2,startup_surge
260,8,0.679658,0.747291,0.372808,0.338429,2,startup_surge
260,9,0.671273,0.665756,0.32841,0.26723,2,startup_surge
261,0,0.098046,0.185325,0.005852,0.07691,0,startup_surge
261,1,0.106084,0.208719,0.044569,0.051184,0,startup_surge
261,2,0.097313,0.241912,0.071247,0.069437,0,startup_surge
261,3,0.127484,0.201093,0.061993,0.087565,0,startup_surge
261,4,0.140691,0.223104,0.105035,0.077791,0,startup_surge
261,5,0.193872,0.276126,0.01874,0.084416,0,startup_surge
261,6,0.175919,0.327267,0.063048,0.097183,0,startup_surge
261,7,0.203431,0.30576,0.133538,0.083424,0,startup_surge
261,8,0.195488,0.297989,0.127219,0.068506,0,startup_surge
261,9,0.176704,0.27251,0.126008,0.119087,0,startup_surge
262,0,0.403501,0.329899,0.034884,0.120266,0,emergency_ramp
262,1,0.436193,0.374389,0.051914,0.09403,0,emergency_ramp
262,2,0.401542,0.306633,0.067027,0.145985,0,emergency_ramp
262,3,0.488122,0.300968,0.092415,0.144546,0,emergency_ramp
262,4,0.385606,0.311067,0.051429,0.070905,0,emergency_ramp
262,5,0.303183,0.314041,0.085013,0.129504,0,emergency_ramp
262,6,0.347275,0.379104,0.077481,0.099383,0,emergency_ramp
262,7,0.400121,0.338248,0.041018,0.159971,0,emergency_ramp
262,8,0.408114,0.324744,0.052892,0.082502,0,emergency_ramp
262,9,0.410477,0.338617,0.049191,0.088052,0,emergency_ramp
263,0,0.091184,0.162525,0.032762,0.03584,0,startup_surge
263,1,0.055364,0.112983,0.002552,0.023001,0,startup_surge
263,2,0.099284,0.173145,0.001105,0.053752,0,startup_surge
263,3,0.093729,0.198977,0.015196,0.028601,0,startup_surge
263,4,0.094673,0.181091,0.009889,0.034677,0,startup_surge
263,5,0.094015,0.100792,0.029001,0.045493,0,startup_surge
263,6,0.092114,0.182212,0.024499,0.052145,0,startup_surge
263,7,0.054258,0.102999,0.018021,0.043483,0,startup_surge
263,8,0.095518,0.113427,0.000335,0.034466,0,startup_surge
263,9,0.058441,0.124252,0.008851,0.020212,0,startup_surge
264,0,0.723897,0.611377,0.204779,0.305038,3,emergency_ramp
264,1,0.714059,0.596813,0.326766,0.346536,3,emergency_ramp
264,2,0.720656,0.604037,0.301477,0.328236,3,emergency_ramp
264,3,0.785318,0.627432,0.298226,0.307352,3,emergency_ramp
264,4,0.714455,0.848504,0.671943,0.614485,3,emergency_ramp
264,5,0.771274,0.871344,0.691075,0.667472,3,emergency_ramp
264,6,0.760825,0.861465,0.649152,0.653497,3,emergency_ramp
264,7,0.787731,0.895898,0.684121,0.597849,3,emergency_ramp
264,8,0.787999,0.849819,0.737244,0.56825,3,emergency_ramp
264,9,0.799618,0.899668,0.693578,0.608216,3,emergency_ramp
265,0,0.485962,0.688651,0.232653,0.261161,2,imbalanced_ap_load
265,1,0.500146,0.66802,0.255507,0.283654,2,imbalanced_ap_load
265,2,0.455256,0.679167,0.288489,0.273898,2,imbalanced_ap_load
265,3,0.510331,0.699585,0.296608,0.320574,2,imbalanced_ap_load
265,4,0.528503,0.681884,0.305604,0.348428,2,imbalanced_ap_load
265,5,0.535656,0.692574,0.302362,0.3454,2,imbalanced_ap_load
265,6,0.548844,0.691306,0.315489,0.358991,2,imbalanced_ap_load
265,7,0.537704,0.70225,0.338377,0.310486,2,imbalanced_ap_load
265,8,0.534082,0.71858,0.377607,0.346966,2,imbalanced_ap_load
265,9,0.529605,0.707566,0.39766,0.373218,2,imbalanced_ap_load
266,0,0.063037,0.206047,0.031127,0.068495,0,lunch_restart
266,1,0.087543,0.175471,0.039162,0.060765,0,lunch_restart
266,2,0.078068,0.194161,0.036929,0.058451,0,lunch_restart
266,3,0.087631,0.211712,0.065312,0.08382,0,lunch_restart
266,4,0.120443,0.201846,0.052738,0.076528,0,lunch_restart
266,5,0.101585,0.227584,0.057846,0.104352,0,lunch_restart
266,6,0.10201,0.228979,0.054776,0.07929,0,lunch_restart
266,7,0.126232,0.2375,0.062979,0.1062,0,lunch_restart
266,8,0.110523,0.250734,0.054514,0.088432,0,lunch_restart
266,9,0.144049,0.251143,0.078791,0.088549,0,lunch_restart
267,0,0.07218,0.132836,0.028885,0.049996,0,lunch_restart
267,1,0.0439,0.176274,0.025903,0.04233,0,lunch_restart
267,2,0.056178,0.133135,0.035047,0.072252,0,lunch_restart
267,3,0.073794,0.189872,0.037386,0.057247,0,lunch_restart
267,4,0.061463,0.173754,0.026848,0.063702,0,lunch_restart
267,5,0.084663,0.187161,0.035894,0.058674,0,lunch_restart
267,6,0.094465,0.191949,0.035038,0.079889,0,lunch_restart
267,7,0.080717,0.209476,0.046253,0.078071,0,lunch_restart
267,8,0.100149,0.203759,0.065999,0.079029,0,lunch_restart
267,9,0.091996,0.239405,0.061889,0.067895,0,lunch_restart
268,0,0.092708,0.207275,0.054084,0.087163,0,lunch_restart
268,1,0.105973,0.223152,0.051128,0.087246,0,lunch_restart
268,2,0.11993,0.224079,0.060128,0.084151,0,lunch_restart
268,3,0.127499,0.255159,0.05061,0.086523,0,lunch_restart
268,4,0.123146,0.252398,0.064141,0.070235,0,lunch_restart
268,5,0.099316,0.279656,0.078085,0.070902,0,lunch_restart
268,6,0.131066,0.247911,0.079502,0.11268,0,lunch_restart
268,7,0.134287,0.280837,0.138832,0.127767,0,lunch_restart
268,8,0.169625,0.318596,0.119455,0.132358,0,lunch_restart
268,9,0.20136,0.325287,0.107433,0.139046,0,lunch_restart
269,0,0.375257,0.505224,0.180255,0.22108,2,startup_surge
269,1,0.404836,0.594268,0.186528,0.210892,2,startup_surge
269,2,0.621395,0.779835,0.481852,0.368557,2,startup_surge
269,3,0.65202,0.713862,0.471314,0.378447,2,startup_surge
269,4,0.696171,0.668436,0.419136,0.186059,2,startup_surge
269,5,0.692606,0.667158,0.236773,0.242549,2,startup_surge
269,6,0.679673,0.711119,0.482703,0.368208,2,startup_surge
269,7,0.638597,0.733915,0.247021,0.301131,2,startup_surge
269,8,0.698308,0.779888,0.216357,0.216428,2,startup_surge
269,9,0.568718,0.712267,0.213249,0.280443,2,startup_surge
270,0,0.396746,0.325791,0.090933,0.128294,0,emergency_ramp
270,1,0.361977,0.32832,0.05492,0.147226,0,emergency_ramp
270,2,0.375316,0.386902,0.081818,0.0829,0,emergency_ramp
270,3,0.345542,0.341094,0.038398,0.131693,0,emergency_ramp
270,4,0.305982,0.375106,0.042414,0.121395,0,emergency_ramp
270,5,0.383266,0.355035,0.063974,0.133382,0,emergency_ramp
270,6,0.394116,0.316278,0.063975,0.068416,0,emergency_ramp
270,7,0.455979,0.386169,0.06705,0.133294,0,emergency_ramp
270,8,0.404524,0.3292,0.065013,0.138803,0,emergency_ramp
270,9,0.365279,0.357761,0.076092,0.128723,0,emergency_ramp
271,0,0.329546,0.369552,0.040549,0.072048,1,emergency_ramp
271,1,0.463223,0.325783,0.079188,0.065867,1,emergency_ramp
271,2,0.307455,0.355878,0.097559,0.075641,1,emergency_ramp
271,3,0.352838,0.371929,0.093863,0.142329,1,emergency_ramp
271,4,0.311412,0.3347,0.071464,0.134385,1,emergency_ramp
271,5,0.433486,0.304212,0.058419,0.154877,1,emergency_ramp
271,6,0.373674,0.34819,0.072045,0.157898,1,emergency_ramp
271,7,0.43041,0.389587,0.087729,0.149328,1,emergency_ramp
271,8,0.498573,0.428675,0.115841,0.172694,1,emergency_ramp
271,9,0.512991,0.443091,0.124975,0.15539,1,emergency_ramp
272,0,0.788391,0.887107,0.682475,0.570656,3,emergency_ramp
272,1,0.776955,0.86439,0.704482,0.658861,3,emergency_ramp
272,2,0.793769,0.842038,0.745298,0.659493,3,emergency_ramp
272,3,0.811724,0.873398,0.72148,0.658386,3,emergency_ramp
272,4,0.782205,0.892943,0.706741,0.646189,3,emergency_ramp
272,5,0.841128,0.888094,0.698561,0.735993,3,emergency_ramp
272,6,0.814386,0.904068,0.757924,0.694979,3,emergency_ramp
272,7,0.864021,0.91313,0.754317,0.647712,3,emergency_ramp
272,8,0.812134,0.910962,0.767023,0.77343,3,emergency_ramp
272,9,0.878715,0.899321,0.791235,0.746702,3,emergency_ramp
273,0,0.010675,0.077245,0.004899,0.015752,0,lunch_restart
273,1,0.02236,0.066687,0.002313,0.026131,0,lunch_restart
273,2,0.017559,0.064032,0.003055,0.027311,0,lunch_restart
273,3,0.018073,0.092278,0.002142,0.01767,0,lunch_restart
273,4,0.021352,0.062351,0.002129,0.024964,0,lunch_restart
273,5,0.020568,0.098849,0.0,0.033062,0,lunch_restart
273,6,0.034499,0.092665,0.008645,0.016603,0,lunch_restart
273,7,0.046076,0.120996,0.010987,0.03872,0,lunch_restart
273,8,0.067775,0.17782,0.005249,0.040842,0,lunch_restart
273,9,0.059722,0.132272,0.029166,0.025135,0,lunch_restart
274,0,0.161189,0.284549,0.081412,0.079996,0,startup_surge
274,1,0.178745,0.307882,0.085865,0.111852,0,startup_surge
274,2,0.193271,0.342272,0.087961,0.103706,0,startup_surge
274,3,0.180803,0.286123,0.130301,0.136073,0,startup_surge
274,4,0.192875,0.297597,0.082223,0.094009,0,startup_surge
274,5,0.23613,0.389866,0.092527,0.094298,0,startup_surge
274,6,0.224759,0.375611,0.101673,0.115865,0,startup_surge
274,7,0.19941,0.375814,0.128072,0.10812,0,startup_surge
274,8,0.273417,0.39816,0.113614,0.114241,0,startup_surge
274,9,0.255913,0.341462,0.153777,0.156405,0,startup_surge
275,0,0.350457,0.302311,0.087823,0.063876,0,emergency_ramp
275,1,0.488904,0.346211,0.064949,0.080586,0,emergency_ramp
275,2,0.359797,0.336899,0.091765,0.062768,0,emergency_ramp
275,3,0.463165,0.379354,0.058013,0.099006,0,emergency_ramp
275,4,0.310093,0.371019,0.051732,0.083015,0,emergency_ramp
275,5,0.377559,0.334367,0.077803,0.092215,0,emergency_ramp
275,6,0.422959,0.301569,0.073623,0.143721,0,emergency_ramp
275,7,0.379909,0.324739,0.080283,0.10322,0,emergency_ramp
275,8,0.45813,0.33244,0.039405,0.061505,0,emergency_ramp
275,9,0.511956,0.392147,0.099777,0.140205,0,emergency_ramp
276,0,0.455886,0.723379,0.401296,0.341138,2,startup_surge
276,1,0.451081,0.717462,0.221103,0.257644,2,startup_surge
276,2,0.524949,0.694012,0.396239,0.230355,2,startup_surge
276,3,0.632737,0.673744,0.340042,0.258703,2,startup_surge
276,4,0.687885,0.725075,0.278313,0.255305,2,startup_surge
276,5,0.52886,0.763649,0.219057,0.390464,2,startup_surge
276,6,0.589228,0.749964,0.215893,0.31801,2,startup_surge
276,7,0.460337,0.771777,0.467654,0.324662,2,startup_surge
276,8,0.450315,0.702717,0.373018,0.242383,2,startup_surge
276,9,0.45394,0.761485,0.365474,0.260143,2,startup_surge
277,0,0.199194,0.340797,0.089003,0.1191,1,startup_surge
277,1,0.221243,0.35751,0.140691,0.130489,1,startup_surge
277,2,0.258514,0.403816,0.104167,0.137318,1,startup_surge
277,3,0.273154,0.443142,0.104429,0.091364,1,startup_surge
277,4,0.264491,0.400288,0.194284,0.134033,1,startup_surge
277,5,0.270825,0.415526,0.151536,0.142574,1,startup_surge
277,6,0.273164,0.440179,0.20344,0.173121,1,startup_surge
277,7,0.314655,0.487068,0.199977,0.155909,1,startup_surge
277,8,0.310889,0.481972,0.202664,0.189135,1,startup_surge
277,9,0.349184,0.485893,0.223413,0.202352,1,startup_surge
278,0,0.023751,0.09738,0.00301,0.024886,0,lunch_restart
278,1,0.010099,0.073401,0.002275,0.027299,0,lunch_restart
278,2,0.024423,0.082616,0.005866,0.020053,0,lunch_restart
278,3,0.019296,0.058417,0.003454,0.017472,0,lunch_restart
278,4,0.02585,0.09884,0.001936,0.022866,0,lunch_restart
278,5,0.017861,0.079028,0.003495,0.024988,0,lunch_restart
278,6,0.017022,0.063083,0.00075,0.014551,0,lunch_restart
278,7,0.026816,0.090269,0.004875,0.020068,0,lunch_restart
278,8,0.010773,0.079325,0.004122,0.012276,0,lunch_restart
278,9,0.045226,0.082675,0.0,0.032472,0,lunch_restart
279,0,0.012602,0.09114,0.002129,0.013956,0,lunch_restart
279,1,0.010737,0.077418,0.006666,0.015655,0,lunch_restart
279,2,0.013153,0.057295,0.005129,0.019928,0,lunch_restart
279,3,0.029059,0.053961,0.003582,0.024975,0,lunch_restart
279,4,0.021508,0.097861,0.001698,0.013735,0,lunch_restart
279,5,0.019779,0.07129,0.002142,0.029853,0,lunch_restart
279,6,0.017686,0.067526,0.003436,0.01323,0,lunch_restart
279,7,0.024168,0.067815,0.003614,0.021988,0,lunch_restart
279,8,0.012825,0.068947,9.1e-05,0.028579,0,lunch_restart
279,9,0.015523,0.09725,0.006396,0.02665,0,lunch_restart
280,0,0.028159,0.095635,0.004999,0.02043,0,lunch_restart
280,1,0.019799,0.095989,0.000396,0.013237,0,lunch_restart
280,2,0.02637,0.082544,0.005132,0.024451,0,lunch_restart
280,3,0.014513,0.055537,0.001789,0.011777,0,lunch_restart
280,4,0.017042,0.07411,0.002597,0.023862,0,lunch_restart
280,5,0.011502,0.062266,0.000578,0.026972,0,lunch_restart
280,6,0.018415,0.094246,0.005591,0.016988,0,lunch_restart
280,7,0.023374,0.05692,0.003738,0.024188,0,lunch_restart
280,8,0.026763,0.052716,0.003364,0.013135,0,lunch_restart
280,9,0.021318,0.085221,0.006457,0.026919,0,lunch_restart
281,0,0.906739,0.914915,0.85171,0.775925,3,emergency_ramp
281,1,0.954024,0.9598,0.877638,0.890925,3,emergency_ramp
281,2,0.917452,0.943886,0.877544,0.799689,3,emergency_ramp
281,3,0.898162,0.944853,0.919866,0.893373,3,emergency_ramp
281,4,0.943449,0.973629,0.92643,0.906889,3,emergency_ramp
281,5,0.944186,0.946955,0.938994,0.895268,3,emergency_ramp
281,6,0.949403,0.970817,0.924218,0.940405,3,emergency_ramp
281,7,0.951936,0.967602,0.941201,0.883482,3,emergency_ramp
281,8,1.0,0.988859,0.910767,0.912914,3,emergency_ramp
281,9,0.962557,0.985311,0.939763,0.916224,3,emergency_ramp
282,0,0.560231,0.476601,0.204565,0.188963,1,emergency_ramp
282,1,0.554696,0.502915,0.201353,0.261526,1,emergency_ramp
282,2,0.579156,0.485417,0.240509,0.285956,1,emergency_ramp
282,3,0.634013,0.523635,0.256679,0.261633,1,emergency_ramp
282,4,0.646839,0.541841,0.209157,0.25932,1,emergency_ramp
282,5,0.642132,0.566497,0.240014,0.305111,1,emergency_ramp
282,6,0.670294,0.586236,0.27078,0.303288,1,emergency_ramp
282,7,0.660861,0.596031,0.265484,0.298943,1,emergency_ramp
282,8,0.758613,0.637843,0.294923,0.339234,1,emergency_ramp
282,9,0.713757,0.637882,0.326816,0.308569,1,emergency_ramp
283,0,0.73489,0.632222,0.302909,0.340628,3,emergency_ramp
283,1,0.737863,0.632385,0.342736,0.358243,3,emergency_ramp
283,2,0.781613,0.872404,0.705231,0.600199,3,emergency_ramp
283,3,0.778661,0.87928,0.687112,0.520326,3,emergency_ramp
283,4,0.780902,0.877436,0.659939,0.641993,3,emergency_ramp
283,5,0.812438,0.884361,0.710571,0.620379,3,emergency_ramp
283,6,0.797179,0.853967,0.705086,0.719498,3,emergency_ramp
283,7,0.791043,0.902056,0.712955,0.702326,3,emergency_ramp
283,8,0.832578,0.918175,0.674738,0.715228,3,emergency_ramp
283,9,0.844085,0.913565,0.819358,0.661828,3,emergency_ramp
284,0,0.535954,0.722094,0.4043,0.369658,2,imbalanced_ap_load
284,1,0.602202,0.72104,0.399962,0.401419,2,imbalanced_ap_load
284,2,0.585312,0.724213,0.422384,0.378121,2,imbalanced_ap_load
284,3,0.596434,0.752556,0.417088,0.381628,2,imbalanced_ap_load
284,4,0.593238,0.753502,0.440339,0.463696,2,imbalanced_ap_load
284,5,0.604888,0.768588,0.456201,0.417462,2,imbalanced_ap_load
284,6,0.634562,0.765037,0.473736,0.399932,2,imbalanced_ap_load
284,7,0.625818,0.785175,0.503268,0.409738,2,imbalanced_ap_load
284,8,0.645152,0.777092,0.512137,0.412976,2,imbalanced_ap_load
284,9,0.641272,0.797294,0.513179,0.467278,2,imbalanced_ap_load
285,0,0.0203,0.091454,0.006496,0.022505,0,lunch_restart
285,1,0.021246,0.097201,0.000429,0.029973,0,lunch_restart
285,2,0.056397,0.09312,0.007595,0.038403,0,lunch_restart
285,3,0.044982,0.135009,0.0,0.052365,0,lunch_restart
285,4,0.043822,0.125769,0.018956,0.045039,0,lunch_restart
285,5,0.061358,0.138772,0.017746,0.047191,0,lunch_restart
285,6,0.06015,0.150617,0.029644,0.041934,0,lunch_restart
285,7,0.06525,0.149363,0.025794,0.03575,0,lunch_restart
285,8,0.060972,0.174101,0.031728,0.059451,0,lunch_restart
285,9,0.079316,0.195458,0.030349,0.063788,0,lunch_restart
286,0,0.087687,0.199844,0.029285,0.020769,0,startup_surge
286,1,0.081584,0.160843,0.010094,0.058913,0,startup_surge
286,2,0.075535,0.193842,0.010137,0.030119,0,startup_surge
286,3,0.075101,0.19635,0.004141,0.023022,0,startup_surge
286,4,0.096976,0.190426,0.016068,0.037728,0,startup_surge
286,5,0.064818,0.126643,0.025545,0.041386,0,startup_surge
286,6,0.059516,0.150661,0.021573,0.038707,0,startup_surge
286,7,0.065696,0.123352,0.002961,0.050717,0,startup_surge
286,8,0.089376,0.143043,0.010009,0.024675,0,startup_surge
286,9,0.064899,0.142599,0.010835,0.052481,0,startup_surge
287,0,0.328686,0.374169,0.058982,0.086021,0,emergency_ramp
287,1,0.344823,0.384256,0.085083,0.142617,0,emergency_ramp
287,2,0.467844,0.371699,0.034315,0.157268,0,emergency_ramp
287,3,0.37506,0.380629,0.075051,0.068796,0,emergency_ramp
287,4,0.301644,0.351075,0.060976,0.082432,0,emergency_ramp
287,5,0.427375,0.330459,0.067834,0.132615,0,emergency_ramp
287,6,0.314126,0.360272,0.061224,0.06367,0,emergency_ramp
287,7,0.478821,0.35006,0.046359,0.088402,0,emergency_ramp
287,8,0.349071,0.305059,0.056564,0.144453,0,emergency_ramp
287,9,0.347548,0.351829,0.090737,0.128165,0,emergency_ramp
288,0,0.025556,0.075751,0.006054,0.016255,0,lunch_restart
288,1,0.011736,0.053424,0.000485,0.020593,0,lunch_restart
288,2,0.016564,0.051566,0.006112,0.022999,0,lunch_restart
288,3,0.021899,0.093024,0.001212,0.012984,0,lunch_restart
288,4,0.022475,0.061214,0.004542,0.023093,0,lunch_restart
288,5,0.023325,0.076285,0.005487,0.017621,0,lunch_restart
288,6,0.02989,0.088839,0.001608,0.016923,0,lunch_restart
288,7,0.018028,0.062661,0.000751,0.01158,0,lunch_restart
288,8,0.01275,0.086872,0.005041,0.029479,0,lunch_restart
288,9,0.012759,0.053765,0.00295,0.023862,0,lunch_restart
289,0,0.066875,0.142261,0.021805,0.027283,0,startup_surge
289,1,0.096778,0.196779,0.029967,0.022093,0,startup_surge
289,2,0.080169,0.190122,0.033034,0.039634,0,startup_surge
289,3,0.051379,0.175945,0.021395,0.025501,0,startup_surge
289,4,0.086718,0.108992,0.026075,0.032744,0,startup_surge
289,5,0.072352,0.225697,0.009994,0.034012,0,startup_surge
289,6,0.096359,0.228987,0.013517,0.066642,0,startup_surge
289,7,0.106945,0.226959,0.034049,0.051367,0,startup_surge
289,8,0.133661,0.218216,0.029541,0.057012,0,startup_surge
289,9,0.135136,0.257466,0.084294,0.082381,0,startup_surge
290,0,0.118727,0.224882,0.064723,0.071671,0,lunch_restart
290,1,0.111694,0.269756,0.06614,0.073477,0,lunch_restart
290,2,0.129884,0.251588,0.060426,0.088919,0,lunch_restart
290,3,0.114,0.258486,0.071839,0.087094,0,lunch_restart
290,4,0.106511,0.261522,0.050065,0.117124,0,lunch_restart
290,5,0.147394,0.264545,0.137549,0.145655,0,lunch_restart
290,6,0.155338,0.291543,0.076885,0.122874,0,lunch_restart
290,7,0.190692,0.306591,0.108867,0.129895,0,lunch_restart
290,8,0.217998,0.287017,0.104742,0.144094,0,lunch_restart
290,9,0.202334,0.33571,0.116535,0.139473,0,lunch_restart
291,0,0.568569,0.475314,0.164063,0.237771,1,emergency_ramp
291,1,0.5605,0.48847,0.192767,0.244933,1,emergency_ramp
291,2,0.574692,0.521459,0.151108,0.254497,1,emergency_ramp
291,3,0.586095,0.501167,0.22977,0.271227,1,emergency_ramp
291,4,0.664438,0.554686,0.236765,0.275561,1,emergency_ramp
291,5,0.618547,0.545285,0.268622,0.251348,1,emergency_ramp
291,6,0.678636,0.532325,0.246369,0.252554,1,emergency_ramp
291,7,0.649247,0.56339,0.262186,0.272074,1,emergency_ramp
291,8,0.660708,0.566097,0.277929,0.321537,1,emergency_ramp
291,9,0.70157,0.603623,0.34526,0.262638,1,emergency_ramp
292,0,0.034222,0.141536,0.0,0.022838,0,lunch_restart
292,1,0.036327,0.129814,0.00498,0.035827,0,lunch_restart
292,2,0.04519,0.124325,0.020451,0.043778,0,lunch_restart
292,3,0.060109,0.13868,0.023268,0.041384,0,lunch_restart
292,4,0.059787,0.149733,0.018152,0.052251,0,lunch_restart
292,5,0.040318,0.144284,0.03439,0.04673,0,lunch_restart
292,6,0.059838,0.155557,0.024631,0.051928,0,lunch_restart
292,7,0.065218,0.200508,0.042579,0.049348,0,lunch_restart
292,8,0.083482,0.201787,0.04598,0.060409,0,lunch_restart
292,9,0.063779,0.182569,0.050152,0.065355,0,lunch_restart
293,0,0.023439,0.079892,0.006551,0.01625,0,lunch_restart
293,1,0.027027,0.056601,0.005877,0.010838,0,lunch_restart
293,2,0.010967,0.096809,0.003427,0.029449,0,lunch_restart
293,3,0.015108,0.079473,0.005205,0.02915,0,lunch_restart
293,4,0.016924,0.065888,0.005879,0.013966,0,lunch_restart
293,5,0.017851,0.08402,0.003112,0.026581,0,lunch_restart
293,6,0.026484,0.050127,0.000653,0.028392,0,lunch_restart
293,7,0.010858,0.064393,0.003204,0.01026,0,lunch_restart
293,8,0.022282,0.061708,0.002342,0.025095,0,lunch_restart
293,9,0.020645,0.067309,0.000154,0.013598,0,lunch_restart
294,0,0.370935,0.54907,0.251025,0.256065,2,lunch_restart
294,1,0.373965,0.614052,0.335491,0.303304,2,lunch_restart
294,2,0.430409,0.61112,0.316804,0.227902,2,lunch_restart
294,3,0.399197,0.609181,0.366206,0.320742,2,lunch_restart
294,4,0.415134,0.630587,0.341094,0.31101,2,lunch_restart
294,5,0.415901,0.640565,0.374378,0.362934,2,lunch_restart
294,6,0.437232,0.636728,0.373849,0.37988,2,lunch_restart
294,7,0.465072,0.661226,0.390659,0.390973,2,lunch_restart
294,8,0.451862,0.680413,0.404235,0.367475,2,lunch_restart
294,9,0.426777,0.657422,0.40215,0.359072,2,lunch_restart
295,0,0.018726,0.087313,0.003759,0.012904,0,lunch_restart
295,1,0.028275,0.097945,0.00656,0.010753,0,lunch_restart
295,2,0.027524,0.055904,0.001792,0.010492,0,lunch_restart
295,3,0.025248,0.065586,0.004872,0.013569,0,lunch_restart
295,4,0.026704,0.053852,0.001081,0.024873,0,lunch_restart
295,5,0.024603,0.080665,0.006214,0.010295,0,lunch_restart
295,6,0.020246,0.050819,3e-06,0.01609,0,lunch_restart
295,7,0.021048,0.060268,0.001965,0.021296,0,lunch_restart
295,8,0.018354,0.079349,0.00651,0.024874,0,lunch_restart
295,9,0.023286,0.067937,0.004471,0.023558,0,lunch_restart
296,0,0.365421,0.355187,0.097196,0.086781,0,emergency_ramp
296,1,0.406821,0.366541,0.093937,0.109142,0,emergency_ramp
296,2,0.42722,0.360758,0.039392,0.158343,0,emergency_ramp
296,3,0.415961,0.389189,0.091123,0.151507,0,emergency_ramp
296,4,0.422994,0.304295,0.066307,0.099842,0,emergency_ramp
296,5,0.434181,0.346368,0.086532,0.115608,0,emergency_ramp
296,6,0.475452,0.337664,0.056808,0.115966,0,emergency_ramp
296,7,0.435017,0.317902,0.097148,0.094308,0,emergency_ramp
296,8,0.444189,0.380144,0.086437,0.145686,0,emergency_ramp
296,9,0.379303,0.312917,0.063294,0.089162,0,emergency_ramp
297,0,0.119682,0.170688,0.052006,0.067798,0,startup_surge
297,1,0.131825,0.242397,0.049906,0.055413,0,startup_surge
297,2,0.158589,0.195318,0.04029,0.098175,0,startup_surge
297,3,0.163411,0.30777,0.079979,0.061725,0,startup_surge
297,4,0.183464,0.322232,0.090647,0.090462,0,startup_surge
297,5,0.180747,0.322453,0.064161,0.083047,0,startup_surge
297,6,0.192971,0.306185,0.058509,0.10542,0,startup_surge
297,7,0.191538,0.371679,0.105173,0.099741,0,startup_surge
297,8,0.225199,0.37732,0.13172,0.114357,0,startup_surge
297,9,0.199278,0.336192,0.147092,0.142853,0,startup_surge
298,0,0.015397,0.084914,0.006315,0.029046,0,lunch_restart
298,1,0.017786,0.064283,0.005473,0.017786,0,lunch_restart
298,2,0.018214,0.056612,0.002723,0.025463,0,lunch_restart
298,3,0.022681,0.089039,0.004078,0.010621,0,lunch_restart
298,4,0.016007,0.078811,0.003511,0.026481,0,lunch_restart
298,5,0.015456,0.098172,0.002022,0.024468,0,lunch_restart
298,6,0.017212,0.070325,0.002902,0.027932,0,lunch_restart
298,7,0.02373,0.067451,0.005528,0.022749,0,lunch_restart
298,8,0.010003,0.064538,0.002003,0.028827,0,lunch_restart
298,9,0.024939,0.074094,0.00593,0.017797,0,lunch_restart
299,0,0.037365,0.135917,0.017942,0.047813,0,lunch_restart
299,1,0.054291,0.122799,0.030245,0.053718,0,lunch_restart
299,2,0.051394,0.164372,0.009354,0.05083,0,lunch_restart
299,3,0.056707,0.183357,0.039015,0.057484,0,lunch_restart
299,4,0.064126,0.191043,0.019751,0.075328,0,lunch_restart
299,5,0.066663,0.169013,0.031004,0.055643,0,lunch_restart
299,6,0.0848,0.200984,0.045143,0.078062,0,lunch_restart
299,7,0.088865,0.191011,0.033186,0.055724,0,lunch_restart
299,8,0.093214,0.20694,0.03675,0.075862,0,lunch_restart
299,9,0.111506,0.231237,0.055899,0.08075,0,lunch_restart
300,0,0.028023,0.056432,0.006371,0.015427,0,lunch_restart
300,1,0.027739,0.071372,0.003929,0.019885,0,lunch_restart
300,2,0.027478,0.064297,0.002534,0.012225,0,lunch_restart
300,3,0.029497,0.099481,0.001345,0.012665,0,lunch_restart
300,4,0.017965,0.080554,0.002712,0.019592,0,lunch_restart
300,5,0.023162,0.099625,0.001119,0.026879,0,lunch_restart
300,6,0.010839,0.084766,0.00532,0.012888,0,lunch_restart
300,7,0.027325,0.092381,0.004814,0.022879,0,lunch_restart
300,8,0.012903,0.0556,0.004976,0.016661,0,lunch_restart
300,9,0.023638,0.084572,0.004564,0.011118,0,lunch_restart
301,0,0.496511,0.384682,0.047902,0.121061,1,emergency_ramp
301,1,0.337401,0.334409,0.062273,0.070775,1,emergency_ramp
301,2,0.499833,0.395253,0.1209,0.166372,1,emergency_ramp
301,3,0.451085,0.473183,0.181808,0.161061,1,emergency_ramp
301,4,0.55699,0.43374,0.12368,0.194462,1,emergency_ramp
301,5,0.542595,0.467371,0.113455,0.205646,1,emergency_ramp
301,6,0.53259,0.480805,0.218006,0.212924,1,emergency_ramp
301,7,0.599406,0.491707,0.204877,0.22534,1,emergency_ramp
301,8,0.516635,0.495314,0.207022,0.218412,1,emergency_ramp
301,9,0.582672,0.522827,0.254945,0.237233,1,emergency_ramp
302,0,0.399332,0.339048,0.070861,0.077202,1,emergency_ramp
302,1,0.311978,0.317565,0.044543,0.155668,1,emergency_ramp
302,2,0.467141,0.386911,0.091715,0.146548,1,emergency_ramp
302,3,0.345446,0.302441,0.073061,0.158585,1,emergency_ramp
302,4,0.475751,0.343575,0.067659,0.136619,1,emergency_ramp
302,5,0.483288,0.372414,0.071173,0.145699,1,emergency_ramp
302,6,0.314553,0.369554,0.038859,0.11946,1,emergency_ramp
302,7,0.481931,0.414086,0.144829,0.179449,1,emergency_ramp
302,8,0.442375,0.47728,0.107688,0.137471,1,emergency_ramp
302,9,0.548602,0.441869,0.185272,0.18484,1,emergency_ramp
303,0,0.660302,0.756599,0.50794,0.46235,3,imbalanced_ap_load
303,1,0.662804,0.836061,0.564521,0.448524,3,imbalanced_ap_load
303,2,0.683741,0.784249,0.606442,0.486589,3,imbalanced_ap_load
303,3,0.68161,0.808503,0.577653,0.469405,3,imbalanced_ap_load
303,4,0.666773,0.822792,0.567119,0.478605,3,imbalanced_ap_load
303,5,0.680014,0.819584,0.612466,0.508991,3,imbalanced_ap_load
303,6,0.725751,0.864047,0.586192,0.525572,3,imbalanced_ap_load
303,7,0.718674,0.895738,0.614834,0.528233,3,imbalanced_ap_load
303,8,0.713307,0.847978,0.597934,0.519695,3,imbalanced_ap_load
303,9,0.734576,0.874828,0.656037,0.53146,3,imbalanced_ap_load
304,0,0.79048,0.889934,0.755739,0.683816,3,emergency_ramp
304,1,0.780678,0.872357,0.723478,0.689319,3,emergency_ramp
304,2,0.845423,0.892354,0.774184,0.671486,3,emergency_ramp
304,3,0.854679,0.889038,0.723879,0.753523,3,emergency_ramp
304,4,0.842935,0.875816,0.786948,0.731943,3,emergency_ramp
304,5,0.844457,0.866732,0.770987,0.742259,3,emergency_ramp
304,6,0.87785,0.897184,0.775876,0.761708,3,emergency_ramp
304,7,0.885091,0.917645,0.781577,0.7535,3,emergency_ramp
304,8,0.851195,0.945145,0.860068,0.760491,3,emergency_ramp
304,9,0.862925,0.912478,0.826233,0.746116,3,emergency_ramp
305,0,0.621998,0.747398,0.460202,0.441789,2,imbalanced_ap_load
305,1,0.635604,0.754779,0.481495,0.458447,2,imbalanced_ap_load
305,2,0.674347,0.747773,0.484942,0.428032,2,imbalanced_ap_load
305,3,0.661405,0.774354,0.492882,0.424815,2,imbalanced_ap_load
305,4,0.638291,0.771569,0.512524,0.464615,2,imbalanced_ap_load
305,5,0.623758,0.74658,0.547511,0.431221,2,imbalanced_ap_load
305,6,0.675107,0.823829,0.556471,0.533638,2,imbalanced_ap_load
305,7,0.668907,0.815534,0.55928,0.456829,2,imbalanced_ap_load
305,8,0.682056,0.786888,0.593506,0.499348,2,imbalanced_ap_load
305,9,0.682072,0.837359,0.585524,0.496142,2,imbalanced_ap_load
306,0,0.326602,0.43034,0.067839,0.118204,1,imbalanced_ap_load
306,1,0.296028,0.424733,0.10772,0.132396,1,imbalanced_ap_load
306,2,0.318053,0.435001,0.130065,0.146294,1,imbalanced_ap_load
306,3,0.366045,0.45314,0.110191,0.143682,1,imbalanced_ap_load
306,4,0.357663,0.455538,0.114654,0.14657,1,imbalanced_ap_load
306,5,0.370442,0.495389,0.128642,0.186475,1,imbalanced_ap_load
306,6,0.403799,0.468403,0.138067,0.195543,1,imbalanced_ap_load
306,7,0.395734,0.467923,0.180592,0.195037,1,imbalanced_ap_load
306,8,0.38864,0.512722,0.161655,0.187699,1,imbalanced_ap_load
306,9,0.378942,0.553951,0.15698,0.204034,1,imbalanced_ap_load
307,0,0.075746,0.114219,0.01567,0.046802,0,startup_surge
307,1,0.087687,0.199844,0.029285,0.020769,0,startup_surge
307,2,0.081584,0.160843,0.010094,0.058913,0,startup_surge
307,3,0.075535,0.193842,0.010137,0.030119,0,startup_surge
307,4,0.075101,0.19635,0.004141,0.023022,0,startup_surge
307,5,0.096976,0.190426,0.016068,0.037728,0,startup_surge
307,6,0.064818,0.126643,0.025545,0.041386,0,startup_surge
307,7,0.059516,0.150661,0.021573,0.038707,0,startup_surge
307,8,0.065696,0.123352,0.002961,0.050717,0,startup_surge
307,9,0.089376,0.143043,0.010009,0.024675,0,startup_surge
308,0,0.525319,0.750745,0.440893,0.261842,2,startup_surge
308,1,0.53499,0.778473,0.332948,0.382647,2,startup_surge
308,2,0.631052,0.76974,0.267562,0.237697,2,startup_surge
308,3,0.481438,0.763527,0.472865,0.398842,2,startup_surge
308,4,0.580432,0.721717,0.285763,0.226314,2,startup_surge
308,5,0.59761,0.685846,0.431897,0.311735,2,startup_surge
308,6,0.580414,0.67604,0.429554,0.252006,2,startup_surge
308,7,0.586088,0.668562,0.227205,0.378057,2,startup_surge
308,8,0.55849,0.700927,0.333662,0.286158,2,startup_surge
308,9,0.696529,0.664812,0.239527,0.23794,2,startup_surge
309,0,0.67217,0.768307,0.234777,0.204993,2,startup_surge
309,1,0.68121,0.760982,0.317102,0.374531,2,startup_surge
309,2,0.507618,0.713462,0.489431,0.210143,2,startup_surge
309,3,0.639683,0.760079,0.363754,0.211797,2,startup_surge
309,4,0.658941,0.723434,0.293667,0.369696,2,startup_surge
309,5,0.544378,0.736581,0.323398,0.236562,2,startup_surge
309,6,0.667899,0.740947,0.370632,0.314593,2,startup_surge
309,7,0.697163,0.707962,0.385825,0.281994,2,startup_surge
309,8,0.691949,0.718326,0.280371,0.385539,2,startup_surge
309,9,0.635477,0.743111,0.259188,0.352058,2,startup_surge
310,0,0.024278,0.079114,0.00222,0.017483,0,lunch_restart
310,1,0.020547,0.090345,0.006638,0.014696,0,lunch_restart
310,2,0.014693,0.077567,0.001484,0.012597,0,lunch_restart
310,3,0.021349,0.072496,0.001187,0.012913,0,lunch_restart
310,4,0.014471,0.095336,0.0,0.038004,0,lunch_restart
310,5,0.049725,0.102402,0.016306,0.008086,0,lunch_restart
310,6,0.036113,0.117307,0.028065,0.040885,0,lunch_restart
310,7,0.03351,0.145854,0.0,0.020723,0,lunch_restart
310,8,0.046133,0.137669,0.020484,0.038007,0,lunch_restart
310,9,0.05183,0.147256,0.022665,0.054436,0,lunch_restart
311,0,0.027671,0.060796,0.001128,0.026841,0,lunch_restart
311,1,0.016026,0.076565,0.001412,0.016604,0,lunch_restart
311,2,0.025404,0.088963,0.0006,0.023721,0,lunch_restart
311,3,0.016737,0.062285,0.000801,0.027128,0,lunch_restart
311,4,0.02423,0.084222,0.0,0.029603,0,lunch_restart
311,5,0.038432,0.106659,0.000362,0.037954,0,lunch_restart
311,6,0.035671,0.099396,0.020603,0.034015,0,lunch_restart
311,7,0.054811,0.139102,0.029384,0.036492,0,lunch_restart
311,8,0.043431,0.121528,0.031876,0.045041,0,lunch_restart
311,9,0.050281,0.186261,0.008394,0.028438,0,lunch_restart
312,0,0.028919,0.089184,0.002608,0.01827,0,lunch_restart
312,1,0.022519,0.094528,0.013404,0.045949,0,lunch_restart
312,2,0.042025,0.124023,0.021169,0.035891,0,lunch_restart
312,3,0.054269,0.110714,0.005674,0.033612,0,lunch_restart
312,4,0.034122,0.136258,0.020875,0.035255,0,lunch_restart
312,5,0.062369,0.139276,0.003183,0.047285,0,lunch_restart
312,6,0.063403,0.137496,0.021008,0.052564,0,lunch_restart
312,7,0.063563,0.172579,0.032897,0.049166,0,lunch_restart
312,8,0.082325,0.172806,0.017197,0.050775,0,lunch_restart
312,9,0.07065,0.170615,0.038833,0.061763,0,lunch_restart
313,0,0.374446,0.341011,0.071135,0.137827,0,emergency_ramp
313,1,0.446535,0.338599,0.064264,0.121397,0,emergency_ramp
313,2,0.363815,0.334968,0.040619,0.087613,0,emergency_ramp
313,3,0.397526,0.384834,0.036917,0.100479,0,emergency_ramp
313,4,0.320474,0.362041,0.060247,0.147652,0,emergency_ramp
313,5,0.357101,0.331404,0.061085,0.108087,0,emergency_ramp
313,6,0.401643,0.363297,0.058657,0.089318,0,emergency_ramp
313,7,0.314687,0.348607,0.095947,0.15965,0,emergency_ramp
313,8,0.446789,0.351823,0.047049,0.090182,0,emergency_ramp
313,9,0.382577,0.382334,0.081038,0.064216,0,emergency_ramp
314,0,0.101302,0.23716,0.047686,0.057121,0,startup_surge
314,1,0.125825,0.214395,0.065387,0.052942,0,startup_surge
314,2,0.135811,0.290764,0.06298,0.064581,0,startup_surge
314,3,0.13946,0.22777,0.088439,0.081552,0,startup_surge
314,4,0.187642,0.253969,0.073401,0.076951,0,startup_surge
314,5,0.167525,0.338478,0.104222,0.090978,0,startup_surge
314,6,0.210654,0.267359,0.059913,0.108875,0,startup_surge
314,7,0.199407,0.332145,0.065638,0.100041,0,startup_surge
314,8,0.211117,0.384004,0.113904,0.099308,0,startup_surge
314,9,0.232586,0.274197,0.138542,0.108327,0,startup_surge
315,0,0.014216,0.054767,0.006105,0.026325,0,lunch_restart
315,1,0.019457,0.086844,0.001413,0.010149,0,lunch_restart
315,2,0.02157,0.056655,0.003245,0.02783,0,lunch_restart
315,3,0.020796,0.07329,0.005727,0.020625,0,lunch_restart
315,4,0.019593,0.051074,0.000905,0.022273,0,lunch_restart
315,5,0.022126,0.095671,0.003855,0.019522,0,lunch_restart
315,6,0.025788,0.088625,0.002715,0.014871,0,lunch_restart
315,7,0.018283,0.057901,0.003928,0.017556,0,lunch_restart
315,8,0.011491,0.081931,0.001016,0.020046,0,lunch_restart
315,9,0.015514,0.073876,0.003859,0.018541,0,lunch_restart
316,0,0.426675,0.584085,0.225277,0.258334,2,imbalanced_ap_load
316,1,0.464807,0.595567,0.218217,0.25693,2,imbalanced_ap_load
316,2,0.471166,0.598203,0.250041,0.250646,2,imbalanced_ap_load
316,3,0.439991,0.632061,0.201266,0.262078,2,imbalanced_ap_load
316,4,0.500367,0.653406,0.231317,0.278826,2,imbalanced_ap_load
316,5,0.502795,0.67061,0.283376,0.283524,2,imbalanced_ap_load
316,6,0.504843,0.698189,0.275987,0.333667,2,imbalanced_ap_load
316,7,0.524768,0.68363,0.294458,0.278369,2,imbalanced_ap_load
316,8,0.501584,0.719545,0.30427,0.332191,2,imbalanced_ap_load
316,9,0.541232,0.70365,0.320029,0.315607,2,imbalanced_ap_load
317,0,0.013567,0.070877,0.003686,0.016162,0,lunch_restart
317,1,0.023875,0.052663,0.002969,0.029103,0,lunch_restart
317,2,0.022631,0.073907,0.00501,0.017469,0,lunch_restart
317,3,0.029903,0.051921,0.002446,0.017578,0,lunch_restart
317,4,0.021379,0.08623,0.005353,0.022701,0,lunch_restart
317,5,0.026146,0.075905,2.9e-05,0.022683,0,lunch_restart
317,6,0.017025,0.0999,0.001641,0.012092,0,lunch_restart
317,7,0.011444,0.099314,0.003536,0.013832,0,lunch_restart
317,8,0.01809,0.089226,0.005575,0.01,0,lunch_restart
317,9,0.02345,0.064635,0.004959,0.011979,0,lunch_restart
318,0,0.363688,0.583587,0.253213,0.314544,2,lunch_restart
318,1,0.36422,0.577706,0.272743,0.309063,2,lunch_restart
318,2,0.366662,0.595083,0.286534,0.317279,2,lunch_restart
318,3,0.364056,0.569047,0.299669,0.318688,2,lunch_restart
318,4,0.429631,0.634803,0.345042,0.359046,2,lunch_restart
318,5,0.42302,0.63012,0.351445,0.322819,2,lunch_restart
318,6,0.454614,0.634364,0.349019,0.327017,2,lunch_restart
318,7,0.4426,0.681965,0.42144,0.365751,2,lunch_restart
318,8,0.45691,0.665984,0.394443,0.359125,2,lunch_restart
318,9,0.463394,0.657831,0.437671,0.39323,2,lunch_restart
319,0,0.416487,0.377028,0.082056,0.078137,1,emergency_ramp
319,1,0.335456,0.371931,0.039592,0.135316,1,emergency_ramp
319,2,0.513151,0.452954,0.040194,0.149375,1,emergency_ramp
319,3,0.533077,0.410268,0.075636,0.204808,1,emergency_ramp
319,4,0.571025,0.418879,0.10202,0.167557,1,emergency_ramp
319,5,0.546177,0.448935,0.169117,0.215444,1,emergency_ramp
319,6,0.538563,0.494426,0.139689,0.25081,1,emergency_ramp
319,7,0.569272,0.524093,0.189818,0.2119,1,emergency_ramp
319,8,0.579057,0.512964,0.18788,0.215983,1,emergency_ramp
319,9,0.617225,0.492282,0.211024,0.233698,1,emergency_ramp
320,0,0.217576,0.341185,0.084837,0.106193,1,startup_surge
320,1,0.242726,0.36414,0.116922,0.104614,1,startup_surge
320,2,0.249941,0.329195,0.12972,0.108719,1,startup_surge
320,3,0.261082,0.389054,0.135364,0.130672,1,startup_surge
320,4,0.280838,0.376329,0.190514,0.175595,1,startup_surge
320,5,0.283116,0.416761,0.151704,0.155402,1,startup_surge
320,6,0.248814,0.449953,0.161477,0.127313,1,startup_surge
320,7,0.326177,0.43819,0.194205,0.170121,1,startup_surge
320,8,0.297966,0.486098,0.176598,0.149818,1,startup_surge
320,9,0.331515,0.497637,0.204237,0.169478,1,startup_surge
321,0,0.085757,0.127574,0.007426,0.044581,0,startup_surge
321,1,0.051123,0.165934,0.006652,0.048671,0,startup_surge
321,2,0.053419,0.163933,0.021832,0.032238,0,startup_surge
321,3,0.089701,0.152251,0.00038,0.055714,0,startup_surge
321,4,0.068822,0.196584,0.032303,0.03828,0,startup_surge
321,5,0.083422,0.147228,0.01318,0.026579,0,startup_surge
321,6,0.086959,0.178372,0.00996,0.054176,0,startup_surge
321,7,0.071109,0.16581,0.030666,0.057717,0,startup_surge
321,8,0.057169,0.151818,0.016222,0.023981,0,startup_surge
321,9,0.069335,0.10421,0.020478,0.050067,0,startup_surge
322,0,0.420234,0.36542,0.044978,0.12622,1,emergency_ramp
322,1,0.424773,0.361746,0.055704,0.112516,1,emergency_ramp
322,2,0.309435,0.327953,0.044804,0.106392,1,emergency_ramp
322,3,0.375688,0.388473,0.064301,0.13096,1,emergency_ramp
322,4,0.42257,0.358384,0.061258,0.121049,1,emergency_ramp
322,5,0.431336,0.35452,0.066083,0.108998,1,emergency_ramp
322,6,0.465655,0.306289,0.095199,0.072666,1,emergency_ramp
322,7,0.447824,0.419082,0.063549,0.114907,1,emergency_ramp
322,8,0.506346,0.420778,0.091036,0.190644,1,emergency_ramp
322,9,0.490355,0.465271,0.096612,0.183444,1,emergency_ramp
323,0,0.016201,0.067579,0.004905,0.014429,0,lunch_restart
323,1,0.021007,0.086062,0.003458,0.027533,0,lunch_restart
323,2,0.015246,0.090224,0.000795,0.029562,0,lunch_restart
323,3,0.019754,0.070732,0.005358,0.022514,0,lunch_restart
323,4,0.028645,0.068128,0.004761,0.024744,0,lunch_restart
323,5,0.019695,0.057623,0.002241,0.019661,0,lunch_restart
323,6,0.020027,0.083845,0.001546,0.011497,0,lunch_restart
323,7,0.019857,0.072243,0.004387,0.029199,0,lunch_restart
323,8,0.027131,0.056645,0.000562,0.028905,0,lunch_restart
323,9,0.023635,0.078073,0.005248,0.016456,0,lunch_restart
324,0,0.108985,0.202042,0.060607,0.08177,0,lunch_restart
324,1,0.116006,0.22985,0.059109,0.092906,0,lunch_restart
324,2,0.115809,0.231681,0.060914,0.113523,0,lunch_restart
324,3,0.127273,0.247181,0.080122,0.089531,0,lunch_restart
324,4,0.118579,0.259346,0.091276,0.093483,0,lunch_restart
324,5,0.13341,0.232861,0.121024,0.108675,0,lunch_restart
324,6,0.157071,0.305406,0.094599,0.145513,0,lunch_restart
324,7,0.15802,0.316941,0.140427,0.122912,0,lunch_restart
324,8,0.171719,0.36366,0.104606,0.132448,0,lunch_restart
324,9,0.211852,0.355992,0.115637,0.122681,0,lunch_restart
325,0,0.449247,0.38471,0.094276,0.15291,1,emergency_ramp
325,1,0.489649,0.357464,0.076276,0.157219,1,emergency_ramp
325,2,0.367905,0.345908,0.073131,0.114701,1,emergency_ramp
325,3,0.40699,0.343958,0.053357,0.120989,1,emergency_ramp
325,4,0.512323,0.423735,0.119721,0.207874,1,emergency_ramp
325,5,0.47842,0.400779,0.151076,0.195894,1,emergency_ramp
325,6,0.538524,0.43094,0.118989,0.198789,1,emergency_ramp
325,7,0.501011,0.471194,0.177022,0.205376,1,emergency_ramp
325,8,0.538516,0.469402,0.202132,0.19923,1,emergency_ramp
325,9,0.561193,0.502289,0.231297,0.177902,1,emergency_ramp
326,0,0.206125,0.369312,0.099811,0.150235,1,lunch_restart
326,1,0.202931,0.362255,0.122089,0.169159,1,lunch_restart
326,2,0.219766,0.383049,0.155654,0.184522,1,lunch_restart
326,3,0.241189,0.399572,0.17116,0.167773,1,lunch_restart
326,4,0.210096,0.45118,0.168453,0.190284,1,lunch_restart
326,5,0.279044,0.443299,0.197657,0.202946,1,lunch_restart
326,6,0.261952,0.463347,0.199166,0.234754,1,lunch_restart
326,7,0.290171,0.470599,0.241419,0.196299,1,lunch_restart
326,8,0.304114,0.506316,0.22814,0.215422,1,lunch_restart
326,9,0.329968,0.541692,0.257064,0.284871,1,lunch_restart
327,0,0.358018,0.455705,0.096717,0.132021,1,imbalanced_ap_load
327,1,0.368921,0.446048,0.106241,0.149822,1,imbalanced_ap_load
327,2,0.372794,0.461366,0.152949,0.192562,1,imbalanced_ap_load
327,3,0.373591,0.515583,0.132779,0.170566,1,imbalanced_ap_load
327,4,0.391226,0.496027,0.143756,0.162216,1,imbalanced_ap_load
327,5,0.376064,0.488514,0.167292,0.204175,1,imbalanced_ap_load
327,6,0.401396,0.544443,0.135432,0.19087,1,imbalanced_ap_load
327,7,0.411876,0.530636,0.172807,0.211909,1,imbalanced_ap_load
327,8,0.396373,0.563595,0.162421,0.206625,1,imbalanced_ap_load
327,9,0.432382,0.580817,0.184567,0.245756,1,imbalanced_ap_load
328,0,0.785728,0.86763,0.676269,0.583554,3,emergency_ramp
328,1,0.761355,0.864261,0.715618,0.5871,3,emergency_ramp
328,2,0.808079,0.868971,0.685166,0.61628,3,emergency_ramp
328,3,0.75657,0.838131,0.701186,0.714444,3,emergency_ramp
328,4,0.78427,0.888388,0.730943,0.67987,3,emergency_ramp
328,5,0.803986,0.905843,0.71764,0.665775,3,emergency_ramp
328,6,0.829922,0.907304,0.712726,0.73254,3,emergency_ramp
328,7,0.846522,0.910399,0.692501,0.704091,3,emergency_ramp
328,8,0.812749,0.894802,0.736697,0.644823,3,emergency_ramp
328,9,0.859318,0.903258,0.800775,0.790697,3,emergency_ramp
329,0,0.520086,0.670113,0.266573,0.281235,2,imbalanced_ap_load
329,1,0.483555,0.654609,0.264956,0.318361,2,imbalanced_ap_load
329,2,0.502227,0.642838,0.306531,0.280674,2,imbalanced_ap_load
329,3,0.541093,0.69934,0.282002,0.320541,2,imbalanced_ap_load
329,4,0.488749,0.674618,0.268159,0.31074,2,imbalanced_ap_load
329,5,0.49572,0.715737,0.334055,0.330141,2,imbalanced_ap_load
329,6,0.520081,0.732748,0.33937,0.336429,2,imbalanced_ap_load
329,7,0.558241,0.680319,0.363918,0.324681,2,imbalanced_ap_load
329,8,0.523823,0.728678,0.331615,0.346543,2,imbalanced_ap_load
329,9,0.572747,0.749852,0.427755,0.365478,2,imbalanced_ap_load
330,0,0.295996,0.443764,0.163883,0.147569,2,startup_surge
330,1,0.319149,0.419889,0.162338,0.137073,2,startup_surge
330,2,0.325396,0.443073,0.179501,0.161116,2,startup_surge
330,3,0.321791,0.448603,0.183346,0.199078,2,startup_surge
330,4,0.328133,0.499893,0.182003,0.162919,2,startup_surge
330,5,0.378862,0.526534,0.245542,0.21168,2,startup_surge
330,6,0.363549,0.491305,0.204012,0.186111,2,startup_surge
330,7,0.358412,0.552178,0.232543,0.238053,2,startup_surge
330,8,0.506781,0.756195,0.415434,0.327132,2,startup_surge
330,9,0.470904,0.779914,0.3338,0.286775,2,startup_surge
331,0,0.318655,0.557302,0.329096,0.329222,1,lunch_restart
331,1,0.387747,0.569854,0.346464,0.233441,1,lunch_restart
331,2,0.352591,0.602983,0.293247,0.302353,1,lunch_restart
331,3,0.395667,0.598688,0.340742,0.294186,1,lunch_restart
331,4,0.375854,0.609719,0.352699,0.361119,1,lunch_restart
331,5,0.401871,0.636382,0.350098,0.338867,1,lunch_restart
331,6,0.397056,0.688521,0.390026,0.405542,1,lunch_restart
331,7,0.423636,0.670828,0.390286,0.355601,1,lunch_restart
331,8,0.44177,0.692646,0.374152,0.347003,1,lunch_restart
331,9,0.434382,0.628907,0.397965,0.334743,1,lunch_restart
332,0,0.093368,0.192854,0.013394,0.042649,0,startup_surge
332,1,0.084987,0.19679,0.011405,0.045425,0,startup_surge
332,2,0.058603,0.186206,0.015585,0.028419,0,startup_surge
332,3,0.062981,0.180985,0.023725,0.039848,0,startup_surge
332,4,0.057804,0.123672,0.011035,0.029407,0,startup_surge
332,5,0.062812,0.118015,0.019338,0.040445,0,startup_surge
332,6,0.105624,0.20348,0.030944,0.076727,0,startup_surge
332,7,0.139033,0.164524,0.059131,0.067289,0,startup_surge
332,8,0.106148,0.261404,0.091308,0.071131,0,startup_surge
332,9,0.139945,0.238258,0.032705,0.027156,0,startup_surge
333,0,0.454514,0.302263,0.090059,0.115013,0,emergency_ramp
333,1,0.407983,0.387582,0.056208,0.086961,0,emergency_ramp
333,2,0.407212,0.308677,0.060415,0.129541,0,emergency_ramp
333,3,0.443778,0.31124,0.055991,0.062826,0,emergency_ramp
333,4,0.43953,0.378387,0.094099,0.106902,0,emergency_ramp
333,5,0.434012,0.359715,0.042053,0.065226,0,emergency_ramp
333,6,0.376427,0.339247,0.071618,0.093051,0,emergency_ramp
333,7,0.465709,0.358412,0.043207,0.061558,0,emergency_ramp
333,8,0.347241,0.384149,0.09524,0.10691,0,emergency_ramp
333,9,0.331146,0.308944,0.086529,0.136702,0,emergency_ramp
334,0,0.380516,0.380321,0.06536,0.124332,0,emergency_ramp
334,1,0.380184,0.346927,0.060693,0.136806,0,emergency_ramp
334,2,0.470133,0.356376,0.059119,0.110024,0,emergency_ramp
334,3,0.377551,0.33957,0.055229,0.081809,0,emergency_ramp
334,4,0.397339,0.318545,0.034343,0.099677,0,emergency_ramp
334,5,0.499279,0.361331,0.074439,0.133078,0,emergency_ramp
334,6,0.370863,0.360222,0.064899,0.087109,0,emergency_ramp
334,7,0.464518,0.349259,0.058219,0.123203,0,emergency_ramp
334,8,0.35544,0.3733,0.047428,0.074829,0,emergency_ramp
334,9,0.305015,0.340665,0.092759,0.153029,0,emergency_ramp
335,0,0.024168,0.067815,0.003614,0.021988,0,lunch_restart
335,1,0.012825,0.068947,9.1e-05,0.028579,0,lunch_restart
335,2,0.015523,0.09725,0.006396,0.02665,0,lunch_restart
335,3,0.023118,0.053135,0.003837,0.022958,0,lunch_restart
335,4,0.019581,0.055953,0.003928,0.02431,0,lunch_restart
335,5,0.025402,0.089483,0.00141,0.012684,0,lunch_restart
335,6,0.027942,0.07747,0.0051,0.010193,0,lunch_restart
335,7,0.026467,0.056427,0.004915,0.018683,0,lunch_restart
335,8,0.013684,0.051723,0.000634,0.01179,0,lunch_restart
335,9,0.011829,0.061212,0.003967,0.017155,0,lunch_restart
336,0,0.293601,0.391736,0.04219,0.09961,1,imbalanced_ap_load
336,1,0.293263,0.394697,0.05229,0.112729,1,imbalanced_ap_load
336,2,0.337114,0.443802,0.093907,0.126716,1,imbalanced_ap_load
336,3,0.332988,0.435176,0.097301,0.132376,1,imbalanced_ap_load
336,4,0.351012,0.46529,0.090212,0.160196,1,imbalanced_ap_load
336,5,0.338297,0.490818,0.091213,0.135298,1,imbalanced_ap_load
336,6,0.338388,0.479886,0.114789,0.166218,1,imbalanced_ap_load
336,7,0.346858,0.488224,0.146679,0.165265,1,imbalanced_ap_load
336,8,0.375561,0.556636,0.122912,0.187303,1,imbalanced_ap_load
336,9,0.407679,0.508351,0.134569,0.177087,1,imbalanced_ap_load
337,0,0.522339,0.458188,0.141401,0.1809,1,emergency_ramp
337,1,0.559858,0.448526,0.179016,0.17898,1,emergency_ramp
337,2,0.567516,0.473659,0.119658,0.242774,1,emergency_ramp
337,3,0.6317,0.479266,0.187705,0.208575,1,emergency_ramp
337,4,0.589145,0.550541,0.209046,0.232772,1,emergency_ramp
337,5,0.620798,0.484722,0.2471,0.242207,1,emergency_ramp
337,6,0.613558,0.541792,0.215761,0.268354,1,emergency_ramp
337,7,0.604316,0.545808,0.286343,0.299671,1,emergency_ramp
337,8,0.658477,0.544406,0.273068,0.318627,1,emergency_ramp
337,9,0.620276,0.581896,0.214739,0.313716,1,emergency_ramp
338,0,0.042729,0.1328,0.005583,0.034383,0,lunch_restart
338,1,0.04888,0.127891,0.00601,0.053446,0,lunch_restart
338,2,0.058745,0.129669,0.005004,0.039323,0,lunch_restart
338,3,0.060382,0.132254,0.030358,0.052426,0,lunch_restart
338,4,0.050922,0.143606,0.021031,0.048166,0,lunch_restart
338,5,0.084631,0.161266,0.038131,0.058314,0,lunch_restart
338,6,0.088749,0.136816,0.054764,0.061814,0,lunch_restart
338,7,0.085021,0.201781,0.037351,0.066221,0,lunch_restart
338,8,0.100771,0.201748,0.049138,0.06088,0,lunch_restart
338,9,0.100955,0.212152,0.059326,0.071878,0,lunch_restart
339,0,0.029424,0.079329,0.001239,0.023039,0,lunch_restart
339,1,0.029707,0.069312,0.000999,0.022308,0,lunch_restart
339,2,0.015738,0.066165,0.002287,0.013507,0,lunch_restart
339,3,0.014884,0.069072,0.000751,0.028892,0,lunch_restart
339,4,0.015132,0.088158,0.00226,0.029837,0,lunch_restart
339,5,0.020117,0.061607,0.004702,0.013123,0,lunch_restart
339,6,0.019634,0.075484,0.001596,0.014977,0,lunch_restart
339,7,0.018969,0.0997,0.005191,0.021406,0,lunch_restart
339,8,0.011592,0.052496,0.006153,0.028381,0,lunch_restart
339,9,0.015167,0.082882,0.000254,0.02162,0,lunch_restart
340,0,0.473341,0.364164,0.077821,0.139598,0,emergency_ramp
340,1,0.354119,0.356975,0.053701,0.143271,0,emergency_ramp
340,2,0.493417,0.300887,0.054473,0.139648,0,emergency_ramp
340,3,0.332523,0.341829,0.073653,0.065874,0,emergency_ramp
340,4,0.342406,0.388032,0.057543,0.126553,0,emergency_ramp
340,5,0.440035,0.360323,0.084862,0.14968,0,emergency_ramp
340,6,0.473386,0.373382,0.046203,0.153612,0,emergency_ramp
340,7,0.33709,0.346219,0.046048,0.136708,0,emergency_ramp
340,8,0.365036,0.332536,0.048847,0.091013,0,emergency_ramp
340,9,0.315461,0.328879,0.091591,0.145845,0,emergency_ramp
341,0,0.907705,0.951976,0.821952,0.838847,3,emergency_ramp
341,1,0.91203,0.92878,0.843121,0.856744,3,emergency_ramp
341,2,0.986403,0.959754,0.93961,0.892421,3,emergency_ramp
341,3,0.948295,0.955812,0.963468,0.874188,3,emergency_ramp
341,4,0.90675,0.980326,0.94506,0.907656,3,emergency_ramp
341,5,0.951325,0.948132,0.967915,0.863972,3,emergency_ramp
341,6,0.930551,0.966877,0.975644,1.0,3,emergency_ramp
341,7,0.969777,0.965604,0.962949,0.91968,3,emergency_ramp
341,8,0.932517,0.973239,0.966088,0.952971,3,emergency_ramp
341,9,0.947478,0.958848,0.985312,0.981279,3,emergency_ramp
342,0,0.087909,0.131239,0.012452,0.046491,0,startup_surge
342,1,0.05291,0.102867,0.027922,0.045745,0,startup_surge
342,2,0.098876,0.15932,0.023602,0.055821,0,startup_surge
342,3,0.086017,0.191045,0.02423,0.041309,0,startup_surge
342,4,0.062634,0.14908,0.006566,0.034439,0,startup_surge
342,5,0.098003,0.129371,0.010126,0.027528,0,startup_surge
342,6,0.074769,0.130813,0.012074,0.025358,0,startup_surge
342,7,0.077163,0.126092,0.010155,0.034877,0,startup_surge
342,8,0.062396,0.143855,0.006719,0.021123,0,startup_surge
342,9,0.099813,0.10538,0.022462,0.045539,0,startup_surge
343,0,0.147486,0.250981,0.093535,0.083205,0,startup_surge
343,1,0.191999,0.269659,0.064132,0.074327,0,startup_surge
343,2,0.196727,0.336028,0.044365,0.114512,0,startup_surge
343,3,0.20577,0.326566,0.120125,0.070789,0,startup_surge
343,4,0.208495,0.356836,0.091033,0.102915,0,startup_surge
343,5,0.212079,0.360188,0.143751,0.107791,0,startup_surge
343,6,0.204311,0.362688,0.117025,0.116892,0,startup_surge
343,7,0.217182,0.418994,0.1681,0.159321,0,startup_surge
343,8,0.231634,0.344258,0.153164,0.133568,0,startup_surge
343,9,0.296578,0.388793,0.136453,0.164398,0,startup_surge
344,0,0.117766,0.225723,0.057831,0.092643,0,lunch_restart
344,1,0.11632,0.233387,0.069333,0.086903,0,lunch_restart
344,2,0.123092,0.272475,0.10695,0.093325,0,lunch_restart
344,3,0.107293,0.266189,0.100765,0.113982,0,lunch_restart
344,4,0.114385,0.241039,0.054434,0.088124,0,lunch_restart
344,5,0.126288,0.288759,0.052716,0.113913,0,lunch_restart
344,6,0.146024,0.282454,0.097262,0.119499,0,lunch_restart
344,7,0.14635,0.306032,0.09937,0.125615,0,lunch_restart
344,8,0.215383,0.347856,0.149164,0.110256,0,lunch_restart
344,9,0.188573,0.379502,0.147376,0.138093,0,lunch_restart
345,0,0.217479,0.372084,0.158801,0.155718,1,lunch_restart
345,1,0.229754,0.368042,0.178364,0.127618,1,lunch_restart
345,2,0.209157,0.423457,0.205212,0.17336,1,lunch_restart
345,3,0.252618,0.451121,0.192382,0.166728,1,lunch_restart
345,4,0.280481,0.425407,0.193186,0.183314,1,lunch_restart
345,5,0.242188,0.458686,0.225567,0.226062,1,lunch_restart
345,6,0.27488,0.46981,0.200183,0.192976,1,lunch_restart
345,7,0.299321,0.518565,0.25976,0.234717,1,lunch_restart
345,8,0.307058,0.543045,0.247365,0.231884,1,lunch_restart
345,9,0.343506,0.522771,0.250328,0.238799,1,lunch_restart
346,0,0.247608,0.427707,0.180564,0.175379,1,lunch_restart
346,1,0.274206,0.418862,0.18045,0.168649,1,lunch_restart
346,2,0.256312,0.479751,0.194192,0.207899,1,lunch_restart
346,3,0.259642,0.481939,0.184897,0.223293,1,lunch_restart
346,4,0.307478,0.489997,0.214404,0.195878,1,lunch_restart
346,5,0.300802,0.501586,0.207315,0.230711,1,lunch_restart
346,6,0.283423,0.537159,0.243041,0.238328,1,lunch_restart
346,7,0.314157,0.537339,0.246761,0.269268,1,lunch_restart
346,8,0.323484,0.506569,0.2767,0.244006,1,lunch_restart
346,9,0.314804,0.497378,0.309931,0.223566,1,lunch_restart
347,0,0.085008,0.19909,0.033322,0.079807,0,lunch_restart
347,1,0.099181,0.17162,0.059339,0.067568,0,lunch_restart
347,2,0.097073,0.185843,0.052636,0.076232,0,lunch_restart
347,3,0.064378,0.217198,0.066653,0.083628,0,lunch_restart
347,4,0.112818,0.223016,0.055477,0.06792,0,lunch_restart
347,5,0.118727,0.224882,0.064723,0.071671,0,lunch_restart
347,6,0.111694,0.269756,0.06614,0.073477,0,lunch_restart
347,7,0.129884,0.251588,0.060426,0.088919,0,lunch_restart
347,8,0.114,0.258486,0.071839,0.087094,0,lunch_restart
347,9,0.106511,0.261522,0.050065,0.117124,0,lunch_restart
348,0,0.220996,0.340973,0.143555,0.136803,1,startup_surge
348,1,0.267511,0.340118,0.179615,0.127361,1,startup_surge
348,2,0.26618,0.413673,0.139961,0.114528,1,startup_surge
348,3,0.263205,0.425093,0.158202,0.141931,1,startup_surge
348,4,0.282392,0.423446,0.15116,0.130906,1,startup_surge
348,5,0.312842,0.448149,0.162056,0.169799,1,startup_surge
348,6,0.308274,0.476734,0.166817,0.155612,1,startup_surge
348,7,0.301055,0.481256,0.171833,0.174811,1,startup_surge
348,8,0.304692,0.495748,0.204656,0.158438,1,startup_surge
348,9,0.333932,0.476263,0.215004,0.17217,1,startup_surge
349,0,0.331659,0.561775,0.214423,0.268831,1,lunch_restart
349,1,0.294708,0.537825,0.250424,0.246567,1,lunch_restart
349,2,0.352586,0.583065,0.315824,0.279195,1,lunch_restart
349,3,0.369512,0.590546,0.296606,0.313169,1,lunch_restart
349,4,0.373462,0.567451,0.276598,0.316837,1,lunch_restart
349,5,0.371923,0.577434,0.323932,0.31305,1,lunch_restart
349,6,0.399194,0.58972,0.324174,0.280672,1,lunch_restart
349,7,0.402892,0.627811,0.432459,0.291288,1,lunch_restart
349,8,0.39549,0.603685,0.360235,0.346482,1,lunch_restart
349,9,0.45964,0.641345,0.354762,0.311919,1,lunch_restart
350,0,0.401872,0.305676,0.054766,0.095688,0,emergency_ramp
350,1,0.480725,0.328385,0.076376,0.133225,0,emergency_ramp
350,2,0.426591,0.389614,0.078186,0.124643,0,emergency_ramp
350,3,0.386738,0.383749,0.095826,0.063224,0,emergency_ramp
350,4,0.439418,0.351476,0.056813,0.083207,0,emergency_ramp
350,5,0.344578,0.374792,0.067312,0.123005,0,emergency_ramp
350,6,0.302458,0.335992,0.074955,0.069204,0,emergency_ramp
350,7,0.423722,0.380191,0.080585,0.105735,0,emergency_ramp
350,8,0.472225,0.318911,0.036004,0.12776,0,emergency_ramp
350,9,0.439915,0.336285,0.093356,0.093981,0,emergency_ramp
351,0,0.231634,0.344258,0.153164,0.133568,1,startup_surge
351,1,0.296578,0.388793,0.136453,0.164398,1,startup_surge
351,2,0.275558,0.416867,0.131101,0.153708,1,startup_surge
351,3,0.278447,0.444838,0.16626,0.165449,1,startup_surge
351,4,0.311415,0.449755,0.182647,0.158153,1,startup_surge
351,5,0.308761,0.480189,0.17275,0.182582,1,startup_surge
351,6,0.331627,0.53021,0.164074,0.164566,1,startup_surge
351,7,0.36152,0.469817,0.201143,0.17373,1,startup_surge
351,8,0.358421,0.565276,0.256916,0.178464,1,startup_surge
351,9,0.371264,0.52825,0.231251,0.175091,1,startup_surge
352,0,0.172837,0.292081,0.115031,0.106477,0,startup_surge
352,1,0.161972,0.333186,0.102938,0.095477,0,startup_surge
352,2,0.215163,0.321364,0.103986,0.09181,0,startup_surge
352,3,0.195608,0.315811,0.16972,0.104181,0,startup_surge
352,4,0.206046,0.35546,0.076318,0.133444,0,startup_surge
352,5,0.247518,0.292756,0.10927,0.134032,0,startup_surge
352,6,0.224737,0.430502,0.120047,0.124654,0,startup_surge
352,7,0.254678,0.39084,0.161509,0.11254,0,startup_surge
352,8,0.248728,0.46336,0.120276,0.119897,0,startup_surge
352,9,0.319911,0.386963,0.175431,0.158772,0,startup_surge
353,0,0.494712,0.703392,0.275149,0.292309,2,imbalanced_ap_load
353,1,0.461689,0.670425,0.307435,0.314745,2,imbalanced_ap_load
353,2,0.517824,0.697773,0.324802,0.29951,2,imbalanced_ap_load
353,3,0.525568,0.66634,0.288696,0.334669,2,imbalanced_ap_load
353,4,0.522972,0.700213,0.346113,0.295967,2,imbalanced_ap_load
353,5,0.571537,0.700794,0.375983,0.346986,2,imbalanced_ap_load
353,6,0.548305,0.741989,0.346899,0.366684,2,imbalanced_ap_load
353,7,0.554429,0.708171,0.400261,0.339382,2,imbalanced_ap_load
353,8,0.57074,0.698303,0.404769,0.411058,2,imbalanced_ap_load
353,9,0.555403,0.727343,0.421593,0.334893,2,imbalanced_ap_load
354,0,0.020045,0.087519,0.004501,0.019027,0,lunch_restart
354,1,0.013965,0.073381,0.001648,0.028188,0,lunch_restart
354,2,0.019163,0.07355,0.004441,0.02408,0,lunch_restart
354,3,0.023023,0.078155,0.0,0.048104,0,lunch_restart
354,4,0.037349,0.09107,0.018491,0.029867,0,lunch_restart
354,5,0.035761,0.136434,0.002926,0.049283,0,lunch_restart
354,6,0.042729,0.1328,0.005583,0.034383,0,lunch_restart
354,7,0.04888,0.127891,0.00601,0.053446,0,lunch_restart
354,8,0.058745,0.129669,0.005004,0.039323,0,lunch_restart
354,9,0.060382,0.132254,0.030358,0.052426,0,lunch_restart
355,0,0.177672,0.328182,0.114113,0.117847,1,startup_surge
355,1,0.211478,0.245835,0.097291,0.112601,1,startup_surge
355,2,0.244905,0.402611,0.105274,0.123049,1,startup_surge
355,3,0.229531,0.387463,0.140644,0.131222,1,startup_surge
355,4,0.208918,0.376861,0.08979,0.129156,1,startup_surge
355,5,0.27825,0.428268,0.116349,0.137332,1,startup_surge
355,6,0.22588,0.379524,0.15017,0.163837,1,startup_surge
355,7,0.279579,0.46437,0.160257,0.133847,1,startup_surge
355,8,0.315533,0.452014,0.198873,0.188796,1,startup_surge
355,9,0.327788,0.46777,0.143445,0.174004,1,startup_surge
356,0,0.095713,0.186822,0.017946,0.038772,0,startup_surge
356,1,0.089652,0.147566,0.000111,0.033255,0,startup_surge
356,2,0.061306,0.171828,0.000138,0.027078,0,startup_surge
356,3,0.07814,0.14521,0.007793,0.025024,0,startup_surge
356,4,0.108368,0.16694,0.012356,0.085876,0,startup_surge
356,5,0.133893,0.234805,0.01969,0.089477,0,startup_surge
356,6,0.133317,0.279481,0.070241,0.068252,0,startup_surge
356,7,0.128839,0.31156,0.090258,0.038678,0,startup_surge
356,8,0.156667,0.229864,0.069682,0.082577,0,startup_surge
356,9,0.129052,0.250352,0.044639,0.11252,0,startup_surge
357,0,0.33835,0.501759,0.204045,0.199759,2,startup_surge
357,1,0.359846,0.543681,0.205697,0.188559,2,startup_surge
357,2,0.36094,0.598267,0.245487,0.157505,2,startup_surge
357,3,0.384435,0.512594,0.21739,0.224491,2,startup_surge
357,4,0.550024,0.673894,0.424208,0.205414,2,startup_surge
357,5,0.458931,0.768425,0.481679,0.304292,2,startup_surge
357,6,0.680284,0.775939,0.243125,0.233775,2,startup_surge
357,7,0.481749,0.724275,0.265368,0.212917,2,startup_surge
357,8,0.563967,0.745336,0.413713,0.285623,2,startup_surge
357,9,0.579491,0.683227,0.241101,0.309754,2,startup_surge
358,0,0.354624,0.389091,0.095287,0.074544,0,emergency_ramp
358,1,0.36319,0.351485,0.046051,0.092158,0,emergency_ramp
358,2,0.365206,0.307327,0.056995,0.131131,0,emergency_ramp
358,3,0.399017,0.328009,0.041389,0.092616,0,emergency_ramp
358,4,0.37092,0.347817,0.052208,0.08517,0,emergency_ramp
358,5,0.443844,0.346166,0.066942,0.15914,0,emergency_ramp
358,6,0.479898,0.319836,0.059219,0.108413,0,emergency_ramp
358,7,0.454558,0.361676,0.075249,0.094822,0,emergency_ramp
358,8,0.410127,0.320997,0.057731,0.095684,0,emergency_ramp
358,9,0.436417,0.388467,0.0713,0.121822,0,emergency_ramp
359,0,0.053752,0.162492,0.007947,0.049816,0,lunch_restart
359,1,0.074835,0.148569,0.040538,0.067272,0,lunch_restart
359,2,0.082095,0.175639,0.041159,0.058873,0,lunch_restart
359,3,0.058055,0.16999,0.058692,0.06139,0,lunch_restart
359,4,0.077793,0.210304,0.046922,0.076279,0,lunch_restart
359,5,0.083804,0.203339,0.0367,0.065448,0,lunch_restart
359,6,0.091808,0.216273,0.054163,0.072101,0,lunch_restart
359,7,0.115887,0.184116,0.065397,0.076949,0,lunch_restart
359,8,0.095982,0.23413,0.05143,0.078737,0,lunch_restart
359,9,0.125036,0.22969,0.068132,0.094543,0,lunch_restart
360,0,0.474597,0.65877,0.277784,0.287977,2,imbalanced_ap_load
360,1,0.507268,0.647215,0.285854,0.270568,2,imbalanced_ap_load
360,2,0.486947,0.688457,0.286486,0.308504,2,imbalanced_ap_load
360,3,0.497745,0.691189,0.281997,0.321519,2,imbalanced_ap_load
360,4,0.541335,0.713639,0.266353,0.319934,2,imbalanced_ap_load
360,5,0.53141,0.730014,0.321829,0.343906,2,imbalanced_ap_load
360,6,0.560798,0.737686,0.336963,0.351009,2,imbalanced_ap_load
360,7,0.546332,0.745969,0.39498,0.327501,2,imbalanced_ap_load
360,8,0.56198,0.708858,0.359124,0.390633,2,imbalanced_ap_load
360,9,0.574013,0.701761,0.406741,0.366216,2,imbalanced_ap_load
361,0,0.025664,0.068832,0.004547,0.024194,0,lunch_restart
361,1,0.01477,0.068835,0.004363,0.010913,0,lunch_restart
361,2,0.02134,0.08511,0.006191,0.013198,0,lunch_restart
361,3,0.015696,0.083536,0.005801,0.024601,0,lunch_restart
361,4,0.029548,0.070184,0.005646,0.028291,0,lunch_restart
361,5,0.015977,0.096504,0.000908,0.016073,0,lunch_restart
361,6,0.027281,0.066413,0.001107,0.01788,0,lunch_restart
361,7,0.024006,0.085919,0.006547,0.027488,0,lunch_restart
361,8,0.029312,0.089684,0.003844,0.015324,0,lunch_restart
361,9,0.024389,0.060913,0.003663,0.028522,0,lunch_restart
362,0,0.607092,0.779934,0.449286,0.374727,2,imbalanced_ap_load
362,1,0.617246,0.768791,0.492653,0.394995,2,imbalanced_ap_load
362,2,0.596514,0.77963,0.45416,0.45249,2,imbalanced_ap_load
362,3,0.610362,0.760426,0.450061,0.391184,2,imbalanced_ap_load
362,4,0.62279,0.762771,0.538853,0.451358,2,imbalanced_ap_load
362,5,0.669399,0.782259,0.492388,0.474067,2,imbalanced_ap_load
362,6,0.652411,0.764257,0.54469,0.440752,2,imbalanced_ap_load
362,7,0.623432,0.803848,0.505754,0.487129,2,imbalanced_ap_load
362,8,0.650739,0.819145,0.560821,0.492593,2,imbalanced_ap_load
362,9,0.694486,0.79336,0.566316,0.462242,2,imbalanced_ap_load
363,0,0.491548,0.736933,0.476,0.225872,2,startup_surge
363,1,0.539566,0.776632,0.23424,0.181945,2,startup_surge
363,2,0.582434,0.766659,0.446085,0.360788,2,startup_surge
363,3,0.626249,0.685083,0.334681,0.20064,2,startup_surge
363,4,0.693804,0.725493,0.282416,0.272342,2,startup_surge
363,5,0.679649,0.678941,0.363157,0.267078,2,startup_surge
363,6,0.580111,0.667201,0.362116,0.211458,2,startup_surge
363,7,0.528105,0.704173,0.240014,0.18774,2,startup_surge
363,8,0.584238,0.698376,0.2291,0.198632,2,startup_surge
363,9,0.541667,0.728456,0.388063,0.274053,2,startup_surge
364,0,0.495338,0.330969,0.053637,0.060872,0,emergency_ramp
364,1,0.407355,0.342675,0.087646,0.146913,0,emergency_ramp
364,2,0.445929,0.376323,0.085747,0.065559,0,emergency_ramp
364,3,0.454595,0.381936,0.062367,0.099166,0,emergency_ramp
364,4,0.370463,0.313216,0.09291,0.140018,0,emergency_ramp
364,5,0.459781,0.316338,0.058684,0.100762,0,emergency_ramp
364,6,0.492297,0.331215,0.090955,0.142235,0,emergency_ramp
364,7,0.448352,0.369327,0.035438,0.07003,0,emergency_ramp
364,8,0.442347,0.378748,0.056482,0.111154,0,emergency_ramp
364,9,0.386447,0.352222,0.090338,0.118247,0,emergency_ramp
365,0,0.205842,0.35771,0.14064,0.151793,1,lunch_restart
365,1,0.215034,0.399812,0.117294,0.172696,1,lunch_restart
365,2,0.227668,0.379807,0.166279,0.186633,1,lunch_restart
365,3,0.243484,0.416155,0.181024,0.159217,1,lunch_restart
365,4,0.243887,0.457172,0.179765,0.192331,1,lunch_restart
365,5,0.276508,0.40866,0.162436,0.218373,1,lunch_restart
365,6,0.26685,0.469716,0.178089,0.197093,1,lunch_restart
365,7,0.250145,0.490493,0.27046,0.211233,1,lunch_restart
365,8,0.315358,0.504181,0.2438,0.249223,1,lunch_restart
365,9,0.313718,0.480627,0.23756,0.264446,1,lunch_restart
366,0,0.028228,0.07265,3e-05,0.018025,0,lunch_restart
366,1,0.010684,0.080266,0.004643,0.021032,0,lunch_restart
366,2,0.022554,0.099342,0.006209,0.01609,0,lunch_restart
366,3,0.014363,0.063034,0.004144,0.028829,0,lunch_restart
366,4,0.019483,0.061598,0.000641,0.021827,0,lunch_restart
366,5,0.01848,0.058844,0.006598,0.029224,0,lunch_restart
366,6,0.0178,0.084472,0.006504,0.017,0,lunch_restart
366,7,0.013807,0.072455,0.003122,0.010046,0,lunch_restart
366,8,0.026053,0.06943,0.000719,0.025625,0,lunch_restart
366,9,0.01759,0.060205,0.004805,0.026548,0,lunch_restart
367,0,0.642356,0.80326,0.565643,0.444092,2,imbalanced_ap_load
367,1,0.650547,0.775425,0.584163,0.499199,2,imbalanced_ap_load
367,2,0.649375,0.794653,0.518015,0.453886,2,imbalanced_ap_load
367,3,0.651156,0.802073,0.581394,0.490905,2,imbalanced_ap_load
367,4,0.686818,0.818429,0.543269,0.594646,2,imbalanced_ap_load
367,5,0.702608,0.821797,0.634705,0.515174,2,imbalanced_ap_load
367,6,0.701239,0.818636,0.563976,0.493422,2,imbalanced_ap_load
367,7,0.729507,0.853748,0.566203,0.569392,2,imbalanced_ap_load
367,8,0.741254,0.835184,0.599712,0.512852,2,imbalanced_ap_load
367,9,0.728988,0.833735,0.667381,0.544452,2,imbalanced_ap_load
368,0,0.463502,0.685192,0.286844,0.235879,2,startup_surge
368,1,0.558606,0.689858,0.288165,0.279561,2,startup_surge
368,2,0.50516,0.676431,0.319724,0.224708,2,startup_surge
368,3,0.539224,0.672113,0.2429,0.329015,2,startup_surge
368,4,0.515256,0.73335,0.39494,0.322017,2,startup_surge
368,5,0.645231,0.754856,0.210135,0.274479,2,startup_surge
368,6,0.513067,0.742223,0.467148,0.235351,2,startup_surge
368,7,0.675168,0.768419,0.427181,0.241355,2,startup_surge
368,8,0.626623,0.768782,0.303097,0.223425,2,startup_surge
368,9,0.523171,0.773514,0.348465,0.392628,2,startup_surge
369,0,0.388525,0.36646,0.088736,0.125344,1,emergency_ramp
369,1,0.488754,0.387772,0.091911,0.133954,1,emergency_ramp
369,2,0.481511,0.387202,0.076665,0.15547,1,emergency_ramp
369,3,0.48981,0.351989,0.067721,0.07473,1,emergency_ramp
369,4,0.469343,0.404517,0.093184,0.127487,1,emergency_ramp
369,5,0.511902,0.434303,0.085043,0.195228,1,emergency_ramp
369,6,0.528375,0.445141,0.11736,0.189306,1,emergency_ramp
369,7,0.563938,0.467272,0.165036,0.214086,1,emergency_ramp
369,8,0.576753,0.509052,0.178247,0.199884,1,emergency_ramp
369,9,0.600843,0.488207,0.157188,0.176978,1,emergency_ramp
370,0,0.358412,0.552178,0.232543,0.238053,2,startup_surge
370,1,0.506781,0.756195,0.415434,0.327132,2,startup_surge
370,2,0.470904,0.779914,0.3338,0.286775,2,startup_surge
370,3,0.475438,0.735099,0.494348,0.196305,2,startup_surge
370,4,0.689858,0.719647,0.413021,0.256576,2,startup_surge
370,5,0.647114,0.770116,0.327087,0.202432,2,startup_surge
370,6,0.51124,0.759715,0.488166,0.193841,2,startup_surge
370,7,0.582287,0.673213,0.468717,0.225827,2,startup_surge
370,8,0.628558,0.696327,0.42199,0.334127,2,startup_surge
370,9,0.538134,0.691277,0.430099,0.33312,2,startup_surge
371,0,0.096359,0.228987,0.013517,0.066642,0,startup_surge
371,1,0.106945,0.226959,0.034049,0.051367,0,startup_surge
371,2,0.133661,0.218216,0.029541,0.057012,0,startup_surge
371,3,0.135136,0.257466,0.084294,0.082381,0,startup_surge
371,4,0.149426,0.312555,0.072331,0.10946,0,startup_surge
371,5,0.171869,0.242863,0.107246,0.104449,0,startup_surge
371,6,0.203039,0.259602,0.082376,0.111773,0,startup_surge
371,7,0.224082,0.302906,0.09208,0.106357,0,startup_surge
371,8,0.213095,0.336157,0.161551,0.108741,0,startup_surge
371,9,0.227321,0.337285,0.077008,0.13511,0,startup_surge
372,0,0.532399,0.465561,0.170866,0.176436,1,emergency_ramp
372,1,0.575501,0.43454,0.156575,0.149571,1,emergency_ramp
372,2,0.558291,0.482567,0.15587,0.177568,1,emergency_ramp
372,3,0.510042,0.493575,0.192739,0.154008,1,emergency_ramp
372,4,0.582659,0.491674,0.130118,0.226381,1,emergency_ramp
372,5,0.598108,0.517546,0.207595,0.239479,1,emergency_ramp
372,6,0.676021,0.519549,0.28437,0.245813,1,emergency_ramp
372,7,0.5912,0.524566,0.24397,0.293893,1,emergency_ramp
372,8,0.635728,0.552928,0.257593,0.308764,1,emergency_ramp
372,9,0.709097,0.55192,0.287555,0.287911,1,emergency_ramp
373,0,0.305351,0.302069,0.034056,0.101132,1,emergency_ramp
373,1,0.315209,0.318198,0.068766,0.153492,1,emergency_ramp
373,2,0.494755,0.333274,0.077913,0.127108,1,emergency_ramp
373,3,0.449247,0.38471,0.094276,0.15291,1,emergency_ramp
373,4,0.489649,0.357464,0.076276,0.157219,1,emergency_ramp
373,5,0.367905,0.345908,0.073131,0.114701,1,emergency_ramp
373,6,0.40699,0.343958,0.053357,0.120989,1,emergency_ramp
373,7,0.512323,0.423735,0.119721,0.207874,1,emergency_ramp
373,8,0.47842,0.400779,0.151076,0.195894,1,emergency_ramp
373,9,0.538524,0.43094,0.118989,0.198789,1,emergency_ramp
374,0,0.289074,0.388459,0.063188,0.090581,1,imbalanced_ap_load
374,1,0.314698,0.376007,0.059699,0.113719,1,imbalanced_ap_load
374,2,0.33706,0.407329,0.060864,0.103439,1,imbalanced_ap_load
374,3,0.348425,0.434491,0.086811,0.114534,1,imbalanced_ap_load
374,4,0.305259,0.413536,0.087166,0.122817,1,imbalanced_ap_load
374,5,0.346393,0.490593,0.109426,0.133936,1,imbalanced_ap_load
374,6,0.367972,0.493237,0.101516,0.163128,1,imbalanced_ap_load
374,7,0.376501,0.499382,0.09653,0.156636,1,imbalanced_ap_load
374,8,0.380052,0.494448,0.161086,0.18796,1,imbalanced_ap_load
374,9,0.379248,0.479496,0.135071,0.170713,1,imbalanced_ap_load
375,0,0.069672,0.172231,0.024329,0.044641,0,lunch_restart
375,1,0.064613,0.154135,0.054657,0.064092,0,lunch_restart
375,2,0.079058,0.198636,0.039033,0.049872,0,lunch_restart
375,3,0.113976,0.193328,0.040935,0.058546,0,lunch_restart
375,4,0.101309,0.233649,0.020725,0.052166,0,lunch_restart
375,5,0.096176,0.230776,0.058893,0.074131,0,lunch_restart
375,6,0.098001,0.207619,0.057089,0.095508,0,lunch_restart
375,7,0.108985,0.202042,0.060607,0.08177,0,lunch_restart
375,8,0.116006,0.22985,0.059109,0.092906,0,lunch_restart
375,9,0.115809,0.231681,0.060914,0.113523,0,lunch_restart
376,0,0.0196,0.088012,0.005216,0.014346,0,lunch_restart
376,1,0.023645,0.089099,0.005688,0.025478,0,lunch_restart
376,2,0.016997,0.068233,0.004162,0.015885,0,lunch_restart
376,3,0.017194,0.065763,0.002632,0.0213,0,lunch_restart
376,4,0.014343,0.05099,0.005588,0.021141,0,lunch_restart
376,5,0.02819,0.088914,0.002422,0.022141,0,lunch_restart
376,6,0.011896,0.086768,0.002346,0.010759,0,lunch_restart
376,7,0.019787,0.057547,0.000832,0.01921,0,lunch_restart
376,8,0.012858,0.057844,0.005789,0.025465,0,lunch_restart
376,9,0.010603,0.088385,0.000924,0.024989,0,lunch_restart
377,0,0.625354,0.762998,0.391859,0.23554,2,startup_surge
377,1,0.677008,0.708239,0.410037,0.338026,2,startup_surge
377,2,0.45282,0.72554,0.29113,0.321209,2,startup_surge
377,3,0.491962,0.663045,0.250065,0.319988,2,startup_surge
377,4,0.626433,0.718971,0.334488,0.294237,2,startup_surge
377,5,0.592184,0.709112,0.42651,0.255259,2,startup_surge
377,6,0.529796,0.724147,0.466007,0.233634,2,startup_surge
377,7,0.612941,0.705033,0.444601,0.182482,2,startup_surge
377,8,0.666797,0.669053,0.232859,0.212544,2,startup_surge
377,9,0.514495,0.665275,0.266833,0.228374,2,startup_surge
378,0,0.07306,0.143632,0.02505,0.053142,0,startup_surge
378,1,0.071239,0.177462,0.003964,0.048421,0,startup_surge
378,2,0.052571,0.103484,0.002866,0.021063,0,startup_surge
378,3,0.083613,0.165226,0.005876,0.021978,0,startup_surge
378,4,0.067667,0.182313,0.005845,0.044062,0,startup_surge
378,5,0.089373,0.1168,0.027437,0.039448,0,startup_surge
378,6,0.091606,0.114686,0.013284,0.030407,0,startup_surge
378,7,0.091062,0.18608,0.033013,0.036746,0,startup_surge
378,8,0.070833,0.182312,0.004574,0.050316,0,startup_surge
378,9,0.066077,0.153894,0.021785,0.053064,0,startup_surge
379,0,0.083539,0.159522,0.017436,0.020908,0,startup_surge
379,1,0.085174,0.109466,0.0062,0.051773,0,startup_surge
379,2,0.074066,0.152212,0.019402,0.046299,0,startup_surge
379,3,0.064426,0.108849,0.03305,0.026802,0,startup_surge
379,4,0.065091,0.162724,0.032309,0.045428,0,startup_surge
379,5,0.059277,0.145637,0.02046,0.043979,0,startup_surge
379,6,0.068129,0.155308,0.029543,0.05152,0,startup_surge
379,7,0.058413,0.164895,0.027172,0.053499,0,startup_surge
379,8,0.082146,0.125035,0.031689,0.030137,0,startup_surge
379,9,0.094734,0.131952,0.029103,0.052579,0,startup_surge
380,0,0.80225,0.919221,0.748305,0.767599,3,emergency_ramp
380,1,0.88305,0.919432,0.828374,0.805891,3,emergency_ramp
380,2,0.852186,0.917655,0.850648,0.778847,3,emergency_ramp
380,3,0.903074,0.942177,0.79425,0.833279,3,emergency_ramp
380,4,0.891192,0.915575,0.841924,0.873626,3,emergency_ramp
380,5,0.932505,0.962068,0.891831,0.79678,3,emergency_ramp
380,6,0.88771,0.959992,0.905433,0.860098,3,emergency_ramp
380,7,0.918711,0.964786,0.931843,0.943495,3,emergency_ramp
380,8,0.953299,0.995292,0.901404,0.885481,3,emergency_ramp
380,9,0.964166,0.962568,0.888243,0.856603,3,emergency_ramp
381,0,0.025674,0.075456,0.005232,0.016733,0,lunch_restart
381,1,0.027885,0.081323,0.000353,0.029513,0,lunch_restart
381,2,0.021958,0.080464,0.002489,0.023064,0,lunch_restart
381,3,0.010376,0.064541,0.002517,0.021004,0,lunch_restart
381,4,0.020345,0.122018,0.0,0.028929,0,lunch_restart
381,5,0.028725,0.109616,0.021171,0.038628,0,lunch_restart
381,6,0.031526,0.112001,0.01916,0.028489,0,lunch_restart
381,7,0.045755,0.116895,0.007279,0.048,0,lunch_restart
381,8,0.070428,0.142388,0.014888,0.050568,0,lunch_restart
381,9,0.077096,0.129647,0.031412,0.062197,0,lunch_restart
382,0,0.520247,0.456997,0.154293,0.195055,1,emergency_ramp
382,1,0.535657,0.459593,0.152194,0.189038,1,emergency_ramp
382,2,0.586145,0.480825,0.119797,0.226676,1,emergency_ramp
382,3,0.532199,0.501053,0.197738,0.230702,1,emergency_ramp
382,4,0.617502,0.521867,0.235235,0.243653,1,emergency_ramp
382,5,0.652911,0.502461,0.191103,0.229201,1,emergency_ramp
382,6,0.569199,0.535053,0.169664,0.216102,1,emergency_ramp
382,7,0.632466,0.549759,0.207921,0.248027,1,emergency_ramp
382,8,0.660648,0.527039,0.308327,0.262144,1,emergency_ramp
382,9,0.685779,0.554927,0.273517,0.299023,1,emergency_ramp
383,0,0.55302,0.703201,0.327181,0.285745,2,imbalanced_ap_load
383,1,0.538424,0.700309,0.34391,0.341218,2,imbalanced_ap_load
383,2,0.571506,0.759837,0.32321,0.299769,2,imbalanced_ap_load
383,3,0.532008,0.696833,0.341171,0.361549,2,imbalanced_ap_load
383,4,0.559324,0.70986,0.356396,0.380518,2,imbalanced_ap_load
383,5,0.539065,0.725453,0.37473,0.334834,2,imbalanced_ap_load
383,6,0.566208,0.743301,0.40281,0.362388,2,imbalanced_ap_load
383,7,0.606223,0.777036,0.459682,0.408966,2,imbalanced_ap_load
383,8,0.588871,0.743167,0.412769,0.423005,2,imbalanced_ap_load
383,9,0.594573,0.761171,0.394945,0.364536,2,imbalanced_ap_load
384,0,0.0178,0.084472,0.006504,0.017,0,lunch_restart
384,1,0.013807,0.072455,0.003122,0.010046,0,lunch_restart
384,2,0.026053,0.06943,0.000719,0.025625,0,lunch_restart
384,3,0.01759,0.060205,0.004805,0.026548,0,lunch_restart
384,4,0.027744,0.094557,0.00641,0.011174,0,lunch_restart
384,5,0.017093,0.072159,0.005191,0.022507,0,lunch_restart
384,6,0.026794,0.080385,0.004161,0.02322,0,lunch_restart
384,7,0.020889,0.055626,0.004072,0.012915,0,lunch_restart
384,8,0.017713,0.055399,0.006519,0.02105,0,lunch_restart
384,9,0.024081,0.053368,0.000487,0.014864,0,lunch_restart
385,0,0.075374,0.12814,0.020651,0.021481,0,startup_surge
385,1,0.057749,0.181705,0.024389,0.029533,0,startup_surge
385,2,0.079319,0.101941,0.004498,0.032023,0,startup_surge
385,3,0.053101,0.132182,0.028421,0.056624,0,startup_surge
385,4,0.069152,0.190619,0.016313,0.043345,0,startup_surge
385,5,0.089626,0.118504,0.031178,0.048328,0,startup_surge
385,6,0.094502,0.128402,0.031851,0.047041,0,startup_surge
385,7,0.062262,0.182651,0.001024,0.035692,0,startup_surge
385,8,0.092975,0.112139,0.012816,0.020561,0,startup_surge
385,9,0.094588,0.105318,0.017541,0.024281,0,startup_surge
386,0,0.296761,0.389927,0.155119,0.150249,2,startup_surge
386,1,0.331325,0.525639,0.146327,0.152192,2,startup_surge
386,2,0.339306,0.508364,0.222725,0.193843,2,startup_surge
386,3,0.32193,0.538686,0.174049,0.166068,2,startup_surge
386,4,0.413693,0.514437,0.186791,0.147186,2,startup_surge
386,5,0.36838,0.489961,0.210889,0.187605,2,startup_surge
386,6,0.366073,0.510279,0.24092,0.236817,2,startup_surge
386,7,0.4692,0.677611,0.333443,0.194282,2,startup_surge
386,8,0.501316,0.676197,0.36431,0.242591,2,startup_surge
386,9,0.519972,0.700037,0.401495,0.334235,2,startup_surge
387,0,0.352332,0.38015,0.047781,0.152285,0,emergency_ramp
387,1,0.340171,0.302471,0.083192,0.14972,0,emergency_ramp
387,2,0.436147,0.34635,0.07524,0.096448,0,emergency_ramp
387,3,0.379959,0.341199,0.059823,0.134986,0,emergency_ramp
387,4,0.444519,0.303713,0.044867,0.153651,0,emergency_ramp
387,5,0.45606,0.381643,0.077654,0.066063,0,emergency_ramp
387,6,0.350096,0.389262,0.093988,0.104602,0,emergency_ramp
387,7,0.30495,0.363884,0.086761,0.097206,0,emergency_ramp
387,8,0.39996,0.324544,0.099008,0.14427,0,emergency_ramp
387,9,0.364865,0.305933,0.043402,0.117801,0,emergency_ramp
388,0,0.660861,0.596031,0.265484,0.298943,3,emergency_ramp
388,1,0.758613,0.637843,0.294923,0.339234,3,emergency_ramp
388,2,0.713757,0.637882,0.326816,0.308569,3,emergency_ramp
388,3,0.703471,0.634439,0.329641,0.323421,3,emergency_ramp
388,4,0.769091,0.832402,0.630565,0.63023,3,emergency_ramp
388,5,0.771132,0.862352,0.656823,0.630183,3,emergency_ramp
388,6,0.792484,0.840512,0.703308,0.659583,3,emergency_ramp
388,7,0.814661,0.857071,0.788306,0.630463,3,emergency_ramp
388,8,0.754292,0.917032,0.682969,0.589456,3,emergency_ramp
388,9,0.802353,0.861953,0.727482,0.683403,3,emergency_ramp
389,0,0.081378,0.125257,0.002027,0.042243,0,startup_surge
389,1,0.074222,0.169736,0.020778,0.02753,0,startup_surge
389,2,0.064988,0.162623,0.018947,0.020639,0,startup_surge
389,3,0.089355,0.161995,0.001993,0.04209,0,startup_surge
389,4,0.089572,0.185817,0.013996,0.043762,0,startup_surge
389,5,0.074559,0.125281,0.006415,0.023985,0,startup_surge
389,6,0.056221,0.147079,0.026604,0.041797,0,startup_surge
389,7,0.073268,0.116818,0.030443,0.037269,0,startup_surge
389,8,0.094803,0.121879,0.010489,0.037505,0,startup_surge
389,9,0.079204,0.137092,0.000977,0.05901,0,startup_surge
390,0,0.04519,0.124325,0.020451,0.043778,0,lunch_restart
390,1,0.060109,0.13868,0.023268,0.041384,0,lunch_restart
390,2,0.059787,0.149733,0.018152,0.052251,0,lunch_restart
390,3,0.040318,0.144284,0.03439,0.04673,0,lunch_restart
390,4,0.059838,0.155557,0.024631,0.051928,0,lunch_restart
390,5,0.065218,0.200508,0.042579,0.049348,0,lunch_restart
390,6,0.083482,0.201787,0.04598,0.060409,0,lunch_restart
390,7,0.063779,0.182569,0.050152,0.065355,0,lunch_restart
390,8,0.091033,0.185376,0.046229,0.059585,0,lunch_restart
390,9,0.09989,0.181985,0.040858,0.076642,0,lunch_restart
391,0,0.662132,0.672198,0.428409,0.182446,2,startup_surge
391,1,0.488284,0.670537,0.359644,0.366961,2,startup_surge
391,2,0.519205,0.719154,0.356118,0.389978,2,startup_surge
391,3,0.481069,0.693286,0.256793,0.330069,2,startup_surge
391,4,0.564752,0.758811,0.272342,0.269683,2,startup_surge
391,5,0.607299,0.718342,0.407812,0.299626,2,startup_surge
391,6,0.65678,0.762325,0.455571,0.36304,2,startup_surge
391,7,0.565334,0.672984,0.253164,0.374775,2,startup_surge
391,8,0.69268,0.776409,0.443704,0.202556,2,startup_surge
391,9,0.598964,0.752052,0.436429,0.370959,2,startup_surge
392,0,0.176868,0.277927,0.13262,0.104968,1,startup_surge
392,1,0.215715,0.345214,0.048111,0.09752,1,startup_surge
392,2,0.205726,0.348196,0.132196,0.119414,1,startup_surge
392,3,0.21556,0.34317,0.130405,0.135343,1,startup_surge
392,4,0.238629,0.371709,0.125874,0.122227,1,startup_surge
392,5,0.272439,0.399851,0.129399,0.132262,1,startup_surge
392,6,0.258957,0.39966,0.1847,0.142979,1,startup_surge
392,7,0.258626,0.417279,0.17423,0.154102,1,startup_surge
392,8,0.297216,0.365041,0.136098,0.153731,1,startup_surge
392,9,0.294246,0.427928,0.17306,0.161188,1,startup_surge
393,0,0.061268,0.153033,0.024836,0.034577,0,startup_surge
393,1,0.079185,0.168977,0.007257,0.055194,0,startup_surge
393,2,0.088283,0.117935,0.004573,0.057097,0,startup_surge
393,3,0.093614,0.160165,0.02471,0.052094,0,startup_surge
393,4,0.095827,0.191698,0.022461,0.031028,0,startup_surge
393,5,0.054249,0.118501,0.009137,0.055483,0,startup_surge
393,6,0.086303,0.165909,0.024876,0.021315,0,startup_surge
393,7,0.060205,0.104559,0.016833,0.036912,0,startup_surge
393,8,0.088956,0.153115,0.01162,0.035105,0,startup_surge
393,9,0.085034,0.174154,0.02623,0.04141,0,startup_surge
394,0,0.018146,0.090957,0.001851,0.023855,0,lunch_restart
394,1,0.025148,0.056325,0.003565,0.022648,0,lunch_restart
394,2,0.021353,0.070863,0.00574,0.013903,0,lunch_restart
394,3,0.012708,0.070587,0.00493,0.018924,0,lunch_restart
394,4,0.010659,0.099153,0.00202,0.011485,0,lunch_restart
394,5,0.028684,0.085259,0.000288,0.020408,0,lunch_restart
394,6,0.02733,0.088327,0.004049,0.014284,0,lunch_restart
394,7,0.029671,0.083496,0.003172,0.027783,0,lunch_restart
394,8,0.023484,0.063626,0.002293,0.026164,0,lunch_restart
394,9,0.022915,0.068056,0.004308,0.024629,0,lunch_restart
395,0,0.023029,0.092933,0.005002,0.020674,0,lunch_restart
395,1,0.029737,0.07318,0.001563,0.027145,0,lunch_restart
395,2,0.022179,0.078212,0.001643,0.011672,0,lunch_restart
395,3,0.020925,0.065354,0.004531,0.02494,0,lunch_restart
395,4,0.027335,0.077467,0.004064,0.015351,0,lunch_restart
395,5,0.022419,0.08579,0.003314,0.022822,0,lunch_restart
395,6,0.019163,0.075465,0.003644,0.022545,0,lunch_restart
395,7,0.024848,0.060542,0.00333,0.02475,0,lunch_restart
395,8,0.014485,0.050982,0.002715,0.010305,0,lunch_restart
395,9,0.023451,0.0609,0.005252,0.010028,0,lunch_restart
396,0,0.020068,0.076266,0.005651,0.013725,0,lunch_restart
396,1,0.012472,0.052381,0.003847,0.011221,0,lunch_restart
396,2,0.013228,0.059648,0.005676,0.024294,0,lunch_restart
396,3,0.020242,0.052804,0.000914,0.017301,0,lunch_restart
396,4,0.021381,0.058992,0.001879,0.022942,0,lunch_restart
396,5,0.014241,0.075421,0.00152,0.014435,0,lunch_restart
396,6,0.015425,0.092709,0.005909,0.025094,0,lunch_restart
396,7,0.015682,0.082662,0.00521,0.016888,0,lunch_restart
396,8,0.012836,0.080045,0.005561,0.011047,0,lunch_restart
396,9,0.029314,0.087398,0.003791,0.020205,0,lunch_restart
397,0,0.400509,0.355126,0.074231,0.078951,0,emergency_ramp
397,1,0.41491,0.332857,0.089691,0.093637,0,emergency_ramp
397,2,0.478255,0.331131,0.034106,0.087656,0,emergency_ramp
397,3,0.403158,0.36486,0.048234,0.111607,0,emergency_ramp
397,4,0.34727,0.334426,0.076757,0.086449,0,emergency_ramp
397,5,0.390085,0.336504,0.0584,0.061803,0,emergency_ramp
397,6,0.384557,0.326831,0.0465,0.086536,0,emergency_ramp
397,7,0.411373,0.371697,0.094342,0.073512,0,emergency_ramp
397,8,0.35296,0.374513,0.060238,0.063944,0,emergency_ramp
397,9,0.365989,0.314152,0.089612,0.107214,0,emergency_ramp
398,0,0.070615,0.187885,0.040778,0.074084,0,lunch_restart
398,1,0.076983,0.199162,0.034133,0.065413,0,lunch_restart
398,2,0.090611,0.213118,0.039313,0.06958,0,lunch_restart
398,3,0.092708,0.207275,0.054084,0.087163,0,lunch_restart
398,4,0.105973,0.223152,0.051128,0.087246,0,lunch_restart
398,5,0.11993,0.224079,0.060128,0.084151,0,lunch_restart
398,6,0.127499,0.255159,0.05061,0.086523,0,lunch_restart
398,7,0.123146,0.252398,0.064141,0.070235,0,lunch_restart
398,8,0.099316,0.279656,0.078085,0.070902,0,lunch_restart
398,9,0.131066,0.247911,0.079502,0.11268,0,lunch_restart
399,0,0.023481,0.051389,0.004124,0.016765,0,lunch_restart
399,1,0.024408,0.077533,0.003647,0.028905,0,lunch_restart
399,2,0.017314,0.057772,0.000372,0.01705,0,lunch_restart
399,3,0.02212,0.053426,0.003162,0.01584,0,lunch_restart
399,4,0.013121,0.073939,0.000342,0.026863,0,lunch_restart
399,5,0.010419,0.092182,0.001123,0.028704,0,lunch_restart
399,6,0.011997,0.074281,0.003171,0.029131,0,lunch_restart
399,7,0.012117,0.053983,0.002708,0.020664,0,lunch_restart
399,8,0.029695,0.065218,0.00032,0.02739,0,lunch_restart
399,9,0.01472,0.072305,0.000915,0.013674,0,lunch_restart
400,0,0.06997,0.182178,0.030828,0.058336,0,startup_surge
400,1,0.101352,0.184347,0.050428,0.025808,0,startup_surge
400,2,0.107322,0.238184,0.034133,0.069554,0,startup_surge
400,3,0.105512,0.214913,0.024395,0.073117,0,startup_surge
400,4,0.129751,0.211916,0.08896,0.081206,0,startup_surge
400,5,0.153538,0.254682,0.108987,0.068707,0,startup_surge
400,6,0.160845,0.267814,0.04618,0.094534,0,startup_surge
400,7,0.204851,0.319137,0.057399,0.095819,0,startup_surge
400,8,0.177763,0.262926,0.101638,0.125993,0,startup_surge
400,9,0.209836,0.354548,0.112826,0.120177,0,startup_surge
401,0,0.330419,0.58209,0.26821,0.238419,2,lunch_restart
401,1,0.321616,0.523236,0.338002,0.275884,2,lunch_restart
401,2,0.370988,0.615911,0.279787,0.307273,2,lunch_restart
401,3,0.376263,0.541679,0.37085,0.288043,2,lunch_restart
401,4,0.368453,0.600837,0.339463,0.344951,2,lunch_restart
401,5,0.420113,0.644191,0.321647,0.304819,2,lunch_restart
401,6,0.413632,0.627865,0.346852,0.337338,2,lunch_restart
401,7,0.412696,0.615413,0.355816,0.340672,2,lunch_restart
401,8,0.434698,0.633388,0.355484,0.369207,2,lunch_restart
401,9,0.478795,0.686328,0.404283,0.360418,2,lunch_restart
402,0,0.717597,0.849447,0.598325,0.462836,3,imbalanced_ap_load
402,1,0.669534,0.849009,0.572016,0.479047,3,imbalanced_ap_load
402,2,0.711601,0.852545,0.632182,0.548522,3,imbalanced_ap_load
402,3,0.753112,0.852112,0.674931,0.508664,3,imbalanced_ap_load
402,4,0.750562,0.866982,0.629261,0.509678,3,imbalanced_ap_load
402,5,0.76407,0.877784,0.649555,0.524944,3,imbalanced_ap_load
402,6,0.783665,0.86532,0.710511,0.601241,3,imbalanced_ap_load
402,7,0.774673,0.894444,0.674233,0.619626,3,imbalanced_ap_load
402,8,0.806448,0.88714,0.706539,0.649505,3,imbalanced_ap_load
402,9,0.798657,0.903882,0.718397,0.595602,3,imbalanced_ap_load
403,0,0.536381,0.464512,0.168384,0.248738,2,emergency_ramp
403,1,0.61455,0.563247,0.189765,0.225579,2,emergency_ramp
403,2,0.619365,0.534698,0.260224,0.284378,2,emergency_ramp
403,3,0.668044,0.548144,0.284954,0.250294,2,emergency_ramp
403,4,0.666302,0.522601,0.279472,0.285747,2,emergency_ramp
403,5,0.641088,0.586451,0.287658,0.263608,2,emergency_ramp
403,6,0.628655,0.60572,0.305465,0.300001,2,emergency_ramp
403,7,0.667672,0.598014,0.300111,0.300164,2,emergency_ramp
403,8,0.744008,0.633798,0.281668,0.328581,2,emergency_ramp
403,9,0.728242,0.65341,0.290739,0.35765,2,emergency_ramp
404,0,0.078982,0.195659,0.004731,0.033261,0,startup_surge
404,1,0.071174,0.105835,0.015048,0.037341,0,startup_surge
404,2,0.094474,0.188036,0.015537,0.046721,0,startup_surge
404,3,0.093368,0.192854,0.013394,0.042649,0,startup_surge
404,4,0.084987,0.19679,0.011405,0.045425,0,startup_surge
404,5,0.058603,0.186206,0.015585,0.028419,0,startup_surge
404,6,0.062981,0.180985,0.023725,0.039848,0,startup_surge
404,7,0.057804,0.123672,0.011035,0.029407,0,startup_surge
404,8,0.062812,0.118015,0.019338,0.040445,0,startup_surge
404,9,0.105624,0.20348,0.030944,0.076727,0,startup_surge
405,0,0.591192,0.734384,0.432724,0.398077,2,imbalanced_ap_load
405,1,0.629884,0.746223,0.436138,0.44818,2,imbalanced_ap_load
405,2,0.634381,0.740881,0.493949,0.381563,2,imbalanced_ap_load
405,3,0.608456,0.73819,0.507236,0.441711,2,imbalanced_ap_load
405,4,0.619887,0.798857,0.531329,0.448319,2,imbalanced_ap_load
405,5,0.658801,0.788722,0.523082,0.437681,2,imbalanced_ap_load
405,6,0.628191,0.789858,0.4827,0.453557,2,imbalanced_ap_load
405,7,0.689372,0.776921,0.545709,0.473285,2,imbalanced_ap_load
405,8,0.674833,0.799301,0.556898,0.465331,2,imbalanced_ap_load
405,9,0.671192,0.784073,0.603452,0.466297,2,imbalanced_ap_load
406,0,0.636452,0.747801,0.433815,0.342743,2,startup_surge
406,1,0.471637,0.763282,0.291375,0.194977,2,startup_surge
406,2,0.472862,0.75222,0.299198,0.295966,2,startup_surge
406,3,0.513771,0.661531,0.47232,0.328457,2,startup_surge
406,4,0.680641,0.675779,0.372611,0.231598,2,startup_surge
406,5,0.63748,0.672857,0.320105,0.196643,2,startup_surge
406,6,0.469163,0.663819,0.485167,0.31054,2,startup_surge
406,7,0.679728,0.745743,0.279587,0.31264,2,startup_surge
406,8,0.645844,0.692085,0.206443,0.248636,2,startup_surge
406,9,0.600911,0.746635,0.269263,0.262763,2,startup_surge
407,0,0.055111,0.128565,0.042401,0.04629,0,lunch_restart
407,1,0.050484,0.18762,0.0,0.057331,0,lunch_restart
407,2,0.05848,0.120237,0.023406,0.043528,0,lunch_restart
407,3,0.057952,0.163957,0.033109,0.045289,0,lunch_restart
407,4,0.069869,0.181439,0.031662,0.045119,0,lunch_restart
407,5,0.079794,0.181993,0.041249,0.052342,0,lunch_restart
407,6,0.079467,0.190545,0.040273,0.058737,0,lunch_restart
407,7,0.0851,0.181457,0.058338,0.047189,0,lunch_restart
407,8,0.095175,0.197253,0.044197,0.06674,0,lunch_restart
407,9,0.108835,0.223311,0.051393,0.065387,0,lunch_restart
408,0,0.015584,0.077014,0.000889,0.029177,0,lunch_restart
408,1,0.02639,0.087333,0.005875,0.024412,0,lunch_restart
408,2,0.011147,0.098972,0.001883,0.024043,0,lunch_restart
408,3,0.025593,0.086327,0.00174,0.028147,0,lunch_restart
408,4,0.017794,0.085733,0.001313,0.025332,0,lunch_restart
408,5,0.015691,0.055781,0.000716,0.010858,0,lunch_restart
408,6,0.020089,0.060587,0.001673,0.019161,0,lunch_restart
408,7,0.015314,0.089099,0.006651,0.017558,0,lunch_restart
408,8,0.026861,0.099137,0.000161,0.018507,0,lunch_restart
408,9,0.010896,0.071688,0.003287,0.015631,0,lunch_restart
409,0,0.197241,0.3434,0.139762,0.105722,1,startup_surge
409,1,0.209379,0.40138,0.135984,0.120538,1,startup_surge
409,2,0.232666,0.379901,0.116736,0.105268,1,startup_surge
409,3,0.262163,0.399191,0.109884,0.150841,1,startup_surge
409,4,0.253678,0.371629,0.141693,0.136761,1,startup_surge
409,5,0.253656,0.348838,0.138445,0.132841,1,startup_surge
409,6,0.261272,0.487598,0.143177,0.145337,1,startup_surge
409,7,0.29988,0.45826,0.192453,0.170105,1,startup_surge
409,8,0.300001,0.506811,0.21122,0.158861,1,startup_surge
409,9,0.330966,0.438463,0.188272,0.155393,1,startup_surge
410,0,0.103445,0.224782,0.049635,0.073316,0,lunch_restart
410,1,0.104968,0.237683,0.061465,0.09163,0,lunch_restart
410,2,0.126116,0.246618,0.070987,0.08876,0,lunch_restart
410,3,0.05142,0.25158,0.055922,0.090928,0,lunch_restart
410,4,0.11776,0.271763,0.065906,0.073536,0,lunch_restart
410,5,0.148146,0.279376,0.094936,0.116335,0,lunch_restart
410,6,0.176255,0.324477,0.109767,0.129032,0,lunch_restart
410,7,0.175379,0.332716,0.076345,0.104339,0,lunch_restart
410,8,0.200674,0.341692,0.110285,0.142608,0,lunch_restart
410,9,0.178026,0.353191,0.135467,0.146536,0,lunch_restart
411,0,0.011124,0.062778,0.005543,0.024327,0,lunch_restart
411,1,0.024772,0.056793,0.005868,0.017635,0,lunch_restart
411,2,0.014135,0.090561,0.004752,0.028319,0,lunch_restart
411,3,0.013073,0.060595,0.004355,0.026058,0,lunch_restart
411,4,0.029243,0.093311,0.005991,0.029693,0,lunch_restart
411,5,0.0136,0.05513,0.003586,0.01598,0,lunch_restart
411,6,0.023692,0.05455,0.006106,0.019499,0,lunch_restart
411,7,0.0263,0.059082,0.002768,0.023196,0,lunch_restart
411,8,0.016576,0.050592,0.003984,0.029495,0,lunch_restart
411,9,0.03163,0.090616,0.008333,0.016207,0,lunch_restart
412,0,0.088978,0.202048,0.036487,0.082028,0,lunch_restart
412,1,0.096429,0.209343,0.055081,0.072673,0,lunch_restart
412,2,0.096076,0.203013,0.065031,0.079464,0,lunch_restart
412,3,0.099464,0.220264,0.062341,0.084895,0,lunch_restart
412,4,0.104262,0.231846,0.085526,0.090089,0,lunch_restart
412,5,0.113819,0.23314,0.080965,0.076434,0,lunch_restart
412,6,0.092235,0.246977,0.064698,0.082305,0,lunch_restart
412,7,0.11638,0.26702,0.08333,0.09367,0,lunch_restart
412,8,0.127341,0.256425,0.111466,0.10184,0,lunch_restart
412,9,0.14547,0.283689,0.088919,0.137723,0,lunch_restart
413,0,0.050928,0.149568,0.011544,0.039442,0,lunch_restart
413,1,0.047091,0.14473,0.015981,0.057841,0,lunch_restart
413,2,0.046388,0.144168,0.026828,0.064559,0,lunch_restart
413,3,0.068292,0.168242,0.026227,0.039998,0,lunch_restart
413,4,0.047978,0.165211,0.035076,0.055157,0,lunch_restart
413,5,0.080675,0.181913,0.039408,0.066215,0,lunch_restart
413,6,0.073729,0.200835,0.045836,0.067618,0,lunch_restart
413,7,0.082972,0.189623,0.022883,0.061216,0,lunch_restart
413,8,0.082979,0.190693,0.034218,0.071372,0,lunch_restart
413,9,0.107838,0.196225,0.054568,0.056518,0,lunch_restart
414,0,0.059689,0.141388,0.001428,0.057765,0,startup_surge
414,1,0.059249,0.128696,0.021233,0.023757,0,startup_surge
414,2,0.072019,0.190433,0.005001,0.054559,0,startup_surge
414,3,0.050238,0.165529,0.017498,0.02222,0,startup_surge
414,4,0.084643,0.161395,0.00047,0.033564,0,startup_surge
414,5,0.064803,0.188673,0.025998,0.025413,0,startup_surge
414,6,0.070217,0.194288,0.066538,0.07282,0,startup_surge
414,7,0.083271,0.249784,0.098515,0.058683,0,startup_surge
414,8,0.136128,0.217474,0.00559,0.081505,0,startup_surge
414,9,0.110788,0.307733,0.049061,0.063631,0,startup_surge
415,0,0.010472,0.07124,0.001745,0.013417,0,lunch_restart
415,1,0.0225,0.096338,0.005974,0.018034,0,lunch_restart
415,2,0.022325,0.070293,0.0039,0.025841,0,lunch_restart
415,3,0.012467,0.066854,0.002463,0.017854,0,lunch_restart
415,4,0.025005,0.071135,0.005676,0.010626,0,lunch_restart
415,5,0.017497,0.062456,0.002949,0.011434,0,lunch_restart
415,6,0.022475,0.086627,0.001232,0.019211,0,lunch_restart
415,7,0.015369,0.083935,0.001017,0.010575,0,lunch_restart
415,8,0.030792,0.107745,0.01459,0.036624,0,lunch_restart
415,9,0.028691,0.112209,0.0,0.032729,0,lunch_restart
416,0,0.015922,0.05773,0.004333,0.013668,0,lunch_restart
416,1,0.015268,0.083852,0.00625,0.013999,0,lunch_restart
416,2,0.011604,0.056202,0.004211,0.024347,0,lunch_restart
416,3,0.016978,0.073971,0.002024,0.025003,0,lunch_restart
416,4,0.017961,0.069338,0.005367,0.028046,0,lunch_restart
416,5,0.028846,0.102597,0.0,0.025938,0,lunch_restart
416,6,0.025425,0.107429,0.015975,0.051186,0,lunch_restart
416,7,0.039929,0.113875,0.017393,0.02878,0,lunch_restart
416,8,0.045838,0.113861,0.023684,0.038489,0,lunch_restart
416,9,0.068069,0.130635,0.013701,0.038572,0,lunch_restart
417,0,0.017656,0.087303,0.006146,0.013071,0,lunch_restart
417,1,0.0296,0.094285,0.002214,0.014927,0,lunch_restart
417,2,0.027671,0.060796,0.001128,0.026841,0,lunch_restart
417,3,0.016026,0.076565,0.001412,0.016604,0,lunch_restart
417,4,0.025404,0.088963,0.0006,0.023721,0,lunch_restart
417,5,0.016737,0.062285,0.000801,0.027128,0,lunch_restart
417,6,0.02423,0.084222,0.0,0.029603,0,lunch_restart
417,7,0.038432,0.106659,0.000362,0.037954,0,lunch_restart
417,8,0.035671,0.099396,0.020603,0.034015,0,lunch_restart
417,9,0.054811,0.139102,0.029384,0.036492,0,lunch_restart
418,0,0.028709,0.095335,0.006004,0.027076,0,lunch_restart
418,1,0.020097,0.073832,0.002486,0.028282,0,lunch_restart
418,2,0.029011,0.084984,0.001929,0.028796,0,lunch_restart
418,3,0.020985,0.066086,0.000211,0.012156,0,lunch_restart
418,4,0.017578,0.097533,0.004676,0.027643,0,lunch_restart
418,5,0.026203,0.051745,0.001435,0.028907,0,lunch_restart
418,6,0.01217,0.08487,0.004263,0.023816,0,lunch_restart
418,7,0.014333,0.097519,0.002444,0.013677,0,lunch_restart
418,8,0.014265,0.089407,0.005251,0.018017,0,lunch_restart
418,9,0.022441,0.09138,0.005933,0.011802,0,lunch_restart
419,0,0.016157,0.092899,0.006156,0.011182,0,lunch_restart
419,1,0.026138,0.077576,0.005366,0.029403,0,lunch_restart
419,2,0.013932,0.076721,0.004174,0.015069,0,lunch_restart
419,3,0.01268,0.069322,0.003985,0.012224,0,lunch_restart
419,4,0.011334,0.088887,0.00262,0.027935,0,lunch_restart
419,5,0.026332,0.067959,0.003042,0.028629,0,lunch_restart
419,6,0.027204,0.062403,0.000941,0.020826,0,lunch_restart
419,7,0.028023,0.056432,0.006371,0.015427,0,lunch_restart
419,8,0.027739,0.071372,0.003929,0.019885,0,lunch_restart
419,9,0.027478,0.064297,0.002534,0.012225,0,lunch_restart
420,0,0.70432,0.805834,0.573362,0.501508,3,imbalanced_ap_load
420,1,0.676044,0.800335,0.552847,0.477426,3,imbalanced_ap_load
420,2,0.696063,0.80664,0.571223,0.50389,3,imbalanced_ap_load
420,3,0.691693,0.841744,0.603768,0.503067,3,imbalanced_ap_load
420,4,0.710695,0.818249,0.562305,0.530521,3,imbalanced_ap_load
420,5,0.734923,0.842778,0.628241,0.475306,3,imbalanced_ap_load
420,6,0.706703,0.879354,0.637096,0.557832,3,imbalanced_ap_load
420,7,0.7219,0.830249,0.638087,0.558038,3,imbalanced_ap_load
420,8,0.744628,0.892464,0.675842,0.528847,3,imbalanced_ap_load
420,9,0.760259,0.873311,0.693296,0.609551,3,imbalanced_ap_load
421,0,0.105185,0.247054,0.040626,0.051228,0,lunch_restart
421,1,0.103271,0.238894,0.034392,0.090232,0,lunch_restart
421,2,0.093253,0.251049,0.06718,0.068766,0,lunch_restart
421,3,0.112134,0.233026,0.046279,0.096875,0,lunch_restart
421,4,0.134738,0.240862,0.065316,0.096205,0,lunch_restart
421,5,0.138227,0.280141,0.040313,0.109369,0,lunch_restart
421,6,0.112082,0.269648,0.095305,0.096904,0,lunch_restart
421,7,0.141041,0.315675,0.083596,0.104658,0,lunch_restart
421,8,0.162348,0.312375,0.118346,0.132734,0,lunch_restart
421,9,0.177115,0.313332,0.129016,0.126233,0,lunch_restart
422,0,0.374674,0.315474,0.048683,0.13615,0,emergency_ramp
422,1,0.426542,0.343843,0.046238,0.083426,0,emergency_ramp
422,2,0.430987,0.385927,0.078761,0.114808,0,emergency_ramp
422,3,0.495779,0.333656,0.061765,0.123834,0,emergency_ramp
422,4,0.385403,0.347571,0.04169,0.063502,0,emergency_ramp
422,5,0.41838,0.384874,0.040789,0.135776,0,emergency_ramp
422,6,0.443525,0.309113,0.033776,0.122527,0,emergency_ramp
422,7,0.435227,0.304675,0.038679,0.124001,0,emergency_ramp
422,8,0.406171,0.355806,0.078192,0.080336,0,emergency_ramp
422,9,0.458851,0.33134,0.095836,0.109262,0,emergency_ramp
423,0,0.333695,0.447567,0.144297,0.160492,2,startup_surge
423,1,0.32218,0.51111,0.181824,0.163576,2,startup_surge
423,2,0.331201,0.518299,0.146815,0.146096,2,startup_surge
423,3,0.33835,0.501759,0.204045,0.199759,2,startup_surge
423,4,0.359846,0.543681,0.205697,0.188559,2,startup_surge
423,5,0.36094,0.598267,0.245487,0.157505,2,startup_surge
423,6,0.384435,0.512594,0.21739,0.224491,2,startup_surge
423,7,0.550024,0.673894,0.424208,0.205414,2,startup_surge
423,8,0.458931,0.768425,0.481679,0.304292,2,startup_surge
423,9,0.680284,0.775939,0.243125,0.233775,2,startup_surge
424,0,0.014333,0.089908,0.004451,0.019099,0,lunch_restart
424,1,0.010774,0.051652,0.006555,0.014797,0,lunch_restart
424,2,0.022179,0.058189,0.002944,0.014918,0,lunch_restart
424,3,0.023771,0.067131,0.004944,0.013699,0,lunch_restart
424,4,0.010067,0.06279,0.004659,0.02263,0,lunch_restart
424,5,0.020216,0.069161,0.004881,0.012841,0,lunch_restart
424,6,0.017537,0.097593,0.00501,0.018628,0,lunch_restart
424,7,0.026915,0.104305,0.0,0.02014,0,lunch_restart
424,8,0.032949,0.137021,0.001888,0.033884,0,lunch_restart
424,9,0.048735,0.126226,0.007099,0.011379,0,lunch_restart
425,0,0.062984,0.142562,0.026866,0.032086,0,startup_surge
425,1,0.061746,0.132905,0.031161,0.056036,0,startup_surge
425,2,0.060556,0.110338,0.022756,0.032567,0,startup_surge
425,3,0.07143,0.160348,0.000312,0.056427,0,startup_surge
425,4,0.063435,0.121127,0.003178,0.042715,0,startup_surge
425,5,0.068123,0.152079,0.032217,0.02872,0,startup_surge
425,6,0.078832,0.176867,0.002991,0.054042,0,startup_surge
425,7,0.09159,0.173372,0.030027,0.032014,0,startup_surge
425,8,0.088306,0.110938,0.012468,0.044441,0,startup_surge
425,9,0.071865,0.142087,0.031016,0.041766,0,startup_surge
426,0,0.254931,0.459015,0.185385,0.224939,1,lunch_restart
426,1,0.283835,0.442779,0.247775,0.208154,1,lunch_restart
426,2,0.290096,0.49793,0.199938,0.230462,1,lunch_restart
426,3,0.320645,0.531073,0.22822,0.240653,1,lunch_restart
426,4,0.289438,0.550189,0.297729,0.227815,1,lunch_restart
426,5,0.34966,0.53209,0.250539,0.255964,1,lunch_restart
426,6,0.313145,0.527034,0.266706,0.261238,1,lunch_restart
426,7,0.33695,0.58452,0.265921,0.296611,1,lunch_restart
426,8,0.349885,0.57279,0.283685,0.258332,1,lunch_restart
426,9,0.363688,0.583587,0.253213,0.314544,1,lunch_restart
427,0,0.082997,0.172722,0.016337,0.033977,0,startup_surge
427,1,0.066719,0.187941,0.021581,0.042351,0,startup_surge
427,2,0.062685,0.164616,0.01632,0.055257,0,startup_surge
427,3,0.098335,0.124039,0.012544,0.02519,0,startup_surge
427,4,0.08539,0.166348,0.001657,0.055777,0,startup_surge
427,5,0.080654,0.140243,0.016543,0.027773,0,startup_surge
427,6,0.06424,0.17448,0.0261,0.039701,0,startup_surge
427,7,0.096076,0.139546,0.001697,0.049346,0,startup_surge
427,8,0.076435,0.10878,0.001241,0.047874,0,startup_surge
427,9,0.063503,0.152668,0.005645,0.050326,0,startup_surge
428,0,0.022554,0.099342,0.006209,0.01609,0,lunch_restart
428,1,0.014363,0.063034,0.004144,0.028829,0,lunch_restart
428,2,0.019483,0.061598,0.000641,0.021827,0,lunch_restart
428,3,0.01848,0.058844,0.006598,0.029224,0,lunch_restart
428,4,0.0178,0.084472,0.006504,0.017,0,lunch_restart
428,5,0.013807,0.072455,0.003122,0.010046,0,lunch_restart
428,6,0.026053,0.06943,0.000719,0.025625,0,lunch_restart
428,7,0.01759,0.060205,0.004805,0.026548,0,lunch_restart
428,8,0.027744,0.094557,0.00641,0.011174,0,lunch_restart
428,9,0.017093,0.072159,0.005191,0.022507,0,lunch_restart
429,0,0.075186,0.130481,0.023468,0.052834,0,startup_surge
429,1,0.065895,0.147148,0.018738,0.027085,0,startup_surge
429,2,0.094369,0.100045,0.023117,0.034379,0,startup_surge
429,3,0.059472,0.192095,0.0,0.036043,0,startup_surge
429,4,0.060997,0.10991,0.001981,0.03198,0,startup_surge
429,5,0.084336,0.168247,0.023282,0.020134,0,startup_surge
429,6,0.054445,0.162887,0.026763,0.02942,0,startup_surge
429,7,0.086618,0.180906,0.023923,0.033506,0,startup_surge
429,8,0.063406,0.165139,0.0221,0.032545,0,startup_surge
429,9,0.108854,0.262631,6.6e-05,0.056053,0,startup_surge
430,0,0.171673,0.281572,0.067878,0.093723,1,startup_surge
430,1,0.202037,0.292894,0.09775,0.093321,1,startup_surge
430,2,0.205914,0.298588,0.109399,0.096397,1,startup_surge
430,3,0.21153,0.372607,0.060895,0.125005,1,startup_surge
430,4,0.228247,0.316033,0.136362,0.1292,1,startup_surge
430,5,0.247319,0.396898,0.135607,0.130549,1,startup_surge
430,6,0.218642,0.402065,0.081164,0.14774,1,startup_surge
430,7,0.281028,0.386399,0.143265,0.127317,1,startup_surge
430,8,0.25969,0.429022,0.133511,0.125515,1,startup_surge
430,9,0.279408,0.423524,0.151679,0.141902,1,startup_surge
431,0,0.070937,0.104803,0.003551,0.04206,0,startup_surge
431,1,0.073735,0.102255,0.026713,0.035741,0,startup_surge
431,2,0.065625,0.172958,0.013927,0.024396,0,startup_surge
431,3,0.056108,0.120774,0.024825,0.044792,0,startup_surge
431,4,0.079521,0.160079,0.00181,0.025108,0,startup_surge
431,5,0.09077,0.17234,0.000344,0.043598,0,startup_surge
431,6,0.089453,0.149179,0.010021,0.041586,0,startup_surge
431,7,0.061667,0.165643,0.029006,0.043861,0,startup_surge
431,8,0.071714,0.124115,0.02266,0.053071,0,startup_surge
431,9,0.090259,0.153065,0.071358,0.057543,0,startup_surge
432,0,0.101437,0.297817,0.021446,0.072194,0,startup_surge
432,1,0.119178,0.25892,0.065096,0.083882,0,startup_surge
432,2,0.1455,0.315184,0.121033,0.108985,0,startup_surge
432,3,0.146574,0.305553,0.064777,0.097372,0,startup_surge
432,4,0.183424,0.314426,0.105928,0.099749,0,startup_surge
432,5,0.183883,0.300718,0.113365,0.139655,0,startup_surge
432,6,0.187165,0.326725,0.129148,0.143229,0,startup_surge
432,7,0.197653,0.322749,0.16916,0.133446,0,startup_surge
432,8,0.207432,0.395689,0.081256,0.115686,0,startup_surge
432,9,0.247897,0.360272,0.142771,0.085321,0,startup_surge
433,0,0.382749,0.546815,0.323155,0.286646,2,lunch_restart
433,1,0.358738,0.557936,0.258062,0.289919,2,lunch_restart
433,2,0.362506,0.611586,0.303887,0.277151,2,lunch_restart
433,3,0.442822,0.648035,0.38188,0.303658,2,lunch_restart
433,4,0.39081,0.601813,0.348332,0.34085,2,lunch_restart
433,5,0.407239,0.630631,0.322519,0.345799,2,lunch_restart
433,6,0.415475,0.638614,0.36804,0.332758,2,lunch_restart
433,7,0.428675,0.664742,0.404431,0.292063,2,lunch_restart
433,8,0.447345,0.699637,0.321566,0.349067,2,lunch_restart
433,9,0.475784,0.696209,0.406455,0.364205,2,lunch_restart
434,0,0.118579,0.259346,0.091276,0.093483,1,lunch_restart
434,1,0.13341,0.232861,0.121024,0.108675,1,lunch_restart
434,2,0.157071,0.305406,0.094599,0.145513,1,lunch_restart
434,3,0.15802,0.316941,0.140427,0.122912,1,lunch_restart
434,4,0.171719,0.36366,0.104606,0.132448,1,lunch_restart
434,5,0.211852,0.355992,0.115637,0.122681,1,lunch_restart
434,6,0.224941,0.348434,0.164075,0.159322,1,lunch_restart
434,7,0.189179,0.386014,0.130689,0.18051,1,lunch_restart
434,8,0.216449,0.367002,0.184004,0.193379,1,lunch_restart
434,9,0.235177,0.402252,0.18634,0.191731,1,lunch_restart
435,0,0.099889,0.127865,0.007203,0.045732,0,startup_surge
435,1,0.072428,0.18364,0.001076,0.056763,0,startup_surge
435,2,0.063007,0.1691,0.019895,0.038223,0,startup_surge
435,3,0.092655,0.170671,0.022966,0.035633,0,startup_surge
435,4,0.055658,0.152808,0.021783,0.029257,0,startup_surge
435,5,0.098712,0.187598,0.018953,0.028722,0,startup_surge
435,6,0.085742,0.122778,0.032202,0.049444,0,startup_surge
435,7,0.075197,0.140169,0.015758,0.023214,0,startup_surge
435,8,0.077192,0.224286,0.047567,0.021963,0,startup_surge
435,9,0.109951,0.219583,0.042681,0.072875,0,startup_surge
436,0,0.902433,0.91239,0.822206,0.897104,3,emergency_ramp
436,1,0.884665,0.963614,0.899644,0.818541,3,emergency_ramp
436,2,0.912537,0.923081,0.869948,0.810015,3,emergency_ramp
436,3,0.897941,0.920157,0.921526,0.840749,3,emergency_ramp
436,4,0.905056,1.0,0.916972,0.863043,3,emergency_ramp
436,5,0.922927,0.951284,0.955408,0.914243,3,emergency_ramp
436,6,0.944116,0.941295,0.938341,0.911996,3,emergency_ramp
436,7,0.967506,0.978425,0.929531,0.891594,3,emergency_ramp
436,8,0.940195,0.940885,0.97975,0.85336,3,emergency_ramp
436,9,0.970352,0.958188,0.924149,0.913648,3,emergency_ramp
437,0,0.615729,0.798811,0.437465,0.410266,2,imbalanced_ap_load
437,1,0.61647,0.707926,0.499608,0.40156,2,imbalanced_ap_load
437,2,0.593977,0.717262,0.453102,0.432958,2,imbalanced_ap_load
437,3,0.617987,0.750874,0.470557,0.42495,2,imbalanced_ap_load
437,4,0.600926,0.772046,0.443837,0.390416,2,imbalanced_ap_load
437,5,0.630868,0.805628,0.528311,0.463772,2,imbalanced_ap_load
437,6,0.656554,0.781103,0.545791,0.40043,2,imbalanced_ap_load
437,7,0.664431,0.778289,0.543717,0.466598,2,imbalanced_ap_load
437,8,0.660341,0.794637,0.568229,0.517879,2,imbalanced_ap_load
437,9,0.677046,0.800929,0.594002,0.515227,2,imbalanced_ap_load
438,0,0.097814,0.163445,0.03207,0.020869,0,startup_surge
438,1,0.063829,0.143972,0.015801,0.032807,0,startup_surge
438,2,0.062635,0.187859,0.021744,0.032995,0,startup_surge
438,3,0.060284,0.151658,0.01215,0.033308,0,startup_surge
438,4,0.076627,0.101279,0.011803,0.058138,0,startup_surge
438,5,0.055359,0.16932,0.015657,0.026582,0,startup_surge
438,6,0.078534,0.106316,0.006571,0.030802,0,startup_surge
438,7,0.097184,0.14811,0.02298,0.053296,0,startup_surge
438,8,0.075248,0.119208,0.005519,0.057006,0,startup_surge
438,9,0.098267,0.124198,0.000173,0.038731,0,startup_surge
439,0,0.084598,0.186077,0.001348,0.050053,0,startup_surge
439,1,0.082398,0.134227,0.012145,0.051721,0,startup_surge
439,2,0.053441,0.1659,0.029299,0.044789,0,startup_surge
439,3,0.091721,0.140261,0.011222,0.03205,0,startup_surge
439,4,0.075673,0.166825,0.025757,0.036329,0,startup_surge
439,5,0.076747,0.217183,0.093363,0.041226,0,startup_surge
439,6,0.10633,0.233889,0.103585,0.08102,0,startup_surge
439,7,0.114631,0.273985,0.060661,0.115411,0,startup_surge
439,8,0.156813,0.264968,0.069822,0.108872,0,startup_surge
439,9,0.16995,0.312939,0.066853,0.056307,0,startup_surge
440,0,0.092837,0.1911,0.015023,0.032254,0,startup_surge
440,1,0.08404,0.123543,0.019154,0.02004,0,startup_surge
440,2,0.069358,0.178274,0.02752,0.024941,0,startup_surge
440,3,0.087593,0.150346,0.031488,0.030407,0,startup_surge
440,4,0.074158,0.105363,0.007479,0.024292,0,startup_surge
440,5,0.098057,0.180097,0.008317,0.040685,0,startup_surge
440,6,0.051644,0.157867,0.027871,0.03353,0,startup_surge
440,7,0.050372,0.104866,0.015353,0.047979,0,startup_surge
440,8,0.069023,0.168243,0.009168,0.038982,0,startup_surge
440,9,0.092062,0.155781,0.004019,0.028433,0,startup_surge
441,0,0.480989,0.385747,0.066172,0.087939,0,emergency_ramp
441,1,0.325589,0.317881,0.069046,0.063841,0,emergency_ramp
441,2,0.448861,0.304474,0.098358,0.103854,0,emergency_ramp
441,3,0.364644,0.314581,0.063139,0.156153,0,emergency_ramp
441,4,0.401872,0.305676,0.054766,0.095688,0,emergency_ramp
441,5,0.480725,0.328385,0.076376,0.133225,0,emergency_ramp
441,6,0.426591,0.389614,0.078186,0.124643,0,emergency_ramp
441,7,0.386738,0.383749,0.095826,0.063224,0,emergency_ramp
441,8,0.439418,0.351476,0.056813,0.083207,0,emergency_ramp
441,9,0.344578,0.374792,0.067312,0.123005,0,emergency_ramp
442,0,0.783475,0.868367,0.67356,0.656206,3,emergency_ramp
442,1,0.726999,0.875259,0.715145,0.625517,3,emergency_ramp
442,2,0.81532,0.8621,0.745118,0.616439,3,emergency_ramp
442,3,0.832376,0.85208,0.675455,0.691632,3,emergency_ramp
442,4,0.855575,0.89828,0.69675,0.665718,3,emergency_ramp
442,5,0.806991,0.921981,0.741861,0.681209,3,emergency_ramp
442,6,0.797829,0.907947,0.713823,0.701379,3,emergency_ramp
442,7,0.868447,0.905428,0.724794,0.759408,3,emergency_ramp
442,8,0.855231,0.880657,0.766188,0.810189,3,emergency_ramp
442,9,0.872901,0.926854,0.829476,0.792799,3,emergency_ramp
443,0,0.027519,0.056566,0.000676,0.022146,0,lunch_restart
443,1,0.023295,0.070647,0.004343,0.021891,0,lunch_restart
443,2,0.023309,0.062433,0.001813,0.020382,0,lunch_restart
443,3,0.017605,0.061773,0.005478,0.013102,0,lunch_restart
443,4,0.028053,0.096478,0.001488,0.010541,0,lunch_restart
443,5,0.028893,0.097997,0.002489,0.021524,0,lunch_restart
443,6,0.015159,0.050708,0.004512,0.018464,0,lunch_restart
443,7,0.020291,0.056902,0.003706,0.018202,0,lunch_restart
443,8,0.028139,0.063892,0.0008,0.018601,0,lunch_restart
443,9,0.012026,0.092387,0.001502,0.012271,0,lunch_restart
444,0,0.023643,0.066215,0.004117,0.02916,0,lunch_restart
444,1,0.016977,0.058629,0.002597,0.0183,0,lunch_restart
444,2,0.018417,0.051171,0.002138,0.026434,0,lunch_restart
444,3,0.013912,0.056369,0.003468,0.01071,0,lunch_restart
444,4,0.0271,0.091783,0.004767,0.02682,0,lunch_restart
444,5,0.023312,0.072784,0.003457,0.027181,0,lunch_restart
444,6,0.026485,0.064581,0.001537,0.017242,0,lunch_restart
444,7,0.016348,0.088783,0.005383,0.016189,0,lunch_restart
444,8,0.029909,0.089672,0.006519,0.028198,0,lunch_restart
444,9,0.017144,0.068108,0.002419,0.025554,0,lunch_restart
445,0,0.240771,0.391262,0.157529,0.193639,1,lunch_restart
445,1,0.274368,0.443421,0.198687,0.196455,1,lunch_restart
445,2,0.2961,0.478487,0.184049,0.22303,1,lunch_restart
445,3,0.271329,0.484379,0.254789,0.235759,1,lunch_restart
445,4,0.304199,0.511829,0.285873,0.23327,1,lunch_restart
445,5,0.316517,0.472973,0.268214,0.277018,1,lunch_restart
445,6,0.314506,0.506347,0.23252,0.238866,1,lunch_restart
445,7,0.323117,0.56793,0.243541,0.252589,1,lunch_restart
445,8,0.321689,0.583818,0.263909,0.261911,1,lunch_restart
445,9,0.36416,0.581613,0.26323,0.276931,1,lunch_restart
446,0,0.101928,0.214683,0.037804,0.072931,0,lunch_restart
446,1,0.098818,0.210721,0.062323,0.110218,0,lunch_restart
446,2,0.123488,0.217246,0.052353,0.08446,0,lunch_restart
446,3,0.136675,0.246908,0.067918,0.077963,0,lunch_restart
446,4,0.114023,0.259979,0.064505,0.074147,0,lunch_restart
446,5,0.14219,0.238861,0.039819,0.088318,0,lunch_restart
446,6,0.128866,0.263581,0.057549,0.111198,0,lunch_restart
446,7,0.159514,0.241007,0.126537,0.11053,0,lunch_restart
446,8,0.19886,0.299835,0.089775,0.117965,0,lunch_restart
446,9,0.181451,0.295579,0.089716,0.10521,0,lunch_restart
447,0,0.076906,0.147195,0.025259,0.026185,0,startup_surge
447,1,0.089107,0.102166,0.018234,0.04311,0,startup_surge
447,2,0.080691,0.189493,0.012708,0.026586,0,startup_surge
447,3,0.052349,0.108042,0.031223,0.052083,0,startup_surge
447,4,0.082385,0.117121,0.00649,0.039026,0,startup_surge
447,5,0.085844,0.153604,0.018141,0.048545,0,startup_surge
447,6,0.053604,0.179695,0.004428,0.038167,0,startup_surge
447,7,0.069286,0.193844,0.004451,0.050979,0,startup_surge
447,8,0.064928,0.111542,0.001997,0.055405,0,startup_surge
447,9,0.087478,0.10155,0.010336,0.038732,0,startup_surge
448,0,0.094258,0.101818,0.024252,0.054589,0,startup_surge
448,1,0.055944,0.177436,0.014177,0.058779,0,startup_surge
448,2,0.068124,0.107459,0.032621,0.042201,0,startup_surge
448,3,0.095276,0.123987,0.029009,0.028301,0,startup_surge
448,4,0.054607,0.134936,0.017089,0.040451,0,startup_surge
448,5,0.086278,0.129856,0.015052,0.039,0,startup_surge
448,6,0.09748,0.164873,0.007848,0.046528,0,startup_surge
448,7,0.080101,0.127696,0.005085,0.033109,0,startup_surge
448,8,0.093957,0.160729,0.00806,0.055222,0,startup_surge
448,9,0.089973,0.169581,0.018356,0.059133,0,startup_surge
449,0,0.059574,0.165895,0.002351,0.027587,0,startup_surge
449,1,0.091821,0.158527,0.00774,0.045308,0,startup_surge
449,2,0.06813,0.180718,0.018086,0.048533,0,startup_surge
449,3,0.08536,0.130002,0.027218,0.029332,0,startup_surge
449,4,0.056497,0.118156,0.026061,0.025318,0,startup_surge
449,5,0.090905,0.173516,0.022706,0.037341,0,startup_surge
449,6,0.075903,0.153983,0.027623,0.036972,0,startup_surge
449,7,0.098513,0.190061,0.022848,0.026132,0,startup_surge
449,8,0.070269,0.196509,0.021256,0.027669,0,startup_surge
449,9,0.09365,0.186713,0.00559,0.039985,0,startup_surge
450,0,0.092356,0.206708,0.052805,0.081114,0,lunch_restart
450,1,0.101636,0.254288,0.058127,0.07832,0,lunch_restart
450,2,0.108405,0.253314,0.057503,0.093114,0,lunch_restart
450,3,0.109428,0.251432,0.062237,0.099326,0,lunch_restart
450,4,0.128712,0.254392,0.076169,0.080141,0,lunch_restart
450,5,0.127658,0.262473,0.064593,0.08089,0,lunch_restart
450,6,0.106767,0.31486,0.086823,0.092968,0,lunch_restart
450,7,0.170905,0.284927,0.122836,0.090746,0,lunch_restart
450,8,0.191403,0.308842,0.121593,0.141677,0,lunch_restart
450,9,0.193367,0.338455,0.097551,0.168943,0,lunch_restart
451,0,0.703991,0.565193,0.274927,0.327115,2,emergency_ramp
451,1,0.658007,0.591106,0.29443,0.286297,2,emergency_ramp
451,2,0.713285,0.549969,0.33761,0.329384,2,emergency_ramp
451,3,0.675027,0.590988,0.264189,0.329929,2,emergency_ramp
451,4,0.71958,0.603231,0.295669,0.312313,2,emergency_ramp
451,5,0.792317,0.882608,0.697642,0.667917,2,emergency_ramp
451,6,0.795312,0.8605,0.680209,0.604511,2,emergency_ramp
451,7,0.737285,0.865839,0.632477,0.706501,2,emergency_ramp
451,8,0.782988,0.858563,0.725819,0.597499,2,emergency_ramp
451,9,0.798288,0.843098,0.767051,0.704442,2,emergency_ramp
452,0,0.715536,0.813876,0.616416,0.491111,3,imbalanced_ap_load
452,1,0.706156,0.849416,0.589341,0.507766,3,imbalanced_ap_load
452,2,0.701982,0.851668,0.664678,0.502511,3,imbalanced_ap_load
452,3,0.75687,0.85045,0.65686,0.548238,3,imbalanced_ap_load
452,4,0.725131,0.885313,0.639688,0.532767,3,imbalanced_ap_load
452,5,0.748472,0.870561,0.707514,0.582825,3,imbalanced_ap_load
452,6,0.770116,0.879156,0.671162,0.5942,3,imbalanced_ap_load
452,7,0.762159,0.882524,0.736,0.596476,3,imbalanced_ap_load
452,8,0.801404,0.865793,0.691036,0.602187,3,imbalanced_ap_load
452,9,0.838105,0.883929,0.774075,0.635152,3,imbalanced_ap_load
453,0,0.068636,0.143771,0.036435,0.046676,0,lunch_restart
453,1,0.060638,0.203119,0.04666,0.064707,0,lunch_restart
453,2,0.068012,0.187655,0.04251,0.071713,0,lunch_restart
453,3,0.098462,0.181244,0.058364,0.068985,0,lunch_restart
453,4,0.101898,0.198082,0.045118,0.058765,0,lunch_restart
453,5,0.116427,0.195608,0.055009,0.094726,0,lunch_restart
453,6,0.103329,0.206502,0.059589,0.082277,0,lunch_restart
453,7,0.110565,0.224629,0.046758,0.066936,0,lunch_restart
453,8,0.107862,0.227419,0.060035,0.085032,0,lunch_restart
453,9,0.111201,0.227182,0.044723,0.084267,0,lunch_restart
454,0,0.015409,0.098533,0.006281,0.028953,0,lunch_restart
454,1,0.019198,0.067777,0.00618,0.027192,0,lunch_restart
454,2,0.018218,0.060794,0.004059,0.019016,0,lunch_restart
454,3,0.010139,0.056428,0.004118,0.010497,0,lunch_restart
454,4,0.025172,0.094196,0.006187,0.029459,0,lunch_restart
454,5,0.018771,0.050747,0.003199,0.010201,0,lunch_restart
454,6,0.014457,0.095373,0.001423,0.027123,0,lunch_restart
454,7,0.023325,0.053089,0.006568,0.018265,0,lunch_restart
454,8,0.018953,0.087633,0.005614,0.016026,0,lunch_restart
454,9,0.016275,0.064683,0.000374,0.018166,0,lunch_restart
455,0,0.070277,0.117869,0.002525,0.032587,0,startup_surge
455,1,0.085178,0.115253,0.006625,0.024073,0,startup_surge
455,2,0.073701,0.100112,0.014793,0.033095,0,startup_surge
455,3,0.056104,0.124998,0.031278,0.025106,0,startup_surge
455,4,0.083233,0.183596,0.020903,0.030003,0,startup_surge
455,5,0.054673,0.17194,0.007,0.022707,0,startup_surge
455,6,0.09937,0.115013,0.000189,0.030251,0,startup_surge
455,7,0.066034,0.193356,0.002168,0.033628,0,startup_surge
455,8,0.096895,0.183976,0.012901,0.086273,0,startup_surge
455,9,0.071722,0.216,0.053351,0.092475,0,startup_surge
456,0,0.380092,0.328781,0.095069,0.150089,1,emergency_ramp
456,1,0.352052,0.311252,0.049605,0.158202,1,emergency_ramp
456,2,0.3769,0.316612,0.040052,0.083518,1,emergency_ramp
456,3,0.422317,0.31944,0.071457,0.125652,1,emergency_ramp
456,4,0.444719,0.35642,0.037611,0.12788,1,emergency_ramp
456,5,0.432364,0.32449,0.048648,0.156628,1,emergency_ramp
456,6,0.484247,0.359777,0.067171,0.108377,1,emergency_ramp
456,7,0.491234,0.366426,0.074254,0.083791,1,emergency_ramp
456,8,0.339413,0.336172,0.046287,0.096028,1,emergency_ramp
456,9,0.495392,0.400298,0.12336,0.142911,1,emergency_ramp
457,0,0.093083,0.249827,0.073048,0.079807,0,startup_surge
457,1,0.132815,0.204673,0.038197,0.074708,0,startup_surge
457,2,0.125184,0.19202,0.049383,0.074095,0,startup_surge
457,3,0.165211,0.270991,0.072525,0.114901,0,startup_surge
457,4,0.150306,0.264697,0.10191,0.125866,0,startup_surge
457,5,0.237941,0.269144,0.095623,0.109621,0,startup_surge
457,6,0.216675,0.338858,0.094173,0.111282,0,startup_surge
457,7,0.197241,0.3434,0.139762,0.105722,0,startup_surge
457,8,0.209379,0.40138,0.135984,0.120538,0,startup_surge
457,9,0.232666,0.379901,0.116736,0.105268,0,startup_surge
458,0,0.419233,0.552973,0.161181,0.191659,1,imbalanced_ap_load
458,1,0.428121,0.531884,0.167846,0.220398,1,imbalanced_ap_load
458,2,0.408991,0.562685,0.176938,0.219341,1,imbalanced_ap_load
458,3,0.391715,0.556876,0.177687,0.224679,1,imbalanced_ap_load
458,4,0.416706,0.592134,0.203746,0.234833,1,imbalanced_ap_load
458,5,0.460987,0.538017,0.19131,0.266605,1,imbalanced_ap_load
458,6,0.45558,0.611609,0.213753,0.254783,1,imbalanced_ap_load
458,7,0.455718,0.591783,0.219455,0.244579,1,imbalanced_ap_load
458,8,0.46362,0.621469,0.232776,0.275379,1,imbalanced_ap_load
458,9,0.478803,0.638121,0.177435,0.274164,1,imbalanced_ap_load
459,0,0.472404,0.304175,0.050891,0.145287,0,emergency_ramp
459,1,0.460532,0.341821,0.095688,0.154925,0,emergency_ramp
459,2,0.423611,0.367101,0.087422,0.065786,0,emergency_ramp
459,3,0.314927,0.371281,0.0502,0.124934,0,emergency_ramp
459,4,0.406161,0.35506,0.071479,0.13078,0,emergency_ramp
459,5,0.490338,0.374885,0.035127,0.146617,0,emergency_ramp
459,6,0.481229,0.331073,0.088587,0.127444,0,emergency_ramp
459,7,0.461343,0.307904,0.06628,0.142162,0,emergency_ramp
459,8,0.438874,0.34645,0.06603,0.133389,0,emergency_ramp
459,9,0.401094,0.389342,0.04265,0.098212,0,emergency_ramp
460,0,0.629884,0.746223,0.436138,0.44818,2,imbalanced_ap_load
460,1,0.634381,0.740881,0.493949,0.381563,2,imbalanced_ap_load
460,2,0.608456,0.73819,0.507236,0.441711,2,imbalanced_ap_load
460,3,0.619887,0.798857,0.531329,0.448319,2,imbalanced_ap_load
460,4,0.658801,0.788722,0.523082,0.437681,2,imbalanced_ap_load
460,5,0.628191,0.789858,0.4827,0.453557,2,imbalanced_ap_load
460,6,0.689372,0.776921,0.545709,0.473285,2,imbalanced_ap_load
460,7,0.674833,0.799301,0.556898,0.465331,2,imbalanced_ap_load
460,8,0.671192,0.784073,0.603452,0.466297,2,imbalanced_ap_load
460,9,0.690989,0.813055,0.613558,0.47369,2,imbalanced_ap_load
461,0,0.02028,0.100903,0.0,0.034564,0,lunch_restart
461,1,0.049934,0.124768,0.012885,0.044629,0,lunch_restart
461,2,0.049063,0.080205,0.005792,0.036544,0,lunch_restart
461,3,0.048258,0.158737,0.03223,0.043618,0,lunch_restart
461,4,0.045979,0.152301,0.01391,0.037306,0,lunch_restart
461,5,0.044543,0.169422,0.015375,0.066907,0,lunch_restart
461,6,0.057025,0.139275,0.028083,0.046675,0,lunch_restart
461,7,0.061263,0.162339,0.015386,0.052576,0,lunch_restart
461,8,0.0649,0.174789,0.026244,0.060331,0,lunch_restart
461,9,0.072079,0.173391,0.02187,0.068436,0,lunch_restart
462,0,0.32775,0.533073,0.266733,0.251375,1,lunch_restart
462,1,0.321591,0.539748,0.261132,0.243423,1,lunch_restart
462,2,0.342908,0.553507,0.285909,0.291148,1,lunch_restart
462,3,0.382749,0.546815,0.323155,0.286646,1,lunch_restart
462,4,0.358738,0.557936,0.258062,0.289919,1,lunch_restart
462,5,0.362506,0.611586,0.303887,0.277151,1,lunch_restart
462,6,0.442822,0.648035,0.38188,0.303658,1,lunch_restart
462,7,0.39081,0.601813,0.348332,0.34085,1,lunch_restart
462,8,0.407239,0.630631,0.322519,0.345799,1,lunch_restart
462,9,0.415475,0.638614,0.36804,0.332758,1,lunch_restart
463,0,0.058055,0.16999,0.058692,0.06139,0,lunch_restart
463,1,0.077793,0.210304,0.046922,0.076279,0,lunch_restart
463,2,0.083804,0.203339,0.0367,0.065448,0,lunch_restart
463,3,0.091808,0.216273,0.054163,0.072101,0,lunch_restart
463,4,0.115887,0.184116,0.065397,0.076949,0,lunch_restart
463,5,0.095982,0.23413,0.05143,0.078737,0,lunch_restart
463,6,0.125036,0.22969,0.068132,0.094543,0,lunch_restart
463,7,0.113244,0.219619,0.039588,0.079803,0,lunch_restart
463,8,0.135717,0.251425,0.081417,0.081697,0,lunch_restart
463,9,0.10089,0.253036,0.041081,0.070833,0,lunch_restart
464,0,0.206216,0.393099,0.14252,0.182246,1,lunch_restart
464,1,0.211658,0.43944,0.162323,0.167942,1,lunch_restart
464,2,0.248375,0.447448,0.201815,0.15406,1,lunch_restart
464,3,0.223505,0.465232,0.165885,0.200933,1,lunch_restart
464,4,0.260186,0.434926,0.220424,0.20553,1,lunch_restart
464,5,0.277473,0.455809,0.205443,0.210627,1,lunch_restart
464,6,0.292227,0.501414,0.227167,0.244585,1,lunch_restart
464,7,0.312475,0.530121,0.240212,0.196264,1,lunch_restart
464,8,0.311769,0.52197,0.250487,0.27522,1,lunch_restart
464,9,0.317985,0.536048,0.260924,0.276875,1,lunch_restart
465,0,0.320334,0.333076,0.081714,0.071973,0,emergency_ramp
465,1,0.466692,0.332975,0.038966,0.07171,0,emergency_ramp
465,2,0.310392,0.329475,0.095729,0.068771,0,emergency_ramp
465,3,0.484968,0.334152,0.042494,0.125786,0,emergency_ramp
465,4,0.319823,0.361717,0.097259,0.101861,0,emergency_ramp
465,5,0.468715,0.326719,0.086726,0.137432,0,emergency_ramp
465,6,0.480531,0.385397,0.072912,0.127123,0,emergency_ramp
465,7,0.495914,0.382471,0.085508,0.093364,0,emergency_ramp
465,8,0.460405,0.343282,0.086341,0.149837,0,emergency_ramp
465,9,0.455896,0.329553,0.096402,0.136253,0,emergency_ramp
466,0,0.56801,0.498395,0.176721,0.220343,1,emergency_ramp
466,1,0.578324,0.524569,0.145795,0.228725,1,emergency_ramp
466,2,0.603626,0.507967,0.233791,0.26666,1,emergency_ramp
466,3,0.612158,0.547022,0.278102,0.249071,1,emergency_ramp
466,4,0.597346,0.529829,0.214002,0.251069,1,emergency_ramp
466,5,0.669749,0.551257,0.29345,0.306106,1,emergency_ramp
466,6,0.698112,0.551769,0.30331,0.255777,1,emergency_ramp
466,7,0.66558,0.591206,0.294894,0.321469,1,emergency_ramp
466,8,0.700486,0.60367,0.327141,0.286453,1,emergency_ramp
466,9,0.648058,0.623931,0.294843,0.28455,1,emergency_ramp
467,0,0.012931,0.073217,0.003766,0.013402,0,lunch_restart
467,1,0.011261,0.071539,0.002732,0.013945,0,lunch_restart
467,2,0.019741,0.073402,0.004056,0.014536,0,lunch_restart
467,3,0.011321,0.082605,0.003513,0.017222,0,lunch_restart
467,4,0.0296,0.089918,0.00639,0.01051,0,lunch_restart
467,5,0.020106,0.073129,0.006385,0.019544,0,lunch_restart
467,6,0.013238,0.077124,0.001137,0.027722,0,lunch_restart
467,7,0.014673,0.082273,0.005954,0.019327,0,lunch_restart
467,8,0.014549,0.058753,0.002923,0.020187,0,lunch_restart
467,9,0.020255,0.088559,0.003121,0.021431,0,lunch_restart
468,0,0.450731,0.350977,0.099696,0.092126,0,emergency_ramp
468,1,0.486942,0.331785,0.098206,0.114898,0,emergency_ramp
468,2,0.386704,0.313009,0.042304,0.146953,0,emergency_ramp
468,3,0.480166,0.306181,0.070525,0.148945,0,emergency_ramp
468,4,0.47146,0.332395,0.073251,0.078695,0,emergency_ramp
468,5,0.371483,0.336906,0.085528,0.076938,0,emergency_ramp
468,6,0.320458,0.368182,0.065647,0.073806,0,emergency_ramp
468,7,0.493915,0.322989,0.064757,0.083395,0,emergency_ramp
468,8,0.461925,0.325127,0.057292,0.091965,0,emergency_ramp
468,9,0.443756,0.316605,0.082046,0.13277,0,emergency_ramp
469,0,0.310403,0.550021,0.256734,0.244944,1,lunch_restart
469,1,0.317817,0.56033,0.265771,0.266747,1,lunch_restart
469,2,0.353744,0.532848,0.239722,0.299524,1,lunch_restart
469,3,0.345145,0.566243,0.287835,0.297701,1,lunch_restart
469,4,0.370324,0.595577,0.265735,0.316527,1,lunch_restart
469,5,0.380118,0.585943,0.274351,0.313226,1,lunch_restart
469,6,0.390444,0.547776,0.24918,0.292172,1,lunch_restart
469,7,0.424912,0.602263,0.344985,0.308408,1,lunch_restart
469,8,0.406526,0.624773,0.328177,0.308373,1,lunch_restart
469,9,0.409516,0.616279,0.373566,0.346671,1,lunch_restart
470,0,0.13829,0.248095,0.063423,0.083405,1,lunch_restart
470,1,0.141381,0.203141,0.083841,0.089547,1,lunch_restart
470,2,0.123909,0.26419,0.053524,0.094352,1,lunch_restart
470,3,0.129735,0.317563,0.098574,0.097436,1,lunch_restart
470,4,0.151093,0.315534,0.10066,0.129269,1,lunch_restart
470,5,0.158952,0.313078,0.130723,0.138192,1,lunch_restart
470,6,0.169131,0.347639,0.120783,0.124711,1,lunch_restart
470,7,0.216109,0.36843,0.157475,0.132302,1,lunch_restart
470,8,0.197187,0.356688,0.132458,0.190266,1,lunch_restart
470,9,0.190252,0.41632,0.159155,0.18377,1,lunch_restart
471,0,0.01933,0.078803,0.006619,0.021413,0,lunch_restart
471,1,0.018223,0.081259,0.001458,0.011991,0,lunch_restart
471,2,0.029066,0.06801,0.006316,0.012048,0,lunch_restart
471,3,0.038036,0.087199,0.007525,0.022565,0,lunch_restart
471,4,0.025625,0.112781,0.010998,0.02533,0,lunch_restart
471,5,0.027894,0.123275,0.020937,0.035782,0,lunch_restart
471,6,0.044856,0.090903,0.013147,0.046732,0,lunch_restart
471,7,0.037942,0.137492,0.021217,0.030102,0,lunch_restart
471,8,0.05405,0.153317,0.032965,0.052196,0,lunch_restart
471,9,0.06247,0.13173,0.028398,0.055219,0,lunch_restart
472,0,0.14395,0.248044,0.061764,0.084563,1,lunch_restart
472,1,0.122797,0.254148,0.087471,0.101988,1,lunch_restart
472,2,0.137639,0.286884,0.073733,0.138358,1,lunch_restart
472,3,0.193322,0.277399,0.120993,0.133806,1,lunch_restart
472,4,0.145096,0.324216,0.091294,0.13876,1,lunch_restart
472,5,0.167659,0.31602,0.142907,0.156925,1,lunch_restart
472,6,0.138501,0.355372,0.138779,0.158823,1,lunch_restart
472,7,0.198427,0.382838,0.101931,0.168823,1,lunch_restart
472,8,0.231257,0.372658,0.162045,0.179074,1,lunch_restart
472,9,0.238553,0.42948,0.184688,0.1773,1,lunch_restart
473,0,0.355975,0.389037,0.050727,0.119946,0,emergency_ramp
473,1,0.3914,0.370081,0.054191,0.08832,0,emergency_ramp
473,2,0.488998,0.389086,0.097853,0.104149,0,emergency_ramp
473,3,0.314674,0.305742,0.057915,0.104357,0,emergency_ramp
473,4,0.368181,0.383581,0.064688,0.070405,0,emergency_ramp
473,5,0.343728,0.3718,0.090928,0.15107,0,emergency_ramp
473,6,0.450731,0.350977,0.099696,0.092126,0,emergency_ramp
473,7,0.486942,0.331785,0.098206,0.114898,0,emergency_ramp
473,8,0.386704,0.313009,0.042304,0.146953,0,emergency_ramp
473,9,0.480166,0.306181,0.070525,0.148945,0,emergency_ramp
474,0,0.257168,0.419691,0.175866,0.201099,1,lunch_restart
474,1,0.261635,0.437036,0.192361,0.237871,1,lunch_restart
474,2,0.252408,0.471549,0.222043,0.230989,1,lunch_restart
474,3,0.286815,0.515451,0.208154,0.234647,1,lunch_restart
474,4,0.318699,0.502752,0.237014,0.227174,1,lunch_restart
474,5,0.312645,0.534231,0.272614,0.240027,1,lunch_restart
474,6,0.302766,0.539958,0.255598,0.255053,1,lunch_restart
474,7,0.336743,0.52855,0.222466,0.25227,1,lunch_restart
474,8,0.36703,0.564939,0.320269,0.233662,1,lunch_restart
474,9,0.355509,0.569579,0.279811,0.322665,1,lunch_restart
475,0,0.449193,0.312187,0.092447,0.066625,0,emergency_ramp
475,1,0.323778,0.381908,0.065268,0.116244,0,emergency_ramp
475,2,0.452282,0.332299,0.044714,0.093131,0,emergency_ramp
475,3,0.341628,0.338273,0.083627,0.155304,0,emergency_ramp
475,4,0.475365,0.380501,0.059234,0.135547,0,emergency_ramp
475,5,0.348986,0.380667,0.056305,0.110701,0,emergency_ramp
475,6,0.398398,0.347237,0.059385,0.102978,0,emergency_ramp
475,7,0.397453,0.324909,0.070605,0.159587,0,emergency_ramp
475,8,0.35377,0.315475,0.055568,0.126738,0,emergency_ramp
475,9,0.372342,0.324442,0.079328,0.111393,0,emergency_ramp
476,0,0.413655,0.523938,0.157253,0.197827,1,imbalanced_ap_load
476,1,0.386372,0.537972,0.139108,0.202286,1,imbalanced_ap_load
476,2,0.439158,0.535319,0.16048,0.207702,1,imbalanced_ap_load
476,3,0.405747,0.54367,0.180479,0.211487,1,imbalanced_ap_load
476,4,0.421919,0.556696,0.186154,0.238331,1,imbalanced_ap_load
476,5,0.441459,0.554622,0.179338,0.253413,1,imbalanced_ap_load
476,6,0.442463,0.547843,0.212727,0.23842,1,imbalanced_ap_load
476,7,0.426675,0.584085,0.225277,0.258334,1,imbalanced_ap_load
476,8,0.464807,0.595567,0.218217,0.25693,1,imbalanced_ap_load
476,9,0.471166,0.598203,0.250041,0.250646,1,imbalanced_ap_load
477,0,0.357541,0.352149,0.082295,0.069226,1,emergency_ramp
477,1,0.416487,0.377028,0.082056,0.078137,1,emergency_ramp
477,2,0.335456,0.371931,0.039592,0.135316,1,emergency_ramp
477,3,0.513151,0.452954,0.040194,0.149375,1,emergency_ramp
477,4,0.533077,0.410268,0.075636,0.204808,1,emergency_ramp
477,5,0.571025,0.418879,0.10202,0.167557,1,emergency_ramp
477,6,0.546177,0.448935,0.169117,0.215444,1,emergency_ramp
477,7,0.538563,0.494426,0.139689,0.25081,1,emergency_ramp
477,8,0.569272,0.524093,0.189818,0.2119,1,emergency_ramp
477,9,0.579057,0.512964,0.18788,0.215983,1,emergency_ramp
478,0,0.158196,0.296773,0.072253,0.094639,1,lunch_restart
478,1,0.124072,0.324987,0.108137,0.118956,1,lunch_restart
478,2,0.170916,0.312589,0.111311,0.145517,1,lunch_restart
478,3,0.16827,0.36041,0.112168,0.120535,1,lunch_restart
478,4,0.182926,0.354417,0.164116,0.149321,1,lunch_restart
478,5,0.2221,0.360323,0.140065,0.169572,1,lunch_restart
478,6,0.216718,0.378437,0.141726,0.16908,1,lunch_restart
478,7,0.230657,0.403152,0.183241,0.20232,1,lunch_restart
478,8,0.241868,0.426261,0.201951,0.190944,1,lunch_restart
478,9,0.24879,0.467143,0.192162,0.20628,1,lunch_restart
479,0,0.080747,0.176203,0.029759,0.050508,0,startup_surge
479,1,0.095826,0.181175,0.014074,0.03523,0,startup_surge
479,2,0.050019,0.156301,0.013905,0.051571,0,startup_surge
479,3,0.058048,0.134485,0.023464,0.033023,0,startup_surge
479,4,0.074701,0.183422,0.012331,0.025929,0,startup_surge
479,5,0.083483,0.166987,0.007828,0.038394,0,startup_surge
479,6,0.054482,0.138104,0.024723,0.048413,0,startup_surge
479,7,0.06471,0.139166,0.006195,0.021588,0,startup_surge
479,8,0.099429,0.100245,0.001309,0.05225,0,startup_surge
479,9,0.066382,0.105777,0.016587,0.030226,0,startup_surge
480,0,0.640375,0.719705,0.232838,0.331164,2,startup_surge
480,1,0.539926,0.748828,0.439096,0.247258,2,startup_surge
480,2,0.698432,0.719917,0.263875,0.328993,2,startup_surge
480,3,0.595211,0.714221,0.417042,0.380329,2,startup_surge
480,4,0.502319,0.775725,0.330358,0.3222,2,startup_surge
480,5,0.618404,0.742264,0.265518,0.28861,2,startup_surge
480,6,0.588168,0.741892,0.229835,0.346943,2,startup_surge
480,7,0.602263,0.72234,0.44803,0.245281,2,startup_surge
480,8,0.516712,0.668195,0.265654,0.327029,2,startup_surge
480,9,0.596262,0.703023,0.496464,0.291483,2,startup_surge
481,0,0.428144,0.594903,0.211153,0.246846,2,imbalanced_ap_load
481,1,0.453742,0.552354,0.225312,0.203847,2,imbalanced_ap_load
481,2,0.439622,0.589306,0.212214,0.249664,2,imbalanced_ap_load
481,3,0.461476,0.584408,0.233059,0.244129,2,imbalanced_ap_load
481,4,0.491028,0.605468,0.255013,0.28074,2,imbalanced_ap_load
481,5,0.471264,0.644064,0.182805,0.246582,2,imbalanced_ap_load
481,6,0.51001,0.699061,0.231666,0.316067,2,imbalanced_ap_load
481,7,0.482418,0.681114,0.301425,0.306583,2,imbalanced_ap_load
481,8,0.498911,0.685311,0.304241,0.2716,2,imbalanced_ap_load
481,9,0.504583,0.68599,0.277663,0.286387,2,imbalanced_ap_load
482,0,0.07363,0.134951,0.0236,0.046342,0,startup_surge
482,1,0.08555,0.136527,0.027524,0.032565,0,startup_surge
482,2,0.09929,0.156365,0.006854,0.068114,0,startup_surge
482,3,0.129312,0.232256,0.034317,0.106804,0,startup_surge
482,4,0.083099,0.220551,0.077972,0.061326,0,startup_surge
482,5,0.160267,0.247347,0.074716,0.08389,0,startup_surge
482,6,0.134609,0.26213,0.106318,0.082844,0,startup_surge
482,7,0.182818,0.250661,0.086434,0.108127,0,startup_surge
482,8,0.164441,0.29023,0.025752,0.104601,0,startup_surge
482,9,0.191434,0.26574,0.110978,0.106564,0,startup_surge
483,0,0.161643,0.301935,0.110992,0.157553,1,lunch_restart
483,1,0.17471,0.339049,0.096007,0.134335,1,lunch_restart
483,2,0.218245,0.33739,0.131962,0.153365,1,lunch_restart
483,3,0.212215,0.394598,0.160576,0.188653,1,lunch_restart
483,4,0.243828,0.380993,0.144443,0.171507,1,lunch_restart
483,5,0.23974,0.422116,0.133709,0.192598,1,lunch_restart
483,6,0.247757,0.3966,0.181846,0.199137,1,lunch_restart
483,7,0.242251,0.438024,0.211302,0.194625,1,lunch_restart
483,8,0.271076,0.436174,0.212504,0.203711,1,lunch_restart
483,9,0.298966,0.503279,0.227663,0.238906,1,lunch_restart
484,0,0.086593,0.197786,0.034726,0.074705,0,lunch_restart
484,1,0.078441,0.209403,0.045866,0.065447,0,lunch_restart
484,2,0.100356,0.221187,0.058695,0.072121,0,lunch_restart
484,3,0.089846,0.252498,0.053628,0.069894,0,lunch_restart
484,4,0.108654,0.242848,0.047509,0.080435,0,lunch_restart
484,5,0.107282,0.218359,0.060389,0.09301,0,lunch_restart
484,6,0.130659,0.262363,0.05412,0.092941,0,lunch_restart
484,7,0.141868,0.256075,0.094081,0.09794,0,lunch_restart
484,8,0.119445,0.28667,0.084948,0.100028,0,lunch_restart
484,9,0.143719,0.265557,0.102193,0.086304,0,lunch_restart
485,0,0.419774,0.3234,0.08277,0.111309,0,emergency_ramp
485,1,0.363887,0.368714,0.041094,0.14222,0,emergency_ramp
485,2,0.489436,0.373068,0.068791,0.091966,0,emergency_ramp
485,3,0.391124,0.348557,0.060185,0.107094,0,emergency_ramp
485,4,0.340326,0.380937,0.093603,0.071241,0,emergency_ramp
485,5,0.322148,0.312299,0.084154,0.152668,0,emergency_ramp
485,6,0.467157,0.345594,0.086798,0.150072,0,emergency_ramp
485,7,0.365633,0.374559,0.060916,0.087606,0,emergency_ramp
485,8,0.453244,0.355882,0.034992,0.118297,0,emergency_ramp
485,9,0.425478,0.38865,0.08396,0.097836,0,emergency_ramp
486,0,0.07902,0.165717,0.018188,0.05932,0,startup_surge
486,1,0.054063,0.183228,0.003519,0.047442,0,startup_surge
486,2,0.07173,0.161519,0.017814,0.024166,0,startup_surge
486,3,0.059136,0.186885,0.02852,0.027932,0,startup_surge
486,4,0.094169,0.136168,0.024983,0.05305,0,startup_surge
486,5,0.072245,0.154914,0.009703,0.05987,0,startup_surge
486,6,0.079539,0.151589,0.00413,0.023934,0,startup_surge
486,7,0.068019,0.190379,0.030023,0.024013,0,startup_surge
486,8,0.064437,0.116492,0.02847,0.050535,0,startup_surge
486,9,0.060146,0.157806,0.001791,0.022574,0,startup_surge
487,0,0.206666,0.307516,0.093575,0.101886,1,startup_surge
487,1,0.197444,0.363438,0.110596,0.112759,1,startup_surge
487,2,0.253551,0.293475,0.11818,0.101902,1,startup_surge
487,3,0.204854,0.338065,0.125612,0.101509,1,startup_surge
487,4,0.21745,0.327752,0.159119,0.113529,1,startup_surge
487,5,0.243473,0.413368,0.094348,0.106973,1,startup_surge
487,6,0.255443,0.434997,0.158662,0.118337,1,startup_surge
487,7,0.279668,0.470721,0.208293,0.126895,1,startup_surge
487,8,0.27402,0.443904,0.200113,0.125473,1,startup_surge
487,9,0.310433,0.467156,0.205759,0.166909,1,startup_surge
488,0,0.063578,0.132952,0.000288,0.075742,0,lunch_restart
488,1,0.057344,0.114718,0.02635,0.039752,0,lunch_restart
488,2,0.073638,0.15911,0.042562,0.044962,0,lunch_restart
488,3,0.054671,0.1578,0.004882,0.047156,0,lunch_restart
488,4,0.064892,0.175061,0.040765,0.054865,0,lunch_restart
488,5,0.066977,0.157212,0.053223,0.050644,0,lunch_restart
488,6,0.087434,0.207369,0.047867,0.076659,0,lunch_restart
488,7,0.094337,0.221531,0.041154,0.063298,0,lunch_restart
488,8,0.092143,0.19751,0.054459,0.058368,0,lunch_restart
488,9,0.094477,0.211784,0.048153,0.043666,0,lunch_restart
489,0,0.411945,0.655951,0.356874,0.312443,2,lunch_restart
489,1,0.390972,0.659717,0.344174,0.355274,2,lunch_restart
489,2,0.424149,0.647331,0.314503,0.349303,2,lunch_restart
489,3,0.47053,0.63836,0.397785,0.35547,2,lunch_restart
489,4,0.474606,0.687765,0.366869,0.395802,2,lunch_restart
489,5,0.468645,0.684703,0.439845,0.359274,2,lunch_restart
489,6,0.47566,0.671363,0.487749,0.407124,2,lunch_restart
489,7,0.47727,0.707847,0.414756,0.379997,2,lunch_restart
489,8,0.486397,0.685317,0.460258,0.437832,2,lunch_restart
489,9,0.534216,0.723787,0.471132,0.429958,2,lunch_restart
490,0,0.550817,0.748411,0.25365,0.359775,2,startup_surge
490,1,0.47779,0.703261,0.427675,0.383778,2,startup_surge
490,2,0.476942,0.738882,0.306034,0.386513,2,startup_surge
490,3,0.628153,0.77433,0.489923,0.33402,2,startup_surge
490,4,0.699874,0.751681,0.278639,0.19736,2,startup_surge
490,5,0.49862,0.745129,0.446644,0.277379,2,startup_surge
490,6,0.507397,0.686625,0.348158,0.222476,2,startup_surge
490,7,0.524105,0.759735,0.45264,0.333475,2,startup_surge
490,8,0.646277,0.70676,0.254911,0.215502,2,startup_surge
490,9,0.576473,0.734889,0.390101,0.395067,2,startup_surge
491,0,0.020058,0.09022,0.010594,0.046247,0,lunch_restart
491,1,0.036537,0.096084,0.017933,0.027331,0,lunch_restart
491,2,0.040409,0.093677,0.015219,0.017501,0,lunch_restart
491,3,0.063578,0.132952,0.000288,0.075742,0,lunch_restart
491,4,0.057344,0.114718,0.02635,0.039752,0,lunch_restart
491,5,0.073638,0.15911,0.042562,0.044962,0,lunch_restart
491,6,0.054671,0.1578,0.004882,0.047156,0,lunch_restart
491,7,0.064892,0.175061,0.040765,0.054865,0,lunch_restart
491,8,0.066977,0.157212,0.053223,0.050644,0,lunch_restart
491,9,0.087434,0.207369,0.047867,0.076659,0,lunch_restart
492,0,0.34523,0.474645,0.215297,0.164028,2,startup_surge
492,1,0.377026,0.552502,0.20963,0.208242,2,startup_surge
492,2,0.402117,0.568882,0.233145,0.196116,2,startup_surge
492,3,0.697556,0.700003,0.277788,0.327845,2,startup_surge
492,4,0.461151,0.707657,0.285014,0.331388,2,startup_surge
492,5,0.664742,0.747049,0.301404,0.394746,2,startup_surge
492,6,0.469363,0.705153,0.381447,0.224531,2,startup_surge
492,7,0.582249,0.729449,0.37507,0.266429,2,startup_surge
492,8,0.56303,0.74526,0.276714,0.392229,2,startup_surge
492,9,0.682889,0.683445,0.261927,0.331802,2,startup_surge
493,0,0.058117,0.100284,0.029111,0.056102,0,startup_surge
493,1,0.087382,0.18389,0.029374,0.032936,0,startup_surge
493,2,0.093418,0.106709,0.019902,0.030862,0,startup_surge
493,3,0.060275,0.195926,0.021688,0.05216,0,startup_surge
493,4,0.05147,0.184385,0.020792,0.034065,0,startup_surge
493,5,0.080457,0.110378,0.018165,0.042523,0,startup_surge
493,6,0.099064,0.112203,0.006113,0.044562,0,startup_surge
493,7,0.083941,0.173712,0.021923,0.031779,0,startup_surge
493,8,0.062635,0.154367,0.012647,0.03423,0,startup_surge
493,9,0.098218,0.173939,0.037482,0.050086,0,startup_surge
494,0,0.275212,0.459965,0.220562,0.215961,1,lunch_restart
494,1,0.274257,0.471251,0.233142,0.214045,1,lunch_restart
494,2,0.316649,0.496426,0.253522,0.241323,1,lunch_restart
494,3,0.323084,0.537926,0.243995,0.248668,1,lunch_restart
494,4,0.340493,0.540163,0.24773,0.256763,1,lunch_restart
494,5,0.328815,0.564445,0.2772,0.295081,1,lunch_restart
494,6,0.342795,0.522126,0.337331,0.237615,1,lunch_restart
494,7,0.370916,0.597352,0.319014,0.379103,1,lunch_restart
494,8,0.353047,0.625363,0.323387,0.266168,1,lunch_restart
494,9,0.350723,0.595357,0.323705,0.373046,1,lunch_restart
495,0,0.029037,0.065719,0.0027,0.012799,0,lunch_restart
495,1,0.029908,0.069896,0.004045,0.022709,0,lunch_restart
495,2,0.026748,0.098884,0.005957,0.027741,0,lunch_restart
495,3,0.026106,0.055376,0.005676,0.022863,0,lunch_restart
495,4,0.017321,0.089795,0.006133,0.027913,0,lunch_restart
495,5,0.021596,0.050578,0.001793,0.029981,0,lunch_restart
495,6,0.017029,0.074326,0.006569,0.017184,0,lunch_restart
495,7,0.025687,0.05767,0.005443,0.024466,0,lunch_restart
495,8,0.013437,0.079943,0.005299,0.020799,0,lunch_restart
495,9,0.014333,0.089908,0.004451,0.019099,0,lunch_restart
496,0,0.060704,0.120486,0.015757,0.054452,0,startup_surge
496,1,0.088352,0.107073,0.020763,0.04856,0,startup_surge
496,2,0.057679,0.156105,0.018928,0.038397,0,startup_surge
496,3,0.087015,0.156888,0.022661,0.029508,0,startup_surge
496,4,0.054015,0.121467,0.030624,0.053286,0,startup_surge
496,5,0.055205,0.179081,0.003821,0.029981,0,startup_surge
496,6,0.052426,0.12363,0.032118,0.056165,0,startup_surge
496,7,0.082978,0.197206,0.005359,0.037594,0,startup_surge
496,8,0.058277,0.171156,0.031088,0.0465,0,startup_surge
496,9,0.068174,0.16057,0.025286,0.028902,0,startup_surge
497,0,0.092211,0.111699,0.004434,0.039612,0,startup_surge
497,1,0.060631,0.175904,0.019511,0.051364,0,startup_surge
497,2,0.051291,0.120548,0.018347,0.02429,0,startup_surge
497,3,0.08765,0.109632,0.005154,0.044725,0,startup_surge
497,4,0.08518,0.168982,0.020053,0.034531,0,startup_surge
497,5,0.085127,0.166646,0.013223,0.0735,0,startup_surge
497,6,0.104033,0.21472,0.038557,0.050185,0,startup_surge
497,7,0.100928,0.250427,0.033404,0.06983,0,startup_surge
497,8,0.102935,0.171248,0.026478,0.03888,0,startup_surge
497,9,0.160946,0.316499,0.086367,0.076011,0,startup_surge
498,0,0.537229,0.461948,0.062271,0.166276,1,emergency_ramp
498,1,0.605977,0.45249,0.178758,0.182104,1,emergency_ramp
498,2,0.585233,0.495648,0.182945,0.248907,1,emergency_ramp
498,3,0.573467,0.528104,0.19708,0.225909,1,emergency_ramp
498,4,0.585317,0.52724,0.214663,0.233288,1,emergency_ramp
498,5,0.589571,0.52471,0.18352,0.251164,1,emergency_ramp
498,6,0.619643,0.534165,0.218835,0.25278,1,emergency_ramp
498,7,0.620673,0.535036,0.29596,0.318221,1,emergency_ramp
498,8,0.63946,0.563989,0.216624,0.329265,1,emergency_ramp
498,9,0.658387,0.586811,0.234003,0.321373,1,emergency_ramp
499,0,0.303457,0.400044,0.058043,0.142419,1,imbalanced_ap_load
499,1,0.347397,0.421362,0.082524,0.110281,1,imbalanced_ap_load
499,2,0.330953,0.436186,0.102355,0.133541,1,imbalanced_ap_load
499,3,0.361057,0.474445,0.099919,0.158343,1,imbalanced_ap_load
499,4,0.343127,0.464435,0.127476,0.1684,1,imbalanced_ap_load
499,5,0.351281,0.487298,0.127129,0.172101,1,imbalanced_ap_load
499,6,0.391499,0.495068,0.141109,0.164399,1,imbalanced_ap_load
499,7,0.371136,0.504245,0.147578,0.189854,1,imbalanced_ap_load
499,8,0.365955,0.517937,0.152669,0.204343,1,imbalanced_ap_load
499,9,0.382822,0.547966,0.141644,0.183509,1,imbalanced_ap_load
500,0,0.589615,0.742587,0.463598,0.419634,2,imbalanced_ap_load
500,1,0.616565,0.764884,0.411222,0.405502,2,imbalanced_ap_load
500,2,0.607324,0.758994,0.428593,0.409862,2,imbalanced_ap_load
500,3,0.643921,0.781299,0.498244,0.472152,2,imbalanced_ap_load
500,4,0.617849,0.755018,0.477418,0.40992,2,imbalanced_ap_load
500,5,0.626989,0.784537,0.535856,0.474396,2,imbalanced_ap_load
500,6,0.688309,0.819041,0.483196,0.47851,2,imbalanced_ap_load
500,7,0.635656,0.789908,0.538709,0.457796,2,imbalanced_ap_load
500,8,0.671919,0.83766,0.555087,0.471611,2,imbalanced_ap_load
500,9,0.714927,0.810473,0.583479,0.480725,2,imbalanced_ap_load
501,0,0.404691,0.60468,0.379641,0.321189,2,lunch_restart
501,1,0.412077,0.643149,0.337569,0.339441,2,lunch_restart
501,2,0.403359,0.638774,0.392297,0.329349,2,lunch_restart
501,3,0.46864,0.660229,0.380662,0.3516,2,lunch_restart
501,4,0.394287,0.678236,0.433551,0.377864,2,lunch_restart
501,5,0.434928,0.659913,0.427105,0.397025,2,lunch_restart
501,6,0.456212,0.677081,0.472519,0.357568,2,lunch_restart
501,7,0.461532,0.703718,0.384659,0.377767,2,lunch_restart
501,8,0.516496,0.648355,0.443699,0.425439,2,lunch_restart
501,9,0.470517,0.705859,0.404901,0.432031,2,lunch_restart
502,0,0.116006,0.22985,0.059109,0.092906,0,lunch_restart
502,1,0.115809,0.231681,0.060914,0.113523,0,lunch_restart
502,2,0.127273,0.247181,0.080122,0.089531,0,lunch_restart
502,3,0.118579,0.259346,0.091276,0.093483,0,lunch_restart
502,4,0.13341,0.232861,0.121024,0.108675,0,lunch_restart
502,5,0.157071,0.305406,0.094599,0.145513,0,lunch_restart
502,6,0.15802,0.316941,0.140427,0.122912,0,lunch_restart
502,7,0.171719,0.36366,0.104606,0.132448,0,lunch_restart
502,8,0.211852,0.355992,0.115637,0.122681,0,lunch_restart
502,9,0.224941,0.348434,0.164075,0.159322,0,lunch_restart
503,0,0.021555,0.095248,0.000514,0.029694,0,lunch_restart
503,1,0.010041,0.076225,5.2e-05,0.011684,0,lunch_restart
503,2,0.026298,0.068586,0.003148,0.012233,0,lunch_restart
503,3,0.024493,0.077396,6.9e-05,0.029555,0,lunch_restart
503,4,0.040704,0.099093,0.024655,0.038163,0,lunch_restart
503,5,0.03052,0.119051,0.025825,0.032848,0,lunch_restart
503,6,0.037986,0.150054,0.01693,0.035493,0,lunch_restart
503,7,0.062012,0.094382,0.005912,0.044004,0,lunch_restart
503,8,0.073524,0.134955,0.014296,0.062838,0,lunch_restart
503,9,0.074324,0.130023,0.004401,0.059086,0,lunch_restart
504,0,0.029982,0.0962,0.002731,0.029908,0,lunch_restart
504,1,0.024339,0.07796,0.00033,0.029412,0,lunch_restart
504,2,0.016008,0.089872,0.004317,0.01139,0,lunch_restart
504,3,0.029464,0.055196,0.004515,0.023556,0,lunch_restart
504,4,0.022695,0.055861,0.003153,0.021699,0,lunch_restart
504,5,0.025387,0.085015,0.000321,0.028601,0,lunch_restart
504,6,0.016874,0.052543,0.003772,0.021559,0,lunch_restart
504,7,0.014335,0.085572,0.000687,0.019149,0,lunch_restart
504,8,0.018996,0.061533,0.003027,0.018979,0,lunch_restart
504,9,0.018334,0.061738,0.005323,0.027072,0,lunch_restart
505,0,0.026644,0.08133,0.003706,0.011913,0,lunch_restart
505,1,0.014623,0.057842,0.004638,0.024044,0,lunch_restart
505,2,0.027642,0.090823,0.006301,0.024087,0,lunch_restart
505,3,0.022191,0.082034,0.001793,0.014496,0,lunch_restart
505,4,0.026464,0.096849,0.000692,0.019813,0,lunch_restart
505,5,0.01137,0.083479,0.002859,0.023249,0,lunch_restart
505,6,0.017138,0.050861,0.003645,0.027947,0,lunch_restart
505,7,0.020497,0.075518,0.00152,0.012209,0,lunch_restart
505,8,0.021539,0.095183,0.005937,0.027844,0,lunch_restart
505,9,0.011981,0.061615,0.005326,0.028448,0,lunch_restart
506,0,0.280858,0.420398,0.21193,0.207242,1,lunch_restart
506,1,0.267531,0.455896,0.232404,0.220343,1,lunch_restart
506,2,0.28479,0.509891,0.253096,0.245429,1,lunch_restart
506,3,0.306053,0.528188,0.250628,0.217387,1,lunch_restart
506,4,0.312493,0.565289,0.234397,0.233676,1,lunch_restart
506,5,0.322274,0.50488,0.279234,0.240404,1,lunch_restart
506,6,0.347062,0.567167,0.239873,0.27634,1,lunch_restart
506,7,0.339561,0.560765,0.300124,0.303056,1,lunch_restart
506,8,0.33483,0.576054,0.294237,0.240755,1,lunch_restart
506,9,0.360306,0.620172,0.320771,0.281237,1,lunch_restart
507,0,0.361601,0.313951,0.080946,0.119163,1,emergency_ramp
507,1,0.492938,0.388081,0.082455,0.159834,1,emergency_ramp
507,2,0.399332,0.339048,0.070861,0.077202,1,emergency_ramp
507,3,0.311978,0.317565,0.044543,0.155668,1,emergency_ramp
507,4,0.467141,0.386911,0.091715,0.146548,1,emergency_ramp
507,5,0.345446,0.302441,0.073061,0.158585,1,emergency_ramp
507,6,0.475751,0.343575,0.067659,0.136619,1,emergency_ramp
507,7,0.483288,0.372414,0.071173,0.145699,1,emergency_ramp
507,8,0.314553,0.369554,0.038859,0.11946,1,emergency_ramp
507,9,0.481931,0.414086,0.144829,0.179449,1,emergency_ramp
508,0,0.086241,0.196207,0.039252,0.058056,0,lunch_restart
508,1,0.077253,0.184278,0.058889,0.07558,0,lunch_restart
508,2,0.113556,0.179754,0.052686,0.062083,0,lunch_restart
508,3,0.079355,0.191655,0.06444,0.07862,0,lunch_restart
508,4,0.104123,0.220154,0.048379,0.0738,0,lunch_restart
508,5,0.108469,0.240959,0.068343,0.091088,0,lunch_restart
508,6,0.10518,0.226861,0.037397,0.102094,0,lunch_restart
508,7,0.113149,0.245568,0.062295,0.088564,0,lunch_restart
508,8,0.136627,0.21927,0.053226,0.109025,0,lunch_restart
508,9,0.117268,0.237845,0.074736,0.088449,0,lunch_restart
509,0,0.296193,0.488909,0.204109,0.164775,2,startup_surge
509,1,0.365582,0.480881,0.208099,0.206741,2,startup_surge
509,2,0.366479,0.493011,0.23639,0.222372,2,startup_surge
509,3,0.381128,0.574341,0.201222,0.211643,2,startup_surge
509,4,0.406123,0.635881,0.215067,0.227239,2,startup_surge
509,5,0.563908,0.727207,0.264282,0.33828,2,startup_surge
509,6,0.518066,0.739785,0.351864,0.265341,2,startup_surge
509,7,0.615539,0.717544,0.220133,0.385381,2,startup_surge
509,8,0.641694,0.729265,0.269853,0.223847,2,startup_surge
509,9,0.684537,0.673898,0.370972,0.181101,2,startup_surge
510,0,0.062981,0.180985,0.023725,0.039848,0,startup_surge
510,1,0.057804,0.123672,0.011035,0.029407,0,startup_surge
510,2,0.062812,0.118015,0.019338,0.040445,0,startup_surge
510,3,0.105624,0.20348,0.030944,0.076727,0,startup_surge
510,4,0.139033,0.164524,0.059131,0.067289,0,startup_surge
510,5,0.106148,0.261404,0.091308,0.071131,0,startup_surge
510,6,0.139945,0.238258,0.032705,0.027156,0,startup_surge
510,7,0.146712,0.271041,0.039959,0.093938,0,startup_surge
510,8,0.158976,0.307429,0.086783,0.089336,0,startup_surge
510,9,0.14442,0.287591,0.051033,0.086799,0,startup_surge
511,0,0.359175,0.382057,0.0985,0.158294,0,emergency_ramp
511,1,0.471961,0.313125,0.037366,0.101526,0,emergency_ramp
511,2,0.383823,0.324013,0.03725,0.088536,0,emergency_ramp
511,3,0.461557,0.375689,0.090943,0.138007,0,emergency_ramp
511,4,0.380554,0.360256,0.0369,0.118805,0,emergency_ramp
511,5,0.32679,0.334636,0.093825,0.150454,0,emergency_ramp
511,6,0.338924,0.341793,0.039601,0.070637,0,emergency_ramp
511,7,0.476241,0.339468,0.040829,0.065467,0,emergency_ramp
511,8,0.336248,0.350207,0.055384,0.154315,0,emergency_ramp
511,9,0.487089,0.344013,0.081785,0.104599,0,emergency_ramp
512,0,0.361519,0.466467,0.137733,0.128148,1,imbalanced_ap_load
512,1,0.365649,0.468954,0.140627,0.185171,1,imbalanced_ap_load
512,2,0.363977,0.50164,0.123974,0.170342,1,imbalanced_ap_load
512,3,0.361329,0.484464,0.089988,0.15738,1,imbalanced_ap_load
512,4,0.372004,0.507163,0.157791,0.168316,1,imbalanced_ap_load
512,5,0.386731,0.546211,0.145737,0.202114,1,imbalanced_ap_load
512,6,0.426792,0.559787,0.18039,0.209304,1,imbalanced_ap_load
512,7,0.398032,0.560168,0.20721,0.24281,1,imbalanced_ap_load
512,8,0.427599,0.552909,0.172313,0.22398,1,imbalanced_ap_load
512,9,0.455186,0.551454,0.20902,0.240389,1,imbalanced_ap_load
513,0,0.137997,0.255781,0.132023,0.124988,1,lunch_restart
513,1,0.189288,0.326558,0.120765,0.123836,1,lunch_restart
513,2,0.142045,0.317878,0.104878,0.141322,1,lunch_restart
513,3,0.153833,0.328192,0.145271,0.139457,1,lunch_restart
513,4,0.20277,0.324356,0.172585,0.151409,1,lunch_restart
513,5,0.205222,0.389185,0.171271,0.133732,1,lunch_restart
513,6,0.213293,0.370335,0.141036,0.176261,1,lunch_restart
513,7,0.19825,0.418462,0.17337,0.176881,1,lunch_restart
513,8,0.22772,0.408853,0.199409,0.195077,1,lunch_restart
513,9,0.282486,0.446399,0.195448,0.165587,1,lunch_restart
514,0,0.102319,0.206793,0.107031,0.065483,0,startup_surge
514,1,0.137273,0.207173,0.023339,0.09228,0,startup_surge
514,2,0.098868,0.240758,0.04335,0.0652,0,startup_surge
514,3,0.156174,0.28111,0.039272,0.082555,0,startup_surge
514,4,0.156169,0.261459,0.100563,0.094733,0,startup_surge
514,5,0.192865,0.34297,0.058438,0.082227,0,startup_surge
514,6,0.193622,0.290851,0.112828,0.109545,0,startup_surge
514,7,0.223691,0.271696,0.11431,0.128504,0,startup_surge
514,8,0.219445,0.331634,0.107508,0.121866,0,startup_surge
514,9,0.203065,0.335383,0.156553,0.119965,0,startup_surge
515,0,0.01547,0.064231,0.002732,0.020367,0,lunch_restart
515,1,0.013831,0.088663,0.001396,0.028037,0,lunch_restart
515,2,0.028636,0.082476,0.005906,0.025791,0,lunch_restart
515,3,0.020991,0.094381,0.006578,0.011139,0,lunch_restart
515,4,0.015028,0.06831,0.004735,0.022549,0,lunch_restart
515,5,0.018432,0.075258,0.003437,0.019894,0,lunch_restart
515,6,0.010593,0.05721,0.006089,0.01827,0,lunch_restart
515,7,0.010072,0.092638,0.003501,0.010675,0,lunch_restart
515,8,0.016855,0.08093,0.002303,0.027562,0,lunch_restart
515,9,0.024152,0.095526,0.001247,0.016542,0,lunch_restart
516,0,0.100771,0.201748,0.049138,0.06088,0,lunch_restart
516,1,0.100955,0.212152,0.059326,0.071878,0,lunch_restart
516,2,0.106793,0.224236,0.055436,0.079311,0,lunch_restart
516,3,0.107381,0.22303,0.05732,0.076142,0,lunch_restart
516,4,0.117002,0.235587,0.042778,0.074249,0,lunch_restart
516,5,0.104444,0.240518,0.064335,0.078971,0,lunch_restart
516,6,0.116758,0.27179,0.072774,0.099907,0,lunch_restart
516,7,0.120145,0.275299,0.065609,0.10893,0,lunch_restart
516,8,0.157491,0.22837,0.066865,0.11536,0,lunch_restart
516,9,0.14034,0.320818,0.094578,0.129467,0,lunch_restart
517,0,0.324991,0.555956,0.272182,0.259403,2,lunch_restart
517,1,0.323631,0.561123,0.31529,0.242817,2,lunch_restart
517,2,0.318122,0.573453,0.284464,0.244965,2,lunch_restart
517,3,0.345754,0.585681,0.297793,0.291974,2,lunch_restart
517,4,0.358318,0.587369,0.295362,0.244356,2,lunch_restart
517,5,0.363983,0.595982,0.340924,0.277827,2,lunch_restart
517,6,0.406428,0.604638,0.364278,0.267921,2,lunch_restart
517,7,0.361416,0.601638,0.312751,0.333214,2,lunch_restart
517,8,0.371337,0.630195,0.343233,0.290419,2,lunch_restart
517,9,0.422697,0.674783,0.389314,0.344972,2,lunch_restart
518,0,0.510243,0.748678,0.232743,0.211652,2,startup_surge
518,1,0.480689,0.675727,0.448829,0.382614,2,startup_surge
518,2,0.657778,0.67485,0.439045,0.216417,2,startup_surge
518,3,0.488321,0.771308,0.269792,0.242638,2,startup_surge
518,4,0.494817,0.707709,0.359231,0.213795,2,startup_surge
518,5,0.599846,0.696114,0.381805,0.205408,2,startup_surge
518,6,0.668641,0.71863,0.460322,0.184653,2,startup_surge
518,7,0.499109,0.739544,0.380932,0.192187,2,startup_surge
518,8,0.527581,0.774675,0.323771,0.218421,2,startup_surge
518,9,0.644351,0.694374,0.312255,0.191744,2,startup_surge
519,0,0.023958,0.05328,0.00594,0.017544,0,lunch_restart
519,1,0.021284,0.094935,0.005275,0.018125,0,lunch_restart
519,2,0.023845,0.085506,0.001478,0.023632,0,lunch_restart
519,3,0.012965,0.066344,0.001614,0.028047,0,lunch_restart
519,4,0.014122,0.070123,0.003268,0.011221,0,lunch_restart
519,5,0.017354,0.071605,0.002202,0.018985,0,lunch_restart
519,6,0.028868,0.071655,0.003699,0.017956,0,lunch_restart
519,7,0.015974,0.05103,0.001446,0.029296,0,lunch_restart
519,8,0.012574,0.05905,0.002716,0.02412,0,lunch_restart
519,9,0.019258,0.071791,0.006107,0.029098,0,lunch_restart
520,0,0.09825,0.138174,0.009208,0.033723,0,startup_surge
520,1,0.067544,0.189545,0.012062,0.053637,0,startup_surge
520,2,0.095713,0.186822,0.017946,0.038772,0,startup_surge
520,3,0.089652,0.147566,0.000111,0.033255,0,startup_surge
520,4,0.061306,0.171828,0.000138,0.027078,0,startup_surge
520,5,0.07814,0.14521,0.007793,0.025024,0,startup_surge
520,6,0.108368,0.16694,0.012356,0.085876,0,startup_surge
520,7,0.133893,0.234805,0.01969,0.089477,0,startup_surge
520,8,0.133317,0.279481,0.070241,0.068252,0,startup_surge
520,9,0.128839,0.31156,0.090258,0.038678,0,startup_surge
521,0,0.027825,0.078225,0.001414,0.010228,0,lunch_restart
521,1,0.019357,0.067102,0.005975,0.012466,0,lunch_restart
521,2,0.015912,0.052438,0.005659,0.013811,0,lunch_restart
521,3,0.021468,0.09317,0.00186,0.027716,0,lunch_restart
521,4,0.028484,0.08377,0.002536,0.020913,0,lunch_restart
521,5,0.023617,0.097761,0.006392,0.016219,0,lunch_restart
521,6,0.029103,0.090022,0.002613,0.010882,0,lunch_restart
521,7,0.021583,0.077969,0.002183,0.01071,0,lunch_restart
521,8,0.010424,0.073019,0.001337,0.02155,0,lunch_restart
521,9,0.018958,0.09733,0.002718,0.024062,0,lunch_restart
522,0,0.340173,0.418832,0.090002,0.156678,1,imbalanced_ap_load
522,1,0.351772,0.451287,0.119551,0.140807,1,imbalanced_ap_load
522,2,0.342376,0.449538,0.135385,0.173538,1,imbalanced_ap_load
522,3,0.380927,0.498063,0.1266,0.155182,1,imbalanced_ap_load
522,4,0.369417,0.493212,0.139958,0.175612,1,imbalanced_ap_load
522,5,0.366155,0.524296,0.164607,0.180989,1,imbalanced_ap_load
522,6,0.384118,0.536182,0.164961,0.19398,1,imbalanced_ap_load
522,7,0.410495,0.552748,0.173806,0.217707,1,imbalanced_ap_load
522,8,0.392614,0.531914,0.16433,0.209886,1,imbalanced_ap_load
522,9,0.404476,0.572419,0.188955,0.219829,1,imbalanced_ap_load
523,0,0.012759,0.053765,0.00295,0.023862,0,lunch_restart
523,1,0.020205,0.087431,0.003245,0.011998,0,lunch_restart
523,2,0.017675,0.053199,0.005079,0.017325,0,lunch_restart
523,3,0.028263,0.063857,0.001692,0.011601,0,lunch_restart
523,4,0.020219,0.062835,0.000648,0.020831,0,lunch_restart
523,5,0.019039,0.094571,0.006385,0.024003,0,lunch_restart
523,6,0.027247,0.076724,0.004664,0.011131,0,lunch_restart
523,7,0.025922,0.092154,0.004348,0.028443,0,lunch_restart
523,8,0.024278,0.079114,0.00222,0.017483,0,lunch_restart
523,9,0.020547,0.090345,0.006638,0.014696,0,lunch_restart
524,0,0.820353,0.869687,0.713579,0.650829,3,emergency_ramp
524,1,0.840377,0.86054,0.675066,0.655342,3,emergency_ramp
524,2,0.801388,0.868633,0.715117,0.658663,3,emergency_ramp
524,3,0.783879,0.897528,0.786033,0.795454,3,emergency_ramp
524,4,0.885637,0.923014,0.804294,0.717097,3,emergency_ramp
524,5,0.831777,0.905189,0.811368,0.77114,3,emergency_ramp
524,6,0.852511,0.889603,0.845052,0.804202,3,emergency_ramp
524,7,0.888719,0.902786,0.828916,0.812759,3,emergency_ramp
524,8,0.862882,0.927288,0.822859,0.829566,3,emergency_ramp
524,9,0.849884,0.947863,0.856591,0.745864,3,emergency_ramp
525,0,0.024389,0.060913,0.003663,0.028522,0,lunch_restart
525,1,0.022183,0.07371,0.003371,0.012822,0,lunch_restart
525,2,0.019209,0.051048,0.004905,0.015042,0,lunch_restart
525,3,0.019423,0.066505,0.003964,0.010709,0,lunch_restart
525,4,0.00976,0.09701,0.022301,0.041911,0,lunch_restart
525,5,0.034643,0.103202,0.018393,0.030913,0,lunch_restart
525,6,0.050019,0.146636,0.007405,0.023594,0,lunch_restart
525,7,0.055408,0.134875,0.003687,0.0631,0,lunch_restart
525,8,0.054002,0.139073,0.027195,0.035661,0,lunch_restart
525,9,0.072171,0.147079,0.013519,0.057118,0,lunch_restart
526,0,0.37431,0.302838,0.04763,0.099723,0,emergency_ramp
526,1,0.471635,0.344328,0.096318,0.158707,0,emergency_ramp
526,2,0.419017,0.363271,0.070668,0.074035,0,emergency_ramp
526,3,0.425692,0.317715,0.042043,0.148107,0,emergency_ramp
526,4,0.420231,0.332639,0.086561,0.100717,0,emergency_ramp
526,5,0.387833,0.328828,0.074515,0.1117,0,emergency_ramp
526,6,0.336398,0.37442,0.086878,0.142433,0,emergency_ramp
526,7,0.309087,0.387889,0.073447,0.1585,0,emergency_ramp
526,8,0.355935,0.3454,0.09091,0.062667,0,emergency_ramp
526,9,0.496019,0.335766,0.082393,0.094792,0,emergency_ramp
527,0,0.264958,0.449282,0.250156,0.232602,1,lunch_restart
527,1,0.228935,0.437067,0.247478,0.234991,1,lunch_restart
527,2,0.284217,0.495994,0.196557,0.231141,1,lunch_restart
527,3,0.324716,0.485102,0.229818,0.221252,1,lunch_restart
527,4,0.287375,0.564679,0.241521,0.2404,1,lunch_restart
527,5,0.332028,0.553536,0.26507,0.256486,1,lunch_restart
527,6,0.335047,0.568513,0.289303,0.272557,1,lunch_restart
527,7,0.332012,0.520981,0.260314,0.292207,1,lunch_restart
527,8,0.334443,0.598129,0.312258,0.292984,1,lunch_restart
527,9,0.340973,0.58942,0.325435,0.304337,1,lunch_restart
528,0,0.075265,0.159788,0.00733,0.046367,0,startup_surge
528,1,0.11879,0.176608,0.080081,0.078497,0,startup_surge
528,2,0.131283,0.251727,0.057576,0.065066,0,startup_surge
528,3,0.115661,0.254894,0.071759,0.085582,0,startup_surge
528,4,0.15344,0.325272,0.096842,0.071171,0,startup_surge
528,5,0.163025,0.254927,0.100558,0.098633,0,startup_surge
528,6,0.188796,0.311576,0.106927,0.112225,0,startup_surge
528,7,0.223761,0.29915,0.076663,0.095369,0,startup_surge
528,8,0.207956,0.347186,0.073274,0.116525,0,startup_surge
528,9,0.198,0.360021,0.104067,0.106855,0,startup_surge
529,0,0.07291,0.184516,0.049306,0.065267,0,lunch_restart
529,1,0.088895,0.193832,0.040529,0.090253,0,lunch_restart
529,2,0.079648,0.199484,0.028326,0.079829,0,lunch_restart
529,3,0.082057,0.20366,0.044433,0.070159,0,lunch_restart
529,4,0.107255,0.212075,0.054176,0.080937,0,lunch_restart
529,5,0.117231,0.218869,0.050389,0.062186,0,lunch_restart
529,6,0.097183,0.229643,0.062656,0.063678,0,lunch_restart
529,7,0.108274,0.239483,0.058951,0.083228,0,lunch_restart
529,8,0.125156,0.22011,0.057182,0.090457,0,lunch_restart
529,9,0.119219,0.238146,0.055807,0.100944,0,lunch_restart
530,0,0.165496,0.304594,0.140695,0.137974,1,lunch_restart
530,1,0.19205,0.346501,0.144818,0.143888,1,lunch_restart
530,2,0.171305,0.361469,0.126582,0.174415,1,lunch_restart
530,3,0.202829,0.412298,0.19082,0.140233,1,lunch_restart
530,4,0.232233,0.380446,0.142551,0.159364,1,lunch_restart
530,5,0.241491,0.419295,0.171816,0.193698,1,lunch_restart
530,6,0.24339,0.388734,0.197144,0.206844,1,lunch_restart
530,7,0.261562,0.415753,0.194167,0.221533,1,lunch_restart
530,8,0.287687,0.488395,0.270013,0.208872,1,lunch_restart
530,9,0.293603,0.501513,0.194445,0.21203,1,lunch_restart
531,0,0.087541,0.172125,0.025313,0.04451,0,startup_surge
531,1,0.056602,0.149507,0.008911,0.023795,0,startup_surge
531,2,0.063735,0.147066,0.000429,0.038793,0,startup_surge
531,3,0.06262,0.15632,0.030475,0.058375,0,startup_surge
531,4,0.080401,0.181836,0.012034,0.028315,0,startup_surge
531,5,0.062918,0.164743,0.008403,0.023362,0,startup_surge
531,6,0.075794,0.114398,0.015869,0.031223,0,startup_surge
531,7,0.072107,0.114041,0.008312,0.041917,0,startup_surge
531,8,0.079283,0.14159,0.024441,0.05474,0,startup_surge
531,9,0.067568,0.165909,0.010227,0.034192,0,startup_surge
532,0,0.43082,0.563044,0.193955,0.195669,2,imbalanced_ap_load
532,1,0.409138,0.505159,0.179195,0.238048,2,imbalanced_ap_load
532,2,0.437763,0.586072,0.206249,0.237181,2,imbalanced_ap_load
532,3,0.458808,0.581748,0.180446,0.244448,2,imbalanced_ap_load
532,4,0.460641,0.586006,0.207793,0.241704,2,imbalanced_ap_load
532,5,0.456307,0.646553,0.212817,0.278369,2,imbalanced_ap_load
532,6,0.474272,0.613839,0.241599,0.250323,2,imbalanced_ap_load
532,7,0.454017,0.672034,0.22922,0.276706,2,imbalanced_ap_load
532,8,0.47348,0.63892,0.243292,0.332396,2,imbalanced_ap_load
532,9,0.460937,0.66518,0.275465,0.306212,2,imbalanced_ap_load
533,0,0.066996,0.174861,0.003112,0.027227,0,startup_surge
533,1,0.058373,0.176567,0.008144,0.059535,0,startup_surge
533,2,0.052996,0.151104,0.032122,0.040185,0,startup_surge
533,3,0.071895,0.142502,0.031183,0.026156,0,startup_surge
533,4,0.098593,0.138291,0.009734,0.038696,0,startup_surge
533,5,0.0521,0.113664,0.0182,0.023606,0,startup_surge
533,6,0.096358,0.197291,0.019706,0.053665,0,startup_surge
533,7,0.063801,0.167551,0.032651,0.045574,0,startup_surge
533,8,0.052868,0.150774,0.020773,0.040834,0,startup_surge
533,9,0.058642,0.162995,0.028321,0.049196,0,startup_surge
534,0,0.186614,0.316816,0.092847,0.129384,1,startup_surge
534,1,0.218922,0.356378,0.143052,0.102975,1,startup_surge
534,2,0.19185,0.385866,0.135376,0.114193,1,startup_surge
534,3,0.22917,0.366672,0.122301,0.142408,1,startup_surge
534,4,0.239194,0.367314,0.131761,0.12511,1,startup_surge
534,5,0.237867,0.423921,0.147315,0.117742,1,startup_surge
534,6,0.299077,0.424218,0.166492,0.131818,1,startup_surge
534,7,0.297868,0.447562,0.213894,0.17637,1,startup_surge
534,8,0.301889,0.47841,0.197297,0.156745,1,startup_surge
534,9,0.337948,0.513132,0.217144,0.173631,1,startup_surge
535,0,0.086718,0.108992,0.026075,0.032744,0,startup_surge
535,1,0.072352,0.225697,0.009994,0.034012,0,startup_surge
535,2,0.096359,0.228987,0.013517,0.066642,0,startup_surge
535,3,0.106945,0.226959,0.034049,0.051367,0,startup_surge
535,4,0.133661,0.218216,0.029541,0.057012,0,startup_surge
535,5,0.135136,0.257466,0.084294,0.082381,0,startup_surge
535,6,0.149426,0.312555,0.072331,0.10946,0,startup_surge
535,7,0.171869,0.242863,0.107246,0.104449,0,startup_surge
535,8,0.203039,0.259602,0.082376,0.111773,0,startup_surge
535,9,0.224082,0.302906,0.09208,0.106357,0,startup_surge
536,0,0.016966,0.051047,0.002082,0.020368,0,lunch_restart
536,1,0.020056,0.074022,0.005647,0.027159,0,lunch_restart
536,2,0.023452,0.06608,0.002173,0.028411,0,lunch_restart
536,3,0.017576,0.084308,0.000802,0.016403,0,lunch_restart
536,4,0.019759,0.085291,0.003325,0.026469,0,lunch_restart
536,5,0.02192,0.084919,0.004224,0.02675,0,lunch_restart
536,6,0.01006,0.069592,0.00184,0.018246,0,lunch_restart
536,7,0.020058,0.09022,0.010594,0.046247,0,lunch_restart
536,8,0.036537,0.096084,0.017933,0.027331,0,lunch_restart
536,9,0.040409,0.093677,0.015219,0.017501,0,lunch_restart
537,0,0.292817,0.532022,0.218821,0.227754,1,lunch_restart
537,1,0.314519,0.546622,0.23841,0.231041,1,lunch_restart
537,2,0.331659,0.561775,0.214423,0.268831,1,lunch_restart
537,3,0.294708,0.537825,0.250424,0.246567,1,lunch_restart
537,4,0.352586,0.583065,0.315824,0.279195,1,lunch_restart
537,5,0.369512,0.590546,0.296606,0.313169,1,lunch_restart
537,6,0.373462,0.567451,0.276598,0.316837,1,lunch_restart
537,7,0.371923,0.577434,0.323932,0.31305,1,lunch_restart
537,8,0.399194,0.58972,0.324174,0.280672,1,lunch_restart
537,9,0.402892,0.627811,0.432459,0.291288,1,lunch_restart
538,0,0.107255,0.212075,0.054176,0.080937,0,lunch_restart
538,1,0.117231,0.218869,0.050389,0.062186,0,lunch_restart
538,2,0.097183,0.229643,0.062656,0.063678,0,lunch_restart
538,3,0.108274,0.239483,0.058951,0.083228,0,lunch_restart
538,4,0.125156,0.22011,0.057182,0.090457,0,lunch_restart
538,5,0.119219,0.238146,0.055807,0.100944,0,lunch_restart
538,6,0.109762,0.265667,0.08413,0.098872,0,lunch_restart
538,7,0.135834,0.290707,0.067283,0.131444,0,lunch_restart
538,8,0.14757,0.306329,0.108303,0.122127,0,lunch_restart
538,9,0.154694,0.297529,0.109743,0.145499,0,lunch_restart
539,0,0.025074,0.05203,0.00435,0.016699,0,lunch_restart
539,1,0.028806,0.086355,0.003903,0.014416,0,lunch_restart
539,2,0.013446,0.067693,0.001828,0.028291,0,lunch_restart
539,3,0.028649,0.056644,0.004879,0.025395,0,lunch_restart
539,4,0.024195,0.096827,0.001412,0.014465,0,lunch_restart
539,5,0.022246,0.051007,0.003417,0.014821,0,lunch_restart
539,6,0.024785,0.089484,0.001268,0.022649,0,lunch_restart
539,7,0.014381,0.070144,0.002335,0.019328,0,lunch_restart
539,8,0.011235,0.069015,0.003326,0.016155,0,lunch_restart
539,9,0.014287,0.070631,0.003816,0.026699,0,lunch_restart
540,0,0.014811,0.089713,0.001339,0.0163,0,lunch_restart
540,1,0.013208,0.093243,0.005398,0.015508,0,lunch_restart
540,2,0.011418,0.098824,0.001645,0.01202,0,lunch_restart
540,3,0.024227,0.090427,0.001482,0.021547,0,lunch_restart
540,4,0.013724,0.056188,0.004482,0.015313,0,lunch_restart
540,5,0.013953,0.097356,0.002658,0.026857,0,lunch_restart
540,6,0.013394,0.09075,0.00557,0.023655,0,lunch_restart
540,7,0.016116,0.060616,0.004255,0.010078,0,lunch_restart
540,8,0.028824,0.05826,0.001921,0.021313,0,lunch_restart
540,9,0.019732,0.096821,0.003986,0.014637,0,lunch_restart
541,0,0.06046,0.122929,0.018794,0.040239,0,startup_surge
541,1,0.081558,0.1541,0.018793,0.026146,0,startup_surge
541,2,0.093438,0.122549,0.015232,0.024089,0,startup_surge
541,3,0.089754,0.122733,0.032329,0.037659,0,startup_surge
541,4,0.064835,0.142546,0.010684,0.032381,0,startup_surge
541,5,0.095104,0.178833,0.01676,0.052832,0,startup_surge
541,6,0.069329,0.127946,0.021179,0.039519,0,startup_surge
541,7,0.094938,0.125156,0.023018,0.049643,0,startup_surge
541,8,0.055173,0.150264,0.028178,0.046453,0,startup_surge
541,9,0.09677,0.135262,0.007362,0.058052,0,startup_surge
542,0,0.011321,0.082605,0.003513,0.017222,0,lunch_restart
542,1,0.0296,0.089918,0.00639,0.01051,0,lunch_restart
542,2,0.020106,0.073129,0.006385,0.019544,0,lunch_restart
542,3,0.013238,0.077124,0.001137,0.027722,0,lunch_restart
542,4,0.014673,0.082273,0.005954,0.019327,0,lunch_restart
542,5,0.014549,0.058753,0.002923,0.020187,0,lunch_restart
542,6,0.020255,0.088559,0.003121,0.021431,0,lunch_restart
542,7,0.018802,0.051654,0.004923,0.029498,0,lunch_restart
542,8,0.02255,0.061868,0.003378,0.01582,0,lunch_restart
542,9,0.018032,0.099247,0.004799,0.029187,0,lunch_restart
543,0,0.450234,0.385763,0.099837,0.066351,1,emergency_ramp
543,1,0.357541,0.352149,0.082295,0.069226,1,emergency_ramp
543,2,0.416487,0.377028,0.082056,0.078137,1,emergency_ramp
543,3,0.335456,0.371931,0.039592,0.135316,1,emergency_ramp
543,4,0.513151,0.452954,0.040194,0.149375,1,emergency_ramp
543,5,0.533077,0.410268,0.075636,0.204808,1,emergency_ramp
543,6,0.571025,0.418879,0.10202,0.167557,1,emergency_ramp
543,7,0.546177,0.448935,0.169117,0.215444,1,emergency_ramp
543,8,0.538563,0.494426,0.139689,0.25081,1,emergency_ramp
543,9,0.569272,0.524093,0.189818,0.2119,1,emergency_ramp
544,0,0.914602,0.928584,0.789223,0.80258,3,emergency_ramp
544,1,0.87516,0.971479,0.88619,0.842616,3,emergency_ramp
544,2,0.870244,0.926372,0.824256,0.781982,3,emergency_ramp
544,3,0.915902,0.911838,0.810312,0.808796,3,emergency_ramp
544,4,0.907551,0.987149,0.898612,0.880203,3,emergency_ramp
544,5,0.971543,0.955604,0.888673,0.943561,3,emergency_ramp
544,6,0.920264,0.955742,0.899276,0.908308,3,emergency_ramp
544,7,0.966027,1.0,0.944075,0.904065,3,emergency_ramp
544,8,0.960296,0.935533,0.919312,0.977334,3,emergency_ramp
544,9,0.92176,0.964541,0.878391,0.922311,3,emergency_ramp
545,0,0.18781,0.350324,0.146566,0.161655,1,lunch_restart
545,1,0.209272,0.391423,0.158402,0.161053,1,lunch_restart
545,2,0.251621,0.386536,0.187421,0.161676,1,lunch_restart
545,3,0.242933,0.406799,0.21722,0.160053,1,lunch_restart
545,4,0.247159,0.432856,0.215578,0.17998,1,lunch_restart
545,5,0.290313,0.471307,0.164731,0.211791,1,lunch_restart
545,6,0.308509,0.472971,0.230876,0.235684,1,lunch_restart
545,7,0.315538,0.48409,0.282811,0.221034,1,lunch_restart
545,8,0.289938,0.515737,0.255586,0.265129,1,lunch_restart
545,9,0.308733,0.509414,0.23181,0.23852,1,lunch_restart
546,0,0.693015,0.611756,0.233453,0.349923,3,emergency_ramp
546,1,0.658249,0.598378,0.288301,0.341908,3,emergency_ramp
546,2,0.729859,0.643952,0.374857,0.317937,3,emergency_ramp
546,3,0.72941,0.877082,0.666299,0.658345,3,emergency_ramp
546,4,0.79723,0.871959,0.66306,0.605538,3,emergency_ramp
546,5,0.776971,0.872415,0.718596,0.615056,3,emergency_ramp
546,6,0.746101,0.863374,0.672029,0.660441,3,emergency_ramp
546,7,0.748526,0.894191,0.752426,0.629186,3,emergency_ramp
546,8,0.773478,0.902911,0.763842,0.616293,3,emergency_ramp
546,9,0.778668,0.885634,0.781732,0.728667,3,emergency_ramp
547,0,0.361269,0.558169,0.23681,0.209582,2,startup_surge
547,1,0.3858,0.558398,0.160367,0.228804,2,startup_surge
547,2,0.609723,0.708199,0.233569,0.346719,2,startup_surge
547,3,0.542643,0.759028,0.278968,0.341863,2,startup_surge
547,4,0.517812,0.662847,0.278379,0.258458,2,startup_surge
547,5,0.662776,0.710281,0.283276,0.265129,2,startup_surge
547,6,0.661691,0.710659,0.275737,0.308934,2,startup_surge
547,7,0.679577,0.730505,0.364044,0.241649,2,startup_surge
547,8,0.646136,0.703033,0.288319,0.306002,2,startup_surge
547,9,0.496192,0.708261,0.431493,0.375278,2,startup_surge
548,0,0.34289,0.31846,0.050288,0.089863,0,emergency_ramp
548,1,0.426048,0.342702,0.087804,0.145883,0,emergency_ramp
548,2,0.36787,0.320327,0.047926,0.137199,0,emergency_ramp
548,3,0.354624,0.389091,0.095287,0.074544,0,emergency_ramp
548,4,0.36319,0.351485,0.046051,0.092158,0,emergency_ramp
548,5,0.365206,0.307327,0.056995,0.131131,0,emergency_ramp
548,6,0.399017,0.328009,0.041389,0.092616,0,emergency_ramp
548,7,0.37092,0.347817,0.052208,0.08517,0,emergency_ramp
548,8,0.443844,0.346166,0.066942,0.15914,0,emergency_ramp
548,9,0.479898,0.319836,0.059219,0.108413,0,emergency_ramp
549,0,0.173182,0.22563,0.052786,0.087165,1,lunch_restart
549,1,0.120501,0.277457,0.119488,0.107281,1,lunch_restart
549,2,0.165891,0.321341,0.106454,0.132479,1,lunch_restart
549,3,0.158912,0.288947,0.1071,0.10226,1,lunch_restart
549,4,0.179229,0.377068,0.13978,0.145954,1,lunch_restart
549,5,0.223933,0.364477,0.128641,0.137219,1,lunch_restart
549,6,0.208494,0.372022,0.119645,0.160062,1,lunch_restart
549,7,0.214213,0.394652,0.161948,0.171103,1,lunch_restart
549,8,0.222561,0.393084,0.187177,0.152592,1,lunch_restart
549,9,0.254861,0.456166,0.180132,0.229602,1,lunch_restart
550,0,0.155034,0.296045,0.067975,0.110622,1,lunch_restart
550,1,0.130639,0.322261,0.086938,0.11841,1,lunch_restart
550,2,0.165625,0.325625,0.171696,0.125715,1,lunch_restart
550,3,0.193963,0.36074,0.144311,0.133913,1,lunch_restart
550,4,0.206377,0.383605,0.122594,0.138026,1,lunch_restart
550,5,0.196166,0.378694,0.127391,0.144358,1,lunch_restart
550,6,0.200433,0.397547,0.12733,0.192232,1,lunch_restart
550,7,0.235023,0.397674,0.174491,0.165816,1,lunch_restart
550,8,0.219905,0.406718,0.198874,0.185582,1,lunch_restart
550,9,0.278999,0.469759,0.226454,0.199375,1,lunch_restart
551,0,0.31267,0.370915,0.09916,0.15011,1,emergency_ramp
551,1,0.320645,0.336058,0.069196,0.082979,1,emergency_ramp
551,2,0.488929,0.348109,0.098904,0.079362,1,emergency_ramp
551,3,0.337873,0.318776,0.083434,0.115114,1,emergency_ramp
551,4,0.361499,0.330069,0.043527,0.106171,1,emergency_ramp
551,5,0.437503,0.346071,0.048496,0.098566,1,emergency_ramp
551,6,0.458367,0.317478,0.040463,0.117865,1,emergency_ramp
551,7,0.482204,0.362083,0.081939,0.116941,1,emergency_ramp
551,8,0.525539,0.437507,0.070885,0.160007,1,emergency_ramp
551,9,0.498088,0.458804,0.095291,0.149377,1,emergency_ramp
552,0,0.149564,0.319555,0.130099,0.151118,1,lunch_restart
552,1,0.194708,0.396977,0.13,0.134864,1,lunch_restart
552,2,0.229806,0.367845,0.127363,0.156568,1,lunch_restart
552,3,0.232668,0.428266,0.16714,0.209799,1,lunch_restart
552,4,0.226318,0.448688,0.167897,0.173356,1,lunch_restart
552,5,0.257168,0.419691,0.175866,0.201099,1,lunch_restart
552,6,0.261635,0.437036,0.192361,0.237871,1,lunch_restart
552,7,0.252408,0.471549,0.222043,0.230989,1,lunch_restart
552,8,0.286815,0.515451,0.208154,0.234647,1,lunch_restart
552,9,0.318699,0.502752,0.237014,0.227174,1,lunch_restart
553,0,0.366041,0.456957,0.234024,0.200641,2,startup_surge
553,1,0.389377,0.550194,0.250985,0.18247,2,startup_surge
553,2,0.423188,0.522642,0.244395,0.172558,2,startup_surge
553,3,0.67217,0.768307,0.234777,0.204993,2,startup_surge
553,4,0.68121,0.760982,0.317102,0.374531,2,startup_surge
553,5,0.507618,0.713462,0.489431,0.210143,2,startup_surge
553,6,0.639683,0.760079,0.363754,0.211797,2,startup_surge
553,7,0.658941,0.723434,0.293667,0.369696,2,startup_surge
553,8,0.544378,0.736581,0.323398,0.236562,2,startup_surge
553,9,0.667899,0.740947,0.370632,0.314593,2,startup_surge
554,0,0.024806,0.095049,0.006557,0.017386,0,lunch_restart
554,1,0.014707,0.091473,0.003587,0.015569,0,lunch_restart
554,2,0.029933,0.050225,0.002955,0.012304,0,lunch_restart
554,3,0.015737,0.061202,0.002205,0.01916,0,lunch_restart
554,4,0.012915,0.090364,0.000829,0.010705,0,lunch_restart
554,5,0.023665,0.079278,0.001483,0.022564,0,lunch_restart
554,6,0.015533,0.053564,0.002041,0.02647,0,lunch_restart
554,7,0.020805,0.090371,0.003377,0.029372,0,lunch_restart
554,8,0.025443,0.087669,0.006652,0.016446,0,lunch_restart
554,9,0.044394,0.090728,0.013771,0.012556,0,lunch_restart
555,0,0.490272,0.331314,0.083683,0.098267,0,emergency_ramp
555,1,0.447775,0.333308,0.09502,0.130957,0,emergency_ramp
555,2,0.419774,0.3234,0.08277,0.111309,0,emergency_ramp
555,3,0.363887,0.368714,0.041094,0.14222,0,emergency_ramp
555,4,0.489436,0.373068,0.068791,0.091966,0,emergency_ramp
555,5,0.391124,0.348557,0.060185,0.107094,0,emergency_ramp
555,6,0.340326,0.380937,0.093603,0.071241,0,emergency_ramp
555,7,0.322148,0.312299,0.084154,0.152668,0,emergency_ramp
555,8,0.467157,0.345594,0.086798,0.150072,0,emergency_ramp
555,9,0.365633,0.374559,0.060916,0.087606,0,emergency_ramp
556,0,0.462262,0.734889,0.476458,0.202303,2,startup_surge
556,1,0.656442,0.759434,0.386405,0.385489,2,startup_surge
556,2,0.699324,0.689002,0.380263,0.323504,2,startup_surge
556,3,0.643767,0.701145,0.213502,0.200861,2,startup_surge
556,4,0.645419,0.744591,0.45681,0.353373,2,startup_surge
556,5,0.547578,0.753353,0.213921,0.261049,2,startup_surge
556,6,0.46648,0.759048,0.294053,0.233872,2,startup_surge
556,7,0.648167,0.68512,0.477759,0.305397,2,startup_surge
556,8,0.59929,0.724712,0.484924,0.182942,2,startup_surge
556,9,0.677335,0.768001,0.49757,0.282387,2,startup_surge
557,0,0.377906,0.335842,0.051451,0.14918,1,emergency_ramp
557,1,0.440101,0.30082,0.096013,0.104943,1,emergency_ramp
557,2,0.48154,0.363323,0.051885,0.158148,1,emergency_ramp
557,3,0.473221,0.357775,0.079637,0.135438,1,emergency_ramp
557,4,0.42216,0.331919,0.055214,0.154664,1,emergency_ramp
557,5,0.447579,0.365837,0.065236,0.147544,1,emergency_ramp
557,6,0.382162,0.368822,0.080395,0.145669,1,emergency_ramp
557,7,0.461921,0.414946,0.11782,0.133002,1,emergency_ramp
557,8,0.526076,0.428753,0.167144,0.160487,1,emergency_ramp
557,9,0.478631,0.445429,0.141563,0.202454,1,emergency_ramp
558,0,0.348856,0.383581,0.080036,0.09508,0,emergency_ramp
558,1,0.375934,0.360448,0.06974,0.116795,0,emergency_ramp
558,2,0.432171,0.36652,0.045698,0.127261,0,emergency_ramp
558,3,0.434633,0.342512,0.049894,0.11588,0,emergency_ramp
558,4,0.392541,0.331931,0.066205,0.153279,0,emergency_ramp
558,5,0.386751,0.372003,0.046938,0.095397,0,emergency_ramp
558,6,0.383902,0.301977,0.061566,0.100995,0,emergency_ramp
558,7,0.397207,0.348654,0.043143,0.145885,0,emergency_ramp
558,8,0.369329,0.306645,0.043082,0.123749,0,emergency_ramp
558,9,0.351283,0.322917,0.089548,0.156627,0,emergency_ramp
559,0,0.351314,0.44854,0.120246,0.144616,1,imbalanced_ap_load
559,1,0.369652,0.499303,0.114904,0.166718,1,imbalanced_ap_load
559,2,0.376566,0.501005,0.141242,0.142813,1,imbalanced_ap_load
559,3,0.384729,0.547737,0.136326,0.17344,1,imbalanced_ap_load
559,4,0.409699,0.526586,0.111182,0.199246,1,imbalanced_ap_load
559,5,0.398208,0.498443,0.174292,0.196775,1,imbalanced_ap_load
559,6,0.406715,0.560035,0.181483,0.208572,1,imbalanced_ap_load
559,7,0.428358,0.584478,0.184031,0.192218,1,imbalanced_ap_load
559,8,0.433553,0.526661,0.182099,0.223662,1,imbalanced_ap_load
559,9,0.420668,0.586467,0.197045,0.234669,1,imbalanced_ap_load
560,0,0.30213,0.44266,0.08372,0.131841,1,imbalanced_ap_load
560,1,0.345589,0.455088,0.120849,0.132577,1,imbalanced_ap_load
560,2,0.35629,0.469461,0.11482,0.180458,1,imbalanced_ap_load
560,3,0.381444,0.478051,0.143626,0.182705,1,imbalanced_ap_load
560,4,0.365949,0.515683,0.118762,0.128935,1,imbalanced_ap_load
560,5,0.384331,0.512976,0.165721,0.169757,1,imbalanced_ap_load
560,6,0.40449,0.523204,0.148151,0.195645,1,imbalanced_ap_load
560,7,0.41915,0.523378,0.159471,0.203628,1,imbalanced_ap_load
560,8,0.412972,0.550527,0.16827,0.194423,1,imbalanced_ap_load
560,9,0.411056,0.532489,0.162066,0.237515,1,imbalanced_ap_load
561,0,0.021632,0.096675,0.001323,0.018979,0,lunch_restart
561,1,0.027643,0.094666,0.003153,0.012214,0,lunch_restart
561,2,0.010293,0.086358,0.001942,0.023684,0,lunch_restart
561,3,0.01933,0.078803,0.006619,0.021413,0,lunch_restart
561,4,0.018223,0.081259,0.001458,0.011991,0,lunch_restart
561,5,0.029066,0.06801,0.006316,0.012048,0,lunch_restart
561,6,0.038036,0.087199,0.007525,0.022565,0,lunch_restart
561,7,0.025625,0.112781,0.010998,0.02533,0,lunch_restart
561,8,0.027894,0.123275,0.020937,0.035782,0,lunch_restart
561,9,0.044856,0.090903,0.013147,0.046732,0,lunch_restart
562,0,0.525437,0.446779,0.150387,0.209357,1,emergency_ramp
562,1,0.524702,0.490141,0.198664,0.18832,1,emergency_ramp
562,2,0.558555,0.457897,0.159766,0.246356,1,emergency_ramp
562,3,0.597428,0.472406,0.216353,0.20097,1,emergency_ramp
562,4,0.594901,0.511322,0.210145,0.247054,1,emergency_ramp
562,5,0.618291,0.528487,0.269191,0.283605,1,emergency_ramp
562,6,0.651494,0.516907,0.278727,0.216346,1,emergency_ramp
562,7,0.676974,0.547865,0.261465,0.328438,1,emergency_ramp
562,8,0.652651,0.565979,0.263243,0.281793,1,emergency_ramp
562,9,0.646762,0.580134,0.301865,0.307386,1,emergency_ramp
563,0,0.43494,0.307721,0.093999,0.129244,0,emergency_ramp
563,1,0.467025,0.304853,0.040682,0.110051,0,emergency_ramp
563,2,0.341991,0.323377,0.063101,0.082652,0,emergency_ramp
563,3,0.364827,0.349365,0.080895,0.096857,0,emergency_ramp
563,4,0.415294,0.380712,0.074703,0.077376,0,emergency_ramp
563,5,0.340689,0.315625,0.076051,0.068778,0,emergency_ramp
563,6,0.438912,0.384593,0.087001,0.076371,0,emergency_ramp
563,7,0.450804,0.323781,0.055955,0.069865,0,emergency_ramp
563,8,0.305155,0.373761,0.063473,0.069186,0,emergency_ramp
563,9,0.432016,0.325668,0.055247,0.074159,0,emergency_ramp
564,0,0.171305,0.361469,0.126582,0.174415,1,lunch_restart
564,1,0.202829,0.412298,0.19082,0.140233,1,lunch_restart
564,2,0.232233,0.380446,0.142551,0.159364,1,lunch_restart
564,3,0.241491,0.419295,0.171816,0.193698,1,lunch_restart
564,4,0.24339,0.388734,0.197144,0.206844,1,lunch_restart
564,5,0.261562,0.415753,0.194167,0.221533,1,lunch_restart
564,6,0.287687,0.488395,0.270013,0.208872,1,lunch_restart
564,7,0.293603,0.501513,0.194445,0.21203,1,lunch_restart
564,8,0.259127,0.505937,0.263731,0.241261,1,lunch_restart
564,9,0.305154,0.537237,0.197891,0.222452,1,lunch_restart
565,0,0.015998,0.05594,0.001793,0.011867,0,lunch_restart
565,1,0.022864,0.098417,0.006243,0.013214,0,lunch_restart
565,2,0.019806,0.072959,0.003254,0.02316,0,lunch_restart
565,3,0.029135,0.091306,0.003443,0.015022,0,lunch_restart
565,4,0.012688,0.090992,0.002611,0.025472,0,lunch_restart
565,5,0.028558,0.0503,0.000508,0.01768,0,lunch_restart
565,6,0.019457,0.073101,0.003693,0.018393,0,lunch_restart
565,7,0.028865,0.081119,0.004377,0.021173,0,lunch_restart
565,8,0.013598,0.0897,0.000338,0.022327,0,lunch_restart
565,9,0.01521,0.098301,0.001977,0.010365,0,lunch_restart
566,0,0.668522,0.582556,0.299052,0.294942,2,emergency_ramp
566,1,0.694755,0.599683,0.328183,0.318512,2,emergency_ramp
566,2,0.753365,0.611178,0.317077,0.338236,2,emergency_ramp
566,3,0.734793,0.635112,0.245017,0.324171,2,emergency_ramp
566,4,0.749357,0.853599,0.688225,0.597973,2,emergency_ramp
566,5,0.78964,0.881372,0.649503,0.568215,2,emergency_ramp
566,6,0.803809,0.897505,0.760326,0.616046,2,emergency_ramp
566,7,0.786513,0.851701,0.63916,0.664553,2,emergency_ramp
566,8,0.763225,0.874665,0.775545,0.678058,2,emergency_ramp
566,9,0.79399,0.839589,0.727438,0.659767,2,emergency_ramp
567,0,0.438522,0.587425,0.208537,0.26789,2,imbalanced_ap_load
567,1,0.449194,0.64118,0.235883,0.270629,2,imbalanced_ap_load
567,2,0.496806,0.640861,0.204249,0.246185,2,imbalanced_ap_load
567,3,0.449858,0.633288,0.23676,0.257219,2,imbalanced_ap_load
567,4,0.486279,0.689034,0.15786,0.282301,2,imbalanced_ap_load
567,5,0.450956,0.709849,0.256299,0.26645,2,imbalanced_ap_load
567,6,0.527116,0.670755,0.250567,0.296922,2,imbalanced_ap_load
567,7,0.509251,0.709431,0.286573,0.332737,2,imbalanced_ap_load
567,8,0.503327,0.695008,0.297354,0.302227,2,imbalanced_ap_load
567,9,0.515632,0.670804,0.312911,0.29911,2,imbalanced_ap_load
568,0,0.020645,0.067309,0.000154,0.013598,0,lunch_restart
568,1,0.026769,0.054265,0.006394,0.026544,0,lunch_restart
568,2,0.016117,0.098399,0.004772,0.010419,0,lunch_restart
568,3,0.012036,0.073394,0.005239,0.023825,0,lunch_restart
568,4,0.012612,0.09282,0.003978,0.026336,0,lunch_restart
568,5,0.022612,0.052976,0.001794,0.010713,0,lunch_restart
568,6,0.020915,0.092241,0.003898,0.025141,0,lunch_restart
568,7,0.021846,0.082652,0.004535,0.012375,0,lunch_restart
568,8,0.012742,0.083939,0.003982,0.011582,0,lunch_restart
568,9,0.022894,0.111815,0.0,0.024176,0,lunch_restart
569,0,0.569965,0.755001,0.486658,0.412748,2,imbalanced_ap_load
569,1,0.612153,0.723965,0.454077,0.386487,2,imbalanced_ap_load
569,2,0.602781,0.794355,0.478569,0.434345,2,imbalanced_ap_load
569,3,0.591918,0.782023,0.487242,0.46446,2,imbalanced_ap_load
569,4,0.642692,0.762196,0.498756,0.415627,2,imbalanced_ap_load
569,5,0.623057,0.76662,0.514572,0.478132,2,imbalanced_ap_load
569,6,0.677221,0.80533,0.55797,0.454879,2,imbalanced_ap_load
569,7,0.67734,0.799647,0.512854,0.449511,2,imbalanced_ap_load
569,8,0.676847,0.80808,0.539732,0.469124,2,imbalanced_ap_load
569,9,0.706655,0.818285,0.595581,0.484162,2,imbalanced_ap_load
570,0,0.025297,0.094978,0.006317,0.026839,0,lunch_restart
570,1,0.011814,0.058988,0.002788,0.026211,0,lunch_restart
570,2,0.02152,0.084903,0.006549,0.023024,0,lunch_restart
570,3,0.010767,0.070829,0.004742,0.01084,0,lunch_restart
570,4,0.013554,0.07741,0.002728,0.011617,0,lunch_restart
570,5,0.023568,0.070513,0.00455,0.019636,0,lunch_restart
570,6,0.028441,0.073427,0.006312,0.028901,0,lunch_restart
570,7,0.010288,0.084498,0.005661,0.011566,0,lunch_restart
570,8,0.025127,0.064494,0.001301,0.027053,0,lunch_restart
570,9,0.019141,0.051054,0.005439,0.02626,0,lunch_restart
571,0,0.062515,0.198341,0.021306,0.050646,0,lunch_restart
571,1,0.091893,0.183937,0.025863,0.04933,0,lunch_restart
571,2,0.068703,0.190691,0.023565,0.058267,0,lunch_restart
571,3,0.061575,0.169293,0.022818,0.056092,0,lunch_restart
571,4,0.068794,0.188378,0.040813,0.063059,0,lunch_restart
571,5,0.102975,0.184828,0.053653,0.057067,0,lunch_restart
571,6,0.092763,0.186201,0.035217,0.07726,0,lunch_restart
571,7,0.100414,0.205874,0.055279,0.077635,0,lunch_restart
571,8,0.098692,0.243422,0.063925,0.063246,0,lunch_restart
571,9,0.104885,0.244964,0.041241,0.09287,0,lunch_restart
572,0,0.078851,0.208614,0.059509,0.089424,0,lunch_restart
572,1,0.096372,0.22329,0.070817,0.062232,0,lunch_restart
572,2,0.092142,0.224235,0.073293,0.088724,0,lunch_restart
572,3,0.095476,0.239557,0.056089,0.082259,0,lunch_restart
572,4,0.134694,0.228232,0.054444,0.092536,0,lunch_restart
572,5,0.116484,0.279892,0.039889,0.066128,0,lunch_restart
572,6,0.115307,0.252171,0.065549,0.098966,0,lunch_restart
572,7,0.145615,0.238565,0.087246,0.105081,0,lunch_restart
572,8,0.143566,0.302407,0.065046,0.114371,0,lunch_restart
572,9,0.179654,0.294809,0.086573,0.102744,0,lunch_restart
573,0,0.224681,0.370988,0.13306,0.09959,1,startup_surge
573,1,0.182975,0.322792,0.133411,0.145375,1,startup_surge
573,2,0.233219,0.412066,0.122035,0.113313,1,startup_surge
573,3,0.265377,0.35467,0.098904,0.135355,1,startup_surge
573,4,0.288107,0.427007,0.158607,0.146667,1,startup_surge
573,5,0.282069,0.384138,0.13444,0.143259,1,startup_surge
573,6,0.309001,0.453115,0.15532,0.150577,1,startup_surge
573,7,0.299241,0.450319,0.172645,0.134397,1,startup_surge
573,8,0.324549,0.46595,0.20259,0.156497,1,startup_surge
573,9,0.338709,0.442928,0.217558,0.163733,1,startup_surge
574,0,0.360739,0.347295,0.055388,0.148624,1,emergency_ramp
574,1,0.333964,0.329253,0.081196,0.090472,1,emergency_ramp
574,2,0.377263,0.319128,0.035919,0.106836,1,emergency_ramp
574,3,0.454013,0.306295,0.096921,0.159412,1,emergency_ramp
574,4,0.45273,0.323556,0.069958,0.08539,1,emergency_ramp
574,5,0.372097,0.361253,0.051397,0.121879,1,emergency_ramp
574,6,0.546349,0.417277,0.108766,0.175465,1,emergency_ramp
574,7,0.511687,0.422985,0.116874,0.160881,1,emergency_ramp
574,8,0.549717,0.43269,0.167386,0.21003,1,emergency_ramp
574,9,0.534855,0.501427,0.181612,0.20893,1,emergency_ramp
575,0,0.243819,0.4497,0.182488,0.208226,1,lunch_restart
575,1,0.254793,0.475278,0.211529,0.178672,1,lunch_restart
575,2,0.289927,0.484619,0.211061,0.218578,1,lunch_restart
575,3,0.278805,0.498559,0.233386,0.215309,1,lunch_restart
575,4,0.274896,0.498258,0.234246,0.215264,1,lunch_restart
575,5,0.333362,0.535015,0.26513,0.24077,1,lunch_restart
575,6,0.264644,0.539465,0.233848,0.22102,1,lunch_restart
575,7,0.330692,0.58895,0.217717,0.274767,1,lunch_restart
575,8,0.324186,0.506427,0.291491,0.24608,1,lunch_restart
575,9,0.332029,0.584505,0.277117,0.23108,1,lunch_restart
576,0,0.386738,0.383749,0.095826,0.063224,0,emergency_ramp
576,1,0.439418,0.351476,0.056813,0.083207,0,emergency_ramp
576,2,0.344578,0.374792,0.067312,0.123005,0,emergency_ramp
576,3,0.302458,0.335992,0.074955,0.069204,0,emergency_ramp
576,4,0.423722,0.380191,0.080585,0.105735,0,emergency_ramp
576,5,0.472225,0.318911,0.036004,0.12776,0,emergency_ramp
576,6,0.439915,0.336285,0.093356,0.093981,0,emergency_ramp
576,7,0.403883,0.310855,0.045174,0.091213,0,emergency_ramp
576,8,0.328665,0.384294,0.048347,0.132325,0,emergency_ramp
576,9,0.316985,0.330436,0.079625,0.101884,0,emergency_ramp
577,0,0.313345,0.486238,0.20446,0.156513,2,startup_surge
577,1,0.343793,0.503764,0.188268,0.158815,2,startup_surge
577,2,0.341464,0.506431,0.226888,0.205359,2,startup_surge
577,3,0.380095,0.516212,0.202045,0.1685,2,startup_surge
577,4,0.34523,0.474645,0.215297,0.164028,2,startup_surge
577,5,0.377026,0.552502,0.20963,0.208242,2,startup_surge
577,6,0.402117,0.568882,0.233145,0.196116,2,startup_surge
577,7,0.697556,0.700003,0.277788,0.327845,2,startup_surge
577,8,0.461151,0.707657,0.285014,0.331388,2,startup_surge
577,9,0.664742,0.747049,0.301404,0.394746,2,startup_surge
578,0,0.069506,0.145055,0.024066,0.043464,0,lunch_restart
578,1,0.0635,0.141222,0.012569,0.039824,0,lunch_restart
578,2,0.086857,0.168338,0.05222,0.044592,0,lunch_restart
578,3,0.059143,0.192501,0.039796,0.059862,0,lunch_restart
578,4,0.084495,0.192789,0.040143,0.059096,0,lunch_restart
578,5,0.072739,0.208441,0.030281,0.090259,0,lunch_restart
578,6,0.098821,0.186282,0.045652,0.074766,0,lunch_restart
578,7,0.099658,0.20643,0.055888,0.060836,0,lunch_restart
578,8,0.116837,0.203221,0.057579,0.060526,0,lunch_restart
578,9,0.109115,0.227121,0.04928,0.083393,0,lunch_restart
579,0,0.053604,0.179695,0.004428,0.038167,0,startup_surge
579,1,0.069286,0.193844,0.004451,0.050979,0,startup_surge
579,2,0.064928,0.111542,0.001997,0.055405,0,startup_surge
579,3,0.087478,0.10155,0.010336,0.038732,0,startup_surge
579,4,0.068412,0.169914,0.026635,0.034774,0,startup_surge
579,5,0.060398,0.127041,0.006138,0.04877,0,startup_surge
579,6,0.087377,0.214957,0.040823,0.04885,0,startup_surge
579,7,0.091274,0.191016,0.032613,0.05436,0,startup_surge
579,8,0.093083,0.249827,0.073048,0.079807,0,startup_surge
579,9,0.132815,0.204673,0.038197,0.074708,0,startup_surge
580,0,0.015527,0.056893,0.005518,0.029741,0,lunch_restart
580,1,0.018334,0.099334,0.001295,0.017191,0,lunch_restart
580,2,0.021654,0.086018,0.004289,0.015517,0,lunch_restart
580,3,0.020919,0.080431,0.003007,0.017564,0,lunch_restart
580,4,0.02136,0.074071,0.000697,0.025645,0,lunch_restart
580,5,0.027925,0.085571,0.00084,0.014286,0,lunch_restart
580,6,0.015551,0.056339,0.001877,0.028955,0,lunch_restart
580,7,0.026337,0.066306,0.005111,0.020251,0,lunch_restart
580,8,0.02116,0.056235,0.00486,0.025663,0,lunch_restart
580,9,0.044122,0.110702,0.001669,0.023591,0,lunch_restart
581,0,0.020991,0.094381,0.006578,0.011139,0,lunch_restart
581,1,0.015028,0.06831,0.004735,0.022549,0,lunch_restart
581,2,0.018432,0.075258,0.003437,0.019894,0,lunch_restart
581,3,0.010593,0.05721,0.006089,0.01827,0,lunch_restart
581,4,0.010072,0.092638,0.003501,0.010675,0,lunch_restart
581,5,0.016855,0.08093,0.002303,0.027562,0,lunch_restart
581,6,0.024152,0.095526,0.001247,0.016542,0,lunch_restart
581,7,0.024658,0.081608,0.000918,0.029983,0,lunch_restart
581,8,0.010098,0.056704,0.002993,0.026301,0,lunch_restart
581,9,0.023666,0.078166,0.002596,0.026057,0,lunch_restart
582,0,0.021265,0.077627,0.005962,0.026744,0,lunch_restart
582,1,0.015891,0.052093,0.001845,0.010937,0,lunch_restart
582,2,0.010456,0.071974,0.00439,0.013488,0,lunch_restart
582,3,0.022288,0.060691,0.000586,0.01097,0,lunch_restart
582,4,0.026509,0.095835,0.00316,0.013842,0,lunch_restart
582,5,0.019011,0.098829,0.001449,0.010086,0,lunch_restart
582,6,0.013294,0.064982,0.000418,0.020084,0,lunch_restart
582,7,0.027272,0.118583,0.0,0.02812,0,lunch_restart
582,8,0.031396,0.109409,0.010184,0.03118,0,lunch_restart
582,9,0.041317,0.123878,0.018818,0.037165,0,lunch_restart
583,0,0.15861,0.30988,0.138307,0.096956,1,lunch_restart
583,1,0.175928,0.359469,0.128436,0.17457,1,lunch_restart
583,2,0.194819,0.349048,0.14094,0.133133,1,lunch_restart
583,3,0.217525,0.372507,0.144437,0.164364,1,lunch_restart
583,4,0.218313,0.396915,0.150683,0.158323,1,lunch_restart
583,5,0.26859,0.414479,0.17448,0.196768,1,lunch_restart
583,6,0.251105,0.446745,0.184466,0.183928,1,lunch_restart
583,7,0.269937,0.442721,0.219544,0.187968,1,lunch_restart
583,8,0.267572,0.489292,0.188662,0.219523,1,lunch_restart
583,9,0.298801,0.474437,0.248699,0.199649,1,lunch_restart
584,0,0.020089,0.060587,0.001673,0.019161,0,lunch_restart
584,1,0.015314,0.089099,0.006651,0.017558,0,lunch_restart
584,2,0.026861,0.099137,0.000161,0.018507,0,lunch_restart
584,3,0.010896,0.071688,0.003287,0.015631,0,lunch_restart
584,4,0.023415,0.088075,0.002363,0.014427,0,lunch_restart
584,5,0.026116,0.050555,0.005188,0.020859,0,lunch_restart
584,6,0.014292,0.056206,0.004102,0.024858,0,lunch_restart
584,7,0.02542,0.053935,0.000199,0.013683,0,lunch_restart
584,8,0.019021,0.055304,0.000535,0.015521,0,lunch_restart
584,9,0.02978,0.052886,0.004387,0.023295,0,lunch_restart
585,0,0.017025,0.0999,0.001641,0.012092,0,lunch_restart
585,1,0.011444,0.099314,0.003536,0.013832,0,lunch_restart
585,2,0.01809,0.089226,0.005575,0.01,0,lunch_restart
585,3,0.02345,0.064635,0.004959,0.011979,0,lunch_restart
585,4,0.015087,0.055613,0.006227,0.016855,0,lunch_restart
585,5,0.012775,0.057833,0.001738,0.028973,0,lunch_restart
585,6,0.038345,0.101703,0.027689,0.01682,0,lunch_restart
585,7,0.053024,0.127639,0.000257,0.027581,0,lunch_restart
585,8,0.058355,0.103009,0.024984,0.037074,0,lunch_restart
585,9,0.05565,0.136259,0.009139,0.033554,0,lunch_restart
586,0,0.932579,0.959845,0.905146,0.834874,3,emergency_ramp
586,1,0.962893,0.932804,0.864351,0.811424,3,emergency_ramp
586,2,0.89169,0.95634,0.934518,0.837824,3,emergency_ramp
586,3,0.979915,1.0,0.9153,0.930288,3,emergency_ramp
586,4,0.996605,0.953103,0.919113,0.85939,3,emergency_ramp
586,5,0.972822,0.984663,0.93919,0.943528,3,emergency_ramp
586,6,0.9817,0.982545,1.0,0.945857,3,emergency_ramp
586,7,0.969131,0.973276,0.937695,0.93736,3,emergency_ramp
586,8,0.983606,0.985468,0.985319,0.981508,3,emergency_ramp
586,9,1.0,1.0,1.0,0.9487,3,emergency_ramp
587,0,0.063797,0.18148,0.024121,0.054133,0,startup_surge
587,1,0.076846,0.118373,0.022718,0.026355,0,startup_surge
587,2,0.098756,0.122014,0.01539,0.042945,0,startup_surge
587,3,0.098348,0.194247,0.025642,0.048314,0,startup_surge
587,4,0.084248,0.22235,0.066691,0.08202,0,startup_surge
587,5,0.141896,0.230553,0.031057,0.079807,0,startup_surge
587,6,0.118681,0.245484,0.016465,0.126321,0,startup_surge
587,7,0.174972,0.233721,0.033104,0.110867,0,startup_surge
587,8,0.168568,0.284153,0.067986,0.071017,0,startup_surge
587,9,0.152962,0.281919,0.099483,0.087184,0,startup_surge
588,0,0.471159,0.397374,0.04239,0.161436,1,emergency_ramp
588,1,0.523296,0.455005,0.127253,0.191564,1,emergency_ramp
588,2,0.527374,0.419818,0.127997,0.215307,1,emergency_ramp
588,3,0.555923,0.430295,0.140541,0.181169,1,emergency_ramp
588,4,0.568883,0.446123,0.16316,0.208715,1,emergency_ramp
588,5,0.596414,0.492336,0.152166,0.19345,1,emergency_ramp
588,6,0.576522,0.518592,0.206716,0.228903,1,emergency_ramp
588,7,0.581997,0.543852,0.210709,0.281063,1,emergency_ramp
588,8,0.62171,0.556257,0.252504,0.281885,1,emergency_ramp
588,9,0.63046,0.563254,0.287712,0.27124,1,emergency_ramp
589,0,0.021899,0.093024,0.001212,0.012984,0,lunch_restart
589,1,0.022475,0.061214,0.004542,0.023093,0,lunch_restart
589,2,0.023325,0.076285,0.005487,0.017621,0,lunch_restart
589,3,0.02989,0.088839,0.001608,0.016923,0,lunch_restart
589,4,0.018028,0.062661,0.000751,0.01158,0,lunch_restart
589,5,0.01275,0.086872,0.005041,0.029479,0,lunch_restart
589,6,0.012759,0.053765,0.00295,0.023862,0,lunch_restart
589,7,0.020205,0.087431,0.003245,0.011998,0,lunch_restart
589,8,0.017675,0.053199,0.005079,0.017325,0,lunch_restart
589,9,0.028263,0.063857,0.001692,0.011601,0,lunch_restart
590,0,0.310311,0.373198,0.044047,0.148462,0,emergency_ramp
590,1,0.378884,0.301538,0.034796,0.061152,0,emergency_ramp
590,2,0.431366,0.370832,0.043696,0.089062,0,emergency_ramp
590,3,0.46956,0.331974,0.075049,0.095384,0,emergency_ramp
590,4,0.371795,0.359027,0.099048,0.127508,0,emergency_ramp
590,5,0.463854,0.316125,0.098008,0.130484,0,emergency_ramp
590,6,0.451383,0.348331,0.083046,0.066519,0,emergency_ramp
590,7,0.485862,0.32692,0.088305,0.081752,0,emergency_ramp
590,8,0.497886,0.300353,0.091598,0.14255,0,emergency_ramp
590,9,0.308346,0.365263,0.068557,0.079182,0,emergency_ramp
591,0,0.064988,0.162623,0.018947,0.020639,0,startup_surge
591,1,0.089355,0.161995,0.001993,0.04209,0,startup_surge
591,2,0.089572,0.185817,0.013996,0.043762,0,startup_surge
591,3,0.074559,0.125281,0.006415,0.023985,0,startup_surge
591,4,0.056221,0.147079,0.026604,0.041797,0,startup_surge
591,5,0.073268,0.116818,0.030443,0.037269,0,startup_surge
591,6,0.094803,0.121879,0.010489,0.037505,0,startup_surge
591,7,0.079204,0.137092,0.000977,0.05901,0,startup_surge
591,8,0.0877,0.170708,0.029922,0.031835,0,startup_surge
591,9,0.064733,0.183371,0.028151,0.055366,0,startup_surge
592,0,0.092356,0.173997,0.009236,0.020927,0,startup_surge
592,1,0.050918,0.116799,0.001915,0.041085,0,startup_surge
592,2,0.058555,0.108045,0.013313,0.050599,0,startup_surge
592,3,0.092823,0.173227,0.030947,0.037426,0,startup_surge
592,4,0.07549,0.194872,0.030491,0.029036,0,startup_surge
592,5,0.070193,0.195595,0.006812,0.058027,0,startup_surge
592,6,0.051869,0.182265,0.006121,0.022267,0,startup_surge
592,7,0.079178,0.192198,0.021919,0.02188,0,startup_surge
592,8,0.083492,0.12388,0.029722,0.045517,0,startup_surge
592,9,0.056432,0.102791,0.017895,0.032583,0,startup_surge
593,0,0.681392,0.766535,0.35283,0.21138,2,startup_surge
593,1,0.49564,0.711229,0.224988,0.387474,2,startup_surge
593,2,0.524281,0.6763,0.261309,0.190746,2,startup_surge
593,3,0.683765,0.725599,0.438271,0.188195,2,startup_surge
593,4,0.536199,0.67359,0.303481,0.295285,2,startup_surge
593,5,0.657728,0.713665,0.200303,0.341753,2,startup_surge
593,6,0.521775,0.729273,0.296255,0.334012,2,startup_surge
593,7,0.514253,0.773441,0.400905,0.301047,2,startup_surge
593,8,0.496773,0.695203,0.491477,0.352397,2,startup_surge
593,9,0.465667,0.737931,0.456235,0.313698,2,startup_surge
594,0,0.157792,0.257241,0.042612,0.069274,0,startup_surge
594,1,0.156521,0.19635,0.044528,0.101032,0,startup_surge
594,2,0.175919,0.296199,0.076819,0.097287,0,startup_surge
594,3,0.180588,0.312617,0.085966,0.093837,0,startup_surge
594,4,0.196641,0.267378,0.026866,0.080794,0,startup_surge
594,5,0.187284,0.29953,0.109712,0.099499,0,startup_surge
594,6,0.224681,0.370988,0.13306,0.09959,0,startup_surge
594,7,0.182975,0.322792,0.133411,0.145375,0,startup_surge
594,8,0.233219,0.412066,0.122035,0.113313,0,startup_surge
594,9,0.265377,0.35467,0.098904,0.135355,0,startup_surge
595,0,0.370442,0.495389,0.128642,0.186475,1,imbalanced_ap_load
595,1,0.403799,0.468403,0.138067,0.195543,1,imbalanced_ap_load
595,2,0.395734,0.467923,0.180592,0.195037,1,imbalanced_ap_load
595,3,0.38864,0.512722,0.161655,0.187699,1,imbalanced_ap_load
595,4,0.378942,0.553951,0.15698,0.204034,1,imbalanced_ap_load
595,5,0.425351,0.528308,0.178554,0.194352,1,imbalanced_ap_load
595,6,0.434703,0.545088,0.196303,0.217901,1,imbalanced_ap_load
595,7,0.427252,0.5562,0.173686,0.20643,1,imbalanced_ap_load
595,8,0.462056,0.623919,0.202494,0.246966,1,imbalanced_ap_load
595,9,0.447402,0.604019,0.207406,0.269489,1,imbalanced_ap_load
596,0,0.664285,0.722397,0.437558,0.323603,2,startup_surge
596,1,0.64954,0.716428,0.222747,0.209397,2,startup_surge
596,2,0.661393,0.733554,0.417083,0.369227,2,startup_surge
596,3,0.60595,0.766275,0.431283,0.306818,2,startup_surge
596,4,0.606016,0.696206,0.380692,0.204531,2,startup_surge
596,5,0.480983,0.718436,0.373301,0.334776,2,startup_surge
596,6,0.624741,0.660437,0.214906,0.274845,2,startup_surge
596,7,0.520007,0.763178,0.217849,0.224898,2,startup_surge
596,8,0.579813,0.696708,0.418187,0.391435,2,startup_surge
596,9,0.688681,0.692556,0.23167,0.338323,2,startup_surge
597,0,0.098335,0.124039,0.012544,0.02519,0,startup_surge
597,1,0.08539,0.166348,0.001657,0.055777,0,startup_surge
597,2,0.080654,0.140243,0.016543,0.027773,0,startup_surge
597,3,0.06424,0.17448,0.0261,0.039701,0,startup_surge
597,4,0.096076,0.139546,0.001697,0.049346,0,startup_surge
597,5,0.076435,0.10878,0.001241,0.047874,0,startup_surge
597,6,0.063503,0.152668,0.005645,0.050326,0,startup_surge
597,7,0.068074,0.104224,0.009839,0.048546,0,startup_surge
597,8,0.06861,0.162337,0.016668,0.02064,0,startup_surge
597,9,0.106981,0.234152,0.044504,0.075489,0,startup_surge
598,0,0.02236,0.066687,0.002313,0.026131,0,lunch_restart
598,1,0.017559,0.064032,0.003055,0.027311,0,lunch_restart
598,2,0.018073,0.092278,0.002142,0.01767,0,lunch_restart
598,3,0.021352,0.062351,0.002129,0.024964,0,lunch_restart
598,4,0.020568,0.098849,0.0,0.033062,0,lunch_restart
598,5,0.034499,0.092665,0.008645,0.016603,0,lunch_restart
598,6,0.046076,0.120996,0.010987,0.03872,0,lunch_restart
598,7,0.067775,0.17782,0.005249,0.040842,0,lunch_restart
598,8,0.059722,0.132272,0.029166,0.025135,0,lunch_restart
598,9,0.060286,0.168929,0.028523,0.039567,0,lunch_restart
599,0,0.047886,0.122271,0.013253,0.02627,0,lunch_restart
599,1,0.052247,0.124937,0.01161,0.033713,0,lunch_restart
599,2,0.048532,0.145917,0.009649,0.03468,0,lunch_restart
599,3,0.055986,0.142081,0.015322,0.051771,0,lunch_restart
599,4,0.046039,0.131991,0.026418,0.063204,0,lunch_restart
599,5,0.05472,0.181823,0.039406,0.052736,0,lunch_restart
599,6,0.07362,0.185288,0.038167,0.06853,0,lunch_restart
599,7,0.066449,0.158756,0.040122,0.056032,0,lunch_restart
599,8,0.089839,0.190913,0.063164,0.064283,0,lunch_restart
599,9,0.087738,0.216567,0.062319,0.086663,0,lunch_restart
600,0,0.017849,0.075256,0.005593,0.027962,0,lunch_restart
600,1,0.021152,0.067659,0.002619,0.019745,0,lunch_restart
600,2,0.017898,0.057361,0.001859,0.01312,0,lunch_restart
600,3,0.028035,0.062776,0.003592,0.015172,0,lunch_restart
600,4,0.017468,0.08201,0.000465,0.028862,0,lunch_restart
600,5,0.024619,0.068492,0.000279,0.013222,0,lunch_restart
600,6,0.022275,0.051658,0.003015,0.016238,0,lunch_restart
600,7,0.01771,0.066487,0.001454,0.012911,0,lunch_restart
600,8,0.026153,0.068318,4.8e-05,0.012112,0,lunch_restart
600,9,0.028551,0.061715,0.004529,0.020441,0,lunch_restart
601,0,0.020792,0.050975,0.005845,0.018722,0,lunch_restart
601,1,0.011101,0.068567,0.005314,0.020968,0,lunch_restart
601,2,0.014621,0.059947,0.003789,0.016486,0,lunch_restart
601,3,0.024562,0.079163,0.006479,0.023644,0,lunch_restart
601,4,0.015769,0.069974,0.005321,0.028584,0,lunch_restart
601,5,0.023403,0.070829,0.003116,0.012558,0,lunch_restart
601,6,0.022951,0.096149,0.000364,0.019487,0,lunch_restart
601,7,0.020318,0.0952,0.004058,0.028853,0,lunch_restart
601,8,0.016168,0.063565,0.00289,0.0291,0,lunch_restart
601,9,0.011597,0.081171,0.003862,0.019814,0,lunch_restart
602,0,0.095776,0.1154,0.016934,0.056498,0,startup_surge
602,1,0.08419,0.105897,0.006381,0.030621,0,startup_surge
602,2,0.065615,0.158197,0.026586,0.043295,0,startup_surge
602,3,0.123172,0.152726,0.002003,0.036908,0,startup_surge
602,4,0.117052,0.253365,0.032448,0.106162,0,startup_surge
602,5,0.106698,0.241998,0.033581,0.046214,0,startup_surge
602,6,0.123573,0.217012,0.0,0.079503,0,startup_surge
602,7,0.120263,0.269201,0.058869,0.046148,0,startup_surge
602,8,0.158367,0.308127,0.052842,0.089693,0,startup_surge
602,9,0.153056,0.34318,0.079897,0.088867,0,startup_surge
603,0,0.216049,0.409916,0.141405,0.151526,1,lunch_restart
603,1,0.205709,0.43083,0.164324,0.182006,1,lunch_restart
603,2,0.239821,0.381635,0.185761,0.183799,1,lunch_restart
603,3,0.225398,0.414173,0.204302,0.196445,1,lunch_restart
603,4,0.255982,0.394142,0.190586,0.21977,1,lunch_restart
603,5,0.237521,0.505689,0.193694,0.198631,1,lunch_restart
603,6,0.280863,0.485763,0.201645,0.232398,1,lunch_restart
603,7,0.292862,0.508671,0.254708,0.23251,1,lunch_restart
603,8,0.318218,0.508382,0.234412,0.258941,1,lunch_restart
603,9,0.309037,0.532276,0.239628,0.256561,1,lunch_restart
604,0,0.52201,0.457668,0.095547,0.172473,1,emergency_ramp
604,1,0.548906,0.458772,0.185814,0.234211,1,emergency_ramp
604,2,0.57502,0.462919,0.151484,0.174328,1,emergency_ramp
604,3,0.562582,0.48481,0.155127,0.215663,1,emergency_ramp
604,4,0.556222,0.52654,0.188254,0.215201,1,emergency_ramp
604,5,0.580091,0.497902,0.233823,0.22059,1,emergency_ramp
604,6,0.610584,0.515167,0.240658,0.244317,1,emergency_ramp
604,7,0.650542,0.571045,0.232338,0.310494,1,emergency_ramp
604,8,0.681918,0.561515,0.280686,0.283441,1,emergency_ramp
604,9,0.623364,0.587395,0.275307,0.272999,1,emergency_ramp
605,0,0.136128,0.217474,0.00559,0.081505,0,startup_surge
605,1,0.110788,0.307733,0.049061,0.063631,0,startup_surge
605,2,0.153361,0.324535,0.048322,0.098011,0,startup_surge
605,3,0.161189,0.284549,0.081412,0.079996,0,startup_surge
605,4,0.178745,0.307882,0.085865,0.111852,0,startup_surge
605,5,0.193271,0.342272,0.087961,0.103706,0,startup_surge
605,6,0.180803,0.286123,0.130301,0.136073,0,startup_surge
605,7,0.192875,0.297597,0.082223,0.094009,0,startup_surge
605,8,0.23613,0.389866,0.092527,0.094298,0,startup_surge
605,9,0.224759,0.375611,0.101673,0.115865,0,startup_surge
606,0,0.114656,0.17984,0.028165,0.079125,0,startup_surge
606,1,0.163895,0.231105,0.016941,0.078769,0,startup_surge
606,2,0.170464,0.297734,0.069294,0.078877,0,startup_surge
606,3,0.170522,0.288156,0.087303,0.084528,0,startup_surge
606,4,0.178769,0.159631,0.047367,0.087376,0,startup_surge
606,5,0.183199,0.326742,0.114926,0.072984,0,startup_surge
606,6,0.174908,0.379284,0.118928,0.115588,0,startup_surge
606,7,0.206544,0.277079,0.096977,0.11895,0,startup_surge
606,8,0.225086,0.397756,0.115689,0.136164,0,startup_surge
606,9,0.240217,0.284233,0.076991,0.11739,0,startup_surge
607,0,0.016848,0.095619,0.001116,0.013634,0,lunch_restart
607,1,0.029614,0.064419,0.000531,0.012169,0,lunch_restart
607,2,0.024417,0.050515,0.00283,0.011461,0,lunch_restart
607,3,0.012854,0.075313,0.000658,0.012793,0,lunch_restart
607,4,0.013643,0.061063,3e-06,0.021725,0,lunch_restart
607,5,0.012438,0.056162,0.006474,0.029467,0,lunch_restart
607,6,0.01499,0.05089,0.005846,0.021915,0,lunch_restart
607,7,0.029424,0.079329,0.001239,0.023039,0,lunch_restart
607,8,0.029707,0.069312,0.000999,0.022308,0,lunch_restart
607,9,0.015738,0.066165,0.002287,0.013507,0,lunch_restart
608,0,0.341751,0.57738,0.271948,0.285417,2,lunch_restart
608,1,0.399371,0.602813,0.238944,0.274624,2,lunch_restart
608,2,0.367033,0.56149,0.352186,0.347016,2,lunch_restart
608,3,0.40467,0.639933,0.34555,0.314258,2,lunch_restart
608,4,0.411483,0.622677,0.338491,0.353876,2,lunch_restart
608,5,0.384644,0.577846,0.274909,0.379275,2,lunch_restart
608,6,0.413276,0.648117,0.364645,0.336792,2,lunch_restart
608,7,0.452882,0.646597,0.39677,0.367075,2,lunch_restart
608,8,0.482028,0.644943,0.373026,0.376731,2,lunch_restart
608,9,0.453704,0.715471,0.417552,0.439266,2,lunch_restart
609,0,0.391378,0.63526,0.326756,0.297092,1,lunch_restart
609,1,0.39902,0.592297,0.342251,0.309253,1,lunch_restart
609,2,0.392006,0.630981,0.346856,0.347546,1,lunch_restart
609,3,0.408359,0.633408,0.328204,0.312536,1,lunch_restart
609,4,0.447052,0.644801,0.415622,0.352771,1,lunch_restart
609,5,0.450243,0.606026,0.401015,0.362039,1,lunch_restart
609,6,0.491111,0.643841,0.424955,0.390829,1,lunch_restart
609,7,0.452651,0.672967,0.431648,0.405595,1,lunch_restart
609,8,0.457449,0.647451,0.414758,0.393006,1,lunch_restart
609,9,0.498101,0.638906,0.398622,0.405306,1,lunch_restart
610,0,0.746257,0.877169,0.664971,0.621828,3,emergency_ramp
610,1,0.760808,0.905378,0.736552,0.585771,3,emergency_ramp
610,2,0.817086,0.868331,0.682846,0.651594,3,emergency_ramp
610,3,0.806052,0.847224,0.673567,0.632695,3,emergency_ramp
610,4,0.811962,0.891863,0.695562,0.643127,3,emergency_ramp
610,5,0.768845,0.852109,0.762225,0.68804,3,emergency_ramp
610,6,0.777825,0.923414,0.667102,0.652627,3,emergency_ramp
610,7,0.803139,0.911022,0.821124,0.692731,3,emergency_ramp
610,8,0.824582,0.880175,0.787611,0.766018,3,emergency_ramp
610,9,0.84019,0.873126,0.767902,0.836715,3,emergency_ramp
611,0,0.403071,0.505641,0.144931,0.187289,2,imbalanced_ap_load
611,1,0.405012,0.478281,0.158186,0.208436,2,imbalanced_ap_load
611,2,0.415975,0.585203,0.172418,0.234959,2,imbalanced_ap_load
611,3,0.448002,0.574198,0.176554,0.219795,2,imbalanced_ap_load
611,4,0.430865,0.564779,0.18967,0.238002,2,imbalanced_ap_load
611,5,0.447087,0.58641,0.191265,0.208098,2,imbalanced_ap_load
611,6,0.442431,0.617885,0.222742,0.220396,2,imbalanced_ap_load
611,7,0.479965,0.605836,0.216512,0.260643,2,imbalanced_ap_load
611,8,0.456329,0.622898,0.233513,0.273031,2,imbalanced_ap_load
611,9,0.48991,0.678598,0.258661,0.283725,2,imbalanced_ap_load
612,0,0.502783,0.687699,0.268513,0.250422,2,imbalanced_ap_load
612,1,0.515879,0.710028,0.29229,0.280426,2,imbalanced_ap_load
612,2,0.518736,0.721546,0.329801,0.309138,2,imbalanced_ap_load
612,3,0.513539,0.723004,0.336295,0.324025,2,imbalanced_ap_load
612,4,0.514071,0.684995,0.388989,0.34781,2,imbalanced_ap_load
612,5,0.515021,0.701741,0.346565,0.340114,2,imbalanced_ap_load
612,6,0.554954,0.737727,0.3718,0.377206,2,imbalanced_ap_load
612,7,0.571481,0.736097,0.379584,0.370677,2,imbalanced_ap_load
612,8,0.565044,0.725146,0.376131,0.337405,2,imbalanced_ap_load
612,9,0.595353,0.718471,0.420258,0.319265,2,imbalanced_ap_load
613,0,0.440473,0.332283,0.03505,0.131091,1,emergency_ramp
613,1,0.356666,0.322706,0.071197,0.135564,1,emergency_ramp
613,2,0.462868,0.300761,0.079815,0.124215,1,emergency_ramp
613,3,0.451564,0.318074,0.05589,0.148806,1,emergency_ramp
613,4,0.318516,0.303813,0.041569,0.138111,1,emergency_ramp
613,5,0.535933,0.38025,0.107708,0.115651,1,emergency_ramp
613,6,0.491254,0.418464,0.087286,0.159563,1,emergency_ramp
613,7,0.552482,0.435342,0.172572,0.207168,1,emergency_ramp
613,8,0.530199,0.462303,0.171605,0.179244,1,emergency_ramp
613,9,0.534992,0.472053,0.133752,0.216333,1,emergency_ramp
614,0,0.789468,0.893449,0.725448,0.533545,3,emergency_ramp
614,1,0.7533,0.893502,0.732546,0.712511,3,emergency_ramp
614,2,0.862513,0.910577,0.764661,0.718168,3,emergency_ramp
614,3,0.80505,0.921947,0.699573,0.739792,3,emergency_ramp
614,4,0.85698,0.894611,0.832488,0.752022,3,emergency_ramp
614,5,0.825736,0.921217,0.817586,0.745601,3,emergency_ramp
614,6,0.865266,0.883387,0.769471,0.741372,3,emergency_ramp
614,7,0.858107,0.868732,0.805754,0.75669,3,emergency_ramp
614,8,0.892594,0.954804,0.795656,0.760894,3,emergency_ramp
614,9,0.870519,0.916091,0.838558,0.777088,3,emergency_ramp
615,0,0.926889,0.950062,0.856589,0.838004,3,emergency_ramp
615,1,0.934449,0.953183,0.84283,0.883004,3,emergency_ramp
615,2,0.932416,0.95458,0.921922,0.888525,3,emergency_ramp
615,3,0.878753,0.961213,0.878252,0.888114,3,emergency_ramp
615,4,0.97202,0.929346,0.919995,0.860831,3,emergency_ramp
615,5,0.984751,0.953502,1.0,0.931583,3,emergency_ramp
615,6,0.962714,0.961717,0.946836,0.858354,3,emergency_ramp
615,7,0.972611,0.973039,0.949787,0.982088,3,emergency_ramp
615,8,0.987749,0.947356,0.96211,0.9665,3,emergency_ramp
615,9,1.0,0.962479,1.0,0.990982,3,emergency_ramp
616,0,0.259081,0.356484,0.147267,0.124973,1,startup_surge
616,1,0.272775,0.450385,0.116254,0.164795,1,startup_surge
616,2,0.290658,0.346206,0.163677,0.145347,1,startup_surge
616,3,0.293008,0.417219,0.128282,0.167438,1,startup_surge
616,4,0.279184,0.430962,0.170583,0.127839,1,startup_surge
616,5,0.32547,0.493266,0.149998,0.134642,1,startup_surge
616,6,0.325845,0.512862,0.160039,0.195436,1,startup_surge
616,7,0.330006,0.517757,0.242437,0.177474,1,startup_surge
616,8,0.346218,0.463831,0.208826,0.183598,1,startup_surge
616,9,0.351923,0.545444,0.221473,0.167699,1,startup_surge
617,0,0.081979,0.22797,0.0,0.063943,0,startup_surge
617,1,0.119515,0.293529,0.07584,0.058262,0,startup_surge
617,2,0.108913,0.283209,0.018779,0.095814,0,startup_surge
617,3,0.12289,0.240864,0.014131,0.071767,0,startup_surge
617,4,0.17919,0.247532,0.055456,0.085453,0,startup_surge
617,5,0.182067,0.248065,0.083638,0.096511,0,startup_surge
617,6,0.144811,0.295092,0.078375,0.120279,0,startup_surge
617,7,0.209383,0.259867,0.116702,0.0974,0,startup_surge
617,8,0.226151,0.389591,0.097399,0.151199,0,startup_surge
617,9,0.208263,0.321263,0.107181,0.084309,0,startup_surge
618,0,0.168487,0.265055,0.03594,0.076536,0,startup_surge
618,1,0.146495,0.286598,0.079003,0.104293,0,startup_surge
618,2,0.175711,0.319403,0.058262,0.048146,0,startup_surge
618,3,0.201988,0.372612,0.109759,0.097829,0,startup_surge
618,4,0.194241,0.321031,0.113087,0.094059,0,startup_surge
618,5,0.231071,0.329446,0.112085,0.142528,0,startup_surge
618,6,0.230553,0.326027,0.158107,0.11902,0,startup_surge
618,7,0.235891,0.385702,0.122559,0.122951,0,startup_surge
618,8,0.262697,0.355655,0.155093,0.138255,0,startup_surge
618,9,0.281626,0.39913,0.176954,0.134501,0,startup_surge
619,0,0.181571,0.336731,0.105643,0.150752,1,lunch_restart
619,1,0.178583,0.348595,0.117599,0.13554,1,lunch_restart
619,2,0.177605,0.357789,0.184406,0.159832,1,lunch_restart
619,3,0.190401,0.38875,0.115514,0.15984,1,lunch_restart
619,4,0.215408,0.375817,0.136734,0.141927,1,lunch_restart
619,5,0.224574,0.389442,0.196087,0.19195,1,lunch_restart
619,6,0.233481,0.435128,0.206351,0.207182,1,lunch_restart
619,7,0.277758,0.411357,0.177628,0.229479,1,lunch_restart
619,8,0.284816,0.471996,0.172795,0.179591,1,lunch_restart
619,9,0.303394,0.456848,0.245054,0.169465,1,lunch_restart
620,0,0.018381,0.053224,0.001412,0.01155,0,lunch_restart
620,1,0.023695,0.085447,0.003968,0.020042,0,lunch_restart
620,2,0.011211,0.098205,0.005158,0.025274,0,lunch_restart
620,3,0.01228,0.079526,0.000558,0.023446,0,lunch_restart
620,4,0.012132,0.092117,0.003001,0.02127,0,lunch_restart
620,5,0.01751,0.06029,0.000199,0.025856,0,lunch_restart
620,6,0.013393,0.053381,0.001508,0.028064,0,lunch_restart
620,7,0.010158,0.067352,0.004241,0.012868,0,lunch_restart
620,8,0.027583,0.060409,0.006089,0.015107,0,lunch_restart
620,9,0.025033,0.080833,0.002028,0.029776,0,lunch_restart
621,0,0.632866,0.772386,0.349939,0.327824,2,startup_surge
621,1,0.501848,0.714527,0.222486,0.199273,2,startup_surge
621,2,0.472858,0.758205,0.221059,0.25588,2,startup_surge
621,3,0.471845,0.675629,0.409868,0.219677,2,startup_surge
621,4,0.595701,0.678109,0.420964,0.200259,2,startup_surge
621,5,0.672217,0.692785,0.232852,0.350158,2,startup_surge
621,6,0.50569,0.682948,0.438415,0.208806,2,startup_surge
621,7,0.640012,0.777209,0.303668,0.218481,2,startup_surge
621,8,0.459406,0.756977,0.220463,0.260691,2,startup_surge
621,9,0.538335,0.701809,0.300158,0.244408,2,startup_surge
622,0,0.029656,0.124519,0.007492,0.038015,0,lunch_restart
622,1,0.043818,0.116827,0.009426,0.036756,0,lunch_restart
622,2,0.040864,0.118203,0.009848,0.035787,0,lunch_restart
622,3,0.049898,0.127893,0.016168,0.038074,0,lunch_restart
622,4,0.052688,0.135447,0.034417,0.055432,0,lunch_restart
622,5,0.062368,0.161117,0.018527,0.050051,0,lunch_restart
622,6,0.057323,0.139852,0.050397,0.042454,0,lunch_restart
622,7,0.055665,0.15935,0.025021,0.045407,0,lunch_restart
622,8,0.081421,0.166355,0.037303,0.07337,0,lunch_restart
622,9,0.092696,0.153519,0.044143,0.054577,0,lunch_restart
623,0,0.141896,0.230553,0.031057,0.079807,0,startup_surge
623,1,0.118681,0.245484,0.016465,0.126321,0,startup_surge
623,2,0.174972,0.233721,0.033104,0.110867,0,startup_surge
623,3,0.168568,0.284153,0.067986,0.071017,0,startup_surge
623,4,0.152962,0.281919,0.099483,0.087184,0,startup_surge
623,5,0.222488,0.30393,0.095035,0.068158,0,startup_surge
623,6,0.202387,0.356478,0.096226,0.070216,0,startup_surge
623,7,0.213425,0.352116,0.141408,0.116831,0,startup_surge
623,8,0.222087,0.33505,0.120343,0.099407,0,startup_surge
623,9,0.244485,0.362924,0.136446,0.156498,0,startup_surge
624,0,0.325589,0.317881,0.069046,0.063841,0,emergency_ramp
624,1,0.448861,0.304474,0.098358,0.103854,0,emergency_ramp
624,2,0.364644,0.314581,0.063139,0.156153,0,emergency_ramp
624,3,0.401872,0.305676,0.054766,0.095688,0,emergency_ramp
624,4,0.480725,0.328385,0.076376,0.133225,0,emergency_ramp
624,5,0.426591,0.389614,0.078186,0.124643,0,emergency_ramp
624,6,0.386738,0.383749,0.095826,0.063224,0,emergency_ramp
624,7,0.439418,0.351476,0.056813,0.083207,0,emergency_ramp
624,8,0.344578,0.374792,0.067312,0.123005,0,emergency_ramp
624,9,0.302458,0.335992,0.074955,0.069204,0,emergency_ramp
625,0,0.572777,0.500654,0.147997,0.254791,1,emergency_ramp
625,1,0.550796,0.505771,0.196206,0.252152,1,emergency_ramp
625,2,0.654082,0.549744,0.20785,0.321149,1,emergency_ramp
625,3,0.590115,0.553394,0.220901,0.298618,1,emergency_ramp
625,4,0.63829,0.565678,0.272947,0.26967,1,emergency_ramp
625,5,0.63694,0.596722,0.257582,0.267432,1,emergency_ramp
625,6,0.631562,0.609648,0.229812,0.293824,1,emergency_ramp
625,7,0.723728,0.610745,0.3275,0.313535,1,emergency_ramp
625,8,0.689185,0.584263,0.353883,0.3098,1,emergency_ramp
625,9,0.773397,0.610354,0.341981,0.313013,1,emergency_ramp
626,0,0.580359,0.761552,0.443085,0.384344,2,imbalanced_ap_load
626,1,0.623521,0.745915,0.418527,0.384467,2,imbalanced_ap_load
626,2,0.606544,0.741277,0.46249,0.405782,2,imbalanced_ap_load
626,3,0.619643,0.775298,0.504141,0.445687,2,imbalanced_ap_load
626,4,0.598284,0.778049,0.44269,0.437616,2,imbalanced_ap_load
626,5,0.621512,0.770896,0.526602,0.428484,2,imbalanced_ap_load
626,6,0.633084,0.726883,0.525096,0.446094,2,imbalanced_ap_load
626,7,0.668076,0.768831,0.577067,0.416019,2,imbalanced_ap_load
626,8,0.680546,0.811347,0.552756,0.41633,2,imbalanced_ap_load
626,9,0.662137,0.774955,0.560058,0.501466,2,imbalanced_ap_load
627,0,0.096473,0.153331,0.011296,0.049715,0,startup_surge
627,1,0.068332,0.139032,0.009907,0.046994,0,startup_surge
627,2,0.091268,0.12951,0.022495,0.029775,0,startup_surge
627,3,0.087606,0.217477,0.07886,0.051012,0,startup_surge
627,4,0.09505,0.21508,0.0,0.053055,0,startup_surge
627,5,0.136091,0.206056,0.012175,0.089324,0,startup_surge
627,6,0.154242,0.257371,0.047878,0.072263,0,startup_surge
627,7,0.177198,0.240697,0.031189,0.069975,0,startup_surge
627,8,0.153148,0.267216,0.091029,0.097538,0,startup_surge
627,9,0.180381,0.335273,0.101795,0.097576,0,startup_surge
628,0,0.01552,0.088811,0.005385,0.029719,0,lunch_restart
628,1,0.022186,0.097233,0.004252,0.016356,0,lunch_restart
628,2,0.024644,0.05702,0.002635,0.027044,0,lunch_restart
628,3,0.02565,0.052441,0.002576,0.015522,0,lunch_restart
628,4,0.010932,0.055973,0.003724,0.019166,0,lunch_restart
628,5,0.02214,0.078319,0.005949,0.019643,0,lunch_restart
628,6,0.015301,0.09295,0.004376,0.024044,0,lunch_restart
628,7,0.015252,0.052594,0.000654,0.014953,0,lunch_restart
628,8,0.025674,0.075456,0.005232,0.016733,0,lunch_restart
628,9,0.027885,0.081323,0.000353,0.029513,0,lunch_restart
629,0,0.022378,0.061643,0.00332,0.017142,0,lunch_restart
629,1,0.026169,0.082436,0.003917,0.014466,0,lunch_restart
629,2,0.019258,0.097467,4.6e-05,0.012245,0,lunch_restart
629,3,0.022187,0.078749,0.002287,0.016255,0,lunch_restart
629,4,0.023009,0.071846,0.004696,0.01509,0,lunch_restart
629,5,0.023029,0.092933,0.005002,0.020674,0,lunch_restart
629,6,0.029737,0.07318,0.001563,0.027145,0,lunch_restart
629,7,0.022179,0.078212,0.001643,0.011672,0,lunch_restart
629,8,0.020925,0.065354,0.004531,0.02494,0,lunch_restart
629,9,0.027335,0.077467,0.004064,0.015351,0,lunch_restart
630,0,0.088083,0.207724,0.047451,0.065053,0,lunch_restart
630,1,0.095535,0.182711,0.040503,0.060959,0,lunch_restart
630,2,0.085083,0.188797,0.048801,0.078676,0,lunch_restart
630,3,0.092321,0.217797,0.050476,0.0866,0,lunch_restart
630,4,0.104617,0.218307,0.059052,0.087723,0,lunch_restart
630,5,0.095831,0.234568,0.071911,0.075058,0,lunch_restart
630,6,0.102683,0.24008,0.059526,0.090159,0,lunch_restart
630,7,0.128766,0.24227,0.06682,0.070466,0,lunch_restart
630,8,0.143979,0.268457,0.068668,0.103919,0,lunch_restart
630,9,0.135296,0.285295,0.096328,0.108041,0,lunch_restart
631,0,0.419983,0.307929,0.041579,0.08597,0,emergency_ramp
631,1,0.453404,0.322691,0.089271,0.138168,0,emergency_ramp
631,2,0.438016,0.367606,0.040298,0.093175,0,emergency_ramp
631,3,0.453538,0.310179,0.098807,0.126827,0,emergency_ramp
631,4,0.455356,0.331158,0.042978,0.112669,0,emergency_ramp
631,5,0.333291,0.367639,0.035815,0.07879,0,emergency_ramp
631,6,0.356936,0.369336,0.094336,0.088131,0,emergency_ramp
631,7,0.479668,0.367408,0.095256,0.092202,0,emergency_ramp
631,8,0.44569,0.353824,0.063857,0.087075,0,emergency_ramp
631,9,0.492212,0.362705,0.07459,0.070166,0,emergency_ramp
632,0,0.017809,0.084308,0.005793,0.028714,0,lunch_restart
632,1,0.024428,0.060731,0.004918,0.017777,0,lunch_restart
632,2,0.017568,0.091165,0.000914,0.021705,0,lunch_restart
632,3,0.028822,0.081786,0.000201,0.016031,0,lunch_restart
632,4,0.025793,0.064706,0.001169,0.024053,0,lunch_restart
632,5,0.010553,0.062456,0.006252,0.012029,0,lunch_restart
632,6,0.026371,0.071479,0.005442,0.011433,0,lunch_restart
632,7,0.025457,0.090036,0.003487,0.024886,0,lunch_restart
632,8,0.02033,0.089808,0.006459,0.024533,0,lunch_restart
632,9,0.019936,0.051669,0.000977,0.0153,0,lunch_restart
633,0,0.553659,0.698402,0.325726,0.363483,2,imbalanced_ap_load
633,1,0.542172,0.718975,0.346663,0.335487,2,imbalanced_ap_load
633,2,0.52241,0.694711,0.370249,0.344794,2,imbalanced_ap_load
633,3,0.544317,0.739508,0.344467,0.355176,2,imbalanced_ap_load
633,4,0.59001,0.725458,0.340891,0.363664,2,imbalanced_ap_load
633,5,0.584059,0.727098,0.396914,0.308077,2,imbalanced_ap_load
633,6,0.563872,0.696637,0.362741,0.375948,2,imbalanced_ap_load
633,7,0.584793,0.735728,0.415369,0.356865,2,imbalanced_ap_load
633,8,0.594568,0.757032,0.425088,0.437832,2,imbalanced_ap_load
633,9,0.598316,0.790907,0.466447,0.446066,2,imbalanced_ap_load
634,0,0.015962,0.091673,0.001862,0.028035,0,lunch_restart
634,1,0.029233,0.066832,0.006349,0.023251,0,lunch_restart
634,2,0.031703,0.085876,0.007658,0.028936,0,lunch_restart
634,3,0.031827,0.070911,0.0,0.042004,0,lunch_restart
634,4,0.048677,0.13624,0.002016,0.044818,0,lunch_restart
634,5,0.052039,0.116596,0.002357,0.039247,0,lunch_restart
634,6,0.041932,0.126697,0.029909,0.023824,0,lunch_restart
634,7,0.069036,0.135937,0.011726,0.049637,0,lunch_restart
634,8,0.054532,0.133016,0.024151,0.056441,0,lunch_restart
634,9,0.055816,0.155841,0.03057,0.04818,0,lunch_restart
635,0,0.445016,0.597234,0.204489,0.261372,2,imbalanced_ap_load
635,1,0.444476,0.587233,0.196465,0.264984,2,imbalanced_ap_load
635,2,0.455826,0.616006,0.220571,0.270454,2,imbalanced_ap_load
635,3,0.472406,0.611512,0.217059,0.287336,2,imbalanced_ap_load
635,4,0.474201,0.677504,0.2129,0.273626,2,imbalanced_ap_load
635,5,0.459194,0.65453,0.252072,0.279537,2,imbalanced_ap_load
635,6,0.532604,0.72099,0.252414,0.281065,2,imbalanced_ap_load
635,7,0.505501,0.669876,0.297863,0.262864,2,imbalanced_ap_load
635,8,0.515277,0.676388,0.278755,0.312058,2,imbalanced_ap_load
635,9,0.519079,0.71831,0.300198,0.309485,2,imbalanced_ap_load
636,0,0.514469,0.688604,0.431734,0.30277,2,startup_surge
636,1,0.648681,0.672286,0.331151,0.323626,2,startup_surge
636,2,0.48116,0.69092,0.295797,0.295717,2,startup_surge
636,3,0.569802,0.720647,0.290926,0.185198,2,startup_surge
636,4,0.66641,0.682699,0.298338,0.327242,2,startup_surge
636,5,0.647243,0.668829,0.235209,0.188117,2,startup_surge
636,6,0.516844,0.779564,0.374323,0.271833,2,startup_surge
636,7,0.458887,0.714625,0.387043,0.271167,2,startup_surge
636,8,0.553469,0.759786,0.316905,0.366209,2,startup_surge
636,9,0.598376,0.748653,0.486757,0.369788,2,startup_surge
637,0,0.40476,0.548502,0.22323,0.202044,2,startup_surge
637,1,0.608604,0.737525,0.227856,0.309612,2,startup_surge
637,2,0.584896,0.756985,0.430445,0.304747,2,startup_surge
637,3,0.646168,0.679999,0.240704,0.335695,2,startup_surge
637,4,0.586137,0.723467,0.367756,0.318304,2,startup_surge
637,5,0.498337,0.697378,0.33972,0.230724,2,startup_surge
637,6,0.665735,0.680568,0.23226,0.380946,2,startup_surge
637,7,0.671884,0.744471,0.253548,0.37376,2,startup_surge
637,8,0.645134,0.66109,0.308449,0.207723,2,startup_surge
637,9,0.687886,0.763855,0.297508,0.311071,2,startup_surge
638,0,0.073685,0.194978,0.0042,0.051953,0,startup_surge
638,1,0.08839,0.182498,0.006389,0.024979,0,startup_surge
638,2,0.058664,0.120491,0.03189,0.020559,0,startup_surge
638,3,0.095776,0.1154,0.016934,0.056498,0,startup_surge
638,4,0.08419,0.105897,0.006381,0.030621,0,startup_surge
638,5,0.065615,0.158197,0.026586,0.043295,0,startup_surge
638,6,0.123172,0.152726,0.002003,0.036908,0,startup_surge
638,7,0.117052,0.253365,0.032448,0.106162,0,startup_surge
638,8,0.106698,0.241998,0.033581,0.046214,0,startup_surge
638,9,0.123573,0.217012,0.0,0.079503,0,startup_surge
639,0,0.093048,0.188096,0.018413,0.039416,0,startup_surge
639,1,0.085833,0.170138,0.020233,0.029488,0,startup_surge
639,2,0.055187,0.136279,0.008791,0.027754,0,startup_surge
639,3,0.085313,0.187964,0.03291,0.035852,0,startup_surge
639,4,0.073453,0.14063,0.012091,0.045652,0,startup_surge
639,5,0.068563,0.169837,0.027735,0.032587,0,startup_surge
639,6,0.062534,0.178787,0.001168,0.039536,0,startup_surge
639,7,0.065899,0.128639,0.023174,0.044,0,startup_surge
639,8,0.07679,0.107226,0.010115,0.028399,0,startup_surge
639,9,0.058097,0.186813,0.017896,0.049656,0,startup_surge
640,0,0.324507,0.36363,0.052958,0.077632,0,emergency_ramp
640,1,0.324067,0.367749,0.078788,0.08352,0,emergency_ramp
640,2,0.420773,0.381582,0.080227,0.15175,0,emergency_ramp
640,3,0.406028,0.336878,0.033395,0.124142,0,emergency_ramp
640,4,0.349865,0.368966,0.058275,0.14665,0,emergency_ramp
640,5,0.337788,0.361672,0.043339,0.114351,0,emergency_ramp
640,6,0.48191,0.329286,0.056411,0.141979,0,emergency_ramp
640,7,0.417189,0.374353,0.051014,0.094969,0,emergency_ramp
640,8,0.468668,0.380261,0.038419,0.084446,0,emergency_ramp
640,9,0.352911,0.351018,0.099069,0.11488,0,emergency_ramp
641,0,0.093115,0.153351,0.025408,0.056238,0,startup_surge
641,1,0.069144,0.158605,0.01522,0.051049,0,startup_surge
641,2,0.062887,0.203504,0.007819,0.084451,0,startup_surge
641,3,0.073185,0.26239,0.031836,0.067772,0,startup_surge
641,4,0.119427,0.209542,0.0539,0.052468,0,startup_surge
641,5,0.124878,0.198394,0.082976,0.065465,0,startup_surge
641,6,0.129925,0.226594,0.084678,0.086917,0,startup_surge
641,7,0.13974,0.257078,0.058769,0.110644,0,startup_surge
641,8,0.174364,0.323765,0.119416,0.070486,0,startup_surge
641,9,0.208223,0.267604,0.115928,0.081549,0,startup_surge
642,0,0.450712,0.328689,0.063363,0.102038,0,emergency_ramp
642,1,0.48889,0.343964,0.057528,0.114612,0,emergency_ramp
642,2,0.336426,0.359715,0.096564,0.155758,0,emergency_ramp
642,3,0.374965,0.320827,0.052023,0.072064,0,emergency_ramp
642,4,0.37431,0.302838,0.04763,0.099723,0,emergency_ramp
642,5,0.471635,0.344328,0.096318,0.158707,0,emergency_ramp
642,6,0.419017,0.363271,0.070668,0.074035,0,emergency_ramp
642,7,0.425692,0.317715,0.042043,0.148107,0,emergency_ramp
642,8,0.420231,0.332639,0.086561,0.100717,0,emergency_ramp
642,9,0.387833,0.328828,0.074515,0.1117,0,emergency_ramp
643,0,0.025713,0.060781,0.005501,0.019662,0,lunch_restart
643,1,0.020463,0.083238,0.002307,0.016246,0,lunch_restart
643,2,0.012931,0.073217,0.003766,0.013402,0,lunch_restart
643,3,0.011261,0.071539,0.002732,0.013945,0,lunch_restart
643,4,0.019741,0.073402,0.004056,0.014536,0,lunch_restart
643,5,0.011321,0.082605,0.003513,0.017222,0,lunch_restart
643,6,0.0296,0.089918,0.00639,0.01051,0,lunch_restart
643,7,0.020106,0.073129,0.006385,0.019544,0,lunch_restart
643,8,0.013238,0.077124,0.001137,0.027722,0,lunch_restart
643,9,0.014673,0.082273,0.005954,0.019327,0,lunch_restart
644,0,0.313972,0.425098,0.055026,0.09409,1,imbalanced_ap_load
644,1,0.319314,0.426515,0.085267,0.129449,1,imbalanced_ap_load
644,2,0.336835,0.444605,0.11631,0.128385,1,imbalanced_ap_load
644,3,0.361292,0.442213,0.113809,0.190533,1,imbalanced_ap_load
644,4,0.341624,0.46969,0.145308,0.156177,1,imbalanced_ap_load
644,5,0.378977,0.482214,0.140586,0.153089,1,imbalanced_ap_load
644,6,0.373104,0.474627,0.145575,0.149526,1,imbalanced_ap_load
644,7,0.415419,0.509565,0.176992,0.201413,1,imbalanced_ap_load
644,8,0.394256,0.521019,0.152767,0.183873,1,imbalanced_ap_load
644,9,0.396967,0.524044,0.164209,0.185759,1,imbalanced_ap_load
645,0,0.545671,0.479152,0.145189,0.211865,1,emergency_ramp
645,1,0.596621,0.507122,0.148169,0.238992,1,emergency_ramp
645,2,0.603388,0.511133,0.162855,0.260391,1,emergency_ramp
645,3,0.578904,0.535776,0.258157,0.24916,1,emergency_ramp
645,4,0.618469,0.506037,0.224843,0.261505,1,emergency_ramp
645,5,0.603968,0.569969,0.234297,0.291826,1,emergency_ramp
645,6,0.687209,0.554051,0.234997,0.21438,1,emergency_ramp
645,7,0.635831,0.545467,0.273128,0.294117,1,emergency_ramp
645,8,0.686228,0.538908,0.267526,0.289974,1,emergency_ramp
645,9,0.676829,0.595832,0.360123,0.317393,1,emergency_ramp
646,0,0.481179,0.376696,0.052643,0.138288,0,emergency_ramp
646,1,0.390068,0.321451,0.036939,0.06068,0,emergency_ramp
646,2,0.460646,0.322571,0.071643,0.1069,0,emergency_ramp
646,3,0.359905,0.300661,0.035634,0.07073,0,emergency_ramp
646,4,0.361601,0.313951,0.080946,0.119163,0,emergency_ramp
646,5,0.492938,0.388081,0.082455,0.159834,0,emergency_ramp
646,6,0.399332,0.339048,0.070861,0.077202,0,emergency_ramp
646,7,0.311978,0.317565,0.044543,0.155668,0,emergency_ramp
646,8,0.467141,0.386911,0.091715,0.146548,0,emergency_ramp
646,9,0.345446,0.302441,0.073061,0.158585,0,emergency_ramp
647,0,0.220994,0.357044,0.172157,0.172309,1,lunch_restart
647,1,0.2378,0.375334,0.166784,0.185519,1,lunch_restart
647,2,0.25188,0.43501,0.2014,0.189987,1,lunch_restart
647,3,0.233327,0.460595,0.197477,0.194089,1,lunch_restart
647,4,0.253997,0.493898,0.213868,0.208374,1,lunch_restart
647,5,0.276203,0.474179,0.230908,0.238186,1,lunch_restart
647,6,0.314959,0.497142,0.230324,0.240215,1,lunch_restart
647,7,0.299827,0.52473,0.210032,0.250912,1,lunch_restart
647,8,0.326074,0.56037,0.28995,0.218981,1,lunch_restart
647,9,0.331007,0.523791,0.294012,0.268416,1,lunch_restart
648,0,0.168383,0.316627,0.086519,0.113542,0,startup_surge
648,1,0.191069,0.331787,0.083298,0.084728,0,startup_surge
648,2,0.181921,0.271301,0.052817,0.062251,0,startup_surge
648,3,0.207872,0.246095,0.15318,0.090754,0,startup_surge
648,4,0.220115,0.33479,0.138373,0.095035,0,startup_surge
648,5,0.219383,0.385847,0.111346,0.13413,0,startup_surge
648,6,0.216382,0.415129,0.121116,0.078055,0,startup_surge
648,7,0.259081,0.356484,0.147267,0.124973,0,startup_surge
648,8,0.272775,0.450385,0.116254,0.164795,0,startup_surge
648,9,0.290658,0.346206,0.163677,0.145347,0,startup_surge
649,0,0.029737,0.07318,0.001563,0.027145,0,lunch_restart
649,1,0.022179,0.078212,0.001643,0.011672,0,lunch_restart
649,2,0.020925,0.065354,0.004531,0.02494,0,lunch_restart
649,3,0.027335,0.077467,0.004064,0.015351,0,lunch_restart
649,4,0.022419,0.08579,0.003314,0.022822,0,lunch_restart
649,5,0.019163,0.075465,0.003644,0.022545,0,lunch_restart
649,6,0.024848,0.060542,0.00333,0.02475,0,lunch_restart
649,7,0.014485,0.050982,0.002715,0.010305,0,lunch_restart
649,8,0.023451,0.0609,0.005252,0.010028,0,lunch_restart
649,9,0.025344,0.092513,0.005924,0.013375,0,lunch_restart
650,0,0.044462,0.129194,0.028625,0.048292,0,lunch_restart
650,1,0.043041,0.127869,0.010839,0.044962,0,lunch_restart
650,2,0.047462,0.123684,0.02514,0.047198,0,lunch_restart
650,3,0.060176,0.126741,0.003511,0.046284,0,lunch_restart
650,4,0.049769,0.162309,0.018971,0.042443,0,lunch_restart
650,5,0.096055,0.151646,0.033871,0.06157,0,lunch_restart
650,6,0.047203,0.182723,0.052965,0.06653,0,lunch_restart
650,7,0.072038,0.174829,0.042846,0.070486,0,lunch_restart
650,8,0.088083,0.207724,0.047451,0.065053,0,lunch_restart
650,9,0.095535,0.182711,0.040503,0.060959,0,lunch_restart
651,0,0.384557,0.326831,0.0465,0.086536,0,emergency_ramp
651,1,0.411373,0.371697,0.094342,0.073512,0,emergency_ramp
651,2,0.35296,0.374513,0.060238,0.063944,0,emergency_ramp
651,3,0.365989,0.314152,0.089612,0.107214,0,emergency_ramp
651,4,0.492177,0.361766,0.097714,0.124129,0,emergency_ramp
651,5,0.397668,0.322104,0.035143,0.150511,0,emergency_ramp
651,6,0.469636,0.321939,0.096525,0.080608,0,emergency_ramp
651,7,0.492304,0.317147,0.081355,0.067591,0,emergency_ramp
651,8,0.461997,0.319987,0.085118,0.132813,0,emergency_ramp
651,9,0.379088,0.335605,0.045685,0.111742,0,emergency_ramp
652,0,0.140845,0.315884,0.111796,0.132106,1,lunch_restart
652,1,0.165117,0.315133,0.114256,0.149874,1,lunch_restart
652,2,0.209808,0.379679,0.104376,0.162256,1,lunch_restart
652,3,0.191564,0.346114,0.143546,0.158596,1,lunch_restart
652,4,0.21573,0.400577,0.153816,0.159987,1,lunch_restart
652,5,0.193253,0.379196,0.13452,0.193734,1,lunch_restart
652,6,0.256347,0.380268,0.166502,0.17444,1,lunch_restart
652,7,0.241341,0.393129,0.191642,0.190872,1,lunch_restart
652,8,0.237553,0.450197,0.194514,0.196105,1,lunch_restart
652,9,0.249893,0.485004,0.168632,0.175899,1,lunch_restart
653,0,0.156747,0.370353,0.131666,0.12103,1,lunch_restart
653,1,0.18226,0.314173,0.150907,0.162159,1,lunch_restart
653,2,0.195474,0.381967,0.189518,0.119965,1,lunch_restart
653,3,0.224396,0.391931,0.132518,0.19214,1,lunch_restart
653,4,0.225714,0.40351,0.194072,0.173214,1,lunch_restart
653,5,0.223238,0.426307,0.215211,0.162932,1,lunch_restart
653,6,0.266487,0.430858,0.204752,0.199738,1,lunch_restart
653,7,0.286237,0.474821,0.245924,0.210269,1,lunch_restart
653,8,0.278739,0.45314,0.255083,0.218971,1,lunch_restart
653,9,0.296711,0.503615,0.224632,0.252076,1,lunch_restart
654,0,0.905375,0.954544,0.889365,0.911228,3,emergency_ramp
654,1,0.963407,0.970648,0.948059,0.877436,3,emergency_ramp
654,2,0.90326,0.956281,0.952424,0.899546,3,emergency_ramp
654,3,0.961371,0.9764,0.927863,0.931694,3,emergency_ramp
654,4,0.949358,0.940036,1.0,0.940114,3,emergency_ramp
654,5,0.942879,0.948684,0.939943,0.970597,3,emergency_ramp
654,6,1.0,0.927027,0.939259,0.971299,3,emergency_ramp
654,7,0.959586,0.978347,0.959846,0.991175,3,emergency_ramp
654,8,0.963472,0.970067,0.947349,0.973192,3,emergency_ramp
654,9,0.995326,0.971932,1.0,0.957249,3,emergency_ramp
655,0,0.141928,0.198609,0.059095,0.058027,0,startup_surge
655,1,0.141739,0.316377,0.122635,0.120306,0,startup_surge
655,2,0.190988,0.306294,0.09008,0.102262,0,startup_surge
655,3,0.197077,0.284096,0.146082,0.065286,0,startup_surge
655,4,0.200878,0.296778,0.117852,0.137349,0,startup_surge
655,5,0.209665,0.393835,0.149605,0.132282,0,startup_surge
655,6,0.211009,0.394516,0.114722,0.113162,0,startup_surge
655,7,0.197746,0.363808,0.138199,0.109592,0,startup_surge
655,8,0.22348,0.386646,0.170178,0.1048,0,startup_surge
655,9,0.248372,0.378441,0.170509,0.182608,0,startup_surge
656,0,0.193872,0.276126,0.01874,0.084416,0,startup_surge
656,1,0.175919,0.327267,0.063048,0.097183,0,startup_surge
656,2,0.203431,0.30576,0.133538,0.083424,0,startup_surge
656,3,0.195488,0.297989,0.127219,0.068506,0,startup_surge
656,4,0.176704,0.27251,0.126008,0.119087,0,startup_surge
656,5,0.235363,0.380754,0.153176,0.085069,0,startup_surge
656,6,0.22424,0.345313,0.077877,0.109082,0,startup_surge
656,7,0.242872,0.348186,0.158897,0.101155,0,startup_surge
656,8,0.242786,0.346366,0.17476,0.109458,0,startup_surge
656,9,0.275875,0.36987,0.137507,0.152892,0,startup_surge
657,0,0.088557,0.160242,0.017514,0.040726,0,startup_surge
657,1,0.07341,0.154732,0.007326,0.042496,0,startup_surge
657,2,0.091033,0.195736,0.018327,0.05639,0,startup_surge
657,3,0.094322,0.16153,0.012038,0.034575,0,startup_surge
657,4,0.07964,0.103614,0.008975,0.046399,0,startup_surge
657,5,0.057481,0.15894,0.023862,0.02888,0,startup_surge
657,6,0.080291,0.143067,0.008085,0.03421,0,startup_surge
657,7,0.065688,0.199914,0.006572,0.041504,0,startup_surge
657,8,0.067892,0.148532,0.005656,0.048349,0,startup_surge
657,9,0.094681,0.178302,0.006757,0.056538,0,startup_surge
658,0,0.559315,0.702135,0.407736,0.287142,2,startup_surge
658,1,0.490918,0.76882,0.206542,0.260724,2,startup_surge
658,2,0.619908,0.700783,0.491235,0.343845,2,startup_surge
658,3,0.469231,0.777324,0.305086,0.22212,2,startup_surge
658,4,0.697628,0.772363,0.201974,0.311883,2,startup_surge
658,5,0.485934,0.692151,0.465376,0.341397,2,startup_surge
658,6,0.545745,0.700872,0.379941,0.239239,2,startup_surge
658,7,0.509445,0.75746,0.445218,0.324254,2,startup_surge
658,8,0.522665,0.683473,0.330507,0.34175,2,startup_surge
658,9,0.530613,0.747834,0.306255,0.205832,2,startup_surge
659,0,0.414867,0.3004,0.076044,0.145461,0,emergency_ramp
659,1,0.351682,0.359692,0.059836,0.09793,0,emergency_ramp
659,2,0.337848,0.374004,0.047913,0.156229,0,emergency_ramp
659,3,0.333477,0.308093,0.099149,0.143107,0,emergency_ramp
659,4,0.340989,0.30211,0.035975,0.086886,0,emergency_ramp
659,5,0.410673,0.345766,0.082097,0.097578,0,emergency_ramp
659,6,0.498994,0.388859,0.079167,0.149594,0,emergency_ramp
659,7,0.486944,0.348148,0.070715,0.08526,0,emergency_ramp
659,8,0.318784,0.387768,0.045806,0.068213,0,emergency_ramp
659,9,0.34035,0.363151,0.090276,0.067832,0,emergency_ramp
660,0,0.067117,0.162042,0.0156,0.076117,0,startup_surge
660,1,0.129763,0.18599,0.034793,0.05168,0,startup_surge
660,2,0.088833,0.271462,0.060754,0.07003,0,startup_surge
660,3,0.135593,0.205444,0.073169,0.052947,0,startup_surge
660,4,0.173046,0.218012,0.039796,0.06512,0,startup_surge
660,5,0.160782,0.254316,0.081581,0.104541,0,startup_surge
660,6,0.194972,0.332267,0.108063,0.115788,0,startup_surge
660,7,0.193959,0.278289,0.06166,0.090836,0,startup_surge
660,8,0.172528,0.31249,0.106901,0.11804,0,startup_surge
660,9,0.234042,0.345377,0.095224,0.128818,0,startup_surge
661,0,0.419633,0.35034,0.034972,0.130444,0,emergency_ramp
661,1,0.483424,0.339229,0.075729,0.069792,0,emergency_ramp
661,2,0.343723,0.359277,0.09126,0.130824,0,emergency_ramp
661,3,0.327116,0.349854,0.064686,0.081398,0,emergency_ramp
661,4,0.331492,0.362823,0.077737,0.157753,0,emergency_ramp
661,5,0.439837,0.333989,0.096897,0.134339,0,emergency_ramp
661,6,0.474008,0.387604,0.065576,0.130224,0,emergency_ramp
661,7,0.453339,0.384816,0.087494,0.081868,0,emergency_ramp
661,8,0.380792,0.372269,0.056472,0.083834,0,emergency_ramp
661,9,0.413046,0.303104,0.034156,0.115559,0,emergency_ramp
662,0,0.239821,0.381635,0.185761,0.183799,1,lunch_restart
662,1,0.225398,0.414173,0.204302,0.196445,1,lunch_restart
662,2,0.255982,0.394142,0.190586,0.21977,1,lunch_restart
662,3,0.237521,0.505689,0.193694,0.198631,1,lunch_restart
662,4,0.280863,0.485763,0.201645,0.232398,1,lunch_restart
662,5,0.292862,0.508671,0.254708,0.23251,1,lunch_restart
662,6,0.318218,0.508382,0.234412,0.258941,1,lunch_restart
662,7,0.309037,0.532276,0.239628,0.256561,1,lunch_restart
662,8,0.335093,0.572586,0.27001,0.257582,1,lunch_restart
662,9,0.347425,0.567966,0.249044,0.224001,1,lunch_restart
663,0,0.092882,0.108791,0.03097,0.030603,0,startup_surge
663,1,0.062511,0.100849,0.019622,0.055136,0,startup_surge
663,2,0.077165,0.130381,0.031239,0.049658,0,startup_surge
663,3,0.099735,0.164677,0.002661,0.039363,0,startup_surge
663,4,0.052919,0.240848,0.04897,0.075616,0,startup_surge
663,5,0.12146,0.187568,0.039169,0.068694,0,startup_surge
663,6,0.108203,0.204636,0.024742,0.031662,0,startup_surge
663,7,0.12019,0.256193,0.061603,0.060783,0,startup_surge
663,8,0.145612,0.23428,0.07254,0.061674,0,startup_surge
663,9,0.135266,0.283144,0.075719,0.056501,0,startup_surge
664,0,0.029733,0.071239,0.002819,0.013664,0,lunch_restart
664,1,0.02997,0.057973,0.003904,0.016129,0,lunch_restart
664,2,0.024397,0.065645,0.000997,0.028803,0,lunch_restart
664,3,0.022237,0.06326,0.002235,0.027366,0,lunch_restart
664,4,0.02554,0.084053,0.005904,0.012036,0,lunch_restart
664,5,0.027931,0.058944,0.003177,0.014991,0,lunch_restart
664,6,0.020386,0.082239,0.004961,0.02189,0,lunch_restart
664,7,0.010706,0.073298,0.003232,0.011227,0,lunch_restart
664,8,0.024188,0.091983,0.0031,0.021002,0,lunch_restart
664,9,0.029692,0.07425,0.004146,0.02169,0,lunch_restart
665,0,0.172338,0.294878,0.112258,0.131863,1,lunch_restart
665,1,0.186932,0.357355,0.118037,0.152005,1,lunch_restart
665,2,0.219002,0.306973,0.17698,0.179439,1,lunch_restart
665,3,0.21221,0.361804,0.149151,0.149804,1,lunch_restart
665,4,0.207564,0.391635,0.175176,0.154653,1,lunch_restart
665,5,0.23233,0.393028,0.161758,0.163713,1,lunch_restart
665,6,0.213354,0.417435,0.198112,0.205911,1,lunch_restart
665,7,0.214105,0.480905,0.166966,0.21807,1,lunch_restart
665,8,0.283199,0.483845,0.198602,0.201407,1,lunch_restart
665,9,0.273843,0.465695,0.195442,0.185824,1,lunch_restart
666,0,0.677648,0.786021,0.592127,0.462762,3,imbalanced_ap_load
666,1,0.691314,0.813259,0.602989,0.477684,3,imbalanced_ap_load
666,2,0.709856,0.821042,0.629354,0.482972,3,imbalanced_ap_load
666,3,0.723899,0.831582,0.653479,0.491453,3,imbalanced_ap_load
666,4,0.713472,0.831364,0.574851,0.474199,3,imbalanced_ap_load
666,5,0.717844,0.851286,0.61354,0.573937,3,imbalanced_ap_load
666,6,0.742834,0.877906,0.673172,0.569962,3,imbalanced_ap_load
666,7,0.766569,0.861035,0.66062,0.555794,3,imbalanced_ap_load
666,8,0.761979,0.858591,0.713863,0.618347,3,imbalanced_ap_load
666,9,0.798054,0.874546,0.714614,0.580532,3,imbalanced_ap_load
667,0,0.174122,0.345855,0.112542,0.145705,1,lunch_restart
667,1,0.194503,0.349,0.160729,0.153642,1,lunch_restart
667,2,0.196448,0.355217,0.105356,0.147597,1,lunch_restart
667,3,0.237191,0.410212,0.167234,0.172877,1,lunch_restart
667,4,0.232577,0.386352,0.178924,0.161683,1,lunch_restart
667,5,0.229778,0.410428,0.167938,0.183177,1,lunch_restart
667,6,0.256011,0.421522,0.187138,0.179763,1,lunch_restart
667,7,0.263897,0.474009,0.232264,0.207596,1,lunch_restart
667,8,0.305655,0.481541,0.258866,0.207192,1,lunch_restart
667,9,0.292137,0.514729,0.252667,0.241046,1,lunch_restart
668,0,0.548602,0.441869,0.185272,0.18484,1,emergency_ramp
668,1,0.544876,0.453189,0.154628,0.193222,1,emergency_ramp
668,2,0.570745,0.487712,0.177426,0.173974,1,emergency_ramp
668,3,0.566926,0.454295,0.163969,0.22894,1,emergency_ramp
668,4,0.555972,0.529016,0.235542,0.283704,1,emergency_ramp
668,5,0.59071,0.537879,0.227142,0.236497,1,emergency_ramp
668,6,0.637119,0.542489,0.267731,0.274381,1,emergency_ramp
668,7,0.622077,0.478458,0.245326,0.324537,1,emergency_ramp
668,8,0.636575,0.554812,0.254144,0.300703,1,emergency_ramp
668,9,0.61879,0.548543,0.288965,0.276524,1,emergency_ramp
669,0,0.020046,0.056412,0.004841,0.015633,0,lunch_restart
669,1,0.027171,0.054574,0.001631,0.022137,0,lunch_restart
669,2,0.018146,0.090957,0.001851,0.023855,0,lunch_restart
669,3,0.025148,0.056325,0.003565,0.022648,0,lunch_restart
669,4,0.021353,0.070863,0.00574,0.013903,0,lunch_restart
669,5,0.012708,0.070587,0.00493,0.018924,0,lunch_restart
669,6,0.010659,0.099153,0.00202,0.011485,0,lunch_restart
669,7,0.028684,0.085259,0.000288,0.020408,0,lunch_restart
669,8,0.02733,0.088327,0.004049,0.014284,0,lunch_restart
669,9,0.029671,0.083496,0.003172,0.027783,0,lunch_restart
670,0,0.281181,0.45934,0.209728,0.216725,1,lunch_restart
670,1,0.269213,0.467402,0.238963,0.210604,1,lunch_restart
670,2,0.273006,0.507836,0.226142,0.244103,1,lunch_restart
670,3,0.300152,0.502461,0.227272,0.24932,1,lunch_restart
670,4,0.349222,0.508089,0.263817,0.247121,1,lunch_restart
670,5,0.320212,0.551052,0.277239,0.246777,1,lunch_restart
670,6,0.328187,0.551614,0.267981,0.278186,1,lunch_restart
670,7,0.383792,0.568774,0.269255,0.253162,1,lunch_restart
670,8,0.338009,0.580315,0.270902,0.28892,1,lunch_restart
670,9,0.395352,0.581178,0.344214,0.285087,1,lunch_restart
671,0,0.097673,0.134822,0.01195,0.050505,0,startup_surge
671,1,0.095311,0.124311,0.000309,0.033388,0,startup_surge
671,2,0.09132,0.121931,0.013912,0.031005,0,startup_surge
671,3,0.094639,0.194858,9.2e-05,0.051258,0,startup_surge
671,4,0.057334,0.111882,0.018834,0.029973,0,startup_surge
671,5,0.075186,0.130481,0.023468,0.052834,0,startup_surge
671,6,0.065895,0.147148,0.018738,0.027085,0,startup_surge
671,7,0.094369,0.100045,0.023117,0.034379,0,startup_surge
671,8,0.059472,0.192095,0.0,0.036043,0,startup_surge
671,9,0.060997,0.10991,0.001981,0.03198,0,startup_surge
672,0,0.016691,0.059039,0.003314,0.011756,0,lunch_restart
672,1,0.028153,0.07753,0.004995,0.025667,0,lunch_restart
672,2,0.014483,0.062296,0.003366,0.011427,0,lunch_restart
672,3,0.028534,0.068759,0.001596,0.01774,0,lunch_restart
672,4,0.020993,0.085866,0.005793,0.018213,0,lunch_restart
672,5,0.044902,0.126016,0.007793,0.048009,0,lunch_restart
672,6,0.031458,0.100623,0.020786,0.041408,0,lunch_restart
672,7,0.048749,0.103093,0.002692,0.029021,0,lunch_restart
672,8,0.052987,0.124381,0.013344,0.037567,0,lunch_restart
672,9,0.037511,0.148329,0.008986,0.051996,0,lunch_restart
673,0,0.076728,0.147537,0.008034,0.040642,0,startup_surge
673,1,0.098001,0.114764,0.027613,0.058636,0,startup_surge
673,2,0.065074,0.152649,0.013336,0.025772,0,startup_surge
673,3,0.07607,0.166842,0.009133,0.022695,0,startup_surge
673,4,0.097906,0.133224,0.013639,0.052647,0,startup_surge
673,5,0.060067,0.108252,0.030688,0.020164,0,startup_surge
673,6,0.079894,0.132194,0.006026,0.042462,0,startup_surge
673,7,0.05318,0.169057,0.006174,0.020056,0,startup_surge
673,8,0.063149,0.197837,0.011792,0.03393,0,startup_surge
673,9,0.053461,0.119009,0.002015,0.046035,0,startup_surge
674,0,0.098218,0.173939,0.037482,0.050086,0,startup_surge
674,1,0.112645,0.193467,0.0227,0.055111,0,startup_surge
674,2,0.111083,0.231203,0.056726,0.082661,0,startup_surge
674,3,0.12958,0.241879,0.054614,0.078203,0,startup_surge
674,4,0.169248,0.296962,0.064343,0.041266,0,startup_surge
674,5,0.160764,0.284595,0.093518,0.086874,0,startup_surge
674,6,0.183464,0.282556,0.105091,0.089532,0,startup_surge
674,7,0.208197,0.288831,0.14842,0.125242,0,startup_surge
674,8,0.217417,0.275912,0.121413,0.086332,0,startup_surge
674,9,0.211017,0.378042,0.105062,0.149287,0,startup_surge
675,0,0.019209,0.051048,0.004905,0.015042,0,lunch_restart
675,1,0.019423,0.066505,0.003964,0.010709,0,lunch_restart
675,2,0.00976,0.09701,0.022301,0.041911,0,lunch_restart
675,3,0.034643,0.103202,0.018393,0.030913,0,lunch_restart
675,4,0.050019,0.146636,0.007405,0.023594,0,lunch_restart
675,5,0.055408,0.134875,0.003687,0.0631,0,lunch_restart
675,6,0.054002,0.139073,0.027195,0.035661,0,lunch_restart
675,7,0.072171,0.147079,0.013519,0.057118,0,lunch_restart
675,8,0.06351,0.159083,0.018045,0.053337,0,lunch_restart
675,9,0.065087,0.189488,0.033466,0.066578,0,lunch_restart
676,0,0.028549,0.064411,0.005158,0.013752,0,lunch_restart
676,1,0.018964,0.086688,0.00577,0.011696,0,lunch_restart
676,2,0.035245,0.102661,0.01016,0.007482,0,lunch_restart
676,3,0.02035,0.127011,0.034022,0.025262,0,lunch_restart
676,4,0.04758,0.11279,0.017927,0.029235,0,lunch_restart
676,5,0.066409,0.101091,0.021132,0.017385,0,lunch_restart
676,6,0.052896,0.135031,0.019115,0.034481,0,lunch_restart
676,7,0.053097,0.130581,0.032481,0.038495,0,lunch_restart
676,8,0.060345,0.147806,0.034094,0.049165,0,lunch_restart
676,9,0.073211,0.160541,0.04389,0.065836,0,lunch_restart
677,0,0.079794,0.181993,0.041249,0.052342,0,lunch_restart
677,1,0.079467,0.190545,0.040273,0.058737,0,lunch_restart
677,2,0.0851,0.181457,0.058338,0.047189,0,lunch_restart
677,3,0.095175,0.197253,0.044197,0.06674,0,lunch_restart
677,4,0.108835,0.223311,0.051393,0.065387,0,lunch_restart
677,5,0.111564,0.191823,0.073793,0.077773,0,lunch_restart
677,6,0.096474,0.245933,0.069289,0.099922,0,lunch_restart
677,7,0.12238,0.239466,0.061438,0.070536,0,lunch_restart
677,8,0.133679,0.258284,0.07139,0.100139,0,lunch_restart
677,9,0.150018,0.25053,0.030293,0.056176,0,lunch_restart
678,0,0.024619,0.068492,0.000279,0.013222,0,lunch_restart
678,1,0.022275,0.051658,0.003015,0.016238,0,lunch_restart
678,2,0.01771,0.066487,0.001454,0.012911,0,lunch_restart
678,3,0.026153,0.068318,4.8e-05,0.012112,0,lunch_restart
678,4,0.028551,0.061715,0.004529,0.020441,0,lunch_restart
678,5,0.02521,0.064316,0.005441,0.017934,0,lunch_restart
678,6,0.028972,0.085246,0.000986,0.010923,0,lunch_restart
678,7,0.018726,0.087313,0.003759,0.012904,0,lunch_restart
678,8,0.028275,0.097945,0.00656,0.010753,0,lunch_restart
678,9,0.027524,0.055904,0.001792,0.010492,0,lunch_restart
679,0,0.07294,0.133572,0.010657,0.045193,0,startup_surge
679,1,0.062939,0.176599,0.027976,0.034944,0,startup_surge
679,2,0.097814,0.163445,0.03207,0.020869,0,startup_surge
679,3,0.063829,0.143972,0.015801,0.032807,0,startup_surge
679,4,0.062635,0.187859,0.021744,0.032995,0,startup_surge
679,5,0.060284,0.151658,0.01215,0.033308,0,startup_surge
679,6,0.076627,0.101279,0.011803,0.058138,0,startup_surge
679,7,0.055359,0.16932,0.015657,0.026582,0,startup_surge
679,8,0.078534,0.106316,0.006571,0.030802,0,startup_surge
679,9,0.097184,0.14811,0.02298,0.053296,0,startup_surge
680,0,0.082677,0.10157,0.025797,0.027684,0,startup_surge
680,1,0.085706,0.118355,0.01566,0.022997,0,startup_surge
680,2,0.05285,0.136149,0.021074,0.021399,0,startup_surge
680,3,0.054631,0.166594,0.020209,0.045803,0,startup_surge
680,4,0.065787,0.106393,0.00121,0.047257,0,startup_surge
680,5,0.07363,0.134951,0.0236,0.046342,0,startup_surge
680,6,0.08555,0.136527,0.027524,0.032565,0,startup_surge
680,7,0.09929,0.156365,0.006854,0.068114,0,startup_surge
680,8,0.129312,0.232256,0.034317,0.106804,0,startup_surge
680,9,0.083099,0.220551,0.077972,0.061326,0,startup_surge
681,0,0.377924,0.312115,0.069481,0.087682,0,emergency_ramp
681,1,0.393402,0.311301,0.058189,0.150774,0,emergency_ramp
681,2,0.481915,0.363681,0.092542,0.149216,0,emergency_ramp
681,3,0.4814,0.356002,0.09454,0.106573,0,emergency_ramp
681,4,0.457616,0.303483,0.050589,0.107827,0,emergency_ramp
681,5,0.306003,0.353613,0.039711,0.116678,0,emergency_ramp
681,6,0.481275,0.306133,0.099405,0.068418,0,emergency_ramp
681,7,0.337747,0.318198,0.043326,0.085316,0,emergency_ramp
681,8,0.387658,0.381123,0.044896,0.117999,0,emergency_ramp
681,9,0.480598,0.340254,0.050145,0.092117,0,emergency_ramp
682,0,0.011121,0.088264,0.003727,0.02537,0,lunch_restart
682,1,0.014234,0.07696,0.004213,0.02575,0,lunch_restart
682,2,0.011941,0.07189,0.006045,0.017264,0,lunch_restart
682,3,0.018908,0.078513,0.004424,0.014351,0,lunch_restart
682,4,0.028878,0.071256,0.002341,0.014401,0,lunch_restart
682,5,0.023208,0.065901,0.006336,0.023256,0,lunch_restart
682,6,0.02389,0.088056,0.006437,0.025452,0,lunch_restart
682,7,0.026072,0.076634,0.004186,0.0257,0,lunch_restart
682,8,0.014785,0.096743,0.003774,0.027413,0,lunch_restart
682,9,0.021448,0.050437,0.006246,0.025089,0,lunch_restart
683,0,0.572534,0.744137,0.444546,0.277606,2,startup_surge
683,1,0.646454,0.708181,0.226849,0.368826,2,startup_surge
683,2,0.584181,0.691806,0.483315,0.258432,2,startup_surge
683,3,0.634079,0.775255,0.207412,0.349064,2,startup_surge
683,4,0.518759,0.695047,0.303067,0.279752,2,startup_surge
683,5,0.62173,0.685404,0.316771,0.377426,2,startup_surge
683,6,0.594635,0.711776,0.345579,0.290708,2,startup_surge
683,7,0.512459,0.696269,0.270569,0.25168,2,startup_surge
683,8,0.621417,0.747337,0.237139,0.339664,2,startup_surge
683,9,0.54257,0.663619,0.451114,0.369229,2,startup_surge
684,0,0.060487,0.15,0.031638,0.02701,0,startup_surge
684,1,0.098706,0.117891,0.017623,0.025502,0,startup_surge
684,2,0.06403,0.136167,0.014696,0.049948,0,startup_surge
684,3,0.097326,0.113223,0.004099,0.036646,0,startup_surge
684,4,0.098251,0.152885,0.041159,0.016482,0,startup_surge
684,5,0.104189,0.195265,0.04745,0.083435,0,startup_surge
684,6,0.127075,0.208961,0.048913,0.076254,0,startup_surge
684,7,0.078664,0.23957,0.045669,0.085525,0,startup_surge
684,8,0.164803,0.259863,0.064158,0.023315,0,startup_surge
684,9,0.136239,0.302175,0.101838,0.080867,0,startup_surge
685,0,0.569696,0.743708,0.343799,0.382234,2,startup_surge
685,1,0.647794,0.779672,0.436338,0.286299,2,startup_surge
685,2,0.661232,0.671577,0.307583,0.351847,2,startup_surge
685,3,0.451041,0.721864,0.208131,0.300704,2,startup_surge
685,4,0.547376,0.721485,0.290973,0.320186,2,startup_surge
685,5,0.698517,0.727485,0.404645,0.385151,2,startup_surge
685,6,0.597329,0.680036,0.225803,0.180155,2,startup_surge
685,7,0.524049,0.736603,0.312789,0.378207,2,startup_surge
685,8,0.547249,0.665321,0.239939,0.289492,2,startup_surge
685,9,0.530641,0.748935,0.342779,0.313488,2,startup_surge
686,0,0.259177,0.439708,0.206377,0.203366,1,lunch_restart
686,1,0.251961,0.482867,0.190539,0.185603,1,lunch_restart
686,2,0.296765,0.46718,0.2079,0.230643,1,lunch_restart
686,3,0.291335,0.485555,0.19731,0.230055,1,lunch_restart
686,4,0.313233,0.497785,0.236858,0.280843,1,lunch_restart
686,5,0.296111,0.509603,0.245247,0.243798,1,lunch_restart
686,6,0.32679,0.560584,0.240164,0.265175,1,lunch_restart
686,7,0.386584,0.547988,0.272897,0.308417,1,lunch_restart
686,8,0.345461,0.553946,0.260653,0.291501,1,lunch_restart
686,9,0.351805,0.568871,0.291456,0.318044,1,lunch_restart
687,0,0.078042,0.150211,0.032784,0.040551,0,startup_surge
687,1,0.092006,0.100498,0.01333,0.029654,0,startup_surge
687,2,0.080735,0.174245,0.003121,0.056936,0,startup_surge
687,3,0.078345,0.152401,0.030364,0.054505,0,startup_surge
687,4,0.069159,0.184278,0.019139,0.035149,0,startup_surge
687,5,0.07656,0.145036,0.017031,0.028087,0,startup_surge
687,6,0.083545,0.116254,0.015032,0.034194,0,startup_surge
687,7,0.064526,0.165596,0.006259,0.047717,0,startup_surge
687,8,0.097672,0.191496,0.012262,0.033066,0,startup_surge
687,9,0.051092,0.109053,0.010852,0.039018,0,startup_surge
688,0,0.080799,0.178385,0.040517,0.065584,0,lunch_restart
688,1,0.083908,0.174045,0.031417,0.053224,0,lunch_restart
688,2,0.063927,0.172444,0.03855,0.091168,0,lunch_restart
688,3,0.092099,0.220344,0.06454,0.074329,0,lunch_restart
688,4,0.079646,0.231542,0.065583,0.068855,0,lunch_restart
688,5,0.109305,0.231795,0.047074,0.066116,0,lunch_restart
688,6,0.114817,0.233024,0.035862,0.076307,0,lunch_restart
688,7,0.095719,0.216008,0.074432,0.080859,0,lunch_restart
688,8,0.094943,0.260394,0.084339,0.083757,0,lunch_restart
688,9,0.116951,0.25868,0.082404,0.085048,0,lunch_restart
689,0,0.190808,0.329023,0.092459,0.138337,1,lunch_restart
689,1,0.160003,0.333588,0.146771,0.138617,1,lunch_restart
689,2,0.149564,0.319555,0.130099,0.151118,1,lunch_restart
689,3,0.194708,0.396977,0.13,0.134864,1,lunch_restart
689,4,0.229806,0.367845,0.127363,0.156568,1,lunch_restart
689,5,0.232668,0.428266,0.16714,0.209799,1,lunch_restart
689,6,0.226318,0.448688,0.167897,0.173356,1,lunch_restart
689,7,0.257168,0.419691,0.175866,0.201099,1,lunch_restart
689,8,0.261635,0.437036,0.192361,0.237871,1,lunch_restart
689,9,0.252408,0.471549,0.222043,0.230989,1,lunch_restart
690,0,0.620653,0.755303,0.440648,0.43038,2,imbalanced_ap_load
690,1,0.592217,0.780523,0.4697,0.40267,2,imbalanced_ap_load
690,2,0.676212,0.770432,0.502246,0.406354,2,imbalanced_ap_load
690,3,0.637351,0.803225,0.566051,0.443578,2,imbalanced_ap_load
690,4,0.66573,0.810613,0.49477,0.449178,2,imbalanced_ap_load
690,5,0.655739,0.793947,0.585006,0.469847,2,imbalanced_ap_load
690,6,0.664521,0.792665,0.550847,0.469251,2,imbalanced_ap_load
690,7,0.677334,0.798588,0.569748,0.440722,2,imbalanced_ap_load
690,8,0.668388,0.779055,0.617815,0.440107,2,imbalanced_ap_load
690,9,0.655356,0.822011,0.653905,0.517698,2,imbalanced_ap_load
691,0,0.05884,0.14566,0.023197,0.042715,0,lunch_restart
691,1,0.088107,0.142163,0.039118,0.063674,0,lunch_restart
691,2,0.077037,0.181166,0.037491,0.056915,0,lunch_restart
691,3,0.084203,0.154593,0.035329,0.084173,0,lunch_restart
691,4,0.084839,0.177226,0.038868,0.068812,0,lunch_restart
691,5,0.084632,0.197824,0.036916,0.050003,0,lunch_restart
691,6,0.084137,0.202237,0.062337,0.079456,0,lunch_restart
691,7,0.110446,0.229476,0.056865,0.098858,0,lunch_restart
691,8,0.101578,0.236937,0.05098,0.0987,0,lunch_restart
691,9,0.145301,0.254583,0.071223,0.10478,0,lunch_restart
692,0,0.375056,0.3896,0.041627,0.146089,0,emergency_ramp
692,1,0.493986,0.301422,0.053026,0.142307,0,emergency_ramp
692,2,0.334585,0.350183,0.094221,0.150215,0,emergency_ramp
692,3,0.363933,0.367591,0.039249,0.147748,0,emergency_ramp
692,4,0.358792,0.37441,0.060457,0.15596,0,emergency_ramp
692,5,0.408662,0.349068,0.096167,0.082834,0,emergency_ramp
692,6,0.399856,0.355792,0.096711,0.153182,0,emergency_ramp
692,7,0.428748,0.362705,0.060747,0.117121,0,emergency_ramp
692,8,0.49,0.377307,0.077826,0.10225,0,emergency_ramp
692,9,0.357044,0.311006,0.063783,0.116037,0,emergency_ramp
693,0,0.093735,0.145626,0.021475,0.027371,0,startup_surge
693,1,0.079201,0.160702,0.003751,0.045707,0,startup_surge
693,2,0.090864,0.195242,0.022344,0.027047,0,startup_surge
693,3,0.067117,0.162042,0.0156,0.076117,0,startup_surge
693,4,0.129763,0.18599,0.034793,0.05168,0,startup_surge
693,5,0.088833,0.271462,0.060754,0.07003,0,startup_surge
693,6,0.135593,0.205444,0.073169,0.052947,0,startup_surge
693,7,0.173046,0.218012,0.039796,0.06512,0,startup_surge
693,8,0.160782,0.254316,0.081581,0.104541,0,startup_surge
693,9,0.194972,0.332267,0.108063,0.115788,0,startup_surge
694,0,0.019559,0.063831,0.003345,0.021383,0,lunch_restart
694,1,0.01547,0.064231,0.002732,0.020367,0,lunch_restart
694,2,0.013831,0.088663,0.001396,0.028037,0,lunch_restart
694,3,0.028636,0.082476,0.005906,0.025791,0,lunch_restart
694,4,0.020991,0.094381,0.006578,0.011139,0,lunch_restart
694,5,0.015028,0.06831,0.004735,0.022549,0,lunch_restart
694,6,0.018432,0.075258,0.003437,0.019894,0,lunch_restart
694,7,0.010593,0.05721,0.006089,0.01827,0,lunch_restart
694,8,0.010072,0.092638,0.003501,0.010675,0,lunch_restart
694,9,0.016855,0.08093,0.002303,0.027562,0,lunch_restart
695,0,0.066919,0.167635,0.032675,0.045292,0,startup_surge
695,1,0.059466,0.114289,0.032035,0.030246,0,startup_surge
695,2,0.073071,0.130708,0.025365,0.055675,0,startup_surge
695,3,0.074066,0.147738,0.029361,0.045484,0,startup_surge
695,4,0.082319,0.191146,0.018498,0.047381,0,startup_surge
695,5,0.094877,0.152735,0.0,0.052376,0,startup_surge
695,6,0.102887,0.232998,0.04421,0.053499,0,startup_surge
695,7,0.149765,0.286494,0.031413,0.054243,0,startup_surge
695,8,0.12904,0.218873,0.061881,0.093871,0,startup_surge
695,9,0.128709,0.262564,0.100234,0.125231,0,startup_surge
696,0,0.31355,0.387677,0.040221,0.102559,0,emergency_ramp
696,1,0.458878,0.37247,0.04159,0.103988,0,emergency_ramp
696,2,0.314954,0.386267,0.096203,0.149737,0,emergency_ramp
696,3,0.360293,0.317051,0.096444,0.148528,0,emergency_ramp
696,4,0.433777,0.389391,0.067196,0.065764,0,emergency_ramp
696,5,0.452834,0.327465,0.079476,0.144517,0,emergency_ramp
696,6,0.313703,0.303075,0.088843,0.121168,0,emergency_ramp
696,7,0.421524,0.339261,0.070497,0.061623,0,emergency_ramp
696,8,0.327428,0.322158,0.077799,0.098165,0,emergency_ramp
696,9,0.451448,0.368591,0.097798,0.148809,0,emergency_ramp
697,0,0.523045,0.417231,0.165083,0.179893,1,emergency_ramp
697,1,0.553022,0.437879,0.132065,0.161979,1,emergency_ramp
697,2,0.533535,0.474486,0.116561,0.235616,1,emergency_ramp
697,3,0.573262,0.446321,0.156344,0.198366,1,emergency_ramp
697,4,0.573943,0.47491,0.197101,0.234589,1,emergency_ramp
697,5,0.639817,0.551975,0.189967,0.249595,1,emergency_ramp
697,6,0.610325,0.557076,0.184783,0.235483,1,emergency_ramp
697,7,0.58134,0.556196,0.240182,0.23279,1,emergency_ramp
697,8,0.639085,0.546876,0.205716,0.285512,1,emergency_ramp
697,9,0.620033,0.57504,0.229198,0.245858,1,emergency_ramp
698,0,0.095533,0.12072,0.031178,0.02984,0,startup_surge
698,1,0.059551,0.192518,0.006714,0.020978,0,startup_surge
698,2,0.08571,0.150219,0.017186,0.043758,0,startup_surge
698,3,0.093707,0.190775,0.026351,0.031715,0,startup_surge
698,4,0.093945,0.139315,0.025452,0.048519,0,startup_surge
698,5,0.07294,0.133572,0.010657,0.045193,0,startup_surge
698,6,0.062939,0.176599,0.027976,0.034944,0,startup_surge
698,7,0.097814,0.163445,0.03207,0.020869,0,startup_surge
698,8,0.063829,0.143972,0.015801,0.032807,0,startup_surge
698,9,0.062635,0.187859,0.021744,0.032995,0,startup_surge
699,0,0.662388,0.563022,0.273211,0.311645,3,emergency_ramp
699,1,0.654784,0.60579,0.278994,0.329003,3,emergency_ramp
699,2,0.669052,0.579561,0.30005,0.319677,3,emergency_ramp
699,3,0.669808,0.615554,0.306116,0.299475,3,emergency_ramp
699,4,0.719457,0.611752,0.311865,0.349363,3,emergency_ramp
699,5,0.765857,0.880296,0.656599,0.580538,3,emergency_ramp
699,6,0.776617,0.840806,0.59202,0.532988,3,emergency_ramp
699,7,0.750439,0.921672,0.718422,0.59466,3,emergency_ramp
699,8,0.757026,0.846642,0.641633,0.624221,3,emergency_ramp
699,9,0.752518,0.892838,0.695383,0.687526,3,emergency_ramp
