sample_id,timestep,rps,channel_occupancy,packet_loss,latency,label
0,0,0.124405,0.226387,0.016017,0.049523,0
0,1,0.094687,0.209826,0.019026,0.048964,0
0,2,0.122211,0.221592,0.021592,0.051476,0
0,3,0.118573,0.171631,0.020441,0.047487,0
0,4,0.086593,0.200228,0.019003,0.04707,0
0,5,0.080442,0.200855,0.018418,0.054823,0
0,6,0.131911,0.190158,0.015453,0.049628,0
0,7,0.07308,0.168899,0.018915,0.057971,0
0,8,0.069951,0.207424,0.01618,0.05503,0
0,9,0.081941,0.194595,0.021062,0.060145,0
1,0,0.720573,0.85,0.267552,0.6,2
1,1,0.687345,0.849441,0.289232,0.565385,2
1,2,0.70239,0.838085,0.266667,0.588553,2
1,3,0.688547,0.836272,0.266667,0.569137,2
1,4,0.696584,0.835877,0.266667,0.594191,2
1,5,0.697917,0.8466,0.266667,0.588263,2
1,6,0.693008,0.842611,0.266667,0.580774,2
1,7,0.713115,0.84276,0.266667,0.593534,2
1,8,0.705055,0.848764,0.266667,0.599685,2
1,9,0.69589,0.85,0.266667,0.566703,2
2,0,0.077614,0.070312,0.007989,0.0,0
2,1,0.087334,0.084287,0.01582,0.0,0
2,2,0.088913,0.088486,0.015063,0.0,0
2,3,0.09936,0.069546,0.012083,0.0,0
2,4,0.095915,0.092669,0.012828,0.0,0
2,5,0.096176,0.086431,0.014744,0.001096,0
2,6,0.102938,0.105728,0.013343,0.0,0
2,7,0.082911,0.096719,0.0138,0.0,0
2,8,0.094339,0.086229,0.012795,0.0,0
2,9,0.113907,0.098142,0.012687,0.0,0
3,0,0.0453,0.0,0.062203,0.023471,0
3,1,0.03203,0.0361,0.064376,0.02852,0
3,2,0.039961,0.000736,0.066555,0.023175,0
3,3,0.052949,0.0,0.064815,0.017624,0
3,4,0.021788,0.0,0.065859,0.019152,0
3,5,0.046219,0.004638,0.059702,0.020892,0
3,6,0.057939,0.013264,0.063958,0.023505,0
3,7,0.058276,0.012759,0.066667,0.022059,0
3,8,0.035765,0.001691,0.066667,0.024063,0
3,9,0.053376,0.023749,0.066667,0.025481,0
4,0,0.365009,0.372726,0.003185,0.039911,0
4,1,0.376839,0.355206,0.00317,0.036907,0
4,2,0.377367,0.330256,0.004597,0.035132,0
4,3,0.369784,0.356969,0.001884,0.03646,0
4,4,0.396913,0.356729,0.000552,0.033301,0
4,5,0.4,0.341386,0.000807,0.032799,0
4,6,0.386155,0.378876,0.0,0.035246,0
4,7,0.384009,0.359264,0.000575,0.037381,0
4,8,0.366535,0.390687,0.0,0.034634,0
4,9,0.376363,0.389938,0.0,0.035818,0
5,0,0.621904,0.536088,0.151209,0.158595,1
5,1,0.613364,0.540096,0.140902,0.156118,1
5,2,0.601223,0.54232,0.152498,0.156413,1
5,3,0.611371,0.545388,0.148549,0.154689,1
5,4,0.606202,0.53417,0.145346,0.14447,1
5,5,0.609955,0.541862,0.149853,0.166982,1
5,6,0.619879,0.538517,0.146636,0.165966,1
5,7,0.61324,0.541504,0.143276,0.161962,1
5,8,0.60615,0.533294,0.150899,0.155575,1
5,9,0.615113,0.536284,0.147992,0.166,1
6,0,0.686433,0.795503,0.474614,0.411953,2
6,1,0.67345,0.768866,0.463536,0.424728,2
6,2,0.668187,0.792199,0.496997,0.393395,2
6,3,0.679741,0.787337,0.488189,0.431264,2
6,4,0.680203,0.781611,0.479389,0.409868,2
6,5,0.666839,0.792581,0.489141,0.418009,2
6,6,0.668531,0.788778,0.451553,0.432656,2
6,7,0.6658,0.778874,0.503859,0.435037,2
6,8,0.669895,0.794749,0.507701,0.428716,2
6,9,0.657841,0.792199,0.499537,0.418693,2
7,0,0.738544,0.678483,0.571642,0.377754,2
7,1,0.737613,0.671726,0.579222,0.409426,2
7,2,0.753917,0.68028,0.575372,0.398052,2
7,3,0.740754,0.685907,0.560991,0.394739,2
7,4,0.732907,0.676787,0.594546,0.402491,2
7,5,0.729796,0.691293,0.603771,0.422057,2
7,6,0.732435,0.683175,0.633142,0.39058,2
7,7,0.727681,0.687456,0.589164,0.402846,2
7,8,0.727961,0.696515,0.591429,0.405273,2
7,9,0.731305,0.702909,0.595608,0.392776,2
8,0,0.362737,0.208613,0.042539,0.040785,0
8,1,0.350295,0.226449,0.044642,0.041527,0
8,2,0.362416,0.224771,0.042781,0.044805,0
8,3,0.384941,0.249211,0.046636,0.031376,0
8,4,0.363781,0.207385,0.0464,0.037636,0
8,5,0.346499,0.209874,0.048415,0.030475,0
8,6,0.323707,0.217925,0.043377,0.03248,0
8,7,0.360324,0.257909,0.04531,0.033922,0
8,8,0.372298,0.256656,0.045019,0.033612,0
8,9,0.347673,0.214718,0.050123,0.028491,0
9,0,0.1108,0.321566,0.044105,0.094088,0
9,1,0.116233,0.33035,0.037361,0.096012,0
9,2,0.113984,0.326732,0.040148,0.095971,0
9,3,0.109939,0.317725,0.039757,0.095678,0
9,4,0.145275,0.313826,0.042051,0.1,0
9,5,0.132028,0.27989,0.039896,0.093617,0
9,6,0.131201,0.304343,0.042492,0.097292,0
9,7,0.12049,0.285377,0.042701,0.099279,0
9,8,0.082631,0.299061,0.042161,0.093666,0
9,9,0.119471,0.320102,0.040871,0.093685,0
10,0,0.116008,0.045504,0.029126,0.0,0
10,1,0.114034,0.054539,0.033195,0.001767,0
10,2,0.0796,0.058594,0.039384,0.006756,0
10,3,0.086024,0.06428,0.032543,0.0,0
10,4,0.113504,0.070398,0.037324,0.0,0
10,5,0.098709,0.063973,0.035746,0.0,0
10,6,0.077928,0.048229,0.037209,0.0,0
10,7,0.110228,0.052248,0.037481,0.001955,0
10,8,0.092617,0.032708,0.032751,0.002285,0
10,9,0.091239,0.043405,0.028842,0.005053,0
11,0,0.501959,0.58622,0.254524,0.119397,1
11,1,0.517295,0.601785,0.261472,0.119952,1
11,2,0.509378,0.573387,0.258252,0.123251,1
11,3,0.49093,0.587719,0.256625,0.129653,1
11,4,0.517055,0.597826,0.253013,0.123473,1
11,5,0.512822,0.594502,0.263168,0.139511,1
11,6,0.519204,0.577449,0.266667,0.129128,1
11,7,0.483834,0.570757,0.251435,0.138935,1
11,8,0.496272,0.581238,0.259794,0.13978,1
11,9,0.500573,0.592734,0.245743,0.13769,1
12,0,0.870395,0.922958,0.684922,0.850216,3
12,1,0.859892,0.928416,0.69724,0.836921,3
12,2,0.860644,0.927106,0.705995,0.858055,3
12,3,0.869792,0.937829,0.709519,0.839621,3
12,4,0.863549,0.924167,0.696005,0.86681,3
12,5,0.863798,0.924705,0.687055,0.846094,3
12,6,0.852187,0.922133,0.683457,0.864036,3
12,7,0.866923,0.928766,0.679359,0.857222,3
12,8,0.871252,0.922922,0.681004,0.848041,3
12,9,0.86286,0.93,0.695607,0.840601,3
13,0,0.18783,0.006254,0.058499,0.017558,0
13,1,0.193789,0.000751,0.058035,0.023251,0
13,2,0.194957,0.030871,0.062278,0.022277,0
13,3,0.202395,0.0,0.058692,0.017853,0
13,4,0.173704,0.021342,0.058648,0.022768,0
13,5,0.167518,0.005752,0.058723,0.025346,0
13,6,0.169386,0.006172,0.062501,0.022346,0
13,7,0.203869,0.001318,0.061221,0.020571,0
13,8,0.183101,0.0,0.060778,0.026967,0
13,9,0.178022,0.0,0.058808,0.022775,0
14,0,0.597898,0.556627,0.255872,0.228707,1
14,1,0.6111,0.554891,0.252541,0.243634,1
14,2,0.599223,0.55774,0.254895,0.224427,1
14,3,0.599079,0.560712,0.250239,0.22881,1
14,4,0.601224,0.565728,0.255494,0.235467,1
14,5,0.617303,0.566077,0.241348,0.227312,1
14,6,0.593228,0.56957,0.264204,0.230163,1
14,7,0.610569,0.576612,0.256447,0.231135,1
14,8,0.616108,0.550718,0.25358,0.231328,1
14,9,0.596464,0.576842,0.25286,0.235252,1
15,0,0.369224,0.123654,0.022133,0.026669,0
15,1,0.342184,0.113318,0.026774,0.02887,0
15,2,0.341358,0.112527,0.022261,0.029553,0
15,3,0.342522,0.084763,0.024874,0.025193,0
15,4,0.328316,0.111085,0.023208,0.030139,0
15,5,0.342619,0.132918,0.023571,0.017863,0
15,6,0.349469,0.114999,0.023433,0.021979,0
15,7,0.328537,0.13172,0.026028,0.032836,0
15,8,0.362992,0.08718,0.020455,0.018023,0
15,9,0.352829,0.102818,0.025057,0.022484,0
16,0,0.376523,0.101004,0.054465,0.066193,0
16,1,0.369143,0.100856,0.051642,0.062199,0
16,2,0.356126,0.087749,0.054523,0.064156,0
16,3,0.366298,0.132676,0.051994,0.061047,0
16,4,0.367894,0.09654,0.050521,0.061033,0
16,5,0.378132,0.107664,0.047876,0.057395,0
16,6,0.372213,0.120408,0.046288,0.055283,0
16,7,0.367198,0.129515,0.050354,0.056494,0
16,8,0.378999,0.123046,0.051519,0.059014,0
16,9,0.3913,0.105485,0.050036,0.058666,0
17,0,0.291951,0.15796,0.054274,0.079096,0
17,1,0.346246,0.146085,0.052032,0.08106,0
17,2,0.324326,0.172444,0.051398,0.083466,0
17,3,0.349632,0.178928,0.052516,0.077437,0
17,4,0.344314,0.163326,0.052747,0.087765,0
17,5,0.337857,0.13967,0.047081,0.081465,0
17,6,0.339753,0.165972,0.050559,0.077065,0
17,7,0.344842,0.170714,0.051316,0.078609,0
17,8,0.344439,0.153639,0.045901,0.082677,0
17,9,0.336759,0.172713,0.046685,0.074706,0
18,0,0.714814,0.701743,0.446989,0.579503,2
18,1,0.703178,0.690145,0.425138,0.567804,2
18,2,0.697937,0.703402,0.421436,0.560354,2
18,3,0.698143,0.685929,0.419021,0.566669,2
18,4,0.706945,0.698672,0.445462,0.585838,2
18,5,0.701247,0.70562,0.442256,0.579793,2
18,6,0.708866,0.710344,0.399802,0.583162,2
18,7,0.724456,0.70167,0.376309,0.571087,2
18,8,0.720923,0.701817,0.416133,0.565739,2
18,9,0.708847,0.697182,0.440247,0.565536,2
19,0,0.155564,0.350416,0.008987,0.024968,0
19,1,0.182933,0.324434,0.005979,0.026567,0
19,2,0.172147,0.351967,0.004827,0.028007,0
19,3,0.180706,0.348053,0.005606,0.031123,0
19,4,0.183135,0.365372,0.002363,0.023182,0
19,5,0.186026,0.354411,0.0,0.025111,0
19,6,0.168526,0.350373,0.005668,0.025333,0
19,7,0.188419,0.359416,0.0,0.027421,0
19,8,0.179859,0.353912,0.003244,0.026442,0
19,9,0.175491,0.347852,0.007935,0.022482,0
20,0,0.427586,0.415207,0.180405,0.202828,1
20,1,0.418177,0.422484,0.177075,0.216838,1
20,2,0.403824,0.415707,0.176075,0.208149,1
20,3,0.415318,0.407161,0.156871,0.200342,1
20,4,0.413842,0.424801,0.168156,0.198038,1
20,5,0.415076,0.429993,0.144,0.211602,1
20,6,0.422631,0.44599,0.155993,0.206053,1
20,7,0.40817,0.423253,0.154064,0.200677,1
20,8,0.4,0.432811,0.158476,0.198434,1
20,9,0.4,0.448492,0.154963,0.196141,1
21,0,0.794393,0.842102,0.414305,0.546909,2
21,1,0.786422,0.85,0.416195,0.536494,2
21,2,0.78617,0.85,0.391407,0.545125,2
21,3,0.794037,0.846494,0.400559,0.54575,2
21,4,0.791707,0.847763,0.42239,0.530677,2
21,5,0.796136,0.85,0.400816,0.539981,2
21,6,0.788042,0.85,0.420154,0.550143,2
21,7,0.801115,0.845343,0.452606,0.539803,2
21,8,0.805784,0.842867,0.404451,0.5304,2
21,9,0.793497,0.847577,0.407707,0.537781,2
22,0,0.194391,0.245234,0.055217,0.021785,0
22,1,0.19877,0.253828,0.061292,0.022209,0
22,2,0.232963,0.234291,0.056141,0.025277,0
22,3,0.205154,0.249935,0.058448,0.028292,0
22,4,0.190072,0.242045,0.058254,0.025348,0
22,5,0.185914,0.25397,0.056181,0.023362,0
22,6,0.198175,0.216582,0.063579,0.02384,0
22,7,0.198406,0.256534,0.059446,0.027252,0
22,8,0.190209,0.266324,0.063786,0.032377,0
22,9,0.137383,0.244269,0.059085,0.027073,0
23,0,0.809365,0.779742,0.351062,0.354252,2
23,1,0.793099,0.781046,0.336223,0.324921,2
23,2,0.800026,0.789189,0.347532,0.354399,2
23,3,0.793066,0.77695,0.313944,0.34342,2
23,4,0.794268,0.787846,0.327425,0.333148,2
23,5,0.788779,0.783849,0.311175,0.348718,2
23,6,0.809232,0.781433,0.369003,0.34103,2
23,7,0.801671,0.793108,0.330132,0.333901,2
23,8,0.805999,0.792136,0.3181,0.345868,2
23,9,0.807057,0.780117,0.333502,0.339383,2
24,0,0.09524,0.292407,0.0,0.094292,0
24,1,0.08821,0.344465,0.001294,0.088302,0
24,2,0.066123,0.313202,0.00051,0.096992,0
24,3,0.090706,0.322171,0.004273,0.09656,0
24,4,0.080643,0.321618,0.0,0.098817,0
24,5,0.085497,0.312499,0.006281,0.094235,0
24,6,0.117892,0.303355,0.0,0.09578,0
24,7,0.073701,0.297659,0.002087,0.098566,0
24,8,0.080436,0.310656,0.001903,0.1,0
24,9,0.095232,0.3153,0.0,0.095829,0
25,0,0.068588,0.381214,0.043514,0.050023,0
25,1,0.026101,0.352414,0.045934,0.050689,0
25,2,0.037801,0.341534,0.046298,0.05987,0
25,3,0.051173,0.372516,0.046877,0.050271,0
25,4,0.035418,0.366515,0.049914,0.061771,0
25,5,0.056567,0.353383,0.047879,0.057589,0
25,6,0.042602,0.392124,0.043671,0.058154,0
25,7,0.048238,0.354367,0.046133,0.057995,0
25,8,0.019879,0.349721,0.048352,0.064383,0
25,9,0.026607,0.364427,0.046514,0.058224,0
26,0,0.004725,0.108932,0.0,0.002149,0
26,1,0.019867,0.093928,0.002483,0.001373,0
26,2,0.015891,0.088884,0.0,0.0,0
26,3,0.0,0.091276,0.00308,0.000111,0
26,4,0.0,0.113991,0.001689,0.005467,0
26,5,0.008654,0.108453,0.0,0.010477,0
26,6,0.019389,0.117758,0.001049,0.005437,0
26,7,0.0,0.10539,0.002288,0.004718,0
26,8,0.007704,0.115139,0.0,0.002959,0
26,9,0.016182,0.100713,0.0,0.00537,0
27,0,0.262895,0.22328,0.047816,0.012817,0
27,1,0.233944,0.184719,0.043451,0.013652,0
27,2,0.228812,0.233087,0.049013,0.012934,0
27,3,0.241703,0.203425,0.047152,0.016882,0
27,4,0.252662,0.196915,0.047659,0.008024,0
27,5,0.263101,0.203406,0.045041,0.007858,0
27,6,0.227072,0.215541,0.043678,0.016417,0
27,7,0.223392,0.216589,0.045381,0.010869,0
27,8,0.219535,0.224605,0.046609,0.013325,0
27,9,0.252992,0.21364,0.047452,0.016557,0
28,0,0.081145,0.104709,0.035977,0.094728,0
28,1,0.07763,0.111521,0.037826,0.1,0
28,2,0.106152,0.076939,0.040646,0.099223,0
28,3,0.088171,0.073628,0.041857,0.096261,0
28,4,0.075792,0.142154,0.039547,0.1,0
28,5,0.084592,0.115321,0.04214,0.1,0
28,6,0.082937,0.097647,0.042734,0.090639,0
28,7,0.081003,0.1031,0.042715,0.1,0
28,8,0.104585,0.103674,0.048048,0.098268,0
28,9,0.087734,0.070792,0.047352,0.1,0
29,0,0.178117,0.139587,0.006642,0.043912,0
29,1,0.160943,0.157817,0.0075,0.045676,0
29,2,0.170046,0.166213,0.004997,0.043914,0
29,3,0.149116,0.17129,0.003655,0.04738,0
29,4,0.177575,0.18443,0.002812,0.04288,0
29,5,0.199674,0.169025,0.003731,0.048591,0
29,6,0.186364,0.145481,0.009216,0.044511,0
29,7,0.195879,0.14168,0.007799,0.042334,0
29,8,0.145953,0.184338,0.0046,0.042822,0
29,9,0.196965,0.175543,0.006855,0.048032,0
30,0,0.135433,0.252415,0.030989,0.083001,0
30,1,0.152686,0.226738,0.026834,0.091314,0
30,2,0.135722,0.218573,0.028709,0.095713,0
30,3,0.136853,0.235968,0.029073,0.094261,0
30,4,0.144841,0.253175,0.032129,0.095775,0
30,5,0.13067,0.269447,0.033294,0.091921,0
30,6,0.098209,0.226842,0.031445,0.094623,0
30,7,0.102482,0.241083,0.027338,0.085277,0
30,8,0.100317,0.213047,0.028028,0.087313,0
30,9,0.092436,0.233798,0.031474,0.088811,0
31,0,0.200756,0.217949,0.03799,0.074725,0
31,1,0.182538,0.201031,0.033873,0.075761,0
31,2,0.199901,0.22947,0.033734,0.0781,0
31,3,0.197691,0.229963,0.038705,0.06883,0
31,4,0.199495,0.213643,0.042473,0.073262,0
31,5,0.227493,0.229497,0.037794,0.068263,0
31,6,0.213494,0.193593,0.040344,0.072191,0
31,7,0.159804,0.22325,0.035893,0.070079,0
31,8,0.206895,0.21143,0.03222,0.071879,0
31,9,0.19704,0.216829,0.038019,0.068996,0
32,0,0.617752,0.559158,0.251411,0.202829,1
32,1,0.607811,0.550245,0.261941,0.207644,1
32,2,0.604188,0.557172,0.257293,0.201791,1
32,3,0.617482,0.549673,0.260516,0.218272,1
32,4,0.619149,0.561417,0.25283,0.208942,1
32,5,0.622924,0.553353,0.247333,0.194338,1
32,6,0.640517,0.553385,0.2576,0.20993,1
32,7,0.65,0.534916,0.261099,0.210386,1
32,8,0.622115,0.531597,0.266203,0.200618,1
32,9,0.62359,0.527472,0.259254,0.186668,1
33,0,0.437923,0.589148,0.103735,0.12057,1
33,1,0.426783,0.578036,0.098197,0.103956,1
33,2,0.427505,0.579487,0.106996,0.114315,1
33,3,0.450317,0.590763,0.078836,0.11849,1
33,4,0.436112,0.568504,0.095233,0.125194,1
33,5,0.403026,0.582419,0.098122,0.115278,1
33,6,0.43712,0.594561,0.09532,0.121436,1
33,7,0.419152,0.579863,0.102208,0.108518,1
33,8,0.440879,0.578186,0.079619,0.105203,1
33,9,0.435532,0.596216,0.089029,0.114415,1
34,0,0.580566,0.53045,0.237452,0.241744,1
34,1,0.579237,0.52341,0.241086,0.234108,1
34,2,0.593052,0.539406,0.248432,0.255251,1
34,3,0.587998,0.528198,0.223781,0.244777,1
34,4,0.60077,0.5366,0.239363,0.238472,1
34,5,0.581669,0.528221,0.239471,0.245014,1
34,6,0.589128,0.530192,0.236547,0.229416,1
34,7,0.580116,0.546178,0.244517,0.234646,1
34,8,0.577717,0.518067,0.250299,0.22438,1
34,9,0.597881,0.546543,0.230635,0.234419,1
35,0,0.613252,0.4,0.066667,0.100203,1
35,1,0.604491,0.4,0.067988,0.101641,1
35,2,0.596078,0.4,0.066667,0.102435,1
35,3,0.596749,0.4,0.066667,0.1,1
35,4,0.593556,0.4,0.066667,0.1,1
35,5,0.59153,0.407259,0.066667,0.101824,1
35,6,0.58452,0.401789,0.066667,0.1,1
35,7,0.589335,0.400308,0.066667,0.113558,1
35,8,0.5929,0.41494,0.066667,0.1,1
35,9,0.602344,0.417353,0.066667,0.10281,1
36,0,0.165221,0.304116,0.064604,0.009083,0
36,1,0.141716,0.30556,0.063732,0.008093,0
36,2,0.139822,0.328761,0.061894,0.004182,0
36,3,0.122083,0.338906,0.063918,0.00157,0
36,4,0.128217,0.338273,0.066667,0.008875,0
36,5,0.122546,0.365395,0.060716,0.006268,0
36,6,0.146059,0.364965,0.066667,0.011646,0
36,7,0.143569,0.349523,0.064941,0.004568,0
36,8,0.150007,0.380977,0.066667,0.015456,0
36,9,0.141918,0.35807,0.066667,0.008319,0
37,0,0.353842,0.318804,0.014318,0.079102,0
37,1,0.323464,0.313556,0.012046,0.070925,0
37,2,0.330485,0.325449,0.014727,0.078562,0
37,3,0.352828,0.329112,0.015767,0.074122,0
37,4,0.360888,0.321967,0.008146,0.078344,0
37,5,0.358503,0.342829,0.011336,0.080111,0
37,6,0.358331,0.342708,0.012708,0.069689,0
37,7,0.359521,0.334131,0.015662,0.076961,0
37,8,0.361139,0.296494,0.013227,0.07474,0
37,9,0.368599,0.313182,0.013883,0.084221,0
38,0,0.973792,0.860574,0.714768,0.945829,3
38,1,0.969978,0.863333,0.704755,0.95935,3
38,2,0.983302,0.873518,0.684231,0.922865,3
38,3,0.974973,0.866537,0.697066,0.963048,3
38,4,0.969291,0.866145,0.697731,0.915452,3
38,5,0.962607,0.861661,0.681522,0.955188,3
38,6,0.971224,0.871998,0.696878,0.932712,3
38,7,0.964452,0.859313,0.704312,0.971866,3
38,8,0.961098,0.862386,0.675447,0.949721,3
38,9,0.971479,0.866651,0.689467,0.946764,3
39,0,0.176791,0.350661,0.066667,0.066536,0
39,1,0.175341,0.360638,0.058936,0.076878,0
39,2,0.217767,0.365605,0.058135,0.062397,0
39,3,0.182845,0.361097,0.060016,0.069048,0
39,4,0.193574,0.367117,0.062205,0.064903,0
39,5,0.204778,0.358236,0.065071,0.070052,0
39,6,0.17307,0.336409,0.06051,0.061767,0
39,7,0.195067,0.347368,0.063781,0.067793,0
39,8,0.177823,0.351037,0.064103,0.065689,0
39,9,0.197555,0.339707,0.06296,0.060235,0
40,0,0.065746,0.156307,0.011825,0.059349,0
40,1,0.059921,0.145424,0.004078,0.057891,0
40,2,0.07948,0.163955,0.008921,0.05492,0
40,3,0.055331,0.160761,0.004019,0.056399,0
40,4,0.06376,0.156279,0.008109,0.055015,0
40,5,0.090458,0.171712,0.008231,0.05113,0
40,6,0.097792,0.183351,0.006906,0.042909,0
40,7,0.08482,0.168318,0.005034,0.054903,0
40,8,0.132254,0.152224,0.003244,0.048804,0
40,9,0.099775,0.175066,0.005163,0.055065,0
41,0,0.399778,0.238378,0.05801,0.035605,0
41,1,0.374764,0.26075,0.05587,0.032605,0
41,2,0.4,0.206576,0.05739,0.027425,0
41,3,0.384943,0.217203,0.055789,0.030066,0
41,4,0.393882,0.237932,0.051299,0.027581,0
41,5,0.388625,0.222939,0.056772,0.026389,0
41,6,0.374324,0.233399,0.05398,0.031759,0
41,7,0.385901,0.23783,0.05629,0.030203,0
41,8,0.4,0.2273,0.055538,0.033679,0
41,9,0.391655,0.23196,0.058862,0.0334,0
42,0,0.041561,0.356466,0.056903,0.067018,0
42,1,0.042399,0.384568,0.060417,0.06848,0
42,2,0.054314,0.373656,0.061986,0.062852,0
42,3,0.055313,0.4,0.059151,0.05984,0
42,4,0.023589,0.378716,0.060288,0.064758,0
42,5,0.069693,0.387355,0.057365,0.05823,0
42,6,0.052323,0.391159,0.055326,0.061757,0
42,7,0.027747,0.375761,0.06023,0.060453,0
42,8,0.048278,0.377372,0.058979,0.06203,0
42,9,0.044592,0.372891,0.061957,0.068314,0
43,0,0.104487,0.4,0.043117,0.099713,0
43,1,0.114573,0.376965,0.037245,0.090927,0
43,2,0.118519,0.4,0.041387,0.089256,0
43,3,0.129333,0.399133,0.040105,0.095136,0
43,4,0.136335,0.39845,0.041436,0.092573,0
43,5,0.127051,0.383784,0.038096,0.094572,0
43,6,0.161093,0.378141,0.040768,0.095598,0
43,7,0.132795,0.393217,0.044132,0.09397,0
43,8,0.129607,0.4,0.039017,0.094312,0
43,9,0.148742,0.393576,0.039082,0.089715,0
44,0,0.492746,0.552351,0.255453,0.1,1
44,1,0.506881,0.559154,0.248853,0.100282,1
44,2,0.496426,0.543938,0.24387,0.1,1
44,3,0.491628,0.548946,0.232762,0.100452,1
44,4,0.497857,0.543264,0.238908,0.1,1
44,5,0.501921,0.538341,0.227827,0.106453,1
44,6,0.502742,0.543888,0.23041,0.108518,1
44,7,0.508929,0.554194,0.233495,0.1,1
44,8,0.518833,0.550819,0.240442,0.101697,1
44,9,0.499682,0.565511,0.237971,0.106764,1
45,0,0.056341,0.24487,0.022387,0.006333,0
45,1,0.054285,0.268737,0.017059,0.003539,0
45,2,0.046322,0.257409,0.021985,0.001168,0
45,3,0.053035,0.268096,0.024823,0.002599,0
45,4,0.038622,0.304794,0.020511,0.004666,0
45,5,0.030691,0.279435,0.025781,0.007574,0
45,6,0.036724,0.28874,0.021831,0.007322,0
45,7,0.039065,0.29555,0.019675,0.007114,0
45,8,0.023674,0.307884,0.018867,0.003358,0
45,9,0.084354,0.328006,0.019643,0.009275,0
46,0,0.274998,0.051802,0.030913,0.0743,0
46,1,0.29481,0.068857,0.025816,0.084052,0
46,2,0.296174,0.087071,0.030434,0.07349,0
46,3,0.276344,0.104247,0.025805,0.074589,0
46,4,0.281663,0.057348,0.029539,0.080856,0
46,5,0.284816,0.061045,0.028065,0.085415,0
46,6,0.259152,0.075413,0.032017,0.078071,0
46,7,0.273582,0.068269,0.027849,0.071508,0
46,8,0.286287,0.041811,0.027281,0.077615,0
46,9,0.27832,0.055934,0.02762,0.082984,0
47,0,0.133334,0.010571,0.044552,0.067021,0
47,1,0.144289,0.013158,0.044379,0.056721,0
47,2,0.134033,0.014214,0.038053,0.061273,0
47,3,0.147999,0.0,0.040991,0.059254,0
47,4,0.18156,0.02347,0.042519,0.06552,0
47,5,0.161107,0.036834,0.03732,0.068139,0
47,6,0.161518,0.023622,0.040774,0.051715,0
47,7,0.131584,0.025547,0.043163,0.066296,0
47,8,0.153513,0.040471,0.042939,0.061199,0
47,9,0.183938,0.0,0.03772,0.06158,0
48,0,0.055956,0.257706,0.00606,0.038127,0
48,1,0.070252,0.250883,0.009414,0.036839,0
48,2,0.088949,0.249018,0.007744,0.034167,0
48,3,0.041876,0.238202,0.008015,0.035102,0
48,4,0.055682,0.264355,0.008112,0.040605,0
48,5,0.058698,0.270135,0.008506,0.039762,0
48,6,0.060366,0.249925,0.00893,0.038086,0
48,7,0.047853,0.263462,0.006331,0.041038,0
48,8,0.084807,0.242904,0.009787,0.025397,0
48,9,0.046189,0.243812,0.006258,0.035952,0
49,0,0.360053,0.039404,0.045824,0.015098,0
49,1,0.320077,0.046569,0.046292,0.017204,0
49,2,0.327675,0.008416,0.048729,0.020355,0
49,3,0.31545,0.008329,0.049885,0.019212,0
49,4,0.340213,0.035062,0.045793,0.016917,0
49,5,0.34879,0.011528,0.05,0.016785,0
49,6,0.334888,0.0,0.04572,0.01916,0
49,7,0.34679,0.019243,0.053166,0.018682,0
49,8,0.314468,0.031282,0.04621,0.020279,0
49,9,0.294734,0.022063,0.050264,0.024535,0
50,0,0.100139,0.220002,0.019883,0.037694,0
50,1,0.073206,0.209052,0.017607,0.038354,0
50,2,0.093741,0.250906,0.021719,0.037545,0
50,3,0.08759,0.234344,0.017249,0.033786,0
50,4,0.085401,0.23109,0.015329,0.043113,0
50,5,0.049657,0.226233,0.013596,0.040578,0
50,6,0.055533,0.238133,0.011553,0.042164,0
50,7,0.044216,0.23966,0.01322,0.038938,0
50,8,0.072906,0.261213,0.012331,0.036583,0
50,9,0.063302,0.231647,0.017228,0.040879,0
51,0,0.148427,0.066654,0.006716,0.060909,0
51,1,0.151571,0.044676,0.009624,0.064406,0
51,2,0.163381,0.036942,0.011172,0.058414,0
51,3,0.125403,0.026345,0.008576,0.0683,0
51,4,0.140039,0.021029,0.00781,0.066873,0
51,5,0.13932,0.020452,0.005925,0.062989,0
51,6,0.171538,0.035955,0.007219,0.069019,0
51,7,0.129759,0.052603,0.010868,0.065221,0
51,8,0.117889,0.068951,0.009893,0.063852,0
51,9,0.165937,0.048125,0.010738,0.061824,0
52,0,0.874501,0.922928,0.806712,0.776873,3
52,1,0.872183,0.931538,0.817255,0.770411,3
52,2,0.863574,0.939403,0.811687,0.756725,3
52,3,0.861472,0.93008,0.824157,0.753467,3
52,4,0.860535,0.920452,0.82298,0.73214,3
52,5,0.861362,0.922971,0.820207,0.742841,3
52,6,0.858598,0.908531,0.827356,0.741826,3
52,7,0.86703,0.931433,0.851851,0.724499,3
52,8,0.862318,0.922908,0.832148,0.720766,3
52,9,0.865583,0.917569,0.814518,0.720651,3
53,0,0.679657,0.764534,0.648614,0.368075,2
53,1,0.680909,0.768385,0.632951,0.372461,2
53,2,0.67146,0.748247,0.617248,0.381819,2
53,3,0.677084,0.758597,0.655902,0.357791,2
53,4,0.670058,0.761809,0.635207,0.343221,2
53,5,0.65433,0.767078,0.660712,0.352467,2
53,6,0.65,0.760758,0.638039,0.362354,2
53,7,0.653963,0.74595,0.660634,0.374276,2
53,8,0.65,0.749221,0.666667,0.368302,2
53,9,0.65,0.748364,0.645715,0.374667,2
54,0,0.157604,0.188557,0.062848,0.014913,0
54,1,0.154566,0.172938,0.05876,0.013389,0
54,2,0.180952,0.19788,0.06161,0.017355,0
54,3,0.16982,0.222725,0.057488,0.015069,0
54,4,0.162785,0.216423,0.051483,0.023002,0
54,5,0.179123,0.201811,0.057835,0.017814,0
54,6,0.163234,0.188386,0.055807,0.020611,0
54,7,0.164272,0.222139,0.054203,0.018442,0
54,8,0.129051,0.195411,0.05731,0.020511,0
54,9,0.148204,0.171964,0.064009,0.024716,0
55,0,0.373348,0.105895,0.009998,0.021365,0
55,1,0.37586,0.086825,0.013861,0.029444,0
55,2,0.316492,0.091359,0.010443,0.030832,0
55,3,0.36101,0.094841,0.015436,0.024539,0
55,4,0.331494,0.080378,0.020081,0.015925,0
55,5,0.34008,0.094807,0.018411,0.02608,0
55,6,0.324943,0.083992,0.011917,0.022601,0
55,7,0.343666,0.088964,0.015203,0.029016,0
55,8,0.354389,0.116917,0.009315,0.024558,0
55,9,0.348308,0.088094,0.011957,0.021661,0
56,0,0.320537,0.025153,0.032874,0.086918,0
56,1,0.360601,0.033681,0.034576,0.082375,0
56,2,0.332997,0.025263,0.032867,0.087747,0
56,3,0.34898,0.025556,0.030131,0.086643,0
56,4,0.328715,0.036855,0.02775,0.090844,0
56,5,0.303153,0.034163,0.02868,0.087503,0
56,6,0.304591,0.061064,0.031016,0.09464,0
56,7,0.358915,0.042632,0.033447,0.088069,0
56,8,0.339383,0.031275,0.028333,0.089669,0
56,9,0.340588,0.008956,0.026548,0.089577,0
57,0,0.627761,0.4,0.096579,0.202557,1
57,1,0.619039,0.412807,0.097361,0.209287,1
57,2,0.628228,0.4,0.086886,0.207155,1
57,3,0.629978,0.40243,0.087381,0.204415,1
57,4,0.617149,0.418609,0.091341,0.212395,1
57,5,0.618094,0.404988,0.096224,0.200797,1
57,6,0.615105,0.4,0.093366,0.206264,1
57,7,0.628649,0.410284,0.085445,0.196854,1
57,8,0.610413,0.402955,0.091943,0.195317,1
57,9,0.619133,0.406213,0.082496,0.194756,1
58,0,0.426301,0.477115,0.200791,0.3,1
58,1,0.405127,0.469677,0.198708,0.290804,1
58,2,0.437581,0.49103,0.188683,0.294307,1
58,3,0.427466,0.489718,0.19457,0.284146,1
58,4,0.422954,0.486621,0.204774,0.3,1
58,5,0.42059,0.476568,0.214483,0.3,1
58,6,0.430773,0.488965,0.197581,0.3,1
58,7,0.427066,0.473008,0.210871,0.299107,1
58,8,0.438102,0.491766,0.192575,0.3,1
58,9,0.423378,0.49137,0.20576,0.294692,1
59,0,0.398131,0.345182,0.006972,0.019548,0
59,1,0.4,0.293494,0.012813,0.013738,0
59,2,0.4,0.30391,0.01527,0.013752,0
59,3,0.4,0.301967,0.01032,0.00617,0
59,4,0.4,0.310302,0.009116,0.014617,0
59,5,0.4,0.297721,0.005105,0.011404,0
59,6,0.4,0.303783,0.00954,0.013888,0
59,7,0.4,0.293153,0.006831,0.010715,0
59,8,0.4,0.293417,0.006423,0.017714,0
59,9,0.4,0.30296,0.012946,0.011432,0
60,0,0.270521,0.342483,0.048896,0.05235,0
60,1,0.268711,0.332808,0.051795,0.056543,0
60,2,0.294221,0.357831,0.054862,0.056748,0
60,3,0.287335,0.323615,0.051549,0.054343,0
60,4,0.270125,0.365523,0.046757,0.058863,0
60,5,0.283291,0.367578,0.052932,0.060568,0
60,6,0.315824,0.355041,0.05428,0.060834,0
60,7,0.28263,0.348779,0.047059,0.05671,0
60,8,0.270455,0.353851,0.044738,0.04903,0
60,9,0.287297,0.332362,0.046838,0.046855,0
61,0,0.757519,0.77545,0.644503,0.47293,2
61,1,0.753814,0.780694,0.648008,0.458688,2
61,2,0.76432,0.764656,0.666667,0.465717,2
61,3,0.74494,0.770851,0.661077,0.468199,2
61,4,0.748713,0.759335,0.650335,0.461383,2
61,5,0.753438,0.762746,0.659941,0.46784,2
61,6,0.746255,0.769711,0.650435,0.459425,2
61,7,0.752213,0.763649,0.623634,0.44081,2
61,8,0.751674,0.762815,0.662123,0.437621,2
61,9,0.739476,0.750285,0.657561,0.449645,2
62,0,0.150193,0.227539,0.03463,0.070488,0
62,1,0.174753,0.226931,0.040113,0.083651,0
62,2,0.171788,0.245611,0.035154,0.07684,0
62,3,0.210093,0.245448,0.037197,0.073308,0
62,4,0.198646,0.213093,0.037754,0.074859,0
62,5,0.172508,0.272089,0.041084,0.073615,0
62,6,0.212474,0.239703,0.042477,0.078533,0
62,7,0.182158,0.243891,0.038939,0.080312,0
62,8,0.185749,0.241707,0.036329,0.076181,0
62,9,0.183451,0.227272,0.038023,0.081131,0
63,0,0.142561,0.053143,0.040869,0.097514,0
63,1,0.143282,0.053301,0.042868,0.09156,0
63,2,0.149277,0.048506,0.040732,0.088959,0
63,3,0.163556,0.043047,0.039937,0.094022,0
63,4,0.153522,0.057842,0.040356,0.093706,0
63,5,0.158335,0.03714,0.045588,0.095992,0
63,6,0.141769,0.040581,0.042379,0.093302,0
63,7,0.158553,0.044467,0.042431,0.092214,0
63,8,0.140316,0.066664,0.041224,0.091547,0
63,9,0.137698,0.040037,0.045976,0.085328,0
64,0,0.198881,0.343424,0.01945,0.045654,0
64,1,0.18807,0.324585,0.020878,0.044946,0
64,2,0.217188,0.306346,0.016161,0.040903,0
64,3,0.18804,0.304125,0.0183,0.044959,0
64,4,0.194598,0.332806,0.01245,0.042547,0
64,5,0.193818,0.333856,0.01082,0.040309,0
64,6,0.196117,0.352123,0.015113,0.043829,0
64,7,0.207702,0.345578,0.015831,0.039976,0
64,8,0.203688,0.33347,0.013521,0.043236,0
64,9,0.232373,0.343436,0.010871,0.040904,0
65,0,0.276668,0.217242,0.042382,0.065035,0
65,1,0.297884,0.22329,0.038983,0.058515,0
65,2,0.300779,0.236499,0.043702,0.05834,0
65,3,0.299644,0.246468,0.0444,0.057779,0
65,4,0.293392,0.250717,0.04183,0.058418,0
65,5,0.294896,0.272386,0.044973,0.054813,0
65,6,0.26922,0.254262,0.042988,0.057071,0
65,7,0.257596,0.240908,0.0389,0.045662,0
65,8,0.275793,0.298311,0.047961,0.054647,0
65,9,0.282923,0.246022,0.041458,0.056639,0
66,0,0.683136,0.836504,0.286349,0.462681,2
66,1,0.685063,0.81974,0.289413,0.467633,2
66,2,0.691116,0.818042,0.305755,0.455617,2
66,3,0.695217,0.827221,0.303339,0.475618,2
66,4,0.694354,0.828038,0.305532,0.467704,2
66,5,0.678392,0.81793,0.294737,0.477249,2
66,6,0.671629,0.822759,0.292936,0.481324,2
66,7,0.671485,0.816052,0.299208,0.447445,2
66,8,0.679213,0.807315,0.278237,0.454393,2
66,9,0.664016,0.827965,0.275097,0.454949,2
67,0,0.752531,0.824208,0.618452,0.348647,2
67,1,0.747304,0.838912,0.622771,0.36008,2
67,2,0.768366,0.83573,0.631551,0.373316,2
67,3,0.746913,0.831567,0.654612,0.372928,2
67,4,0.765324,0.837153,0.638437,0.361492,2
67,5,0.764214,0.831666,0.604664,0.374529,2
67,6,0.761482,0.836861,0.617963,0.364841,2
67,7,0.761577,0.833053,0.632591,0.357816,2
67,8,0.756849,0.841242,0.645756,0.370431,2
67,9,0.74939,0.831273,0.621551,0.385433,2
68,0,0.091175,0.236972,0.050381,0.096397,0
68,1,0.103448,0.234161,0.050922,0.096704,0
68,2,0.117943,0.263482,0.049752,0.087356,0
68,3,0.12047,0.274749,0.052581,0.089725,0
68,4,0.119215,0.259489,0.050119,0.091421,0
68,5,0.102161,0.239778,0.049339,0.088892,0
68,6,0.077943,0.248803,0.051676,0.092249,0
68,7,0.119439,0.265496,0.056206,0.086058,0
68,8,0.078755,0.252535,0.056558,0.093518,0
68,9,0.10042,0.20695,0.054723,0.088362,0
69,0,0.675113,0.792459,0.315918,0.309872,2
69,1,0.69719,0.786826,0.314292,0.304201,2
69,2,0.685714,0.79048,0.333954,0.30383,2
69,3,0.686062,0.803402,0.326429,0.307457,2
69,4,0.690933,0.802491,0.330409,0.306575,2
69,5,0.68234,0.791632,0.31962,0.317035,2
69,6,0.679158,0.775874,0.3049,0.304813,2
69,7,0.665317,0.787314,0.311126,0.3,2
69,8,0.678974,0.786339,0.319067,0.308162,2
69,9,0.684239,0.77756,0.33049,0.3,2
70,0,0.59965,0.401532,0.144661,0.262698,1
70,1,0.604831,0.415492,0.165746,0.26817,1
70,2,0.593753,0.402712,0.16048,0.268559,1
70,3,0.618046,0.405094,0.157505,0.268221,1
70,4,0.614759,0.400851,0.157669,0.279512,1
70,5,0.618854,0.4,0.158904,0.262279,1
70,6,0.605106,0.401203,0.140911,0.263609,1
70,7,0.598552,0.4,0.148358,0.258199,1
70,8,0.615693,0.4,0.150128,0.265586,1
70,9,0.615435,0.4,0.153699,0.26679,1
71,0,0.149143,0.388683,0.042534,0.0,0
71,1,0.190187,0.379279,0.040192,0.0,0
71,2,0.120546,0.341579,0.036708,0.001702,0
71,3,0.149682,0.353024,0.039497,0.0,0
71,4,0.149231,0.35366,0.039991,0.0,0
71,5,0.122604,0.387589,0.038388,0.0,0
71,6,0.140257,0.370759,0.041357,0.0,0
71,7,0.13037,0.4,0.039027,0.0,0
71,8,0.112894,0.4,0.044004,0.0,0
71,9,0.10563,0.373924,0.042133,0.0,0
72,0,0.292223,0.373705,0.009103,0.079663,0
72,1,0.284472,0.35801,0.00284,0.074928,0
72,2,0.295267,0.4,0.00352,0.074805,0
72,3,0.302604,0.37234,0.007129,0.080358,0
72,4,0.285168,0.379143,0.005946,0.079376,0
72,5,0.281895,0.383466,0.001655,0.082245,0
72,6,0.26552,0.380309,0.007091,0.083318,0
72,7,0.304266,0.385011,0.009436,0.085837,0
72,8,0.306042,0.4,0.008704,0.079959,0
72,9,0.285189,0.4,0.007853,0.08542,0
73,0,0.140465,0.312506,0.028684,0.081065,0
73,1,0.086156,0.288569,0.026922,0.078746,0
73,2,0.083657,0.301604,0.027465,0.067986,0
73,3,0.097158,0.316978,0.023998,0.078437,0
73,4,0.098424,0.308848,0.027748,0.071108,0
73,5,0.07918,0.325086,0.026522,0.073682,0
73,6,0.083415,0.318822,0.029599,0.06593,0
73,7,0.088797,0.296972,0.023769,0.072137,0
73,8,0.120904,0.319773,0.03088,0.080681,0
73,9,0.089627,0.324776,0.026727,0.079471,0
74,0,0.380749,0.186337,0.004499,0.007842,0
74,1,0.4,0.176083,0.005805,0.007904,0
74,2,0.350392,0.20085,0.00785,0.004907,0
74,3,0.373097,0.16533,0.00112,0.011467,0
74,4,0.37425,0.173247,0.003703,0.005232,0
74,5,0.375394,0.19688,0.000942,0.004676,0
74,6,0.389476,0.208642,0.007538,0.004116,0
74,7,0.395021,0.183638,0.008459,0.000768,0
74,8,0.397847,0.182578,0.008223,0.006332,0
74,9,0.372094,0.185653,0.00782,0.008202,0
75,0,0.37734,0.359336,0.04063,0.01627,0
75,1,0.390251,0.334293,0.041187,0.013631,0
75,2,0.4,0.343478,0.041055,0.016146,0
75,3,0.4,0.318034,0.044985,0.015534,0
75,4,0.388242,0.335875,0.042724,0.017503,0
75,5,0.4,0.275945,0.038242,0.019633,0
75,6,0.383996,0.326972,0.043863,0.017901,0
75,7,0.379554,0.311356,0.043142,0.020682,0
75,8,0.375938,0.330195,0.039363,0.018205,0
75,9,0.4,0.375375,0.039979,0.021906,0
76,0,0.656295,0.830486,0.294243,0.346807,2
76,1,0.660108,0.827684,0.320886,0.339851,2
76,2,0.666951,0.819695,0.351699,0.337966,2
76,3,0.664657,0.827684,0.332157,0.3,2
76,4,0.650842,0.824026,0.332442,0.3,2
76,5,0.65,0.813154,0.337816,0.320132,2
76,6,0.652129,0.811302,0.340967,0.304213,2
76,7,0.65,0.828045,0.346459,0.313402,2
76,8,0.664556,0.821325,0.359816,0.312416,2
76,9,0.668359,0.831494,0.313377,0.312489,2
77,0,0.300888,0.345718,0.004714,0.1,0
77,1,0.270491,0.349921,0.002505,0.092418,0
77,2,0.287763,0.354533,0.004375,0.094729,0
77,3,0.296511,0.330008,0.006097,0.1,0
77,4,0.290703,0.342471,0.005978,0.092536,0
77,5,0.298729,0.399585,0.004664,0.098862,0
77,6,0.300597,0.371293,0.006188,0.090939,0
77,7,0.304889,0.384067,0.004881,0.096282,0
77,8,0.310255,0.337662,0.005452,0.096235,0
77,9,0.318231,0.34503,0.001033,0.1,0
78,0,0.128912,0.371355,0.043008,0.008529,0
78,1,0.095312,0.392254,0.041953,0.015416,0
78,2,0.097988,0.387944,0.035466,0.020427,0
78,3,0.109545,0.4,0.039828,0.008952,0
78,4,0.080137,0.4,0.036334,0.013822,0
78,5,0.068416,0.4,0.038935,0.018877,0
78,6,0.070927,0.4,0.034628,0.018834,0
78,7,0.054569,0.38974,0.037329,0.029605,0
78,8,0.063215,0.391938,0.038458,0.026017,0
78,9,0.090205,0.4,0.038189,0.018852,0
79,0,0.735492,0.773838,0.655309,0.342534,2
79,1,0.738334,0.783475,0.647806,0.350058,2
79,2,0.720976,0.795217,0.658595,0.356988,2
79,3,0.74167,0.787901,0.644018,0.349306,2
79,4,0.743423,0.778999,0.655311,0.320293,2
79,5,0.738721,0.764268,0.662993,0.330214,2
79,6,0.73468,0.779441,0.658684,0.345167,2
79,7,0.736963,0.765213,0.631694,0.319889,2
79,8,0.728063,0.77208,0.657213,0.34851,2
79,9,0.724643,0.772088,0.645959,0.313427,2
80,0,0.028404,0.4,0.036849,0.003739,0
80,1,0.050292,0.398067,0.037826,0.007614,0
80,2,0.046614,0.375003,0.034937,0.002633,0
80,3,0.046049,0.373583,0.03843,0.0,0
80,4,0.040086,0.386463,0.038278,0.007957,0
80,5,0.044618,0.4,0.036977,0.006586,0
80,6,0.030047,0.4,0.034788,0.000348,0
80,7,0.025221,0.390737,0.037425,0.00089,0
80,8,0.017776,0.4,0.035452,0.007041,0
80,9,0.018781,0.394489,0.040319,0.001759,0
81,0,0.315046,0.0888,0.056021,0.022488,0
81,1,0.310329,0.121814,0.055361,0.025787,0
81,2,0.273258,0.114984,0.052147,0.02251,0
81,3,0.297762,0.108111,0.047609,0.028064,0
81,4,0.272446,0.100708,0.051126,0.031284,0
81,5,0.287679,0.115831,0.051851,0.0279,0
81,6,0.300919,0.130674,0.054546,0.032143,0
81,7,0.260514,0.121176,0.052308,0.029485,0
81,8,0.275115,0.101094,0.04916,0.029578,0
81,9,0.281666,0.120204,0.052289,0.029036,0
82,0,0.45883,0.471322,0.224371,0.135085,1
82,1,0.459886,0.453676,0.246265,0.143456,1
82,2,0.467492,0.462499,0.24963,0.138417,1
82,3,0.457129,0.476426,0.229262,0.136906,1
82,4,0.457748,0.486913,0.249933,0.142405,1
82,5,0.460717,0.481247,0.238939,0.134552,1
82,6,0.450838,0.470824,0.236105,0.131342,1
82,7,0.464075,0.477225,0.226127,0.12517,1
82,8,0.442896,0.466118,0.241641,0.130548,1
82,9,0.436904,0.481577,0.245005,0.130156,1
83,0,0.056205,0.31956,0.06556,0.04546,0
83,1,0.030984,0.30599,0.06526,0.053198,0
83,2,0.068867,0.308812,0.065177,0.051354,0
83,3,0.046908,0.301288,0.060147,0.050284,0
83,4,0.036242,0.328296,0.066666,0.050742,0
83,5,0.06671,0.30962,0.064567,0.048561,0
83,6,0.010488,0.292892,0.063974,0.049822,0
83,7,0.012213,0.29854,0.060742,0.0562,0
83,8,0.04337,0.296937,0.063092,0.058592,0
83,9,0.020972,0.288572,0.063142,0.057049,0
84,0,0.219198,0.123702,0.023718,0.068171,0
84,1,0.233183,0.126996,0.023012,0.064901,0
84,2,0.217922,0.105853,0.025856,0.067781,0
84,3,0.2484,0.145165,0.020966,0.064541,0
84,4,0.188209,0.095902,0.023376,0.061068,0
84,5,0.23792,0.145989,0.023797,0.061894,0
84,6,0.246316,0.152053,0.02318,0.058223,0
84,7,0.21164,0.126207,0.023826,0.064306,0
84,8,0.243347,0.098985,0.025103,0.057872,0
84,9,0.206009,0.13321,0.024438,0.063502,0
85,0,0.485434,0.455194,0.223026,0.233819,1
85,1,0.471286,0.442018,0.228558,0.231344,1
85,2,0.501141,0.445206,0.220649,0.223241,1
85,3,0.47445,0.465396,0.223931,0.217709,1
85,4,0.494845,0.440427,0.224364,0.224611,1
85,5,0.48036,0.45945,0.229914,0.207291,1
85,6,0.483952,0.458279,0.244664,0.212517,1
85,7,0.485221,0.463106,0.24136,0.233716,1
85,8,0.490187,0.459007,0.234446,0.217917,1
85,9,0.494325,0.461873,0.23196,0.227077,1
86,0,0.593459,0.500463,0.203739,0.255387,1
86,1,0.570894,0.487956,0.195422,0.271301,1
86,2,0.586059,0.481297,0.212185,0.259899,1
86,3,0.588074,0.499621,0.201956,0.255913,1
86,4,0.577317,0.520638,0.193306,0.268161,1
86,5,0.575649,0.475821,0.19613,0.260897,1
86,6,0.566077,0.492065,0.187707,0.267552,1
86,7,0.577259,0.482391,0.204704,0.269312,1
86,8,0.562006,0.502673,0.182599,0.265248,1
86,9,0.57809,0.504506,0.180036,0.244735,1
87,0,0.4,0.310411,0.025155,0.037943,0
87,1,0.398356,0.31743,0.028029,0.039699,0
87,2,0.4,0.335901,0.022358,0.036056,0
87,3,0.4,0.335708,0.025287,0.035829,0
87,4,0.4,0.313518,0.026001,0.034874,0
87,5,0.4,0.318886,0.0259,0.035048,0
87,6,0.4,0.329218,0.027144,0.034157,0
87,7,0.4,0.293959,0.024649,0.0356,0
87,8,0.4,0.296908,0.027559,0.030219,0
87,9,0.4,0.322832,0.022787,0.036001,0
88,0,0.339202,0.358968,0.005433,0.089178,0
88,1,0.30731,0.363553,0.006077,0.097107,0
88,2,0.321375,0.389849,0.003658,0.089734,0
88,3,0.294005,0.38098,0.004787,0.093631,0
88,4,0.286456,0.4,0.0,0.091541,0
88,5,0.291529,0.383603,0.005664,0.09317,0
88,6,0.309219,0.4,0.001129,0.094063,0
88,7,0.309344,0.395245,0.000251,0.09461,0
88,8,0.33021,0.4,0.007242,0.097195,0
88,9,0.308322,0.4,0.002235,0.09356,0
89,0,0.072622,0.391361,0.039228,0.092731,0
89,1,0.117386,0.363685,0.036224,0.081649,0
89,2,0.094039,0.381351,0.037051,0.089933,0
89,3,0.076305,0.372563,0.035361,0.087457,0
89,4,0.068152,0.386409,0.038038,0.085679,0
89,5,0.104498,0.383664,0.042973,0.090933,0
89,6,0.093619,0.379933,0.041669,0.092327,0
89,7,0.080327,0.4,0.040063,0.092152,0
89,8,0.078034,0.392958,0.041911,0.093689,0
89,9,0.075504,0.366338,0.040908,0.084112,0
90,0,0.326768,0.113965,0.061499,0.081976,0
90,1,0.293889,0.154352,0.063679,0.081465,0
90,2,0.299305,0.142759,0.059139,0.080388,0
90,3,0.311105,0.155739,0.060842,0.078725,0
90,4,0.332833,0.136083,0.061804,0.082187,0
90,5,0.313295,0.141131,0.063806,0.080106,0
90,6,0.310555,0.135042,0.060495,0.078501,0
90,7,0.293018,0.154525,0.063703,0.076347,0
90,8,0.322813,0.157585,0.056789,0.070266,0
90,9,0.331891,0.144434,0.057212,0.079453,0
91,0,0.078566,0.349319,0.045922,0.002236,0
91,1,0.082142,0.337031,0.048655,0.007473,0
91,2,0.060388,0.343955,0.043014,0.00587,0
91,3,0.028653,0.38561,0.040887,0.00592,0
91,4,0.06869,0.3172,0.041898,0.003884,0
91,5,0.064555,0.324145,0.048017,0.013464,0
91,6,0.062792,0.331476,0.045323,0.01138,0
91,7,0.053469,0.328029,0.049495,0.011325,0
91,8,0.039609,0.342575,0.043336,0.011758,0
91,9,0.057081,0.358509,0.044935,0.01412,0
92,0,0.832575,0.718732,0.557435,0.312159,2
92,1,0.835051,0.726836,0.571414,0.313191,2
92,2,0.833574,0.716925,0.537152,0.321916,2
92,3,0.841754,0.72657,0.539597,0.324999,2
92,4,0.844718,0.708762,0.551461,0.330269,2
92,5,0.84384,0.713965,0.542638,0.323359,2
92,6,0.847672,0.725854,0.554912,0.360697,2
92,7,0.841124,0.716537,0.561772,0.372166,2
92,8,0.83884,0.736582,0.57053,0.339708,2
92,9,0.85,0.722763,0.572138,0.362966,2
93,0,0.562614,0.522648,0.066667,0.207634,1
93,1,0.562627,0.510913,0.077021,0.211569,1
93,2,0.555277,0.509127,0.077355,0.216627,1
93,3,0.550233,0.50962,0.072829,0.212683,1
93,4,0.564219,0.506702,0.074776,0.213561,1
93,5,0.550302,0.511704,0.077637,0.200103,1
93,6,0.568961,0.514834,0.074939,0.214247,1
93,7,0.572553,0.503774,0.090517,0.214551,1
93,8,0.55686,0.499945,0.072142,0.204512,1
93,9,0.551411,0.497299,0.073664,0.215996,1
94,0,0.088949,0.31995,0.008163,0.010781,0
94,1,0.074037,0.338503,0.007406,0.011349,0
94,2,0.081401,0.302512,0.007753,0.009118,0
94,3,0.066686,0.301732,0.003121,0.014886,0
94,4,0.056761,0.314842,0.00354,0.007572,0
94,5,0.075363,0.309449,0.011203,0.014912,0
94,6,0.072339,0.306372,0.007563,0.019745,0
94,7,0.0779,0.296814,0.006065,0.01377,0
94,8,0.05556,0.274765,0.004601,0.015939,0
94,9,0.10845,0.293615,0.004241,0.015696,0
95,0,0.52411,0.438025,0.236943,0.167384,1
95,1,0.514087,0.427717,0.246568,0.157318,1
95,2,0.507918,0.435151,0.226676,0.176963,1
95,3,0.523587,0.436825,0.239639,0.168507,1
95,4,0.505393,0.453832,0.222269,0.175499,1
95,5,0.52281,0.419336,0.223857,0.183019,1
95,6,0.512269,0.448304,0.228514,0.177291,1
95,7,0.506222,0.455567,0.229372,0.165939,1
95,8,0.515139,0.435574,0.233395,0.177696,1
95,9,0.521212,0.454693,0.234348,0.179163,1
96,0,0.336618,0.11667,0.005359,0.091183,0
96,1,0.355228,0.098805,0.011705,0.088052,0
96,2,0.333016,0.111614,0.009065,0.09428,0
96,3,0.342351,0.150608,0.011871,0.091741,0
96,4,0.358025,0.14506,0.012629,0.089745,0
96,5,0.329963,0.122476,0.014197,0.087053,0
96,6,0.342865,0.119103,0.015549,0.094487,0
96,7,0.350739,0.129174,0.009411,0.091703,0
96,8,0.307088,0.111066,0.016354,0.094398,0
96,9,0.32254,0.08873,0.012667,0.088173,0
97,0,0.050672,0.085157,0.04768,0.0,0
97,1,0.027904,0.107548,0.050095,0.00545,0
97,2,0.005728,0.095061,0.046719,0.0,0
97,3,0.0,0.087411,0.047976,0.0,0
97,4,0.00864,0.097895,0.043658,0.0,0
97,5,0.01769,0.098119,0.042857,0.000541,0
97,6,0.003216,0.100738,0.043141,0.0,0
97,7,0.024566,0.089364,0.04341,0.006098,0
97,8,0.004364,0.101202,0.045289,0.008891,0
97,9,0.051979,0.075703,0.040628,0.005313,0
98,0,0.280589,0.125975,0.037931,0.095977,0
98,1,0.25629,0.114219,0.038468,0.089661,0
98,2,0.246757,0.111717,0.039351,0.091754,0
98,3,0.266395,0.123994,0.03797,0.092312,0
98,4,0.266585,0.143237,0.037008,0.090356,0
98,5,0.264335,0.147562,0.035316,0.092355,0
98,6,0.256785,0.150303,0.037243,0.094063,0
98,7,0.268789,0.136954,0.037526,0.0923,0
98,8,0.252283,0.13158,0.0376,0.091617,0
98,9,0.238639,0.153215,0.03793,0.08362,0
99,0,0.039334,0.320321,0.019703,0.051785,0
99,1,0.049184,0.341045,0.01847,0.050602,0
99,2,0.057993,0.351764,0.01367,0.056356,0
99,3,0.045659,0.345313,0.019426,0.053783,0
99,4,0.082193,0.353589,0.020007,0.058125,0
99,5,0.085872,0.355042,0.012045,0.053278,0
99,6,0.069884,0.354919,0.01754,0.05424,0
99,7,0.10733,0.357555,0.014544,0.05688,0
99,8,0.060135,0.359103,0.014807,0.058995,0
99,9,0.090718,0.347471,0.01354,0.063392,0
100,0,0.097007,0.16787,0.05322,0.050442,0
100,1,0.058787,0.203383,0.04993,0.059685,0
100,2,0.046435,0.178735,0.050557,0.051951,0
100,3,0.07457,0.18516,0.057735,0.04837,0
100,4,0.076228,0.177267,0.055938,0.054299,0
100,5,0.035079,0.213967,0.055197,0.044096,0
100,6,0.053527,0.189374,0.054558,0.041018,0
100,7,0.070448,0.17781,0.058779,0.045899,0
100,8,0.104872,0.194438,0.058429,0.053485,0
100,9,0.05135,0.181506,0.062842,0.049395,0
101,0,0.163094,0.199464,0.038461,0.082262,0
101,1,0.172703,0.215922,0.034479,0.080547,0
101,2,0.15814,0.219568,0.031268,0.076556,0
101,3,0.169938,0.203093,0.034724,0.083028,0
101,4,0.160253,0.217977,0.030938,0.080101,0
101,5,0.156298,0.20087,0.03507,0.085005,0
101,6,0.137341,0.210803,0.034107,0.086621,0
101,7,0.158364,0.234704,0.039327,0.095961,0
101,8,0.132033,0.21425,0.032904,0.095951,0
101,9,0.142361,0.211498,0.031341,0.091313,0
102,0,0.314098,0.179599,0.033509,0.050851,0
102,1,0.285718,0.146906,0.031578,0.051404,0
102,2,0.292792,0.118136,0.027162,0.046968,0
102,3,0.298428,0.145822,0.036169,0.049866,0
102,4,0.257387,0.139708,0.03221,0.051071,0
102,5,0.300305,0.123167,0.034969,0.053759,0
102,6,0.280323,0.136277,0.03933,0.040725,0
102,7,0.281725,0.11319,0.034214,0.04869,0
102,8,0.257378,0.117857,0.033148,0.047833,0
102,9,0.272446,0.111112,0.031709,0.048549,0
103,0,0.167338,0.395289,0.026404,0.078421,0
103,1,0.15105,0.38646,0.029682,0.080542,0
103,2,0.147222,0.372055,0.031733,0.075792,0
103,3,0.140416,0.389822,0.030472,0.074883,0
103,4,0.13129,0.36673,0.025539,0.071725,0
103,5,0.134624,0.325133,0.028143,0.081313,0
103,6,0.161156,0.371191,0.02481,0.080106,0
103,7,0.129602,0.34942,0.02725,0.076804,0
103,8,0.127544,0.358781,0.027881,0.075834,0
103,9,0.13594,0.4,0.029048,0.07857,0
104,0,0.091586,0.4,0.019825,0.080102,0
104,1,0.111578,0.339245,0.01942,0.084432,0
104,2,0.10892,0.354685,0.018703,0.085064,0
104,3,0.127513,0.381569,0.024177,0.082241,0
104,4,0.128068,0.375916,0.018466,0.084051,0
104,5,0.10461,0.382996,0.01736,0.08324,0
104,6,0.12049,0.37774,0.019252,0.083464,0
104,7,0.125096,0.353631,0.019007,0.080433,0
104,8,0.106278,0.366803,0.020323,0.081047,0
104,9,0.119401,0.357333,0.017396,0.079656,0
105,0,0.010834,0.117369,0.065145,0.084204,0
105,1,0.0,0.114672,0.065524,0.087397,0
105,2,0.054849,0.120909,0.065022,0.094031,0
105,3,0.019331,0.094363,0.066667,0.094132,0
105,4,0.0,0.123987,0.066667,0.089756,0
105,5,0.066496,0.148088,0.066667,0.092577,0
105,6,0.038255,0.119617,0.065007,0.096973,0
105,7,0.071497,0.145402,0.066667,0.087059,0
105,8,0.029141,0.140887,0.066667,0.095905,0
105,9,0.050683,0.136843,0.066667,0.097582,0
106,0,0.398001,0.254671,0.009686,0.00082,0
106,1,0.4,0.230916,0.015276,0.0,0
106,2,0.383083,0.224215,0.012784,0.0,0
106,3,0.374236,0.229699,0.018209,0.004253,0
106,4,0.375863,0.220055,0.016958,0.0,0
106,5,0.361589,0.250108,0.017532,0.001313,0
106,6,0.340907,0.238104,0.0166,0.0,0
106,7,0.370055,0.256389,0.019266,0.0,0
106,8,0.367701,0.24732,0.020775,0.0,0
106,9,0.366678,0.2239,0.019855,0.0,0
107,0,0.190482,0.339079,0.049059,0.052947,0
107,1,0.190434,0.292692,0.048569,0.04559,0
107,2,0.199431,0.27979,0.051056,0.052264,0
107,3,0.170013,0.287063,0.049451,0.042575,0
107,4,0.176199,0.271287,0.0472,0.046663,0
107,5,0.18444,0.275289,0.044778,0.050803,0
107,6,0.181902,0.302745,0.04933,0.047762,0
107,7,0.171702,0.272533,0.054723,0.046551,0
107,8,0.189155,0.271198,0.051921,0.0434,0
107,9,0.193913,0.268651,0.04985,0.051816,0
108,0,0.511471,0.454644,0.161476,0.198087,1
108,1,0.518745,0.435067,0.157946,0.18032,1
108,2,0.526501,0.435452,0.165985,0.192034,1
108,3,0.516993,0.447144,0.155371,0.180775,1
108,4,0.509803,0.425785,0.169714,0.188897,1
108,5,0.508257,0.459939,0.164771,0.18975,1
108,6,0.524578,0.451063,0.148486,0.177629,1
108,7,0.527043,0.444058,0.162097,0.174398,1
108,8,0.509115,0.447413,0.156567,0.17853,1
108,9,0.510239,0.432905,0.144656,0.194697,1
109,0,0.397064,0.166212,0.04479,0.071133,0
109,1,0.4,0.167645,0.045087,0.069278,0
109,2,0.4,0.166067,0.044786,0.077065,0
109,3,0.397112,0.157045,0.044239,0.065376,0
109,4,0.4,0.176446,0.051684,0.068335,0
109,5,0.39577,0.178121,0.049867,0.070168,0
109,6,0.4,0.167059,0.048733,0.069897,0
109,7,0.4,0.210786,0.049597,0.071146,0
109,8,0.4,0.164152,0.050393,0.071664,0
109,9,0.384719,0.17994,0.050255,0.067277,0
110,0,0.055426,0.051941,0.048619,0.092453,0
110,1,0.033015,0.046492,0.049167,0.098058,0
110,2,0.042673,0.048407,0.053498,0.094558,0
110,3,0.035908,0.014722,0.054658,0.092019,0
110,4,0.042865,0.029549,0.050238,0.1,0
110,5,0.039675,0.070355,0.056074,0.1,0
110,6,0.024094,0.047708,0.057442,0.1,0
110,7,0.043418,0.061022,0.06325,0.094288,0
110,8,0.047514,0.079609,0.064661,0.09563,0
110,9,0.056747,0.090471,0.063699,0.088943,0
111,0,0.595459,0.497942,0.251546,0.251434,1
111,1,0.580379,0.509563,0.266667,0.234135,1
111,2,0.591612,0.488748,0.259483,0.247841,1
111,3,0.585344,0.501268,0.266667,0.2497,1
111,4,0.589739,0.496078,0.243491,0.24645,1
111,5,0.58791,0.510255,0.26015,0.242644,1
111,6,0.586979,0.491277,0.245648,0.236311,1
111,7,0.578138,0.496892,0.245871,0.238064,1
111,8,0.601806,0.494467,0.26034,0.245596,1
111,9,0.585604,0.487847,0.258604,0.241946,1
112,0,0.011998,0.256073,0.059817,0.0,0
112,1,0.003112,0.284748,0.06271,0.001729,0
112,2,0.0,0.252877,0.055918,0.001741,0
112,3,0.000347,0.263667,0.058247,0.011971,0
112,4,0.0,0.191042,0.061692,0.00801,0
112,5,0.008263,0.2479,0.061047,0.003874,0
112,6,0.0,0.246682,0.059848,0.0,0
112,7,0.0,0.253709,0.053943,0.000358,0
112,8,0.001673,0.250333,0.058472,0.0,0
112,9,0.029882,0.232391,0.057523,0.000591,0
113,0,0.512129,0.593045,0.198911,0.19295,1
113,1,0.519949,0.604203,0.19851,0.193369,1
113,2,0.509428,0.607877,0.20646,0.184069,1
113,3,0.495474,0.603704,0.211073,0.189173,1
113,4,0.495118,0.613976,0.199813,0.177316,1
113,5,0.505856,0.609812,0.204346,0.190377,1
113,6,0.484494,0.612262,0.191912,0.176065,1
113,7,0.499038,0.606878,0.192062,0.170491,1
113,8,0.486975,0.605059,0.197609,0.181531,1
113,9,0.516623,0.613855,0.201393,0.173057,1
114,0,0.518112,0.564214,0.145685,0.227306,1
114,1,0.545415,0.563967,0.136317,0.204825,1
114,2,0.543008,0.565236,0.145714,0.215134,1
114,3,0.538822,0.544501,0.130656,0.224419,1
114,4,0.544919,0.57128,0.144674,0.236293,1
114,5,0.529159,0.565722,0.135062,0.205545,1
114,6,0.521411,0.557114,0.144308,0.22351,1
114,7,0.520698,0.574751,0.146381,0.217825,1
114,8,0.500061,0.548466,0.149171,0.215651,1
114,9,0.524579,0.568977,0.141215,0.222432,1
115,0,0.705609,0.833274,0.345478,0.366107,2
115,1,0.720348,0.831037,0.356412,0.373181,2
115,2,0.711901,0.833273,0.347577,0.374222,2
115,3,0.707001,0.834004,0.364858,0.37978,2
115,4,0.715615,0.828318,0.375375,0.386954,2
115,5,0.718569,0.84843,0.385872,0.364403,2
115,6,0.715564,0.84949,0.379716,0.354943,2
115,7,0.708742,0.84693,0.375187,0.374059,2
115,8,0.706304,0.839502,0.373923,0.379213,2
115,9,0.707802,0.818866,0.31828,0.378017,2
116,0,0.319684,0.249747,0.046122,0.03945,0
116,1,0.328313,0.237604,0.053842,0.042262,0
116,2,0.364482,0.232933,0.052905,0.037513,0
116,3,0.335122,0.250591,0.050801,0.040725,0
116,4,0.349109,0.261652,0.050274,0.0391,0
116,5,0.349614,0.252377,0.05319,0.045287,0
116,6,0.30865,0.248612,0.050348,0.047246,0
116,7,0.341229,0.268245,0.050528,0.048538,0
116,8,0.329203,0.265492,0.051842,0.048921,0
116,9,0.335069,0.244657,0.052617,0.051805,0
117,0,0.495809,0.43873,0.189708,0.288067,1
117,1,0.480376,0.438714,0.190977,0.282655,1
117,2,0.497626,0.45027,0.187945,0.287812,1
117,3,0.506569,0.469787,0.192791,0.26802,1
117,4,0.49658,0.468232,0.201108,0.286596,1
117,5,0.506162,0.452797,0.20358,0.275121,1
117,6,0.53062,0.467107,0.18628,0.272304,1
117,7,0.514716,0.464063,0.192811,0.282915,1
117,8,0.538927,0.471188,0.198107,0.285989,1
117,9,0.52027,0.47659,0.198921,0.286929,1
118,0,0.831148,0.809234,0.595519,0.502844,2
118,1,0.838683,0.813419,0.624327,0.504439,2
118,2,0.849939,0.799737,0.608162,0.510578,2
118,3,0.85,0.813937,0.58641,0.516211,2
118,4,0.836236,0.809913,0.613248,0.509607,2
118,5,0.839353,0.802302,0.598362,0.507384,2
118,6,0.838707,0.820086,0.616921,0.511736,2
118,7,0.833451,0.791297,0.611964,0.512798,2
118,8,0.829193,0.815168,0.585455,0.500039,2
118,9,0.821716,0.810739,0.578907,0.510937,2
119,0,0.760316,0.764886,0.559135,0.397407,2
119,1,0.749453,0.77531,0.589696,0.424153,2
119,2,0.757677,0.776813,0.580507,0.390173,2
119,3,0.754454,0.783251,0.590093,0.409927,2
119,4,0.754764,0.781609,0.575127,0.415738,2
119,5,0.765371,0.792667,0.576643,0.393088,2
119,6,0.754701,0.779587,0.536408,0.395414,2
119,7,0.760267,0.777606,0.562034,0.393389,2
119,8,0.756223,0.787439,0.553669,0.411189,2
119,9,0.768663,0.787229,0.550921,0.41585,2
120,0,0.20156,0.177161,0.053016,0.094911,0
120,1,0.207795,0.167912,0.055117,0.091116,0
120,2,0.193692,0.190367,0.052089,0.087461,0
120,3,0.234748,0.182997,0.049689,0.091085,0
120,4,0.222049,0.17861,0.04626,0.089838,0
120,5,0.223491,0.197473,0.050615,0.09699,0
120,6,0.221901,0.187731,0.05149,0.090657,0
120,7,0.206483,0.188779,0.053312,0.082141,0
120,8,0.208368,0.196331,0.054034,0.083309,0
120,9,0.206388,0.191308,0.053831,0.08766,0
121,0,0.940132,0.8929,0.930374,0.950833,3
121,1,0.934553,0.882769,0.924555,0.936859,3
121,2,0.946858,0.881196,0.938046,0.9646,3
121,3,0.944986,0.874319,0.92072,0.985226,3
121,4,0.94439,0.887106,0.94725,0.948639,3
121,5,0.936929,0.87673,0.930024,0.944543,3
121,6,0.942099,0.874952,0.947734,0.973716,3
121,7,0.940024,0.870958,0.938193,0.975098,3
121,8,0.935146,0.871801,0.913526,0.955956,3
121,9,0.935052,0.88247,0.943522,0.983988,3
122,0,0.021022,0.306186,0.044756,0.094988,0
122,1,0.034665,0.280215,0.046263,0.097471,0
122,2,0.005566,0.302067,0.044217,0.095554,0
122,3,0.017656,0.301242,0.046197,0.09476,0
122,4,0.007688,0.286865,0.049895,0.099247,0
122,5,0.0,0.288726,0.046803,0.094047,0
122,6,0.01382,0.300476,0.048197,0.1,0
122,7,0.023793,0.320051,0.050213,0.1,0
122,8,0.012375,0.327773,0.046527,0.093709,0
122,9,0.02113,0.340875,0.048712,0.095508,0
123,0,0.973489,0.86644,0.866557,0.867836,3
123,1,0.974726,0.86059,0.866471,0.880858,3
123,2,0.979018,0.864572,0.856819,0.871907,3
123,3,0.9909,0.864625,0.863501,0.862306,3
123,4,0.985592,0.859286,0.84826,0.900752,3
123,5,0.979695,0.860707,0.839369,0.861808,3
123,6,0.974164,0.8684,0.861712,0.875624,3
123,7,0.986443,0.863626,0.869039,0.875376,3
123,8,0.989954,0.85263,0.847702,0.872918,3
123,9,0.990164,0.857078,0.889211,0.910498,3
124,0,0.159272,0.4,0.000927,0.062619,0
124,1,0.171641,0.37923,0.0,0.069074,0
124,2,0.185519,0.4,0.0,0.069705,0
124,3,0.182039,0.383291,0.002887,0.06545,0
124,4,0.173955,0.388593,0.0,0.07046,0
124,5,0.185035,0.394151,0.0,0.077005,0
124,6,0.211666,0.4,0.0,0.066147,0
124,7,0.186374,0.4,0.0,0.070537,0
124,8,0.184764,0.4,0.0,0.080701,0
124,9,0.159567,0.4,0.0,0.075834,0
125,0,0.235674,0.387062,0.020055,0.096874,0
125,1,0.224643,0.367258,0.025749,0.096168,0
125,2,0.222165,0.384651,0.015111,0.091873,0
125,3,0.197471,0.37131,0.021026,0.094248,0
125,4,0.236914,0.34619,0.019144,0.097139,0
125,5,0.221664,0.353303,0.024573,0.1,0
125,6,0.233989,0.346233,0.021732,0.096341,0
125,7,0.228575,0.384587,0.020393,0.1,0
125,8,0.254202,0.367618,0.021444,0.1,0
125,9,0.258649,0.365216,0.017862,0.095312,0
126,0,0.700463,0.795795,0.3201,0.559235,2
126,1,0.688751,0.809304,0.331193,0.56241,2
126,2,0.689708,0.805014,0.321511,0.589132,2
126,3,0.685429,0.804697,0.314379,0.577343,2
126,4,0.699862,0.799168,0.327864,0.557528,2
126,5,0.694177,0.798356,0.300614,0.52969,2
126,6,0.692683,0.803129,0.323367,0.548828,2
126,7,0.69022,0.801267,0.3245,0.56336,2
126,8,0.699343,0.807853,0.316579,0.5511,2
126,9,0.712195,0.787056,0.317533,0.562802,2
127,0,0.173133,0.176664,0.054683,0.070463,0
127,1,0.161881,0.192272,0.056889,0.073771,0
127,2,0.169812,0.181573,0.05721,0.06881,0
127,3,0.19382,0.176327,0.059942,0.07907,0
127,4,0.16693,0.210173,0.054988,0.075604,0
127,5,0.199103,0.15822,0.059375,0.072809,0
127,6,0.196639,0.173844,0.061589,0.072484,0
127,7,0.18497,0.191779,0.061026,0.073308,0
127,8,0.172883,0.162452,0.060073,0.065701,0
127,9,0.194864,0.182493,0.060401,0.072335,0
128,0,0.0,0.26119,0.039939,0.047275,0
128,1,0.0,0.326864,0.040622,0.041188,0
128,2,0.001232,0.281892,0.039019,0.046777,0
128,3,0.008566,0.298428,0.044478,0.047682,0
128,4,0.0,0.300644,0.040115,0.044588,0
128,5,0.0,0.298646,0.038408,0.039491,0
128,6,0.0,0.298923,0.043632,0.049443,0
128,7,0.0,0.312593,0.04444,0.045217,0
128,8,0.0,0.323568,0.039042,0.050672,0
128,9,0.0,0.31047,0.041723,0.047272,0
129,0,0.4,0.054116,0.055051,0.062439,0
129,1,0.384287,0.015043,0.050875,0.064956,0
129,2,0.392535,0.042781,0.053957,0.058733,0
129,3,0.392898,0.054153,0.051968,0.062853,0
129,4,0.373965,0.05065,0.049479,0.059534,0
129,5,0.368123,0.03579,0.056217,0.060586,0
129,6,0.4,0.035374,0.054591,0.061347,0
129,7,0.382097,0.039432,0.053415,0.064665,0
129,8,0.346898,0.030219,0.060548,0.06361,0
129,9,0.331772,0.0,0.058657,0.055761,0
130,0,0.0,0.275005,0.046224,0.041669,0
130,1,0.004635,0.264853,0.049029,0.046772,0
130,2,0.016007,0.278309,0.044224,0.040756,0
130,3,0.011239,0.244624,0.04367,0.039243,0
130,4,0.033938,0.272795,0.044406,0.036636,0
130,5,0.011638,0.283086,0.046913,0.046107,0
130,6,0.044664,0.251981,0.047055,0.035327,0
130,7,0.028152,0.278529,0.041405,0.038607,0
130,8,0.008408,0.254969,0.044282,0.040197,0
130,9,0.009192,0.237675,0.044063,0.037433,0
131,0,0.124738,0.174161,0.027604,0.073753,0
131,1,0.104051,0.161981,0.020244,0.077928,0
131,2,0.138319,0.164668,0.024656,0.067754,0
131,3,0.09351,0.130672,0.021993,0.068826,0
131,4,0.116473,0.141574,0.023395,0.072676,0
131,5,0.0907,0.152455,0.02139,0.071908,0
131,6,0.127099,0.157551,0.022922,0.073496,0
131,7,0.120919,0.119877,0.022094,0.071662,0
131,8,0.095363,0.137903,0.023325,0.074424,0
131,9,0.116336,0.147474,0.025597,0.072378,0
132,0,0.175024,0.0,0.016606,0.012687,0
132,1,0.168692,0.006021,0.016601,0.01342,0
132,2,0.180776,0.020766,0.015363,0.006813,0
132,3,0.169837,0.023878,0.012826,0.012752,0
132,4,0.198346,0.005371,0.023076,0.009697,0
132,5,0.165024,0.0,0.01474,0.006252,0
132,6,0.177285,0.011833,0.015967,0.012316,0
132,7,0.19029,0.021729,0.016423,0.016048,0
132,8,0.14903,0.011828,0.016167,0.013198,0
132,9,0.174339,0.005179,0.014355,0.021304,0
133,0,0.106452,0.220135,0.05875,0.0,0
133,1,0.101622,0.223162,0.057947,0.007302,0
133,2,0.140804,0.216424,0.050476,0.003943,0
133,3,0.118579,0.222692,0.052613,0.006763,0
133,4,0.109327,0.203791,0.049224,0.005278,0
133,5,0.126711,0.219614,0.055253,0.000743,0
133,6,0.131994,0.212259,0.0478,0.006079,0
133,7,0.156331,0.211161,0.048456,0.008426,0
133,8,0.152565,0.211617,0.048012,0.000835,0
133,9,0.146524,0.227044,0.04924,0.001237,0
134,0,0.123594,0.35676,0.011885,0.1,0
134,1,0.113173,0.348618,0.004777,0.1,0
134,2,0.113356,0.361389,0.007219,0.1,0
134,3,0.11207,0.345739,0.00838,0.1,0
134,4,0.128956,0.35011,0.009652,0.097925,0
134,5,0.12033,0.348493,0.010298,0.1,0
134,6,0.135933,0.380328,0.016032,0.093862,0
134,7,0.11966,0.360651,0.007582,0.099579,0
134,8,0.123534,0.35419,0.00955,0.1,0
134,9,0.135957,0.383408,0.010494,0.1,0
135,0,0.782146,0.820545,0.377044,0.47311,2
135,1,0.785785,0.812881,0.398381,0.469791,2
135,2,0.781836,0.817225,0.366892,0.472404,2
135,3,0.776082,0.816489,0.376599,0.460706,2
135,4,0.774519,0.802243,0.388179,0.459041,2
135,5,0.794003,0.798518,0.372721,0.449393,2
135,6,0.775316,0.796092,0.401166,0.440192,2
135,7,0.783501,0.81289,0.388539,0.443611,2
135,8,0.75941,0.79921,0.361292,0.43171,2
135,9,0.771108,0.808859,0.36393,0.429624,2
136,0,0.346715,0.233583,0.029255,0.076889,0
136,1,0.388925,0.221976,0.031648,0.070571,0
136,2,0.349988,0.221429,0.029141,0.075203,0
136,3,0.371558,0.223778,0.033087,0.076531,0
136,4,0.361417,0.207455,0.032618,0.079845,0
136,5,0.382304,0.205692,0.032713,0.079881,0
136,6,0.369314,0.208916,0.033903,0.073585,0
136,7,0.383835,0.218109,0.034066,0.068723,0
136,8,0.393162,0.22421,0.030641,0.066677,0
136,9,0.378385,0.211278,0.035487,0.064578,0
137,0,0.18074,0.307797,0.033893,0.009236,0
137,1,0.202405,0.290581,0.036234,0.006808,0
137,2,0.19209,0.319879,0.035089,0.005184,0
137,3,0.172088,0.304118,0.03588,0.007981,0
137,4,0.158931,0.279529,0.032879,0.010177,0
137,5,0.191298,0.272267,0.034601,0.013259,0
137,6,0.136036,0.297101,0.034594,0.003207,0
137,7,0.162017,0.294496,0.030792,0.006461,0
137,8,0.17931,0.258929,0.028478,0.006526,0
137,9,0.191457,0.288003,0.034505,0.007222,0
138,0,0.401822,0.436243,0.266667,0.168219,1
138,1,0.4,0.438735,0.266667,0.16279,1
138,2,0.406311,0.444966,0.259074,0.157791,1
138,3,0.4,0.448515,0.266667,0.171396,1
138,4,0.4,0.465896,0.266667,0.173007,1
138,5,0.4,0.443346,0.266667,0.175438,1
138,6,0.4,0.470931,0.266667,0.172227,1
138,7,0.4,0.449497,0.266667,0.175636,1
138,8,0.413886,0.447918,0.266667,0.162649,1
138,9,0.400561,0.445293,0.257024,0.175157,1
139,0,0.766279,0.668591,0.584654,0.313995,2
139,1,0.760554,0.678097,0.574322,0.311924,2
139,2,0.754884,0.679453,0.557925,0.3,2
139,3,0.756402,0.662314,0.589421,0.318638,2
139,4,0.766369,0.65,0.570945,0.336406,2
139,5,0.748358,0.658054,0.578245,0.311956,2
139,6,0.761076,0.651437,0.572648,0.329371,2
139,7,0.747566,0.65,0.585707,0.320619,2
139,8,0.757967,0.655115,0.560675,0.327679,2
139,9,0.767799,0.659295,0.560055,0.312818,2
140,0,0.483564,0.624555,0.132695,0.261131,1
140,1,0.48539,0.638526,0.143753,0.270799,1
140,2,0.479658,0.630919,0.136409,0.27816,1
140,3,0.479962,0.630073,0.146579,0.27997,1
140,4,0.490258,0.628937,0.15649,0.275693,1
140,5,0.489471,0.624901,0.137744,0.274807,1
140,6,0.478291,0.60611,0.143904,0.259374,1
140,7,0.487681,0.629012,0.157506,0.279681,1
140,8,0.483297,0.612317,0.139647,0.260305,1
140,9,0.467886,0.606215,0.15764,0.254177,1
141,0,0.065173,0.196422,0.010499,0.027001,0
141,1,0.074608,0.227215,0.007822,0.017998,0
141,2,0.077211,0.226677,0.004873,0.025799,0
141,3,0.070364,0.224328,0.007239,0.026237,0
141,4,0.071072,0.200045,0.007476,0.023397,0
141,5,0.076848,0.233185,0.005801,0.025619,0
141,6,0.043942,0.220621,0.006449,0.027686,0
141,7,0.077283,0.21683,0.001106,0.021962,0
141,8,0.066033,0.234353,0.002606,0.022063,0
141,9,0.085008,0.184718,0.004574,0.02084,0
142,0,0.85917,0.880946,0.74986,0.896961,3
142,1,0.860861,0.881971,0.752986,0.888985,3
142,2,0.85,0.877118,0.739072,0.910304,3
142,3,0.862551,0.869317,0.772218,0.903169,3
142,4,0.85401,0.873113,0.764788,0.917051,3
142,5,0.868259,0.869772,0.734504,0.899882,3
142,6,0.862714,0.87532,0.740503,0.883555,3
142,7,0.866713,0.874843,0.752284,0.895023,3
142,8,0.862522,0.869776,0.745445,0.892447,3
142,9,0.856254,0.878972,0.730799,0.876338,3
143,0,0.047418,0.184153,0.051579,0.033815,0
143,1,0.03409,0.154731,0.053893,0.032819,0
143,2,0.034747,0.159857,0.050702,0.022592,0
143,3,0.018225,0.173475,0.051935,0.025008,0
143,4,0.055178,0.197733,0.057793,0.021896,0
143,5,0.055076,0.174447,0.054886,0.03212,0
143,6,0.03745,0.137783,0.053256,0.026147,0
143,7,0.009156,0.175379,0.057325,0.026989,0
143,8,0.03152,0.165431,0.054622,0.034079,0
143,9,0.003471,0.168357,0.054252,0.028523,0
144,0,0.301094,0.131408,0.035128,0.046162,0
144,1,0.298966,0.118848,0.040325,0.050024,0
144,2,0.314774,0.140111,0.043146,0.051455,0
144,3,0.312984,0.137943,0.045856,0.052512,0
144,4,0.309193,0.115977,0.042016,0.049244,0
144,5,0.333486,0.11592,0.04358,0.048324,0
144,6,0.301073,0.105517,0.039935,0.04602,0
144,7,0.328686,0.12345,0.040997,0.052228,0
144,8,0.336902,0.11722,0.038618,0.05153,0
144,9,0.349861,0.094262,0.043641,0.054273,0
145,0,0.67903,0.770749,0.330494,0.323062,2
145,1,0.680545,0.772433,0.332371,0.308631,2
145,2,0.679239,0.758895,0.372959,0.3,2
145,3,0.674119,0.768705,0.338777,0.30644,2
145,4,0.670924,0.762751,0.322735,0.300314,2
145,5,0.676136,0.764402,0.329953,0.328444,2
145,6,0.670436,0.750141,0.316938,0.334624,2
145,7,0.664548,0.766121,0.326862,0.336414,2
145,8,0.668004,0.750321,0.330632,0.323792,2
145,9,0.67584,0.757452,0.319004,0.321631,2
146,0,0.621582,0.484846,0.251574,0.175798,1
146,1,0.61807,0.472472,0.249842,0.180552,1
146,2,0.628518,0.4989,0.230677,0.17595,1
146,3,0.632025,0.498205,0.258309,0.174878,1
146,4,0.625231,0.475853,0.25268,0.181431,1
146,5,0.619072,0.491626,0.265893,0.181089,1
146,6,0.614473,0.502579,0.266667,0.17743,1
146,7,0.606493,0.492092,0.26506,0.165533,1
146,8,0.624725,0.488783,0.257888,0.18654,1
146,9,0.607415,0.49644,0.263229,0.194343,1
147,0,0.181261,0.187129,0.054333,0.049726,0
147,1,0.183266,0.182828,0.052817,0.052865,0
147,2,0.204183,0.168951,0.051101,0.054276,0
147,3,0.185696,0.197662,0.050257,0.053841,0
147,4,0.192147,0.200679,0.05187,0.056964,0
147,5,0.15899,0.153094,0.053009,0.057763,0
147,6,0.174089,0.209835,0.055805,0.060869,0
147,7,0.198649,0.183001,0.049748,0.045655,0
147,8,0.205127,0.201052,0.05285,0.055419,0
147,9,0.202035,0.18336,0.048269,0.054012,0
148,0,0.083387,0.286196,0.044518,0.006642,0
148,1,0.087597,0.286879,0.045013,0.004235,0
148,2,0.103436,0.273358,0.040298,0.000236,0
148,3,0.081299,0.250291,0.045218,0.005725,0
148,4,0.110982,0.269221,0.04641,0.009674,0
148,5,0.102977,0.270711,0.045986,0.008819,0
148,6,0.113228,0.217864,0.044174,0.005802,0
148,7,0.105003,0.272446,0.041586,0.008853,0
148,8,0.072221,0.239677,0.044874,0.006145,0
148,9,0.07431,0.273446,0.049806,0.012085,0
149,0,0.27222,0.134125,0.0,0.074532,0
149,1,0.261432,0.118505,0.007964,0.075354,0
149,2,0.252834,0.101116,0.000961,0.080221,0
149,3,0.257556,0.126954,0.004194,0.078683,0
149,4,0.273101,0.160493,0.0,0.07347,0
149,5,0.270398,0.12714,0.0,0.077909,0
149,6,0.286191,0.129661,0.0,0.075335,0
149,7,0.258759,0.136677,0.0,0.067131,0
149,8,0.297971,0.123393,0.0,0.071728,0
149,9,0.292607,0.146937,0.000853,0.068808,0
150,0,0.028003,0.059516,0.0031,0.027362,0
150,1,0.001033,0.061251,0.002268,0.034359,0
150,2,0.024816,0.055974,0.004493,0.037479,0
150,3,0.018713,0.080633,0.0,0.032829,0
150,4,0.033451,0.054278,0.001712,0.035601,0
150,5,0.023299,0.057502,0.007999,0.037308,0
150,6,0.0,0.040288,0.003379,0.03308,0
150,7,0.049198,0.069295,0.003227,0.036133,0
150,8,0.03024,0.041767,0.0,0.039182,0
150,9,0.022879,0.050922,0.0,0.035402,0
151,0,0.575127,0.535538,0.170215,0.171368,1
151,1,0.566121,0.531892,0.179653,0.170931,1
151,2,0.569095,0.533348,0.179666,0.18124,1
151,3,0.584383,0.554858,0.174471,0.170931,1
151,4,0.566634,0.531665,0.186361,0.164284,1
151,5,0.566145,0.543721,0.181679,0.169874,1
151,6,0.548579,0.538553,0.194242,0.168991,1
151,7,0.575697,0.553219,0.185396,0.15936,1
151,8,0.566264,0.568185,0.188171,0.178089,1
151,9,0.56701,0.552513,0.19181,0.16636,1
152,0,0.106552,0.33972,0.056617,0.074573,0
152,1,0.103601,0.319085,0.055384,0.079838,0
152,2,0.108123,0.338756,0.054851,0.073666,0
152,3,0.126006,0.371745,0.053793,0.073401,0
152,4,0.116064,0.345611,0.051481,0.071248,0
152,5,0.117634,0.354452,0.050773,0.071573,0
152,6,0.123722,0.329401,0.053145,0.071034,0
152,7,0.112262,0.346525,0.054018,0.070493,0
152,8,0.138626,0.350618,0.056968,0.071886,0
152,9,0.130708,0.326056,0.05291,0.071286,0
153,0,0.328186,0.372993,0.042006,0.003267,0
153,1,0.301283,0.370833,0.041835,0.006875,0
153,2,0.2873,0.372876,0.03509,0.008115,0
153,3,0.281635,0.328848,0.03664,0.011837,0
153,4,0.2872,0.398374,0.03508,0.012842,0
153,5,0.256558,0.39816,0.034782,0.004766,0
153,6,0.273611,0.393561,0.035787,0.012915,0
153,7,0.266197,0.387408,0.033701,0.008203,0
153,8,0.279848,0.385239,0.035958,0.004401,0
153,9,0.291549,0.4,0.033454,0.000476,0
154,0,0.282713,0.251139,0.007653,0.065665,0
154,1,0.27989,0.215993,0.010244,0.069321,0
154,2,0.23762,0.248378,0.012234,0.061801,0
154,3,0.264521,0.239567,0.013255,0.06891,0
154,4,0.275483,0.243852,0.013926,0.062026,0
154,5,0.260779,0.235244,0.017057,0.067923,0
154,6,0.280112,0.260448,0.012683,0.063391,0
154,7,0.263411,0.210025,0.010032,0.066693,0
154,8,0.246676,0.219078,0.012682,0.062917,0
154,9,0.274734,0.22774,0.01182,0.070323,0
155,0,0.65,0.771355,0.57244,0.449069,2
155,1,0.675542,0.772518,0.539755,0.459906,2
155,2,0.666228,0.785663,0.546986,0.450403,2
155,3,0.663269,0.788671,0.575614,0.44608,2
155,4,0.669277,0.788751,0.559775,0.44178,2
155,5,0.663645,0.777205,0.556997,0.434899,2
155,6,0.676485,0.780291,0.534852,0.444771,2
155,7,0.679219,0.788862,0.566427,0.441934,2
155,8,0.660009,0.787896,0.546329,0.450983,2
155,9,0.661323,0.794129,0.502629,0.462736,2
156,0,0.677645,0.653533,0.405161,0.415655,2
156,1,0.687083,0.660011,0.384841,0.413613,2
156,2,0.676969,0.667219,0.377043,0.424075,2
156,3,0.681285,0.65109,0.36124,0.421842,2
156,4,0.65,0.661027,0.36471,0.409902,2
156,5,0.666923,0.651333,0.349747,0.394105,2
156,6,0.663755,0.667626,0.358526,0.4236,2
156,7,0.658771,0.663974,0.38129,0.392279,2
156,8,0.662394,0.651242,0.34914,0.398259,2
156,9,0.65647,0.669571,0.383427,0.413581,2
157,0,0.089599,0.252621,0.041674,0.003772,0
157,1,0.083105,0.272892,0.042794,0.0,0
157,2,0.074679,0.269625,0.036446,0.0,0
157,3,0.082307,0.26498,0.042829,0.0,0
157,4,0.092452,0.264408,0.040056,0.0,0
157,5,0.119215,0.265387,0.043417,0.002647,0
157,6,0.101542,0.24241,0.040921,0.0,0
157,7,0.14148,0.259442,0.03812,0.0,0
157,8,0.08451,0.277498,0.043779,0.0,0
157,9,0.113134,0.281052,0.037536,0.0,0
158,0,0.420274,0.609176,0.20638,0.231101,1
158,1,0.429367,0.592424,0.215469,0.239261,1
158,2,0.414045,0.59242,0.195317,0.237717,1
158,3,0.414698,0.598316,0.201424,0.240826,1
158,4,0.422848,0.596173,0.205666,0.243576,1
158,5,0.406713,0.588832,0.191811,0.24727,1
158,6,0.420412,0.591275,0.208383,0.245539,1
158,7,0.411743,0.561695,0.201777,0.242165,1
158,8,0.430695,0.592701,0.200439,0.243948,1
158,9,0.414299,0.599881,0.189176,0.232263,1
159,0,0.352675,0.141334,0.016969,0.064952,0
159,1,0.345648,0.154163,0.022406,0.064267,0
159,2,0.353389,0.182821,0.016437,0.057615,0
159,3,0.341536,0.154298,0.012521,0.060024,0
159,4,0.360739,0.13471,0.013775,0.065956,0
159,5,0.323579,0.115393,0.009746,0.066158,0
159,6,0.339701,0.132346,0.009853,0.061645,0
159,7,0.345395,0.131933,0.012821,0.059044,0
159,8,0.322371,0.147235,0.019271,0.067013,0
159,9,0.334165,0.156143,0.01607,0.064678,0
160,0,0.404716,0.460785,0.085922,0.293201,1
160,1,0.405278,0.450743,0.072105,0.3,1
160,2,0.4,0.454565,0.101896,0.292391,1
160,3,0.4,0.455034,0.098684,0.288706,1
160,4,0.4,0.456483,0.09257,0.298694,1
160,5,0.4,0.450209,0.09487,0.3,1
160,6,0.4,0.443758,0.076743,0.3,1
160,7,0.4,0.448619,0.097305,0.29384,1
160,8,0.4,0.434654,0.099004,0.3,1
160,9,0.4,0.439998,0.099493,0.294324,1
161,0,0.124355,0.088784,0.030569,0.059413,0
161,1,0.114726,0.117266,0.037488,0.067164,0
161,2,0.128902,0.097068,0.028682,0.071021,0
161,3,0.125608,0.135215,0.034626,0.056847,0
161,4,0.121741,0.095137,0.028319,0.062002,0
161,5,0.179485,0.079332,0.029152,0.066749,0
161,6,0.132952,0.095968,0.024876,0.067404,0
161,7,0.139634,0.099292,0.029999,0.072968,0
161,8,0.140338,0.09182,0.026429,0.064988,0
161,9,0.111442,0.094035,0.026567,0.066237,0
162,0,0.06752,0.004308,0.066667,0.0803,0
162,1,0.067834,0.012457,0.063669,0.0726,0
162,2,0.047772,0.0,0.066667,0.077819,0
162,3,0.024157,0.015332,0.063041,0.072804,0
162,4,0.066685,0.0,0.0617,0.074839,0
162,5,0.056358,0.0,0.06218,0.081305,0
162,6,0.05413,0.004911,0.066667,0.075467,0
162,7,0.061016,0.019053,0.065865,0.079017,0
162,8,0.076102,0.02606,0.05815,0.07493,0
162,9,0.067611,0.03594,0.061659,0.078698,0
163,0,0.310317,0.228705,0.054916,0.030687,0
163,1,0.308169,0.252401,0.055999,0.033637,0
163,2,0.299611,0.229721,0.054518,0.035418,0
163,3,0.325391,0.237827,0.053336,0.032967,0
163,4,0.304654,0.243518,0.053603,0.027533,0
163,5,0.329144,0.261179,0.056723,0.02746,0
163,6,0.294536,0.24082,0.050708,0.03381,0
163,7,0.302526,0.270417,0.052902,0.03033,0
163,8,0.309462,0.244064,0.056906,0.031331,0
163,9,0.339411,0.252515,0.058555,0.026761,0
164,0,0.419824,0.425641,0.21498,0.212536,1
164,1,0.41498,0.417167,0.238496,0.211967,1
164,2,0.402014,0.428754,0.226801,0.222841,1
164,3,0.419106,0.418423,0.236652,0.226406,1
164,4,0.416223,0.406732,0.24523,0.185645,1
164,5,0.406781,0.407521,0.238861,0.212081,1
164,6,0.404366,0.4239,0.235002,0.202775,1
164,7,0.408553,0.419548,0.235112,0.209861,1
164,8,0.4,0.41935,0.241773,0.206089,1
164,9,0.414094,0.424251,0.22289,0.214936,1
165,0,0.007119,0.095375,0.064236,0.062962,0
165,1,0.028804,0.073477,0.063023,0.066576,0
165,2,0.008938,0.094291,0.066667,0.069643,0
165,3,0.003939,0.087623,0.065212,0.062894,0
165,4,0.002526,0.080554,0.066667,0.065918,0
165,5,0.0,0.105462,0.06115,0.064679,0
165,6,0.019462,0.097469,0.066214,0.060259,0
165,7,0.034625,0.078876,0.06223,0.066368,0
165,8,0.019331,0.105942,0.066667,0.080685,0
165,9,0.03053,0.08846,0.063263,0.067925,0
166,0,0.065791,0.25624,0.029995,0.06698,0
166,1,0.062102,0.237593,0.024704,0.071333,0
166,2,0.052795,0.26596,0.023964,0.069177,0
166,3,0.052527,0.250904,0.019611,0.074462,0
166,4,0.096457,0.261486,0.023528,0.072519,0
166,5,0.058045,0.266498,0.023476,0.066777,0
166,6,0.082668,0.249014,0.020801,0.067521,0
166,7,0.069221,0.283319,0.025312,0.07079,0
166,8,0.08117,0.275398,0.026408,0.063549,0
166,9,0.106265,0.264178,0.023038,0.073748,0
167,0,0.625297,0.412256,0.069589,0.132947,1
167,1,0.630202,0.42379,0.066667,0.130854,1
167,2,0.626951,0.419209,0.066667,0.146146,1
167,3,0.65,0.436424,0.072784,0.122778,1
167,4,0.65,0.429529,0.066667,0.151956,1
167,5,0.636262,0.428634,0.066667,0.135171,1
167,6,0.644719,0.428119,0.071471,0.136362,1
167,7,0.646663,0.421636,0.066667,0.127433,1
167,8,0.642061,0.428581,0.06918,0.132718,1
167,9,0.639872,0.406082,0.066667,0.133685,1
168,0,0.207982,0.357878,0.013769,0.06062,0
168,1,0.227196,0.363513,0.013564,0.068501,0
168,2,0.217533,0.347974,0.013724,0.074578,0
168,3,0.225365,0.36178,0.015788,0.064309,0
168,4,0.203689,0.356945,0.014221,0.063502,0
168,5,0.222678,0.350284,0.01969,0.065723,0
168,6,0.198798,0.353746,0.014347,0.068153,0
168,7,0.209168,0.342514,0.01611,0.071651,0
168,8,0.204354,0.345309,0.020241,0.061442,0
168,9,0.222234,0.339736,0.014968,0.064624,0
169,0,0.197803,0.276124,0.039926,0.012772,0
169,1,0.216545,0.301119,0.039823,0.009625,0
169,2,0.192882,0.275458,0.041285,0.010864,0
169,3,0.188314,0.26715,0.04124,0.014073,0
169,4,0.19824,0.288191,0.04276,0.011841,0
169,5,0.214283,0.275338,0.038784,0.018424,0
169,6,0.22921,0.300814,0.04404,0.008347,0
169,7,0.182823,0.28895,0.047703,0.012557,0
169,8,0.201521,0.289059,0.04256,0.013304,0
169,9,0.179074,0.247562,0.04366,0.011587,0
170,0,0.24948,0.295865,0.009282,0.048898,0
170,1,0.240252,0.32158,0.006168,0.053759,0
170,2,0.234824,0.302833,0.009691,0.05476,0
170,3,0.258018,0.307929,0.004428,0.05219,0
170,4,0.235872,0.304688,0.008125,0.052724,0
170,5,0.218784,0.296399,0.005719,0.049239,0
170,6,0.258723,0.297288,0.005791,0.051213,0
170,7,0.270294,0.306734,0.006844,0.054663,0
170,8,0.233,0.318968,0.002699,0.044558,0
170,9,0.244645,0.312873,0.008348,0.050094,0
171,0,0.351584,0.395527,0.0,0.030562,0
171,1,0.348519,0.4,0.003215,0.033532,0
171,2,0.36292,0.4,0.001179,0.024877,0
171,3,0.364151,0.4,0.0,0.03505,0
171,4,0.367743,0.396459,0.0,0.035661,0
171,5,0.381384,0.4,0.0,0.034435,0
171,6,0.368068,0.4,4.2e-05,0.033207,0
171,7,0.379533,0.4,0.003761,0.040016,0
171,8,0.396063,0.4,0.002728,0.032961,0
171,9,0.4,0.4,0.006922,0.028906,0
172,0,0.101871,0.016103,0.061646,0.052789,0
172,1,0.110575,0.041267,0.05864,0.046737,0
172,2,0.100564,0.026709,0.057491,0.049499,0
172,3,0.095845,0.010271,0.058997,0.045136,0
172,4,0.086286,0.0,0.05458,0.051037,0
172,5,0.092693,0.0,0.059367,0.055371,0
172,6,0.085038,0.0,0.05563,0.054395,0
172,7,0.069532,0.01811,0.05902,0.04667,0
172,8,0.069665,0.0,0.056752,0.053466,0
172,9,0.076175,0.006118,0.0579,0.05893,0
173,0,0.367639,0.135807,0.042687,0.021237,0
173,1,0.335632,0.105954,0.039872,0.024649,0
173,2,0.369604,0.162305,0.042802,0.021051,0
173,3,0.357348,0.140198,0.04488,0.029662,0
173,4,0.357523,0.134987,0.042096,0.023637,0
173,5,0.321186,0.165606,0.040504,0.027094,0
173,6,0.318276,0.159936,0.044067,0.018547,0
173,7,0.354503,0.134175,0.038571,0.024328,0
173,8,0.4,0.138617,0.039196,0.018614,0
173,9,0.38965,0.136017,0.041243,0.020308,0
174,0,0.218197,0.055348,0.027537,0.059911,0
174,1,0.192572,0.084291,0.029778,0.06819,0
174,2,0.17518,0.080396,0.035153,0.06465,0
174,3,0.202437,0.096663,0.028101,0.061777,0
174,4,0.160802,0.084445,0.032142,0.065544,0
174,5,0.187214,0.096302,0.028229,0.064143,0
174,6,0.196872,0.068775,0.02946,0.062256,0
174,7,0.196777,0.079607,0.029391,0.060288,0
174,8,0.175698,0.076049,0.030806,0.062481,0
174,9,0.221548,0.106733,0.02871,0.066131,0
175,0,0.395751,0.344298,0.007248,0.010622,0
175,1,0.387595,0.352268,0.000414,0.009248,0
175,2,0.382029,0.322601,0.00212,0.017513,0
175,3,0.4,0.357657,0.004427,0.01456,0
175,4,0.39742,0.334318,0.005516,0.018595,0
175,5,0.4,0.341352,0.00869,0.013552,0
175,6,0.4,0.321447,0.004814,0.009138,0
175,7,0.4,0.308853,0.005705,0.016598,0
175,8,0.378684,0.315639,0.008047,0.018575,0
175,9,0.4,0.315728,0.003134,0.018258,0
176,0,0.726052,0.803899,0.447835,0.376259,2
176,1,0.719191,0.797719,0.44616,0.358217,2
176,2,0.708721,0.804616,0.440987,0.371881,2
176,3,0.71175,0.808373,0.464346,0.365743,2
176,4,0.703084,0.818339,0.44889,0.378452,2
176,5,0.715817,0.8223,0.456657,0.367464,2
176,6,0.707884,0.802986,0.457572,0.360159,2
176,7,0.696784,0.829536,0.451487,0.356913,2
176,8,0.712983,0.816836,0.460677,0.349866,2
176,9,0.703825,0.812428,0.440108,0.347034,2
177,0,0.266174,0.04447,0.009346,0.080342,0
177,1,0.249198,0.056435,0.00994,0.081737,0
177,2,0.256058,0.045618,0.011255,0.081679,0
177,3,0.2318,0.075852,0.010189,0.084962,0
177,4,0.239428,0.071524,0.011303,0.07669,0
177,5,0.2566,0.066418,0.016605,0.071773,0
177,6,0.241399,0.066946,0.012914,0.076103,0
177,7,0.220957,0.050545,0.015558,0.071562,0
177,8,0.221253,0.047502,0.014062,0.0798,0
177,9,0.239354,0.053224,0.013217,0.07154,0
178,0,0.110879,0.306687,0.0,0.019333,0
178,1,0.118466,0.294451,0.001966,0.020042,0
178,2,0.124093,0.308972,0.0,0.022505,0
178,3,0.119699,0.310738,0.0,0.017518,0
178,4,0.142869,0.323509,0.0,0.019533,0
178,5,0.115195,0.325874,0.0,0.022203,0
178,6,0.115178,0.355847,0.0,0.015468,0
178,7,0.141513,0.352199,0.006128,0.017484,0
178,8,0.120747,0.372451,0.0,0.011519,0
178,9,0.114968,0.355704,0.0,0.020503,0
179,0,0.81493,0.73828,0.351025,0.447534,2
179,1,0.806947,0.726103,0.351953,0.441281,2
179,2,0.818512,0.7518,0.363222,0.444145,2
179,3,0.811226,0.742332,0.356773,0.455144,2
179,4,0.792069,0.738698,0.368872,0.456934,2
179,5,0.797005,0.754202,0.358588,0.43214,2
179,6,0.802321,0.734759,0.355547,0.435667,2
179,7,0.807914,0.756138,0.384466,0.450653,2
179,8,0.792071,0.744711,0.384195,0.441718,2
179,9,0.797344,0.758894,0.385037,0.449188,2
180,0,0.068255,0.346142,0.047738,0.052169,0
180,1,0.079608,0.337697,0.049332,0.045503,0
180,2,0.055334,0.339863,0.051311,0.049828,0
180,3,0.08861,0.319236,0.047681,0.043205,0
180,4,0.090233,0.346851,0.049478,0.045983,0
180,5,0.10329,0.356429,0.047404,0.045352,0
180,6,0.077253,0.324809,0.049478,0.040076,0
180,7,0.081312,0.334399,0.04857,0.043609,0
180,8,0.073837,0.332156,0.049343,0.04851,0
180,9,0.078626,0.322755,0.056937,0.048236,0
181,0,0.342155,0.141496,0.066667,0.093268,0
181,1,0.313246,0.181385,0.066667,0.091694,0
181,2,0.344072,0.193511,0.066667,0.096357,0
181,3,0.320519,0.194817,0.063056,0.1,0
181,4,0.323505,0.17461,0.064095,0.097739,0
181,5,0.338635,0.14237,0.066667,0.098322,0
181,6,0.318143,0.174131,0.063014,0.096038,0
181,7,0.355361,0.183783,0.066667,0.09232,0
181,8,0.314969,0.160726,0.066667,0.090855,0
181,9,0.326178,0.196182,0.066667,0.090271,0
182,0,0.226128,0.101325,0.021658,0.088064,0
182,1,0.209303,0.081617,0.021372,0.092998,0
182,2,0.191486,0.119018,0.024408,0.09065,0
182,3,0.200932,0.117732,0.027262,0.090232,0
182,4,0.214824,0.08725,0.024126,0.087325,0
182,5,0.209355,0.110384,0.031197,0.085608,0
182,6,0.208182,0.112271,0.026591,0.092301,0
182,7,0.190744,0.119171,0.027351,0.087455,0
182,8,0.189163,0.115396,0.02417,0.08806,0
182,9,0.178902,0.101833,0.027086,0.089891,0
183,0,0.816063,0.668212,0.547858,0.454964,2
183,1,0.832743,0.652936,0.523954,0.402281,2
183,2,0.822115,0.65,0.539126,0.434397,2
183,3,0.840163,0.674071,0.538983,0.415719,2
183,4,0.822487,0.65,0.561907,0.392936,2
183,5,0.835933,0.65,0.513993,0.388598,2
183,6,0.835637,0.661758,0.505484,0.431377,2
183,7,0.830679,0.651814,0.490131,0.413982,2
183,8,0.828165,0.653069,0.530227,0.409274,2
183,9,0.821236,0.657455,0.521685,0.425549,2
184,0,0.0,0.351439,0.033132,0.094947,0
184,1,0.0,0.342104,0.028459,0.092074,0
184,2,0.0,0.35545,0.036668,0.089506,0
184,3,0.0,0.35824,0.037951,0.089189,0
184,4,0.0,0.364485,0.031588,0.079706,0
184,5,0.015163,0.368475,0.03413,0.081996,0
184,6,0.000659,0.332149,0.034847,0.082677,0
184,7,0.0,0.329692,0.037906,0.088501,0
184,8,0.0,0.341662,0.035162,0.083883,0
184,9,0.01196,0.316884,0.03444,0.083452,0
185,0,0.32018,0.307521,0.038685,0.029653,0
185,1,0.287732,0.32938,0.041026,0.028883,0
185,2,0.262373,0.323872,0.042884,0.024358,0
185,3,0.261147,0.327463,0.045408,0.022461,0
185,4,0.272289,0.335073,0.048886,0.026809,0
185,5,0.28039,0.328598,0.043828,0.018134,0
185,6,0.275814,0.356824,0.042791,0.019518,0
185,7,0.271478,0.345183,0.04003,0.018353,0
185,8,0.303768,0.322079,0.041142,0.024775,0
185,9,0.268203,0.333121,0.044628,0.01784,0
186,0,0.810501,0.832585,0.554428,0.517475,2
186,1,0.816616,0.816356,0.549879,0.51053,2
186,2,0.815089,0.82742,0.563884,0.524938,2
186,3,0.80811,0.8237,0.566283,0.533015,2
186,4,0.79829,0.809301,0.592556,0.522582,2
186,5,0.800702,0.833589,0.564531,0.516049,2
186,6,0.790772,0.828645,0.574622,0.526526,2
186,7,0.799152,0.821234,0.574281,0.535544,2
186,8,0.799054,0.824511,0.572756,0.53701,2
186,9,0.808441,0.821857,0.568945,0.520429,2
187,0,0.498365,0.578027,0.1652,0.214703,1
187,1,0.492039,0.59014,0.169092,0.221722,1
187,2,0.494041,0.579068,0.178368,0.221187,1
187,3,0.499862,0.596238,0.164771,0.220137,1
187,4,0.507048,0.597426,0.169064,0.215949,1
187,5,0.48456,0.588699,0.169154,0.235548,1
187,6,0.484644,0.589749,0.165793,0.230488,1
187,7,0.513761,0.606196,0.176801,0.229074,1
187,8,0.483626,0.587429,0.160618,0.240038,1
187,9,0.490594,0.580815,0.159598,0.237299,1
188,0,0.533566,0.453099,0.180533,0.176226,1
188,1,0.50358,0.446447,0.194989,0.168518,1
188,2,0.498115,0.450671,0.182165,0.16655,1
188,3,0.512156,0.454106,0.176814,0.177031,1
188,4,0.497173,0.448439,0.17612,0.178825,1
188,5,0.502666,0.451143,0.157974,0.172187,1
188,6,0.487749,0.441905,0.178789,0.199248,1
188,7,0.504779,0.448862,0.16496,0.168601,1
188,8,0.521781,0.443051,0.158688,0.172882,1
188,9,0.504786,0.450848,0.186249,0.172391,1
189,0,0.248397,0.365954,0.043672,0.008708,0
189,1,0.255335,0.393621,0.0471,0.016242,0
189,2,0.241311,0.369913,0.045999,0.01108,0
189,3,0.231051,0.390037,0.046436,0.014815,0
189,4,0.218646,0.37324,0.040287,0.015226,0
189,5,0.241699,0.379938,0.045622,0.01692,0
189,6,0.252001,0.367465,0.045545,0.017538,0
189,7,0.267212,0.381567,0.047924,0.019129,0
189,8,0.244834,0.4,0.049421,0.016471,0
189,9,0.264075,0.4,0.044357,0.017388,0
190,0,0.317832,0.181914,0.058575,0.084707,0
190,1,0.289929,0.222588,0.060952,0.069451,0
190,2,0.295156,0.214735,0.065177,0.070266,0
190,3,0.292894,0.207373,0.057463,0.078651,0
190,4,0.30193,0.213285,0.05903,0.070739,0
190,5,0.298247,0.200444,0.059984,0.072833,0
190,6,0.298284,0.222409,0.061789,0.073175,0
190,7,0.315849,0.250255,0.066341,0.072832,0
190,8,0.302122,0.197191,0.064353,0.074817,0
190,9,0.311034,0.242983,0.063294,0.076239,0
191,0,0.139209,0.205815,0.046533,0.0,0
191,1,0.143,0.210654,0.045388,0.012129,0
191,2,0.134455,0.204721,0.048212,0.008613,0
191,3,0.129429,0.186403,0.047619,0.003708,0
191,4,0.165555,0.192305,0.044932,0.004528,0
191,5,0.137674,0.192557,0.043974,0.010688,0
191,6,0.156916,0.194882,0.040059,0.008045,0
191,7,0.132333,0.220004,0.040885,0.00641,0
191,8,0.14436,0.202434,0.036136,0.003719,0
191,9,0.149691,0.197535,0.035422,0.007265,0
192,0,0.778613,0.72291,0.47534,0.443565,2
192,1,0.758297,0.708831,0.483081,0.421747,2
192,2,0.769245,0.711114,0.503224,0.457483,2
192,3,0.773505,0.712627,0.487156,0.444816,2
192,4,0.775198,0.710608,0.500136,0.455221,2
192,5,0.76505,0.707908,0.506716,0.45472,2
192,6,0.769991,0.720213,0.487991,0.460639,2
192,7,0.776205,0.717331,0.491746,0.450461,2
192,8,0.766797,0.725341,0.488622,0.458164,2
192,9,0.769571,0.708989,0.497064,0.475628,2
193,0,0.280282,0.27513,0.004116,0.070565,0
193,1,0.290088,0.304286,0.001997,0.071763,0
193,2,0.228811,0.294363,0.005548,0.075136,0
193,3,0.249907,0.303959,0.008773,0.066419,0
193,4,0.277207,0.306153,0.008356,0.072625,0
193,5,0.267746,0.312391,8.1e-05,0.07235,0
193,6,0.274349,0.311039,0.003495,0.074531,0
193,7,0.264042,0.320828,0.00528,0.068727,0
193,8,0.276991,0.313345,0.003269,0.06675,0
193,9,0.298728,0.289207,0.005744,0.073407,0
194,0,0.202884,0.238529,0.065307,0.034388,0
194,1,0.180578,0.223417,0.065126,0.033859,0
194,2,0.203481,0.221883,0.066515,0.03891,0
194,3,0.186642,0.244325,0.06664,0.03989,0
194,4,0.192333,0.248372,0.066667,0.028751,0
194,5,0.179229,0.267603,0.064057,0.031569,0
194,6,0.193667,0.259944,0.066667,0.026217,0
194,7,0.189437,0.23889,0.064228,0.037081,0
194,8,0.172507,0.241671,0.066667,0.035926,0
194,9,0.1518,0.265414,0.064729,0.030413,0
195,0,0.248919,0.304683,0.025715,0.025584,0
195,1,0.223518,0.321886,0.024375,0.015338,0
195,2,0.189894,0.328506,0.028294,0.030568,0
195,3,0.232828,0.286147,0.024691,0.024068,0
195,4,0.215734,0.326994,0.03103,0.024778,0
195,5,0.228908,0.279751,0.031759,0.024959,0
195,6,0.226651,0.31165,0.024804,0.02137,0
195,7,0.208109,0.311861,0.025691,0.02522,0
195,8,0.23101,0.287906,0.023505,0.023845,0
195,9,0.223649,0.279884,0.02772,0.021455,0
196,0,0.191842,0.358736,0.057516,0.042143,0
196,1,0.140343,0.334846,0.052902,0.036427,0
196,2,0.169727,0.327419,0.057279,0.038703,0
196,3,0.137469,0.306853,0.059531,0.03599,0
196,4,0.162589,0.307111,0.063166,0.039759,0
196,5,0.157846,0.30521,0.058074,0.041091,0
196,6,0.145496,0.299214,0.062707,0.039153,0
196,7,0.142854,0.318764,0.057672,0.0355,0
196,8,0.137733,0.299654,0.061589,0.041939,0
196,9,0.146577,0.29311,0.060183,0.042609,0
197,0,0.717471,0.691005,0.517982,0.507579,2
197,1,0.703001,0.700215,0.513431,0.502735,2
197,2,0.708704,0.699241,0.524633,0.497977,2
197,3,0.709321,0.701033,0.506095,0.484604,2
197,4,0.705496,0.702876,0.517692,0.540687,2
197,5,0.70688,0.710045,0.504011,0.505218,2
197,6,0.706053,0.697999,0.516188,0.511127,2
197,7,0.702977,0.693989,0.554018,0.520071,2
197,8,0.702997,0.705983,0.501118,0.500953,2
197,9,0.702733,0.693895,0.535844,0.497666,2
198,0,0.805301,0.8086,0.266667,0.515134,2
198,1,0.799964,0.815035,0.266667,0.510841,2
198,2,0.795598,0.814768,0.266766,0.507346,2
198,3,0.817891,0.815037,0.283974,0.512576,2
198,4,0.800729,0.815822,0.282834,0.503205,2
198,5,0.798912,0.815816,0.273971,0.501904,2
198,6,0.792534,0.813151,0.271064,0.490274,2
198,7,0.807982,0.80906,0.266667,0.486146,2
198,8,0.799752,0.81289,0.278571,0.486959,2
198,9,0.788741,0.800072,0.277721,0.513256,2
199,0,0.826976,0.691661,0.468508,0.513589,2
199,1,0.840911,0.686512,0.444527,0.5276,2
199,2,0.831362,0.683196,0.46493,0.508645,2
199,3,0.832183,0.689485,0.496598,0.525471,2
199,4,0.838922,0.695074,0.439326,0.506076,2
199,5,0.832188,0.688096,0.4542,0.484776,2
199,6,0.830433,0.691234,0.465898,0.494789,2
199,7,0.830303,0.684647,0.457942,0.491088,2
199,8,0.840606,0.693416,0.496043,0.497856,2
199,9,0.841908,0.680056,0.477235,0.499819,2
200,0,0.187608,0.033803,0.032372,0.1,0
200,1,0.172813,0.005397,0.038917,0.096891,0
200,2,0.194221,8.4e-05,0.040282,0.1,0
200,3,0.182153,0.031877,0.032393,0.1,0
200,4,0.18567,0.010563,0.035397,0.095058,0
200,5,0.202193,0.010241,0.039394,0.098927,0
200,6,0.20541,0.0,0.043905,0.094078,0
200,7,0.206246,0.016574,0.037078,0.1,0
200,8,0.203594,0.012767,0.040606,0.1,0
200,9,0.169523,0.002734,0.043645,0.1,0
201,0,0.922513,0.966981,0.799234,0.739258,3
201,1,0.912069,0.972609,0.79483,0.763481,3
201,2,0.912364,0.984657,0.793616,0.772571,3
201,3,0.913903,0.980258,0.7822,0.71504,3
201,4,0.91351,0.973223,0.806227,0.761537,3
201,5,0.91787,0.973501,0.790669,0.755028,3
201,6,0.919125,0.971653,0.759968,0.748929,3
201,7,0.919125,0.979464,0.787352,0.744525,3
201,8,0.917053,0.973184,0.816543,0.744671,3
201,9,0.916544,0.979109,0.793106,0.748456,3
202,0,0.066446,0.016377,0.046437,0.066133,0
202,1,0.064071,0.0,0.042401,0.069674,0
202,2,0.084994,0.0,0.045935,0.066737,0
202,3,0.036754,0.008417,0.04212,0.059341,0
202,4,0.071494,0.003516,0.039987,0.064805,0
202,5,0.065376,0.017333,0.042358,0.061001,0
202,6,0.065669,0.0,0.040047,0.072357,0
202,7,0.078448,0.0,0.041772,0.068802,0
202,8,0.054394,0.0,0.044466,0.070728,0
202,9,0.077436,0.0,0.045226,0.07576,0
203,0,0.894326,0.966408,0.869423,0.645017,3
203,1,0.901677,0.961409,0.887113,0.637023,3
203,2,0.896406,0.966892,0.894717,0.623197,3
203,3,0.904212,0.971932,0.886888,0.635233,3
203,4,0.88862,0.959513,0.857197,0.623861,3
203,5,0.901185,0.96137,0.84395,0.6,3
203,6,0.919213,0.958492,0.872635,0.620091,3
203,7,0.904488,0.967774,0.843086,0.606571,3
203,8,0.909833,0.957174,0.853532,0.6,3
203,9,0.912135,0.960626,0.844083,0.629753,3
204,0,0.49947,0.558782,0.174211,0.225355,1
204,1,0.500257,0.565303,0.180834,0.223979,1
204,2,0.512266,0.562848,0.178412,0.231229,1
204,3,0.513891,0.580231,0.180223,0.219038,1
204,4,0.508224,0.576211,0.159299,0.213338,1
204,5,0.504068,0.569923,0.152108,0.222898,1
204,6,0.486757,0.565891,0.168753,0.225871,1
204,7,0.527547,0.562683,0.162776,0.220476,1
204,8,0.526211,0.565632,0.166061,0.208574,1
204,9,0.533193,0.551946,0.166541,0.204904,1
205,0,0.177501,0.363358,0.000281,0.069427,0
205,1,0.212296,0.4,0.0,0.074592,0
205,2,0.217241,0.37266,0.0,0.079479,0
205,3,0.207319,0.381379,0.000727,0.074297,0
205,4,0.183466,0.364248,0.0,0.075338,0
205,5,0.197853,0.370975,0.0,0.070469,0
205,6,0.197158,0.377783,0.0,0.073498,0
205,7,0.1819,0.37213,0.0,0.068623,0
205,8,0.165147,0.375207,0.0,0.068873,0
205,9,0.183215,0.375509,0.0,0.076237,0
206,0,0.12508,0.117767,0.060257,0.040567,0
206,1,0.123927,0.080087,0.054577,0.045015,0
206,2,0.143058,0.059534,0.06144,0.046901,0
206,3,0.135811,0.071091,0.060799,0.045903,0
206,4,0.12871,0.078439,0.059952,0.040596,0
206,5,0.129719,0.084252,0.062291,0.043664,0
206,6,0.152969,0.058247,0.058935,0.043058,0
206,7,0.167988,0.069562,0.062434,0.046806,0
206,8,0.153298,0.099103,0.062436,0.039863,0
206,9,0.160132,0.059949,0.062345,0.055312,0
207,0,0.766591,0.704563,0.526436,0.349956,2
207,1,0.771609,0.700889,0.500846,0.331601,2
207,2,0.759328,0.685396,0.544965,0.330829,2
207,3,0.753668,0.703182,0.52779,0.352608,2
207,4,0.753973,0.723527,0.539782,0.344122,2
207,5,0.749678,0.707681,0.537662,0.347231,2
207,6,0.752008,0.715109,0.525227,0.346133,2
207,7,0.74572,0.710718,0.54861,0.344533,2
207,8,0.740052,0.705758,0.534742,0.350528,2
207,9,0.739534,0.718547,0.54841,0.358376,2
208,0,0.268853,0.191254,0.043071,0.066724,0
208,1,0.265606,0.156668,0.036031,0.066697,0
208,2,0.28201,0.170579,0.036148,0.062904,0
208,3,0.303921,0.198849,0.034698,0.065999,0
208,4,0.295391,0.183303,0.030706,0.065226,0
208,5,0.29514,0.194353,0.034573,0.068353,0
208,6,0.287832,0.171865,0.034442,0.060545,0
208,7,0.307218,0.176935,0.034393,0.057003,0
208,8,0.304681,0.148939,0.03373,0.063346,0
208,9,0.277847,0.136484,0.037016,0.060242,0
209,0,0.093433,0.13763,0.018651,0.0,0
209,1,0.064525,0.130883,0.016359,0.003065,0
209,2,0.081004,0.133243,0.010077,0.002238,0
209,3,0.080605,0.154581,0.016935,0.001495,0
209,4,0.077167,0.13698,0.016114,0.001828,0
209,5,0.097061,0.141711,0.014928,0.0,0
209,6,0.101224,0.118882,0.014128,0.003974,0
209,7,0.083091,0.139972,0.017961,0.0,0
209,8,0.082771,0.163245,0.013537,0.0,0
209,9,0.06441,0.145188,0.015585,0.0,0
210,0,0.421048,0.532062,0.101736,0.297897,1
210,1,0.412784,0.546549,0.099327,0.29903,1
210,2,0.4,0.540199,0.103576,0.3,1
210,3,0.4,0.53623,0.102315,0.3,1
210,4,0.4,0.541014,0.094003,0.3,1
210,5,0.4,0.544642,0.10244,0.3,1
210,6,0.4,0.542867,0.08852,0.3,1
210,7,0.4,0.546092,0.074846,0.3,1
210,8,0.4,0.553266,0.074155,0.3,1
210,9,0.4,0.522372,0.093269,0.3,1
211,0,0.342979,0.093484,0.01694,0.020841,0
211,1,0.357739,0.075216,0.016349,0.023391,0
211,2,0.344589,0.083028,0.012746,0.022402,0
211,3,0.331607,0.081514,0.01337,0.020566,0
211,4,0.333567,0.070445,0.008588,0.021797,0
211,5,0.329803,0.054146,0.014977,0.016024,0
211,6,0.322002,0.070261,0.017196,0.017366,0
211,7,0.318703,0.061618,0.01804,0.017282,0
211,8,0.347392,0.071308,0.017155,0.024217,0
211,9,0.326376,0.101072,0.016859,0.02706,0
212,0,0.392995,0.319512,0.060224,0.017954,0
212,1,0.359343,0.347212,0.061854,0.025863,0
212,2,0.368943,0.363038,0.066021,0.020924,0
212,3,0.399452,0.382355,0.057774,0.025084,0
212,4,0.4,0.362938,0.066403,0.026702,0
212,5,0.4,0.381938,0.066667,0.024925,0
212,6,0.359269,0.370703,0.066185,0.031504,0
212,7,0.373494,0.4,0.063308,0.030602,0
212,8,0.378121,0.36226,0.064704,0.036817,0
212,9,0.363871,0.390219,0.06267,0.026948,0
213,0,0.479977,0.527427,0.225343,0.261586,1
213,1,0.460367,0.538498,0.221085,0.255438,1
213,2,0.475419,0.517352,0.227247,0.245068,1
213,3,0.462826,0.538146,0.221827,0.260999,1
213,4,0.451025,0.521966,0.236387,0.244146,1
213,5,0.451802,0.523321,0.24111,0.240252,1
213,6,0.468601,0.518227,0.224539,0.251955,1
213,7,0.469485,0.5146,0.226251,0.260602,1
213,8,0.479842,0.521435,0.225637,0.255299,1
213,9,0.474711,0.521132,0.238585,0.253595,1
214,0,0.368194,0.350596,0.050506,0.054653,0
214,1,0.388239,0.350254,0.052438,0.053947,0
214,2,0.4,0.342075,0.050845,0.055306,0
214,3,0.391339,0.341877,0.055177,0.053379,0
214,4,0.381,0.36787,0.057058,0.053501,0
214,5,0.4,0.347013,0.053184,0.051706,0
214,6,0.371647,0.368519,0.056315,0.059762,0
214,7,0.389838,0.350523,0.055057,0.055439,0
214,8,0.386585,0.353878,0.056564,0.054973,0
214,9,0.375465,0.340231,0.056011,0.055138,0
215,0,0.173024,0.15289,0.052601,0.039087,0
215,1,0.1967,0.1695,0.055882,0.03353,0
215,2,0.18132,0.162775,0.05502,0.037638,0
215,3,0.210288,0.182794,0.056346,0.040246,0
215,4,0.218833,0.169319,0.050275,0.0331,0
215,5,0.199285,0.187782,0.056511,0.037853,0
215,6,0.215071,0.194036,0.051622,0.038442,0
215,7,0.233023,0.166825,0.058186,0.039418,0
215,8,0.224384,0.163355,0.052051,0.035908,0
215,9,0.228027,0.169171,0.051269,0.031891,0
216,0,0.971856,0.918921,0.873643,0.988979,3
216,1,0.953058,0.918325,0.884766,0.996722,3
216,2,0.972229,0.907798,0.873626,0.976026,3
216,3,0.957975,0.907725,0.879049,0.988916,3
216,4,0.968572,0.909322,0.89358,0.974619,3
216,5,0.958448,0.91548,0.88659,0.980931,3
216,6,0.961037,0.910388,0.901012,0.948056,3
216,7,0.967905,0.901737,0.890536,0.961984,3
216,8,0.978938,0.909554,0.879362,0.944514,3
216,9,0.978965,0.904502,0.87582,0.959532,3
217,0,0.551156,0.578255,0.232935,0.155722,1
217,1,0.565533,0.582768,0.230799,0.152285,1
217,2,0.553672,0.581698,0.239978,0.142042,1
217,3,0.56217,0.594139,0.222462,0.144671,1
217,4,0.55447,0.592958,0.214134,0.146169,1
217,5,0.566168,0.604476,0.220869,0.142396,1
217,6,0.550391,0.618858,0.240043,0.153524,1
217,7,0.545986,0.61239,0.231806,0.158139,1
217,8,0.551108,0.592614,0.230577,0.160331,1
217,9,0.551916,0.617834,0.22615,0.153584,1
218,0,0.386297,0.275499,0.050782,0.091258,0
218,1,0.4,0.246189,0.050732,0.093546,0
218,2,0.4,0.279101,0.057059,0.088055,0
218,3,0.4,0.262331,0.057505,0.093482,0
218,4,0.4,0.264268,0.057794,0.091719,0
218,5,0.4,0.241564,0.056081,0.097324,0
218,6,0.4,0.245557,0.059562,0.096131,0
218,7,0.388138,0.253657,0.056844,0.095122,0
218,8,0.4,0.259493,0.053158,0.088274,0
218,9,0.4,0.28922,0.05896,0.087573,0
219,0,0.616271,0.601529,0.253563,0.14186,1
219,1,0.598803,0.620705,0.245938,0.126537,1
219,2,0.600101,0.604586,0.255221,0.111962,1
219,3,0.612755,0.604912,0.266667,0.116207,1
219,4,0.610616,0.593427,0.266667,0.120824,1
219,5,0.608621,0.599369,0.266667,0.127521,1
219,6,0.608667,0.594537,0.266559,0.116553,1
219,7,0.62174,0.593133,0.266667,0.118936,1
219,8,0.617597,0.622568,0.266667,0.123207,1
219,9,0.618325,0.594408,0.266667,0.114239,1
220,0,0.102715,0.31423,0.035336,0.0,0
220,1,0.068964,0.299008,0.035114,0.0,0
220,2,0.111753,0.298799,0.032564,0.000456,0
220,3,0.113901,0.322014,0.035795,0.004999,0
220,4,0.083593,0.312772,0.037121,0.000631,0
220,5,0.107356,0.306625,0.037405,0.003283,0
220,6,0.053253,0.327828,0.027276,0.00029,0
220,7,0.119302,0.315274,0.02934,0.0,0
220,8,0.127856,0.290074,0.035497,0.000329,0
220,9,0.098386,0.30243,0.030688,0.001212,0
221,0,0.293859,0.4,0.017898,0.037315,0
221,1,0.300203,0.367543,0.016007,0.037013,0
221,2,0.268341,0.39754,0.016398,0.04184,0
221,3,0.283833,0.388579,0.015562,0.038734,0
221,4,0.304345,0.381132,0.015715,0.031217,0
221,5,0.307171,0.350981,0.01482,0.043032,0
221,6,0.304373,0.379554,0.017155,0.029372,0
221,7,0.304865,0.371691,0.00873,0.031999,0
221,8,0.326468,0.370518,0.016767,0.03596,0
221,9,0.314957,0.356892,0.014308,0.03501,0
222,0,0.536409,0.516483,0.256991,0.218759,1
222,1,0.537629,0.516102,0.263512,0.228185,1
222,2,0.535061,0.507534,0.266667,0.232741,1
222,3,0.543729,0.525958,0.266667,0.21703,1
222,4,0.53566,0.513337,0.253455,0.218947,1
222,5,0.528688,0.509996,0.261328,0.210176,1
222,6,0.558947,0.505447,0.266667,0.208759,1
222,7,0.537611,0.517931,0.260349,0.228883,1
222,8,0.550447,0.501368,0.266667,0.229196,1
222,9,0.532678,0.504698,0.266667,0.225121,1
223,0,0.352063,0.146353,0.059371,0.028752,0
223,1,0.377889,0.12835,0.063664,0.025924,0
223,2,0.370923,0.131179,0.057914,0.026892,0
223,3,0.353469,0.156131,0.060051,0.029971,0
223,4,0.363206,0.124858,0.060754,0.023429,0
223,5,0.351867,0.147885,0.062985,0.032134,0
223,6,0.368197,0.129293,0.063436,0.033324,0
223,7,0.38504,0.117476,0.064621,0.023622,0
223,8,0.366743,0.107502,0.066667,0.019367,0
223,9,0.356353,0.114085,0.066667,0.023445,0
224,0,0.161711,0.125336,0.048995,0.042095,0
224,1,0.123153,0.151805,0.049852,0.031948,0
224,2,0.142052,0.134378,0.049893,0.03573,0
224,3,0.13962,0.142858,0.052741,0.038119,0
224,4,0.135668,0.143642,0.04757,0.038213,0
224,5,0.157098,0.167927,0.047461,0.030034,0
224,6,0.166523,0.150905,0.047476,0.029415,0
224,7,0.146595,0.180882,0.04574,0.036091,0
224,8,0.124688,0.16294,0.046463,0.037176,0
224,9,0.141557,0.17416,0.05045,0.027941,0
225,0,0.979542,0.896024,0.871853,0.665725,3
225,1,0.974843,0.897161,0.843076,0.675127,3
225,2,0.985203,0.909414,0.819119,0.635906,3
225,3,0.980893,0.907763,0.831001,0.623048,3
225,4,0.986165,0.886269,0.832304,0.674556,3
225,5,0.986595,0.892974,0.846058,0.683903,3
225,6,0.989584,0.900338,0.839541,0.661878,3
225,7,0.991499,0.911016,0.830382,0.686492,3
225,8,0.993176,0.904805,0.814149,0.686651,3
225,9,0.971074,0.911882,0.847361,0.698514,3
226,0,0.322339,0.263692,0.034461,0.060773,0
226,1,0.34323,0.295122,0.034675,0.058265,0
226,2,0.324035,0.312876,0.037581,0.057178,0
226,3,0.341348,0.272533,0.036416,0.059821,0
226,4,0.363199,0.279068,0.04047,0.059543,0
226,5,0.319018,0.268251,0.038665,0.062675,0
226,6,0.346298,0.246989,0.037786,0.05813,0
226,7,0.324671,0.251629,0.036716,0.066898,0
226,8,0.328276,0.252941,0.044349,0.061696,0
226,9,0.358885,0.25886,0.041421,0.061384,0
227,0,0.659883,0.68068,0.333779,0.414141,2
227,1,0.662723,0.694759,0.312335,0.407032,2
227,2,0.65,0.699509,0.308762,0.413281,2
227,3,0.65,0.70557,0.327215,0.416868,2
227,4,0.65,0.704262,0.311105,0.419633,2
227,5,0.653722,0.703291,0.347182,0.400067,2
227,6,0.661927,0.704973,0.34521,0.394234,2
227,7,0.659494,0.711036,0.319442,0.397925,2
227,8,0.662004,0.694456,0.335513,0.417659,2
227,9,0.65,0.701301,0.338443,0.402712,2
228,0,0.238449,0.241224,0.044583,0.036902,0
228,1,0.210275,0.235807,0.047533,0.034762,0
228,2,0.214207,0.215597,0.046073,0.034703,0
228,3,0.222734,0.20664,0.049288,0.027497,0
228,4,0.207203,0.206876,0.043419,0.034602,0
228,5,0.229371,0.235612,0.046227,0.033293,0
228,6,0.197145,0.26856,0.048447,0.037894,0
228,7,0.188697,0.235643,0.043358,0.036675,0
228,8,0.205914,0.232419,0.041768,0.043761,0
228,9,0.197019,0.245875,0.044892,0.030018,0
229,0,0.075322,0.013268,0.032316,0.00802,0
229,1,0.044318,0.0,0.027771,0.02113,0
229,2,0.07325,0.0,0.03417,0.020484,0
229,3,0.042072,0.0,0.024704,0.018,0
229,4,0.074165,0.01121,0.022228,0.01308,0
229,5,0.080376,0.025683,0.020474,0.012438,0
229,6,0.097636,0.008841,0.025583,0.014026,0
229,7,0.097695,0.003523,0.025052,0.022656,0
229,8,0.087264,0.029596,0.02288,0.019631,0
229,9,0.058038,0.036913,0.023364,0.018228,0
230,0,0.096807,0.214671,0.036781,0.040835,0
230,1,0.092728,0.205909,0.033602,0.040409,0
230,2,0.100084,0.226737,0.034659,0.039893,0
230,3,0.069456,0.21866,0.034497,0.046579,0
230,4,0.112561,0.215055,0.035399,0.047559,0
230,5,0.091091,0.211065,0.03468,0.052251,0
230,6,0.092459,0.217187,0.03392,0.038426,0
230,7,0.091687,0.239475,0.03207,0.030022,0
230,8,0.097847,0.232539,0.032333,0.03993,0
230,9,0.094581,0.231364,0.036864,0.043883,0
231,0,0.51382,0.618273,0.188277,0.249568,1
231,1,0.503516,0.631347,0.169368,0.249183,1
231,2,0.513522,0.618186,0.175997,0.256345,1
231,3,0.50382,0.637931,0.163434,0.247558,1
231,4,0.518045,0.638845,0.174119,0.237855,1
231,5,0.510544,0.634213,0.16717,0.245783,1
231,6,0.510634,0.636885,0.165544,0.253947,1
231,7,0.496032,0.637665,0.157101,0.254277,1
231,8,0.516671,0.631998,0.172298,0.250973,1
231,9,0.503588,0.62227,0.164914,0.250297,1
232,0,0.08005,0.32503,0.061176,0.076988,0
232,1,0.113881,0.341779,0.061172,0.080342,0
232,2,0.104988,0.357413,0.064377,0.081517,0
232,3,0.098636,0.336483,0.057644,0.081044,0
232,4,0.099956,0.329403,0.058947,0.078604,0
232,5,0.117255,0.360888,0.063463,0.07867,0
232,6,0.105268,0.306046,0.059769,0.076636,0
232,7,0.127544,0.328677,0.062153,0.077672,0
232,8,0.126453,0.310033,0.060204,0.080731,0
232,9,0.123633,0.332153,0.055565,0.069788,0
233,0,0.104681,0.027733,0.032469,0.090597,0
233,1,0.127391,0.049431,0.041703,0.082899,0
233,2,0.091729,0.0,0.035541,0.08822,0
233,3,0.104302,0.017336,0.035368,0.083213,0
233,4,0.132389,0.0,0.033207,0.08761,0
233,5,0.133158,0.017284,0.039116,0.079112,0
233,6,0.138785,0.016212,0.03673,0.076393,0
233,7,0.12238,0.030364,0.034304,0.09213,0
233,8,0.13156,0.010096,0.036741,0.085227,0
233,9,0.11096,0.039717,0.032761,0.089676,0
234,0,0.707385,0.703039,0.462937,0.466914,2
234,1,0.718235,0.679711,0.475604,0.444768,2
234,2,0.711266,0.692355,0.490001,0.454262,2
234,3,0.71228,0.690037,0.44865,0.458089,2
234,4,0.707447,0.704831,0.489362,0.453615,2
234,5,0.712019,0.709535,0.465222,0.439133,2
234,6,0.718047,0.70243,0.470386,0.432345,2
234,7,0.70539,0.70153,0.454837,0.446092,2
234,8,0.70698,0.687539,0.46385,0.451816,2
234,9,0.699077,0.718187,0.475033,0.458735,2
235,0,0.423156,0.47451,0.118215,0.215598,1
235,1,0.443916,0.463945,0.113829,0.197708,1
235,2,0.419624,0.480346,0.114528,0.206635,1
235,3,0.422543,0.49541,0.109355,0.186052,1
235,4,0.422626,0.48068,0.123409,0.193528,1
235,5,0.436534,0.495495,0.096058,0.182038,1
235,6,0.409684,0.496278,0.115317,0.184285,1
235,7,0.419701,0.478946,0.105231,0.189432,1
235,8,0.424637,0.478926,0.113412,0.187226,1
235,9,0.433623,0.481108,0.118184,0.182231,1
236,0,0.341018,0.242374,0.061483,0.040919,0
236,1,0.320411,0.241044,0.061705,0.048607,0
236,2,0.325485,0.242073,0.06286,0.044114,0
236,3,0.334488,0.224198,0.061859,0.045378,0
236,4,0.324209,0.249373,0.061971,0.043181,0
236,5,0.315772,0.214579,0.065534,0.044002,0
236,6,0.315521,0.207741,0.062932,0.046681,0
236,7,0.317048,0.220687,0.059962,0.046324,0
236,8,0.346823,0.257641,0.060406,0.047831,0
236,9,0.334627,0.215558,0.057251,0.036502,0
237,0,0.323744,0.395873,0.032771,0.019021,0
237,1,0.300207,0.382336,0.038631,0.015753,0
237,2,0.309417,0.362147,0.039378,0.021127,0
237,3,0.278585,0.367859,0.031788,0.019483,0
237,4,0.301817,0.396056,0.038664,0.018644,0
237,5,0.311005,0.395317,0.041598,0.016691,0
237,6,0.328892,0.371911,0.03883,0.019042,0
237,7,0.28556,0.379225,0.034714,0.022627,0
237,8,0.316501,0.345281,0.035863,0.019059,0
237,9,0.303039,0.393285,0.035332,0.020945,0
238,0,0.72286,0.686809,0.462433,0.456333,2
238,1,0.713486,0.690976,0.46623,0.458511,2
238,2,0.719814,0.678517,0.454062,0.447316,2
238,3,0.703673,0.678861,0.469782,0.453531,2
238,4,0.70704,0.684069,0.47646,0.431313,2
238,5,0.708822,0.689768,0.47445,0.439128,2
238,6,0.696804,0.689464,0.466931,0.432611,2
238,7,0.703118,0.690745,0.46764,0.441057,2
238,8,0.698952,0.677773,0.441311,0.435819,2
238,9,0.702181,0.7034,0.435178,0.442563,2
239,0,0.737294,0.717255,0.624956,0.466956,2
239,1,0.734804,0.725109,0.619924,0.478004,2
239,2,0.731901,0.716153,0.639323,0.464835,2
239,3,0.723267,0.723004,0.664601,0.465972,2
239,4,0.72978,0.731931,0.651432,0.480504,2
239,5,0.723541,0.733013,0.654806,0.457225,2
239,6,0.720035,0.738019,0.646258,0.468144,2
239,7,0.728496,0.728961,0.659481,0.474941,2
239,8,0.716677,0.736229,0.644683,0.482505,2
239,9,0.725036,0.72925,0.666667,0.457257,2
240,0,0.549193,0.480916,0.221754,0.249947,1
240,1,0.543197,0.480418,0.21309,0.250729,1
240,2,0.573621,0.456218,0.231834,0.245472,1
240,3,0.582488,0.487027,0.219032,0.256353,1
240,4,0.569381,0.469717,0.227828,0.246257,1
240,5,0.601108,0.488319,0.216518,0.256407,1
240,6,0.591177,0.491061,0.227135,0.251191,1
240,7,0.588418,0.471162,0.214793,0.262033,1
240,8,0.59547,0.471339,0.213809,0.255751,1
240,9,0.57499,0.47055,0.226386,0.258987,1
241,0,0.370687,0.293902,0.023494,0.062029,0
241,1,0.376678,0.315652,0.030391,0.068159,0
241,2,0.368552,0.300859,0.030136,0.065211,0
241,3,0.389497,0.313285,0.031464,0.065139,0
241,4,0.387466,0.341315,0.028542,0.069745,0
241,5,0.363315,0.330403,0.030575,0.06688,0
241,6,0.388976,0.312505,0.030554,0.074852,0
241,7,0.393718,0.311468,0.032175,0.075416,0
241,8,0.378034,0.319175,0.025131,0.071976,0
241,9,0.4,0.319536,0.028703,0.068825,0
242,0,0.51419,0.407378,0.221851,0.121853,1
242,1,0.504235,0.417288,0.234395,0.113768,1
242,2,0.508782,0.4085,0.228936,0.1227,1
242,3,0.519799,0.417299,0.227177,0.134249,1
242,4,0.529513,0.409461,0.238025,0.127124,1
242,5,0.511953,0.4,0.222748,0.135335,1
242,6,0.520421,0.4,0.231713,0.121192,1
242,7,0.525424,0.404206,0.238878,0.116985,1
242,8,0.540229,0.400101,0.235814,0.111594,1
242,9,0.534925,0.401822,0.232669,0.126759,1
243,0,0.030509,0.265733,0.02986,0.040161,0
243,1,0.087063,0.260063,0.03276,0.047709,0
243,2,0.034362,0.265182,0.030008,0.046528,0
243,3,0.063956,0.289197,0.03133,0.048932,0
243,4,0.073,0.282689,0.027713,0.042939,0
243,5,0.050806,0.244792,0.026856,0.046393,0
243,6,0.054567,0.268169,0.028596,0.0447,0
243,7,0.035373,0.233194,0.022406,0.04476,0
243,8,0.08636,0.248348,0.027741,0.04283,0
243,9,0.039311,0.26604,0.027643,0.048164,0
244,0,0.274941,0.071929,0.036792,0.01254,0
244,1,0.265319,0.059006,0.032975,0.022301,0
244,2,0.291145,0.045198,0.032959,0.021306,0
244,3,0.270137,0.065461,0.036758,0.022757,0
244,4,0.281831,0.064656,0.032794,0.028754,0
244,5,0.295955,0.071848,0.032163,0.023089,0
244,6,0.301731,0.035876,0.031055,0.023503,0
244,7,0.316772,0.017159,0.032458,0.029541,0
244,8,0.273668,0.050181,0.030828,0.022,0
244,9,0.277824,0.061183,0.033053,0.018815,0
245,0,0.025535,0.131849,0.014463,0.1,0
245,1,0.011231,0.135426,0.014789,0.097527,0
245,2,0.053271,0.113315,0.017143,0.099428,0
245,3,0.042788,0.132635,0.017725,0.093779,0
245,4,0.053036,0.14488,0.014681,0.09748,0
245,5,0.059023,0.13992,0.014667,0.090194,0
245,6,0.048946,0.119287,0.016401,0.086168,0
245,7,0.062091,0.14387,0.013266,0.093644,0
245,8,0.058006,0.148252,0.0155,0.088656,0
245,9,0.053033,0.133235,0.015411,0.089452,0
246,0,0.072802,0.055742,0.066245,0.057928,0
246,1,0.06647,0.077201,0.062336,0.059334,0
246,2,0.078448,0.078255,0.064333,0.05159,0
246,3,0.031118,0.107631,0.065565,0.053274,0
246,4,0.061561,0.06855,0.062318,0.049851,0
246,5,0.040104,0.051012,0.058667,0.055977,0
246,6,0.037248,0.090877,0.06382,0.051657,0
246,7,0.048966,0.083711,0.059911,0.052828,0
246,8,0.081622,0.10262,0.055346,0.045529,0
246,9,0.055485,0.091689,0.056433,0.043414,0
247,0,0.807609,0.758024,0.364499,0.428663,2
247,1,0.820351,0.756682,0.375595,0.435308,2
247,2,0.820099,0.75286,0.381089,0.461163,2
247,3,0.814743,0.758565,0.357892,0.445235,2
247,4,0.820201,0.753826,0.367256,0.462587,2
247,5,0.821623,0.752999,0.354952,0.441117,2
247,6,0.820177,0.761454,0.350656,0.455218,2
247,7,0.828636,0.734314,0.3734,0.456872,2
247,8,0.825952,0.740713,0.363024,0.463574,2
247,9,0.820833,0.754011,0.38151,0.427496,2
248,0,0.016273,0.207271,0.066218,0.047892,0
248,1,0.0,0.199594,0.066667,0.037662,0
248,2,0.028639,0.211294,0.066667,0.047742,0
248,3,0.028756,0.186846,0.065409,0.050553,0
248,4,0.014039,0.211511,0.060573,0.035929,0
248,5,0.052622,0.196008,0.063782,0.036162,0
248,6,0.001823,0.206845,0.062915,0.03115,0
248,7,0.029946,0.205377,0.061238,0.035812,0
248,8,0.02961,0.185204,0.061503,0.039749,0
248,9,0.05644,0.204289,0.05848,0.03905,0
249,0,0.389005,0.095349,0.051074,0.006898,0
249,1,0.385312,0.07398,0.04972,0.017247,0
249,2,0.398509,0.072925,0.046725,0.011545,0
249,3,0.378864,0.09394,0.048691,0.015688,0
249,4,0.379634,0.097586,0.045664,0.015,0
249,5,0.376263,0.083348,0.040545,0.010351,0
249,6,0.381437,0.087192,0.05016,0.006298,0
249,7,0.377828,0.093121,0.044956,0.015827,0
249,8,0.4,0.092344,0.044611,0.006243,0
249,9,0.4,0.114092,0.045648,0.004282,0
250,0,0.280164,0.331259,0.044219,0.021477,0
250,1,0.263583,0.296157,0.047345,0.014338,0
250,2,0.285783,0.330062,0.041475,0.017518,0
250,3,0.269355,0.307206,0.050422,0.013495,0
250,4,0.255854,0.325828,0.047257,0.008203,0
250,5,0.266168,0.351611,0.043671,0.010144,0
250,6,0.262641,0.344456,0.047908,0.01493,0
250,7,0.276574,0.339324,0.049977,0.01352,0
250,8,0.278592,0.322579,0.048784,0.011331,0
250,9,0.245381,0.299129,0.0514,0.00812,0
251,0,0.112484,0.192258,0.035561,0.037261,0
251,1,0.112009,0.194347,0.039033,0.040491,0
251,2,0.11411,0.197935,0.043157,0.043251,0
251,3,0.128568,0.176806,0.040331,0.040821,0
251,4,0.116381,0.194141,0.045739,0.046419,0
251,5,0.102288,0.206613,0.043374,0.04078,0
251,6,0.136499,0.199715,0.039386,0.048058,0
251,7,0.123429,0.192858,0.041866,0.043566,0
251,8,0.114806,0.194192,0.041798,0.048508,0
251,9,0.092215,0.178676,0.036843,0.05032,0
252,0,0.255626,0.109984,0.065007,0.021533,0
252,1,0.23894,0.101027,0.064491,0.030423,0
252,2,0.232709,0.110366,0.057051,0.027398,0
252,3,0.25995,0.137473,0.060657,0.02381,0
252,4,0.238334,0.138263,0.063844,0.021567,0
252,5,0.259342,0.130946,0.059607,0.024933,0
252,6,0.253833,0.135576,0.055887,0.026493,0
252,7,0.248495,0.134631,0.052976,0.023704,0
252,8,0.228371,0.139733,0.055846,0.029488,0
252,9,0.193963,0.138899,0.057683,0.034241,0
253,0,0.536375,0.450972,0.115456,0.178189,1
253,1,0.521829,0.455357,0.129994,0.168272,1
253,2,0.526596,0.443429,0.111836,0.160533,1
253,3,0.526727,0.446376,0.108192,0.159276,1
253,4,0.540049,0.441635,0.108877,0.148741,1
253,5,0.551723,0.441577,0.11505,0.168119,1
253,6,0.547471,0.441389,0.116477,0.173912,1
253,7,0.556687,0.451201,0.112394,0.16963,1
253,8,0.536112,0.436227,0.119383,0.174629,1
253,9,0.542046,0.443976,0.118596,0.166798,1
254,0,0.697284,0.681827,0.549554,0.323327,2
254,1,0.692949,0.692648,0.588914,0.318875,2
254,2,0.702909,0.68398,0.579211,0.305203,2
254,3,0.69302,0.67676,0.573997,0.313483,2
254,4,0.698618,0.684817,0.574463,0.30664,2
254,5,0.679991,0.687107,0.587369,0.312022,2
254,6,0.676771,0.672714,0.601787,0.334458,2
254,7,0.67976,0.679387,0.545535,0.333398,2
254,8,0.692695,0.674142,0.564964,0.34208,2
254,9,0.678986,0.680661,0.559133,0.330507,2
255,0,0.282604,0.212207,0.014958,0.058141,0
255,1,0.293156,0.218451,0.02604,0.054348,0
255,2,0.299248,0.243606,0.029315,0.059012,0
255,3,0.258813,0.250605,0.027185,0.051517,0
255,4,0.28153,0.253726,0.02294,0.050749,0
255,5,0.253899,0.222997,0.028299,0.057836,0
255,6,0.243472,0.221705,0.025732,0.058108,0
255,7,0.240993,0.235608,0.023952,0.050859,0
255,8,0.261319,0.239674,0.026521,0.059212,0
255,9,0.245541,0.242567,0.025019,0.062889,0
256,0,0.247559,0.011019,0.051188,0.049974,0
256,1,0.214588,0.053543,0.052618,0.052089,0
256,2,0.20729,0.0,0.050892,0.045446,0
256,3,0.204,0.008305,0.053048,0.041452,0
256,4,0.188521,0.037613,0.054211,0.047608,0
256,5,0.173852,0.026997,0.049269,0.040164,0
256,6,0.230605,0.036237,0.051744,0.039702,0
256,7,0.228869,0.019851,0.051043,0.040415,0
256,8,0.18658,0.073404,0.04914,0.043291,0
256,9,0.202037,0.042306,0.047928,0.042151,0
257,0,0.237174,0.301608,0.051737,0.090308,0
257,1,0.243183,0.304474,0.048297,0.085176,0
257,2,0.238954,0.295277,0.051108,0.093094,0
257,3,0.228176,0.329467,0.045923,0.096023,0
257,4,0.24108,0.274501,0.052971,0.096333,0
257,5,0.230047,0.283735,0.044229,0.1,0
257,6,0.218549,0.28103,0.046896,0.088424,0
257,7,0.211374,0.312928,0.047015,0.095382,0
257,8,0.226401,0.304477,0.046348,0.096206,0
257,9,0.216768,0.304195,0.046018,0.1,0
258,0,0.051835,0.0,0.015563,0.036381,0
258,1,0.03308,0.0,0.012197,0.033516,0
258,2,0.058408,0.0,0.015974,0.030483,0
258,3,0.037043,0.0,0.01381,0.030814,0
258,4,0.028819,0.004365,0.008901,0.038478,0
258,5,0.015412,0.0,0.010632,0.031848,0
258,6,0.041836,0.0,0.013188,0.043817,0
258,7,0.032342,0.0,0.011996,0.033892,0
258,8,0.028206,0.0,0.015918,0.040239,0
258,9,0.030417,0.0,0.012656,0.038148,0
259,0,0.370022,0.122904,0.04902,0.094314,0
259,1,0.366004,0.099561,0.050883,0.092995,0
259,2,0.347425,0.08631,0.047546,0.1,0
259,3,0.360689,0.111357,0.049759,0.096897,0
259,4,0.368714,0.106779,0.046563,0.096891,0
259,5,0.367831,0.112959,0.052002,0.098388,0
259,6,0.353952,0.108822,0.047116,0.095279,0
259,7,0.347737,0.078,0.049003,0.1,0
259,8,0.345322,0.103614,0.048008,0.095746,0
259,9,0.39302,0.091702,0.048054,0.098326,0
260,0,0.698303,0.722087,0.323497,0.338073,2
260,1,0.707,0.73135,0.34592,0.336749,2
260,2,0.687838,0.717366,0.316174,0.344802,2
260,3,0.696096,0.735935,0.360277,0.358148,2
260,4,0.686709,0.722581,0.310227,0.360958,2
260,5,0.707092,0.723753,0.326101,0.352248,2
260,6,0.70483,0.73498,0.323781,0.349927,2
260,7,0.702282,0.726936,0.324395,0.345282,2
260,8,0.705953,0.738667,0.314424,0.365234,2
260,9,0.704071,0.728803,0.34555,0.370035,2
261,0,0.224342,0.342736,0.066667,0.041988,0
261,1,0.26615,0.331764,0.065131,0.043539,0
261,2,0.273815,0.366542,0.065042,0.049403,0
261,3,0.260132,0.341663,0.066667,0.049182,0
261,4,0.23553,0.355902,0.066667,0.045456,0
261,5,0.283981,0.359735,0.066667,0.045593,0
261,6,0.254202,0.328612,0.066667,0.050349,0
261,7,0.276346,0.333982,0.066667,0.054853,0
261,8,0.292938,0.347772,0.066667,0.047205,0
261,9,0.242458,0.358774,0.063153,0.049569,0
262,0,0.254302,0.013551,0.034479,0.007023,0
262,1,0.275328,0.045333,0.033052,0.016144,0
262,2,0.260118,0.005985,0.032733,0.013268,0
262,3,0.262021,0.025149,0.032307,0.009184,0
262,4,0.278668,0.009274,0.032948,0.013147,0
262,5,0.251619,0.041756,0.034733,0.011723,0
262,6,0.265696,0.03378,0.033171,0.01879,0
262,7,0.260878,0.05476,0.027297,0.008327,0
262,8,0.281739,0.040328,0.028503,0.012572,0
262,9,0.281357,0.037154,0.031136,0.00535,0
263,0,0.12284,0.05123,0.012383,0.071358,0
263,1,0.116599,0.023664,0.014163,0.063489,0
263,2,0.150025,0.030316,0.014612,0.070287,0
263,3,0.162784,0.051011,0.017043,0.07104,0
263,4,0.172113,0.024486,0.015318,0.070879,0
263,5,0.145974,0.032881,0.00969,0.074432,0
263,6,0.168872,0.029335,0.009606,0.076203,0
263,7,0.170661,0.0,0.010366,0.079113,0
263,8,0.151279,0.033565,0.018058,0.075321,0
263,9,0.15274,0.058803,0.012255,0.070969,0
264,0,0.925392,0.91141,0.738461,0.612561,3
264,1,0.928924,0.904296,0.728329,0.632244,3
264,2,0.928728,0.903322,0.70627,0.622002,3
264,3,0.935569,0.902532,0.70928,0.643343,3
264,4,0.92761,0.900849,0.710024,0.625877,3
264,5,0.933748,0.903351,0.707867,0.626407,3
264,6,0.937868,0.907599,0.699446,0.661835,3
264,7,0.925181,0.890887,0.709718,0.669698,3
264,8,0.92694,0.893134,0.726369,0.673452,3
264,9,0.939019,0.88826,0.709855,0.666808,3
265,0,0.804317,0.677868,0.398515,0.549336,2
265,1,0.810979,0.68393,0.386415,0.555817,2
265,2,0.832532,0.686079,0.418899,0.548957,2
265,3,0.814323,0.697528,0.376738,0.553531,2
265,4,0.828133,0.695179,0.392668,0.549165,2
265,5,0.838793,0.691527,0.408326,0.547732,2
265,6,0.824147,0.683283,0.380872,0.523958,2
265,7,0.810667,0.688622,0.407155,0.551486,2
265,8,0.813391,0.685859,0.39731,0.525022,2
265,9,0.832427,0.688938,0.36977,0.536051,2
266,0,0.200755,0.092042,0.019969,0.06971,0
266,1,0.185989,0.114964,0.022501,0.073661,0
266,2,0.214518,0.088382,0.014262,0.07436,0
266,3,0.170957,0.096269,0.013959,0.068989,0
266,4,0.161662,0.096342,0.017667,0.071935,0
266,5,0.201154,0.113315,0.012374,0.074718,0
266,6,0.186262,0.105853,0.014819,0.072832,0
266,7,0.168461,0.109137,0.01623,0.06826,0
266,8,0.166935,0.10705,0.009901,0.066054,0
266,9,0.182218,0.132527,0.013297,0.072361,0
267,0,0.073984,0.077209,0.016925,0.070487,0
267,1,0.100518,0.083268,0.015123,0.066524,0
267,2,0.054943,0.088563,0.015391,0.0719,0
267,3,0.057903,0.0939,0.020103,0.069992,0
267,4,0.078193,0.087598,0.019402,0.068542,0
267,5,0.088195,0.067511,0.013952,0.070838,0
267,6,0.097104,0.110123,0.01457,0.071083,0
267,7,0.111624,0.077654,0.012601,0.067061,0
267,8,0.091313,0.101502,0.019689,0.066526,0
267,9,0.091163,0.097216,0.017605,0.066698,0
268,0,0.304697,0.07043,0.050587,0.012458,0
268,1,0.323579,0.060743,0.049045,0.009554,0
268,2,0.328398,0.059545,0.047555,0.000982,0
268,3,0.325205,0.046316,0.045596,0.001855,0
268,4,0.322908,0.056659,0.049121,0.002367,0
268,5,0.332878,0.050403,0.038789,0.0,0
268,6,0.329137,0.043553,0.049715,0.005806,0
268,7,0.322805,0.035502,0.048372,0.002215,0
268,8,0.341413,0.006186,0.047572,0.0,0
268,9,0.299792,0.03374,0.04563,0.0,0
269,0,0.747789,0.662213,0.398301,0.383689,2
269,1,0.735194,0.663347,0.431819,0.413428,2
269,2,0.73357,0.677846,0.405278,0.396914,2
269,3,0.724175,0.654298,0.396099,0.399122,2
269,4,0.729323,0.65,0.380456,0.365998,2
269,5,0.729922,0.656697,0.409245,0.390944,2
269,6,0.725639,0.657014,0.429003,0.394476,2
269,7,0.724095,0.658129,0.393725,0.399339,2
269,8,0.719478,0.660237,0.3968,0.382939,2
269,9,0.730092,0.661076,0.403087,0.389496,2
270,0,0.214641,0.175995,0.041714,0.004756,0
270,1,0.235089,0.171636,0.040404,0.009314,0
270,2,0.249558,0.16075,0.04011,0.013174,0
270,3,0.254382,0.174838,0.039885,0.009447,0
270,4,0.234611,0.191281,0.042339,0.007059,0
270,5,0.233327,0.182546,0.040081,0.012232,0
270,6,0.24239,0.178186,0.045628,0.009292,0
270,7,0.260324,0.208747,0.040673,0.005912,0
270,8,0.232197,0.189397,0.042587,0.009886,0
270,9,0.221507,0.198513,0.040817,0.011466,0
271,0,0.410366,0.486181,0.250528,0.1,1
271,1,0.423399,0.505696,0.246465,0.1,1
271,2,0.426941,0.505255,0.260079,0.101521,1
271,3,0.426473,0.511706,0.257025,0.102541,1
271,4,0.430027,0.504167,0.251711,0.110527,1
271,5,0.418609,0.520905,0.247985,0.136666,1
271,6,0.423796,0.504062,0.264484,0.108125,1
271,7,0.421474,0.516578,0.257688,0.120016,1
271,8,0.424903,0.512591,0.266667,0.116708,1
271,9,0.44157,0.532911,0.254449,0.109997,1
272,0,0.920782,0.903423,0.898108,0.837639,3
272,1,0.918776,0.888458,0.895135,0.822979,3
272,2,0.926647,0.902616,0.90908,0.832898,3
272,3,0.923514,0.890347,0.883101,0.829358,3
272,4,0.920507,0.894186,0.889229,0.841223,3
272,5,0.921337,0.903898,0.902091,0.827876,3
272,6,0.927756,0.887163,0.895627,0.8235,3
272,7,0.919346,0.901708,0.908523,0.807245,3
272,8,0.923865,0.897124,0.917483,0.824867,3
272,9,0.93318,0.900289,0.910856,0.824031,3
273,0,0.254823,0.369301,0.035202,0.092711,0
273,1,0.261344,0.395736,0.034706,0.080139,0
273,2,0.268023,0.385604,0.037922,0.091849,0
273,3,0.278918,0.396586,0.033411,0.088421,0
273,4,0.278339,0.397437,0.037936,0.087538,0
273,5,0.262762,0.376986,0.035017,0.087546,0
273,6,0.261279,0.380473,0.033429,0.083245,0
273,7,0.249651,0.4,0.032566,0.083843,0
273,8,0.258647,0.358793,0.029052,0.083622,0
273,9,0.237143,0.398353,0.030601,0.081978,0
274,0,0.225572,0.275779,0.004436,0.052251,0
274,1,0.176599,0.297137,0.002918,0.050972,0
274,2,0.200132,0.294914,0.001251,0.049342,0
274,3,0.179672,0.278769,0.005447,0.043895,0
274,4,0.220402,0.333345,0.000663,0.03893,0
274,5,0.197373,0.313154,0.004594,0.047714,0
274,6,0.207461,0.307003,1e-05,0.028017,0
274,7,0.205631,0.278764,0.001955,0.030002,0
274,8,0.19262,0.295844,0.002063,0.036804,0
274,9,0.226141,0.310335,0.0,0.042232,0
275,0,0.156326,0.107163,0.031572,0.062691,0
275,1,0.139162,0.118458,0.028188,0.064679,0
275,2,0.143418,0.119527,0.029382,0.067131,0
275,3,0.133709,0.105679,0.029148,0.06181,0
275,4,0.167872,0.100937,0.030553,0.071232,0
275,5,0.146936,0.113379,0.02996,0.067877,0
275,6,0.166238,0.127685,0.033159,0.065726,0
275,7,0.14717,0.110572,0.035578,0.068396,0
275,8,0.136602,0.133284,0.031726,0.061649,0
275,9,0.14674,0.123979,0.031748,0.0625,0
276,0,0.76398,0.812913,0.381126,0.582142,2
276,1,0.745982,0.806299,0.364352,0.589846,2
276,2,0.770459,0.812518,0.36281,0.579553,2
276,3,0.761621,0.805215,0.358468,0.555262,2
276,4,0.746155,0.808562,0.338956,0.590252,2
276,5,0.751532,0.797456,0.372222,0.581026,2
276,6,0.751507,0.796104,0.378604,0.562314,2
276,7,0.741774,0.803189,0.351405,0.6,2
276,8,0.741572,0.808262,0.393271,0.585153,2
276,9,0.738815,0.807246,0.391793,0.563208,2
277,0,0.46896,0.461313,0.184106,0.172309,1
277,1,0.483933,0.439448,0.192141,0.165604,1
277,2,0.472474,0.448444,0.183407,0.171609,1
277,3,0.468846,0.46945,0.180238,0.155619,1
277,4,0.47172,0.464771,0.192203,0.150613,1
277,5,0.461177,0.470693,0.194873,0.145439,1
277,6,0.468274,0.453973,0.186826,0.146077,1
277,7,0.453676,0.461724,0.174329,0.155497,1
277,8,0.45387,0.462563,0.186527,0.155682,1
277,9,0.463566,0.455937,0.190178,0.143306,1
278,0,0.321089,0.158706,0.064959,0.028839,0
278,1,0.348716,0.117605,0.066667,0.026406,0
278,2,0.320587,0.147996,0.06662,0.02231,0
278,3,0.311645,0.141655,0.062475,0.02993,0
278,4,0.330345,0.181108,0.06574,0.02745,0
278,5,0.316166,0.138428,0.065532,0.021396,0
278,6,0.32861,0.140976,0.065089,0.018905,0
278,7,0.338786,0.143459,0.061792,0.021466,0
278,8,0.342776,0.106687,0.06336,0.02871,0
278,9,0.292164,0.145049,0.064948,0.019146,0
279,0,0.237672,0.319333,0.007345,0.025002,0
279,1,0.262448,0.312214,0.001871,0.021101,0
279,2,0.266845,0.3209,0.001462,0.018021,0
279,3,0.242941,0.307447,0.004078,0.013284,0
279,4,0.274722,0.292775,0.002408,0.015021,0
279,5,0.295099,0.312193,0.0,0.019085,0
279,6,0.274988,0.294302,0.000814,0.016552,0
279,7,0.297349,0.288051,0.0,0.016938,0
279,8,0.276251,0.308207,0.0,0.024344,0
279,9,0.312747,0.282026,0.0,0.015814,0
280,0,0.199093,0.112106,0.039016,0.041661,0
280,1,0.202476,0.070909,0.040731,0.038541,0
280,2,0.187361,0.095316,0.04642,0.041107,0
280,3,0.21021,0.087171,0.042295,0.045249,0
280,4,0.21957,0.052097,0.043849,0.045118,0
280,5,0.215846,0.051893,0.040496,0.043349,0
280,6,0.228939,0.09323,0.042382,0.041832,0
280,7,0.24537,0.099457,0.039152,0.045272,0
280,8,0.22118,0.076305,0.039017,0.041498,0
280,9,0.245253,0.102955,0.03837,0.038625,0
281,0,0.923772,0.945028,0.946895,0.839145,3
281,1,0.926635,0.934663,0.9463,0.878619,3
281,2,0.926153,0.946596,0.972834,0.859928,3
281,3,0.921529,0.938723,0.95794,0.861498,3
281,4,0.919741,0.944942,0.952009,0.905856,3
281,5,0.931247,0.943019,0.95997,0.890996,3
281,6,0.925228,0.935633,0.944309,0.862364,3
281,7,0.932589,0.936195,0.95361,0.896052,3
281,8,0.933746,0.943782,0.935057,0.872327,3
281,9,0.927196,0.948464,0.937375,0.909202,3
282,0,0.5637,0.548155,0.23126,0.113863,1
282,1,0.562139,0.547344,0.22084,0.118701,1
282,2,0.568359,0.546332,0.235181,0.107148,1
282,3,0.558887,0.556511,0.23379,0.118938,1
282,4,0.576489,0.54567,0.229697,0.136602,1
282,5,0.556875,0.558012,0.224126,0.119348,1
282,6,0.577799,0.553201,0.212531,0.122764,1
282,7,0.569067,0.567698,0.213944,0.140973,1
282,8,0.56921,0.570667,0.218481,0.115469,1
282,9,0.583661,0.568092,0.214596,0.13076,1
283,0,0.92704,0.903915,0.996111,0.712375,3
283,1,0.906608,0.900643,0.992249,0.694139,3
283,2,0.911963,0.891677,1.0,0.686075,3
283,3,0.923683,0.898867,0.998078,0.682212,3
283,4,0.9061,0.898376,1.0,0.695789,3
283,5,0.904834,0.901779,1.0,0.694123,3
283,6,0.90659,0.889159,1.0,0.738737,3
283,7,0.915724,0.903024,0.996902,0.705117,3
283,8,0.907979,0.90356,1.0,0.726426,3
283,9,0.919186,0.89315,1.0,0.750032,3
284,0,0.659948,0.799288,0.515106,0.431039,2
284,1,0.661575,0.796019,0.493347,0.40651,2
284,2,0.669825,0.809696,0.525126,0.428887,2
284,3,0.669641,0.800423,0.523313,0.404483,2
284,4,0.650425,0.793855,0.510676,0.41876,2
284,5,0.656411,0.789454,0.522285,0.406848,2
284,6,0.665104,0.792556,0.489758,0.422715,2
284,7,0.658267,0.790773,0.51349,0.410339,2
284,8,0.674204,0.81836,0.499288,0.428147,2
284,9,0.660936,0.787497,0.541296,0.430583,2
285,0,0.121292,0.344876,0.064233,0.048068,0
285,1,0.094696,0.336141,0.059431,0.050885,0
285,2,0.139134,0.371063,0.059552,0.051693,0
285,3,0.118571,0.375599,0.066258,0.057374,0
285,4,0.142585,0.345337,0.062144,0.051834,0
285,5,0.12188,0.344676,0.066667,0.054067,0
285,6,0.126746,0.312843,0.064791,0.061708,0
285,7,0.157634,0.344044,0.06456,0.056709,0
285,8,0.153149,0.296537,0.064453,0.061067,0
285,9,0.11533,0.299945,0.066667,0.055232,0
286,0,0.335229,0.194215,0.022469,0.071499,0
286,1,0.335768,0.185978,0.02513,0.063278,0
286,2,0.31065,0.169592,0.024566,0.067083,0
286,3,0.323744,0.180686,0.029217,0.06029,0
286,4,0.304841,0.173773,0.025777,0.061228,0
286,5,0.346422,0.166176,0.03274,0.064392,0
286,6,0.340549,0.194809,0.030372,0.069295,0
286,7,0.313991,0.169779,0.024692,0.05529,0
286,8,0.330362,0.191295,0.027009,0.067205,0
286,9,0.367381,0.206743,0.033504,0.069393,0
287,0,0.39445,0.37285,0.015754,0.049047,0
287,1,0.370181,0.371073,0.016811,0.048642,0
287,2,0.397375,0.350824,0.02186,0.04449,0
287,3,0.378304,0.391143,0.012743,0.047868,0
287,4,0.389129,0.364633,0.015853,0.050081,0
287,5,0.35497,0.378728,0.021626,0.043529,0
287,6,0.390579,0.366295,0.021275,0.037695,0
287,7,0.377153,0.357411,0.017219,0.041932,0
287,8,0.352924,0.358392,0.020928,0.036479,0
287,9,0.371531,0.351057,0.021659,0.039065,0
288,0,0.296266,0.031868,0.044362,0.077964,0
288,1,0.266153,0.013762,0.04042,0.077938,0
288,2,0.292826,0.023968,0.043859,0.071557,0
288,3,0.31936,0.004141,0.046627,0.083362,0
288,4,0.325767,0.0,0.042997,0.081535,0
288,5,0.320063,0.0,0.041905,0.082121,0
288,6,0.329177,0.0,0.040185,0.084391,0
288,7,0.329871,0.0,0.038749,0.078315,0
288,8,0.318623,0.0,0.044619,0.077464,0
288,9,0.336053,0.0,0.03962,0.07308,0
289,0,0.148885,0.001512,0.066334,0.011839,0
289,1,0.154653,0.0,0.066667,0.023307,0
289,2,0.163403,0.007825,0.064306,0.017374,0
289,3,0.156515,0.017666,0.066667,0.015285,0
289,4,0.157716,0.01613,0.064926,0.01358,0
289,5,0.158273,0.0,0.066667,0.014615,0
289,6,0.167563,0.022,0.06595,0.008689,0
289,7,0.144599,0.019744,0.066667,0.010258,0
289,8,0.16067,0.0,0.066667,0.018303,0
289,9,0.159556,0.007027,0.066471,0.005943,0
290,0,0.149291,0.047078,0.049316,0.073819,0
290,1,0.180199,0.073908,0.05135,0.078833,0
290,2,0.165549,0.110125,0.051329,0.079676,0
290,3,0.17501,0.09418,0.049116,0.076531,0
290,4,0.174723,0.082021,0.05279,0.080161,0
290,5,0.180737,0.114244,0.056609,0.069217,0
290,6,0.168047,0.057286,0.05385,0.075733,0
290,7,0.194052,0.097809,0.053597,0.075551,0
290,8,0.198926,0.079115,0.052572,0.080498,0
290,9,0.209009,0.108362,0.05279,0.073462,0
291,0,0.616473,0.600275,0.092817,0.170343,1
291,1,0.627314,0.614194,0.081417,0.166919,1
291,2,0.615841,0.61615,0.08252,0.172781,1
291,3,0.618544,0.630943,0.091959,0.152686,1
291,4,0.620889,0.613852,0.098223,0.154246,1
291,5,0.62939,0.62042,0.081965,0.162162,1
291,6,0.630704,0.60608,0.089383,0.153461,1
291,7,0.632514,0.630974,0.08752,0.163877,1
291,8,0.619963,0.629494,0.082571,0.150747,1
291,9,0.609564,0.629428,0.079425,0.151749,1
292,0,0.356896,0.330736,0.028037,0.026783,0
292,1,0.325575,0.347175,0.026114,0.023603,0
292,2,0.335345,0.326714,0.028216,0.031168,0
292,3,0.342697,0.374523,0.026496,0.026076,0
292,4,0.331603,0.350201,0.027392,0.022571,0
292,5,0.330674,0.356623,0.015512,0.028419,0
292,6,0.355233,0.382802,0.025412,0.024936,0
292,7,0.372394,0.369229,0.022598,0.023584,0
292,8,0.352997,0.377699,0.021874,0.019904,0
292,9,0.359063,0.354765,0.024546,0.018529,0
293,0,0.0,0.131785,0.063417,0.071524,0
293,1,0.0,0.097738,0.057242,0.072815,0
293,2,0.019924,0.111362,0.061611,0.071926,0
293,3,0.0,0.118383,0.061664,0.068999,0
293,4,0.0,0.102362,0.057597,0.072998,0
293,5,0.0,0.11178,0.055961,0.073822,0
293,6,0.0,0.093549,0.058942,0.07457,0
293,7,0.0,0.091246,0.063271,0.072715,0
293,8,0.0,0.068545,0.059006,0.070048,0
293,9,0.0,0.098063,0.056203,0.069337,0
294,0,0.731063,0.674566,0.276851,0.446652,2
294,1,0.721495,0.684698,0.266667,0.438565,2
294,2,0.726955,0.684989,0.266667,0.45805,2
294,3,0.733104,0.671611,0.268394,0.474997,2
294,4,0.735631,0.675367,0.266667,0.470584,2
294,5,0.730839,0.678269,0.266667,0.468636,2
294,6,0.727773,0.674644,0.279317,0.461327,2
294,7,0.736131,0.668661,0.266667,0.470071,2
294,8,0.739297,0.664595,0.266667,0.46498,2
294,9,0.720628,0.670759,0.266667,0.463105,2
295,0,0.173641,0.246359,0.011176,0.051214,0
295,1,0.177151,0.226654,0.017179,0.058192,0
295,2,0.157842,0.248728,0.018765,0.055085,0
295,3,0.168014,0.274642,0.015685,0.059822,0
295,4,0.157367,0.255465,0.018781,0.049734,0
295,5,0.167284,0.274169,0.017061,0.058035,0
295,6,0.157091,0.284574,0.015448,0.062391,0
295,7,0.176925,0.259128,0.020442,0.056988,0
295,8,0.188772,0.277576,0.019052,0.058129,0
295,9,0.204203,0.254191,0.017129,0.05646,0
296,0,0.228628,0.333443,0.061544,0.08491,0
296,1,0.223013,0.320167,0.06488,0.087993,0
296,2,0.239939,0.329146,0.066667,0.08329,0
296,3,0.251415,0.324879,0.066667,0.087306,0
296,4,0.25573,0.296069,0.066667,0.083761,0
296,5,0.256727,0.298751,0.066667,0.088672,0
296,6,0.248579,0.299721,0.066667,0.09056,0
296,7,0.233852,0.302204,0.066399,0.089277,0
296,8,0.242395,0.290239,0.066667,0.085538,0
296,9,0.265244,0.288862,0.063715,0.088959,0
297,0,0.291987,0.047689,0.045539,0.024905,0
297,1,0.274063,0.083054,0.039999,0.027892,0
297,2,0.266846,0.098185,0.045763,0.023969,0
297,3,0.264684,0.096428,0.047908,0.023642,0
297,4,0.263225,0.06458,0.043504,0.02133,0
297,5,0.258694,0.095017,0.044912,0.03055,0
297,6,0.269705,0.105059,0.044521,0.035785,0
297,7,0.260075,0.074281,0.043391,0.029774,0
297,8,0.266828,0.091179,0.040811,0.034268,0
297,9,0.291904,0.060542,0.045955,0.030206,0
298,0,0.324985,0.258781,0.066667,0.000422,0
298,1,0.312717,0.238684,0.066667,0.002063,0
298,2,0.325278,0.224999,0.066667,0.000791,0
298,3,0.313811,0.271626,0.062726,0.002277,0
298,4,0.298922,0.242107,0.066667,0.005123,0
298,5,0.321078,0.250449,0.065578,0.006593,0
298,6,0.341033,0.19291,0.063854,0.0,0
298,7,0.315305,0.249312,0.064094,0.009687,0
298,8,0.300909,0.218015,0.066667,9.9e-05,0
298,9,0.324416,0.233659,0.065449,0.0,0
299,0,0.094603,0.228649,0.000262,0.046872,0
299,1,0.122003,0.279747,0.0,0.040777,0
299,2,0.080914,0.242957,0.001559,0.04774,0
299,3,0.085888,0.287967,0.00169,0.055392,0
299,4,0.092384,0.269758,0.0,0.04631,0
299,5,0.119672,0.250774,0.0,0.050668,0
299,6,0.095123,0.279791,0.001257,0.047898,0
299,7,0.146221,0.266619,0.0,0.048632,0
299,8,0.14238,0.240267,0.0,0.046043,0
299,9,0.131839,0.265499,0.0,0.048941,0
300,0,0.390981,0.271968,0.032025,0.029698,0
300,1,0.365061,0.276085,0.027369,0.020962,0
300,2,0.375113,0.308006,0.028668,0.031248,0
300,3,0.354317,0.28758,0.029361,0.027994,0
300,4,0.3348,0.275069,0.030281,0.032254,0
300,5,0.373717,0.260328,0.025845,0.027944,0
300,6,0.348258,0.296354,0.025721,0.029254,0
300,7,0.35992,0.294337,0.028284,0.023525,0
300,8,0.362281,0.294494,0.03269,0.02982,0
300,9,0.369721,0.297674,0.032416,0.031102,0
301,0,0.611358,0.429404,0.263203,0.285161,1
301,1,0.598022,0.438044,0.266667,0.274179,1
301,2,0.608974,0.42195,0.266667,0.267306,1
301,3,0.620205,0.425506,0.266667,0.263795,1
301,4,0.613279,0.409538,0.259361,0.270908,1
301,5,0.632036,0.413038,0.266667,0.280119,1
301,6,0.620536,0.401428,0.266667,0.268662,1
301,7,0.628278,0.413581,0.257863,0.264192,1
301,8,0.615776,0.431526,0.262797,0.266504,1
301,9,0.632068,0.421006,0.266667,0.256849,1
302,0,0.416228,0.474369,0.097793,0.283217,1
302,1,0.411566,0.494944,0.101263,0.286006,1
302,2,0.412604,0.477561,0.10177,0.297074,1
302,3,0.410914,0.478804,0.099186,0.297884,1
302,4,0.405149,0.48375,0.112053,0.288285,1
302,5,0.430175,0.460176,0.100987,0.295236,1
302,6,0.444578,0.4769,0.107124,0.3,1
302,7,0.422326,0.450913,0.114016,0.293811,1
302,8,0.420341,0.482423,0.109379,0.290201,1
302,9,0.425514,0.503285,0.092119,0.295613,1
303,0,0.957912,0.957954,0.729091,0.631683,3
303,1,0.956827,0.963864,0.742436,0.629468,3
303,2,0.953738,0.964123,0.713267,0.657202,3
303,3,0.953122,0.963162,0.754934,0.631269,3
303,4,0.952064,0.947245,0.746628,0.662039,3
303,5,0.950771,0.954535,0.749806,0.644486,3
303,6,0.956843,0.958558,0.768748,0.652515,3
303,7,0.962999,0.960657,0.732304,0.640954,3
303,8,0.957912,0.957549,0.771654,0.638303,3
303,9,0.968883,0.951788,0.766325,0.659412,3
304,0,0.972406,0.970007,0.682957,0.759193,3
304,1,0.975836,0.989218,0.686045,0.794579,3
304,2,0.973007,0.976461,0.677119,0.789015,3
304,3,0.977056,0.982842,0.67936,0.79269,3
304,4,0.982494,0.968242,0.672281,0.805061,3
304,5,0.975731,0.966813,0.66914,0.772451,3
304,6,1.0,0.975317,0.676401,0.803801,3
304,7,0.986685,0.977016,0.702345,0.755739,3
304,8,0.983758,0.97915,0.671033,0.773813,3
304,9,0.993403,0.973771,0.68862,0.785156,3
305,0,0.664569,0.719398,0.640232,0.357176,2
305,1,0.66314,0.71994,0.656861,0.362135,2
305,2,0.662032,0.726958,0.625428,0.346481,2
305,3,0.657569,0.744087,0.626221,0.345436,2
305,4,0.65,0.739288,0.63848,0.347967,2
305,5,0.663558,0.745629,0.642039,0.33765,2
305,6,0.654744,0.746924,0.635292,0.36819,2
305,7,0.657878,0.753022,0.628936,0.347971,2
305,8,0.663832,0.759902,0.594563,0.371791,2
305,9,0.65,0.754734,0.604975,0.354378,2
306,0,0.54567,0.520896,0.088264,0.141343,1
306,1,0.543514,0.51467,0.097256,0.139605,1
306,2,0.537074,0.510848,0.094497,0.131823,1
306,3,0.555457,0.53373,0.07754,0.142391,1
306,4,0.533484,0.519664,0.07892,0.136104,1
306,5,0.548276,0.528847,0.084659,0.141271,1
306,6,0.531462,0.523597,0.090052,0.137707,1
306,7,0.549065,0.521823,0.082412,0.143567,1
306,8,0.546347,0.53295,0.086519,0.138699,1
306,9,0.531997,0.521495,0.102833,0.13578,1
307,0,0.164765,0.29363,0.05231,0.06667,0
307,1,0.156582,0.298395,0.051345,0.058481,0
307,2,0.177022,0.308328,0.049581,0.066279,0
307,3,0.151816,0.295761,0.047429,0.062394,0
307,4,0.198776,0.292174,0.056344,0.058754,0
307,5,0.190052,0.303448,0.048229,0.058283,0
307,6,0.209062,0.296201,0.043584,0.058433,0
307,7,0.214403,0.32773,0.043282,0.062043,0
307,8,0.148137,0.311202,0.044294,0.059854,0
307,9,0.178717,0.330845,0.046782,0.057224,0
308,0,0.706817,0.760836,0.659468,0.4825,2
308,1,0.715294,0.755649,0.647218,0.509921,2
308,2,0.725886,0.758348,0.666667,0.508126,2
308,3,0.715348,0.747698,0.666667,0.488581,2
308,4,0.720022,0.753968,0.655604,0.51026,2
308,5,0.725683,0.769914,0.64997,0.485654,2
308,6,0.716218,0.741664,0.666667,0.475016,2
308,7,0.719336,0.749891,0.635504,0.477403,2
308,8,0.728845,0.747567,0.661602,0.497358,2
308,9,0.72432,0.755887,0.666667,0.484906,2
309,0,0.835466,0.716276,0.519457,0.31581,2
309,1,0.833491,0.715716,0.540471,0.3165,2
309,2,0.826904,0.714953,0.550901,0.3,2
309,3,0.819769,0.717762,0.536032,0.3,2
309,4,0.827985,0.717924,0.553137,0.3,2
309,5,0.833312,0.706946,0.556645,0.3,2
309,6,0.839687,0.715117,0.541686,0.3,2
309,7,0.826358,0.717852,0.547204,0.3,2
309,8,0.833063,0.713492,0.538573,0.3,2
309,9,0.828864,0.71437,0.493041,0.3,2
310,0,0.215353,0.382302,0.058463,0.015777,0
310,1,0.193073,0.4,0.064702,0.013435,0
310,2,0.188266,0.383347,0.060915,0.019774,0
310,3,0.202438,0.4,0.063397,0.019672,0
310,4,0.177768,0.390373,0.064766,0.022915,0
310,5,0.21106,0.4,0.061224,0.022327,0
310,6,0.20492,0.4,0.059627,0.01799,0
310,7,0.18553,0.38547,0.06366,0.01725,0
310,8,0.200544,0.391241,0.05712,0.02396,0
310,9,0.240261,0.370518,0.05732,0.01488,0
311,0,0.26692,0.237345,0.0,0.017275,0
311,1,0.267609,0.220058,0.004865,0.027331,0
311,2,0.260516,0.219399,0.004805,0.02089,0
311,3,0.250777,0.241327,0.006048,0.021537,0
311,4,0.245433,0.254424,0.009349,0.024818,0
311,5,0.243175,0.214225,0.011367,0.023336,0
311,6,0.216535,0.240815,0.004633,0.026223,0
311,7,0.227378,0.242322,0.007072,0.017033,0
311,8,0.187453,0.226882,0.004596,0.014205,0
311,9,0.220489,0.255994,0.005434,0.020479,0
312,0,0.0,0.387633,0.040516,0.00227,0
312,1,0.0011,0.371197,0.033186,0.002274,0
312,2,0.0,0.4,0.034949,0.003532,0
312,3,0.0,0.4,0.040058,0.010684,0
312,4,0.0,0.4,0.040756,0.00166,0
312,5,0.012676,0.4,0.034135,0.005916,0
312,6,0.001229,0.4,0.039544,0.0,0
312,7,0.0,0.398132,0.040855,0.0,0
312,8,0.0,0.381607,0.033878,0.007785,0
312,9,0.000362,0.378681,0.03666,0.012888,0
313,0,0.026108,0.227611,0.036507,0.071888,0
313,1,0.044061,0.222665,0.038284,0.080365,0
313,2,0.053422,0.232966,0.040091,0.076583,0
313,3,0.062736,0.205059,0.041233,0.077202,0
313,4,0.036349,0.225357,0.037351,0.0836,0
313,5,0.045032,0.222236,0.041689,0.079175,0
313,6,0.061468,0.229372,0.040579,0.066152,0
313,7,0.044199,0.239033,0.041225,0.071996,0
313,8,0.075773,0.255151,0.040916,0.072505,0
313,9,0.080862,0.264517,0.030487,0.079179,0
314,0,0.266147,0.128005,0.059384,0.023794,0
314,1,0.246615,0.087351,0.058195,0.031858,0
314,2,0.264026,0.107709,0.059048,0.027757,0
314,3,0.265204,0.100213,0.059033,0.022189,0
314,4,0.268358,0.130031,0.056957,0.028125,0
314,5,0.272716,0.111043,0.058437,0.030502,0
314,6,0.262615,0.098306,0.05251,0.032737,0
314,7,0.266254,0.11894,0.056206,0.027778,0
314,8,0.214258,0.106945,0.049396,0.032213,0
314,9,0.26961,0.107439,0.053174,0.028649,0
315,0,0.244588,0.162663,0.01319,0.046943,0
315,1,0.252131,0.170072,0.019738,0.0388,0
315,2,0.216604,0.193013,0.013367,0.041674,0
315,3,0.237596,0.191335,0.01832,0.04432,0
315,4,0.238251,0.1675,0.015361,0.035874,0
315,5,0.255948,0.153167,0.012317,0.035164,0
315,6,0.221547,0.170918,0.011763,0.045333,0
315,7,0.242442,0.176282,0.01106,0.044314,0
315,8,0.25618,0.164096,0.010645,0.042017,0
315,9,0.257878,0.17159,0.015042,0.036619,0
316,0,0.74969,0.80803,0.429406,0.543096,2
316,1,0.729423,0.806478,0.429396,0.548681,2
316,2,0.741082,0.810627,0.425515,0.545485,2
316,3,0.745614,0.797759,0.430367,0.575654,2
316,4,0.732454,0.81067,0.416286,0.537687,2
316,5,0.722117,0.807392,0.43538,0.54193,2
316,6,0.737957,0.812898,0.381265,0.55196,2
316,7,0.746601,0.797161,0.397512,0.551766,2
316,8,0.729258,0.796261,0.410129,0.555477,2
316,9,0.723334,0.804157,0.415166,0.555042,2
317,0,0.100635,0.228404,0.013638,0.030725,0
317,1,0.073403,0.257092,0.017623,0.037933,0
317,2,0.084009,0.25278,0.017177,0.037272,0
317,3,0.061428,0.246568,0.012067,0.034382,0
317,4,0.068482,0.224408,0.011992,0.031871,0
317,5,0.091674,0.234447,0.013382,0.035743,0
317,6,0.083875,0.281838,0.017556,0.030922,0
317,7,0.078533,0.263209,0.012785,0.033805,0
317,8,0.05512,0.233041,0.019843,0.038269,0
317,9,0.075644,0.251591,0.0214,0.034738,0
318,0,0.681431,0.667826,0.571869,0.457059,2
318,1,0.689575,0.667193,0.52259,0.464818,2
318,2,0.682137,0.674305,0.552615,0.468121,2
318,3,0.677709,0.668051,0.562264,0.429824,2
318,4,0.686177,0.679025,0.560263,0.47069,2
318,5,0.678429,0.663511,0.543089,0.45266,2
318,6,0.693467,0.673813,0.550713,0.473992,2
318,7,0.681626,0.664532,0.576671,0.4678,2
318,8,0.686887,0.685404,0.56062,0.472137,2
318,9,0.684311,0.673465,0.558742,0.473884,2
319,0,0.467033,0.573124,0.218069,0.236841,1
319,1,0.477324,0.580378,0.197805,0.249655,1
319,2,0.480987,0.574055,0.211655,0.236006,1
319,3,0.480695,0.56317,0.196125,0.248969,1
319,4,0.478133,0.55279,0.191098,0.268749,1
319,5,0.468374,0.577924,0.192412,0.255328,1
319,6,0.495057,0.572866,0.186648,0.255131,1
319,7,0.474817,0.581537,0.198361,0.25756,1
319,8,0.48513,0.588843,0.20226,0.252597,1
319,9,0.444422,0.559169,0.186592,0.256051,1
320,0,0.583347,0.631399,0.231971,0.113093,1
320,1,0.603535,0.61003,0.230295,0.102219,1
320,2,0.584221,0.629951,0.227373,0.121389,1
320,3,0.573275,0.621298,0.225937,0.114959,1
320,4,0.585401,0.646034,0.218243,0.128,1
320,5,0.568893,0.633835,0.236346,0.1,1
320,6,0.578597,0.64548,0.242333,0.107086,1
320,7,0.584419,0.637484,0.240743,0.119416,1
320,8,0.583601,0.618552,0.241464,0.100365,1
320,9,0.594025,0.62895,0.237678,0.127256,1
321,0,0.061989,0.0,0.004233,0.057537,0
321,1,0.049785,0.015967,0.00481,0.05902,0
321,2,0.033154,0.005048,0.0,0.064888,0
321,3,0.069805,0.03142,0.002023,0.056316,0
321,4,0.038041,0.007335,0.001517,0.064051,0
321,5,0.068659,0.017834,0.0,0.05221,0
321,6,0.066795,0.024511,0.0,0.054917,0
321,7,0.037325,0.014471,0.003899,0.0633,0
321,8,0.036228,0.003184,0.0,0.058391,0
321,9,0.061015,0.030771,0.0,0.061598,0
322,0,0.612316,0.65,0.181228,0.283866,1
322,1,0.619534,0.625871,0.179363,0.28609,1
322,2,0.612299,0.620054,0.171603,0.28845,1
322,3,0.619907,0.608533,0.174033,0.292469,1
322,4,0.60355,0.635156,0.171906,0.291847,1
322,5,0.618338,0.616409,0.151561,0.293004,1
322,6,0.606973,0.615018,0.17463,0.298302,1
322,7,0.626553,0.628248,0.174236,0.294749,1
322,8,0.589941,0.633005,0.172546,0.3,1
322,9,0.592584,0.624366,0.167599,0.3,1
323,0,0.180406,0.193534,0.059545,0.061934,0
323,1,0.204855,0.192346,0.059389,0.060376,0
323,2,0.152686,0.214119,0.06222,0.067048,0
323,3,0.190149,0.232421,0.059088,0.064945,0
323,4,0.18838,0.206519,0.05863,0.064409,0
323,5,0.16844,0.221321,0.057749,0.064893,0
323,6,0.214163,0.218647,0.063546,0.068506,0
323,7,0.140366,0.2039,0.060937,0.058758,0
323,8,0.17547,0.202425,0.056647,0.05974,0
323,9,0.192442,0.162446,0.060647,0.068596,0
324,0,0.010138,0.211718,0.00178,0.033296,0
324,1,0.0,0.197578,0.003135,0.038114,0
324,2,0.0,0.187518,0.002397,0.031169,0
324,3,0.031131,0.223378,0.001905,0.030034,0
324,4,0.025031,0.209283,0.004996,0.030272,0
324,5,0.009326,0.199285,0.007902,0.037192,0
324,6,0.009915,0.197795,0.001167,0.032121,0
324,7,0.0,0.187205,0.00488,0.035373,0
324,8,0.0,0.181908,0.001812,0.038865,0
324,9,0.006087,0.190054,0.006032,0.032232,0
325,0,0.59424,0.406209,0.169756,0.241354,1
325,1,0.575765,0.411805,0.172793,0.237396,1
325,2,0.581466,0.406228,0.186799,0.253208,1
325,3,0.574011,0.406076,0.162691,0.239864,1
325,4,0.590259,0.406063,0.160765,0.247856,1
325,5,0.559547,0.404457,0.172231,0.254844,1
325,6,0.587059,0.4,0.158053,0.243547,1
325,7,0.578282,0.405433,0.149809,0.25374,1
325,8,0.585844,0.408751,0.166304,0.255996,1
325,9,0.554764,0.427024,0.162569,0.229038,1
326,0,0.612811,0.58446,0.250424,0.226049,1
326,1,0.598571,0.582211,0.264342,0.241964,1
326,2,0.601424,0.586727,0.257511,0.2193,1
326,3,0.582327,0.587297,0.262253,0.216543,1
326,4,0.604598,0.591859,0.266667,0.228269,1
326,5,0.59608,0.575288,0.266667,0.234093,1
326,6,0.604508,0.578117,0.240276,0.238337,1
326,7,0.607471,0.562067,0.266667,0.234747,1
326,8,0.594876,0.573095,0.254039,0.222926,1
326,9,0.61379,0.577887,0.266118,0.234766,1
327,0,0.476393,0.450291,0.10236,0.158628,1
327,1,0.495405,0.445987,0.094561,0.170806,1
327,2,0.494616,0.445745,0.099357,0.171793,1
327,3,0.477699,0.442815,0.093138,0.176496,1
327,4,0.477993,0.431238,0.089809,0.196061,1
327,5,0.484261,0.439326,0.086923,0.188231,1
327,6,0.485974,0.426313,0.102795,0.197014,1
327,7,0.473411,0.441805,0.08546,0.186143,1
327,8,0.485475,0.427092,0.095868,0.182556,1
327,9,0.501959,0.461785,0.101758,0.178672,1
328,0,0.924385,0.939487,0.752127,0.828271,3
328,1,0.927291,0.94095,0.768043,0.823669,3
328,2,0.936543,0.925787,0.754762,0.844731,3
328,3,0.918069,0.941935,0.77433,0.814732,3
328,4,0.933628,0.940896,0.765687,0.828346,3
328,5,0.93425,0.926212,0.773486,0.808345,3
328,6,0.93032,0.93495,0.761147,0.838879,3
328,7,0.917014,0.941896,0.747767,0.824032,3
328,8,0.928464,0.944279,0.75076,0.795404,3
328,9,0.92527,0.943736,0.751297,0.807958,3
329,0,0.73415,0.805964,0.292291,0.429885,2
329,1,0.717243,0.808641,0.281413,0.43608,2
329,2,0.735521,0.81774,0.270686,0.447496,2
329,3,0.732546,0.818863,0.300377,0.419101,2
329,4,0.734,0.825067,0.276496,0.425783,2
329,5,0.71713,0.807222,0.281051,0.429827,2
329,6,0.7358,0.812609,0.271494,0.433719,2
329,7,0.733517,0.803681,0.320252,0.450928,2
329,8,0.741891,0.8072,0.304218,0.434092,2
329,9,0.732683,0.802233,0.296387,0.450005,2
330,0,0.736825,0.84676,0.606988,0.325265,2
330,1,0.716555,0.85,0.577547,0.330748,2
330,2,0.73019,0.85,0.571659,0.331073,2
330,3,0.731575,0.837295,0.56789,0.332983,2
330,4,0.730149,0.85,0.574984,0.330574,2
330,5,0.736666,0.841378,0.585624,0.332965,2
330,6,0.726822,0.85,0.558941,0.317216,2
330,7,0.719762,0.85,0.592266,0.320364,2
330,8,0.716688,0.841594,0.580046,0.331487,2
330,9,0.705059,0.85,0.571689,0.3,2
331,0,0.54013,0.562857,0.074047,0.112142,1
331,1,0.52491,0.572606,0.066667,0.1186,1
331,2,0.516228,0.584436,0.077799,0.10227,1
331,3,0.529857,0.582597,0.075822,0.111532,1
331,4,0.521985,0.564992,0.066667,0.11689,1
331,5,0.520232,0.568336,0.066667,0.108378,1
331,6,0.511171,0.58314,0.074853,0.106227,1
331,7,0.510972,0.59008,0.074193,0.116504,1
331,8,0.524567,0.595191,0.074799,0.12964,1
331,9,0.531089,0.588195,0.071316,0.105653,1
332,0,0.176184,0.226231,0.02366,0.052038,0
332,1,0.208105,0.205517,0.025874,0.046194,0
332,2,0.203072,0.215693,0.024627,0.04844,0
332,3,0.180779,0.216554,0.025991,0.049776,0
332,4,0.224863,0.220067,0.024119,0.041866,0
332,5,0.202044,0.249364,0.025878,0.046259,0
332,6,0.187155,0.212915,0.022916,0.049816,0
332,7,0.200334,0.227426,0.023524,0.048277,0
332,8,0.208187,0.225858,0.023986,0.053583,0
332,9,0.22148,0.261516,0.020039,0.045002,0
333,0,0.306145,0.19297,0.053859,0.011712,0
333,1,0.304271,0.183476,0.053208,0.010304,0
333,2,0.30313,0.188281,0.053849,0.019467,0
333,3,0.300187,0.173878,0.05275,0.017962,0
333,4,0.323527,0.179201,0.051184,0.01752,0
333,5,0.289417,0.178393,0.051288,0.018329,0
333,6,0.313089,0.182314,0.047701,0.014354,0
333,7,0.273569,0.197455,0.046559,0.018192,0
333,8,0.299682,0.188741,0.045822,0.010118,0
333,9,0.277502,0.213282,0.046157,0.015727,0
334,0,0.324779,0.087511,0.034574,0.035067,0
334,1,0.310433,0.095941,0.032539,0.032084,0
334,2,0.321231,0.084564,0.032996,0.035992,0
334,3,0.287706,0.093156,0.030414,0.033017,0
334,4,0.288893,0.08459,0.032511,0.033807,0
334,5,0.286813,0.09323,0.035248,0.026149,0
334,6,0.277256,0.06587,0.034795,0.027973,0
334,7,0.283283,0.12612,0.033818,0.032989,0
334,8,0.277721,0.062818,0.036994,0.030315,0
334,9,0.282328,0.098577,0.036975,0.025391,0
335,0,0.019208,0.152308,0.047796,0.071102,0
335,1,0.033563,0.154944,0.044747,0.085507,0
335,2,0.020031,0.16959,0.041777,0.081321,0
335,3,0.028921,0.153769,0.043362,0.081342,0
335,4,0.054216,0.14359,0.047161,0.081577,0
335,5,0.032373,0.17035,0.043565,0.077052,0
335,6,0.027631,0.153003,0.04404,0.079768,0
335,7,0.032762,0.145415,0.0435,0.082279,0
335,8,0.051221,0.172634,0.042338,0.078659,0
335,9,0.051976,0.167677,0.043373,0.072149,0
336,0,0.467369,0.628769,0.095632,0.219303,1
336,1,0.465808,0.624611,0.104164,0.196085,1
336,2,0.455412,0.645985,0.096285,0.206897,1
336,3,0.465359,0.630636,0.09756,0.224684,1
336,4,0.457077,0.62447,0.10273,0.197735,1
336,5,0.478424,0.629774,0.100163,0.208567,1
336,6,0.46791,0.637506,0.102465,0.212924,1
336,7,0.452054,0.627144,0.094675,0.215446,1
336,8,0.452627,0.620281,0.099025,0.204498,1
336,9,0.461277,0.642637,0.093855,0.213493,1
337,0,0.461236,0.49572,0.190049,0.241267,1
337,1,0.463306,0.495653,0.182589,0.22984,1
337,2,0.469229,0.50841,0.213526,0.221096,1
337,3,0.46282,0.506441,0.187171,0.213536,1
337,4,0.470366,0.502992,0.182421,0.227926,1
337,5,0.486702,0.520144,0.180989,0.228855,1
337,6,0.483787,0.528432,0.202792,0.229784,1
337,7,0.484056,0.515956,0.174459,0.232747,1
337,8,0.463528,0.516446,0.17819,0.245885,1
337,9,0.466031,0.517595,0.181107,0.245309,1
338,0,0.109768,0.265568,0.006498,0.09631,0
338,1,0.167831,0.269464,0.008004,0.089114,0
338,2,0.113217,0.287962,0.004891,0.086448,0
338,3,0.129605,0.264624,0.004724,0.087814,0
338,4,0.144126,0.253542,0.003669,0.093088,0
338,5,0.140292,0.254372,0.002773,0.087839,0
338,6,0.136299,0.276774,0.004837,0.091619,0
338,7,0.154267,0.237787,0.008801,0.087797,0
338,8,0.149531,0.27399,0.00827,0.091635,0
338,9,0.112157,0.254939,0.006148,0.087833,0
339,0,0.016343,0.16713,0.046055,0.003881,0
339,1,0.076497,0.15544,0.041434,0.001307,0
339,2,0.038144,0.166102,0.043894,0.006695,0
339,3,0.04838,0.161635,0.043048,0.00105,0
339,4,0.063253,0.199873,0.039891,0.004137,0
339,5,0.04556,0.186577,0.043599,0.0,0
339,6,0.076384,0.180763,0.042442,0.003212,0
339,7,0.045689,0.1865,0.040092,0.0,0
339,8,0.050051,0.179426,0.039106,0.001666,0
339,9,0.055694,0.190072,0.045151,0.010916,0
340,0,0.134335,0.222461,0.064244,0.005819,0
340,1,0.141199,0.257593,0.062076,0.004674,0
340,2,0.124906,0.2432,0.064784,0.006908,0
340,3,0.146591,0.218967,0.063345,0.010528,0
340,4,0.13207,0.216707,0.059588,0.008115,0
340,5,0.151434,0.224416,0.066251,0.0,0
340,6,0.135491,0.223143,0.06344,0.00858,0
340,7,0.110087,0.276825,0.063309,0.012371,0
340,8,0.151831,0.226556,0.06203,0.009622,0
340,9,0.106294,0.212765,0.066667,0.006164,0
341,0,0.859677,0.995696,0.783951,0.91557,3
341,1,0.860456,0.989999,0.771193,0.937677,3
341,2,0.858544,0.980156,0.803897,0.928137,3
341,3,0.85,0.985123,0.792961,0.892697,3
341,4,0.85,0.985372,0.77398,0.924665,3
341,5,0.85,0.987872,0.789821,0.899245,3
341,6,0.85,0.99052,0.784698,0.929187,3
341,7,0.856914,0.986078,0.773728,0.907324,3
341,8,0.852603,0.984532,0.783958,0.945986,3
341,9,0.85,0.972143,0.794068,0.914706,3
342,0,0.120494,0.252458,0.063198,0.056387,0
342,1,0.132452,0.234245,0.059009,0.055541,0
342,2,0.12646,0.20632,0.05441,0.055736,0
342,3,0.099216,0.20586,0.057708,0.046572,0
342,4,0.133998,0.217694,0.060209,0.047879,0
342,5,0.123465,0.226656,0.062074,0.052098,0
342,6,0.141105,0.226704,0.058786,0.047381,0
342,7,0.133625,0.207865,0.061443,0.05187,0
342,8,0.165065,0.227677,0.064093,0.043744,0
342,9,0.150736,0.242439,0.066667,0.053918,0
343,0,0.158493,0.109225,0.026874,0.058283,0
343,1,0.181537,0.074813,0.032887,0.054993,0
343,2,0.171096,0.117236,0.032015,0.059432,0
343,3,0.158034,0.093531,0.027497,0.06545,0
343,4,0.161242,0.105231,0.027068,0.057117,0
343,5,0.173611,0.105644,0.029078,0.054533,0
343,6,0.166926,0.140158,0.025813,0.065108,0
343,7,0.114728,0.118775,0.023275,0.067377,0
343,8,0.189842,0.113547,0.028061,0.066214,0
343,9,0.190529,0.120367,0.021677,0.056988,0
344,0,0.219292,0.329396,0.019232,0.071841,0
344,1,0.215586,0.312044,0.020965,0.070417,0
344,2,0.209522,0.310903,0.023477,0.079367,0
344,3,0.206979,0.327073,0.019802,0.078727,0
344,4,0.231245,0.3179,0.019386,0.071917,0
344,5,0.235,0.301483,0.016696,0.07575,0
344,6,0.211033,0.291557,0.0215,0.081043,0
344,7,0.197775,0.300678,0.017912,0.077787,0
344,8,0.244611,0.280817,0.024317,0.077316,0
344,9,0.248964,0.283886,0.018865,0.076928,0
345,0,0.533479,0.455202,0.215962,0.23281,1
345,1,0.544826,0.458651,0.214114,0.217803,1
345,2,0.551204,0.450009,0.224129,0.223206,1
345,3,0.545257,0.456523,0.211991,0.226069,1
345,4,0.530664,0.462513,0.226101,0.228408,1
345,5,0.537825,0.454317,0.234313,0.222174,1
345,6,0.530746,0.459997,0.247728,0.228559,1
345,7,0.536727,0.463898,0.241298,0.212658,1
345,8,0.545373,0.470422,0.218985,0.228097,1
345,9,0.547004,0.456432,0.239141,0.241337,1
346,0,0.469427,0.564682,0.210896,0.120541,1
346,1,0.462349,0.582319,0.225206,0.108652,1
346,2,0.478922,0.575904,0.213479,0.125276,1
346,3,0.47219,0.569776,0.214809,0.127502,1
346,4,0.472566,0.561043,0.220025,0.125495,1
346,5,0.452162,0.541156,0.215252,0.112127,1
346,6,0.459645,0.565409,0.23542,0.108236,1
346,7,0.481634,0.566378,0.20535,0.110858,1
346,8,0.461157,0.554213,0.211625,0.106035,1
346,9,0.472736,0.56909,0.210027,0.11875,1
347,0,0.16832,0.071888,0.019163,0.028765,0
347,1,0.120431,0.105113,0.025648,0.032651,0
347,2,0.145347,0.103336,0.026293,0.027822,0
347,3,0.157503,0.047818,0.021368,0.024302,0
347,4,0.144751,0.046497,0.021431,0.03093,0
347,5,0.142964,0.056906,0.026833,0.028526,0
347,6,0.165883,0.057312,0.025532,0.030136,0
347,7,0.142932,0.063766,0.027277,0.026725,0
347,8,0.140036,0.057549,0.028815,0.031843,0
347,9,0.179977,0.060982,0.025255,0.028087,0
348,0,0.524972,0.61867,0.078334,0.3,1
348,1,0.500032,0.623197,0.086288,0.291368,1
348,2,0.507477,0.643703,0.101482,0.283772,1
348,3,0.489258,0.637336,0.091496,0.292155,1
348,4,0.52093,0.62294,0.095473,0.299813,1
348,5,0.500432,0.648906,0.09347,0.294873,1
348,6,0.503781,0.619789,0.096625,0.299039,1
348,7,0.499288,0.642285,0.096518,0.298621,1
348,8,0.506078,0.639761,0.09718,0.290368,1
348,9,0.52519,0.626896,0.098802,0.3,1
349,0,0.642957,0.633598,0.207619,0.22103,1
349,1,0.640097,0.627031,0.199389,0.235904,1
349,2,0.612722,0.636053,0.20429,0.235157,1
349,3,0.607982,0.619525,0.193985,0.238059,1
349,4,0.626489,0.627332,0.207648,0.229011,1
349,5,0.623428,0.623596,0.207347,0.241431,1
349,6,0.615374,0.623845,0.209601,0.23654,1
349,7,0.625844,0.607907,0.201379,0.223283,1
349,8,0.628818,0.620694,0.201469,0.219344,1
349,9,0.623317,0.630132,0.197448,0.217218,1
350,0,0.190912,0.36783,0.016698,0.023095,0
350,1,0.162155,0.361623,0.013287,0.022611,0
350,2,0.161698,0.345958,0.013282,0.019669,0
350,3,0.168232,0.332399,0.015513,0.01442,0
350,4,0.148336,0.350628,0.015745,0.022582,0
350,5,0.186667,0.337833,0.013871,0.024157,0
350,6,0.202169,0.353401,0.014245,0.026155,0
350,7,0.15596,0.34814,0.017271,0.022279,0
350,8,0.215688,0.34282,0.01767,0.024361,0
350,9,0.189106,0.35087,0.014826,0.015882,0
351,0,0.65,0.636495,0.140691,0.195965,1
351,1,0.639977,0.642932,0.143208,0.195139,1
351,2,0.646903,0.643721,0.13762,0.200128,1
351,3,0.621861,0.634161,0.142462,0.199379,1
351,4,0.620594,0.643255,0.145735,0.194029,1
351,5,0.610752,0.642712,0.133589,0.204962,1
351,6,0.641109,0.636137,0.134205,0.193998,1
351,7,0.623677,0.640221,0.146378,0.186215,1
351,8,0.644248,0.637478,0.152586,0.185311,1
351,9,0.630722,0.646668,0.144642,0.192416,1
352,0,0.0,0.113941,0.014456,0.02146,0
352,1,0.013224,0.127945,0.012608,0.014783,0
352,2,0.020848,0.114308,0.017353,0.012143,0
352,3,0.0,0.129568,0.015455,0.018287,0
352,4,0.013166,0.123018,0.010824,0.017019,0
352,5,0.016317,0.130353,0.012309,0.013687,0
352,6,0.0,0.139629,0.015127,0.020219,0
352,7,0.0,0.139587,0.01129,0.016415,0
352,8,0.042407,0.148458,0.01028,0.017675,0
352,9,0.00469,0.137922,0.008954,0.018786,0
353,0,0.752682,0.65,0.431479,0.529435,2
353,1,0.773576,0.660345,0.469386,0.531815,2
353,2,0.754079,0.668387,0.450437,0.533451,2
353,3,0.745028,0.650676,0.450772,0.525646,2
353,4,0.750808,0.658052,0.474038,0.54732,2
353,5,0.773516,0.665969,0.489263,0.548141,2
353,6,0.755712,0.664124,0.450812,0.537328,2
353,7,0.764965,0.663851,0.466148,0.505118,2
353,8,0.747268,0.665387,0.459841,0.539564,2
353,9,0.759558,0.651344,0.44503,0.514678,2
354,0,0.250211,0.087671,0.008839,0.049787,0
354,1,0.28237,0.129492,0.009431,0.048868,0
354,2,0.256092,0.094021,0.010097,0.055373,0
354,3,0.287294,0.110641,0.009861,0.053462,0
354,4,0.305034,0.092961,0.006142,0.050972,0
354,5,0.293151,0.082061,0.006928,0.047469,0
354,6,0.288665,0.115832,0.010194,0.060336,0
354,7,0.297331,0.113181,0.00954,0.059217,0
354,8,0.284696,0.104497,0.007441,0.056346,0
354,9,0.276971,0.077434,0.006892,0.061236,0
355,0,0.535428,0.461579,0.149428,0.202731,1
355,1,0.509299,0.471663,0.146007,0.227229,1
355,2,0.512772,0.473156,0.140522,0.217194,1
355,3,0.528967,0.466274,0.138755,0.210825,1
355,4,0.512215,0.468396,0.120317,0.205843,1
355,5,0.532147,0.475121,0.125725,0.21518,1
355,6,0.515062,0.467617,0.148868,0.205998,1
355,7,0.534943,0.475963,0.143619,0.227029,1
355,8,0.52565,0.482388,0.135782,0.210471,1
355,9,0.513601,0.484617,0.133086,0.22187,1
356,0,0.081676,0.045825,0.003923,0.009277,0
356,1,0.123928,0.067806,0.00419,0.006895,0
356,2,0.084391,0.052893,0.00041,0.005213,0
356,3,0.109061,0.046155,0.002045,0.007897,0
356,4,0.076605,0.041854,0.005134,0.011934,0
356,5,0.121,0.058546,0.003197,0.005355,0
356,6,0.115721,0.034416,0.002572,0.002877,0
356,7,0.089907,0.031613,0.004381,0.004405,0
356,8,0.10256,0.031936,0.007132,0.002806,0
356,9,0.099144,0.044134,0.003672,0.008424,0
357,0,0.652081,0.763235,0.353433,0.4745,2
357,1,0.651212,0.76685,0.343612,0.508576,2
357,2,0.658389,0.778112,0.369163,0.512503,2
357,3,0.665331,0.765984,0.364461,0.508838,2
357,4,0.653583,0.777668,0.351224,0.478059,2
357,5,0.664189,0.771758,0.320792,0.527446,2
357,6,0.65,0.781146,0.326609,0.4888,2
357,7,0.65,0.77054,0.352791,0.512854,2
357,8,0.656286,0.761712,0.333935,0.480703,2
357,9,0.653842,0.766678,0.376195,0.486832,2
358,0,0.014452,0.000588,0.053255,0.090913,0
358,1,0.012944,0.0,0.054108,0.091133,0
358,2,0.0,0.00362,0.051018,0.097917,0
358,3,0.007524,0.0,0.051754,0.091793,0
358,4,0.026464,0.03504,0.055798,0.098385,0
358,5,0.030397,0.021047,0.049153,0.096522,0
358,6,0.009517,0.02814,0.052151,0.099236,0
358,7,0.009362,0.05982,0.050597,0.1,0
358,8,0.008808,0.035084,0.047604,0.097952,0
358,9,0.049466,0.0,0.051565,0.1,0
359,0,0.187244,0.067217,0.017044,0.040371,0
359,1,0.19184,0.086557,0.016551,0.04645,0
359,2,0.208461,0.07719,0.015215,0.040473,0
359,3,0.195504,0.055406,0.016042,0.040468,0
359,4,0.226337,0.06355,0.021092,0.038013,0
359,5,0.223162,0.061823,0.017744,0.035089,0
359,6,0.214537,0.077346,0.013749,0.048072,0
359,7,0.181854,0.076421,0.015431,0.047434,0
359,8,0.193965,0.08642,0.019401,0.041128,0
359,9,0.185315,0.064584,0.015636,0.048641,0
360,0,0.73312,0.723524,0.288691,0.584725,2
360,1,0.733657,0.713833,0.295439,0.575149,2
360,2,0.728688,0.739874,0.307324,0.584221,2
360,3,0.734256,0.731144,0.297592,0.573668,2
360,4,0.727422,0.723607,0.315588,0.585439,2
360,5,0.727875,0.735685,0.310606,0.569972,2
360,6,0.731271,0.730243,0.28062,0.583775,2
360,7,0.726303,0.730656,0.337765,0.578173,2
360,8,0.720192,0.739862,0.297025,0.581895,2
360,9,0.7363,0.722615,0.30707,0.587066,2
361,0,0.165612,0.110449,0.026475,0.01147,0
361,1,0.169718,0.123882,0.027979,0.014529,0
361,2,0.167377,0.141156,0.025245,0.017953,0
361,3,0.173481,0.113288,0.028841,0.01799,0
361,4,0.196802,0.108817,0.020205,0.014855,0
361,5,0.163079,0.100259,0.025104,0.017238,0
361,6,0.18207,0.08292,0.023745,0.014416,0
361,7,0.166734,0.106292,0.023997,0.018051,0
361,8,0.182486,0.101408,0.025718,0.016432,0
361,9,0.163961,0.086383,0.024854,0.019077,0
362,0,0.745735,0.707832,0.548043,0.367841,2
362,1,0.738115,0.704505,0.55378,0.384944,2
362,2,0.729193,0.696266,0.554391,0.382158,2
362,3,0.731977,0.712094,0.569387,0.369994,2
362,4,0.744176,0.703239,0.568005,0.377713,2
362,5,0.742803,0.71889,0.557479,0.381239,2
362,6,0.745489,0.699584,0.557958,0.409336,2
362,7,0.73765,0.706735,0.580265,0.401071,2
362,8,0.744962,0.685213,0.536047,0.403814,2
362,9,0.737915,0.697442,0.557944,0.394261,2
363,0,0.685796,0.736576,0.448089,0.301833,2
363,1,0.704736,0.713153,0.425567,0.336331,2
363,2,0.714858,0.723206,0.403978,0.313539,2
363,3,0.701813,0.716966,0.427572,0.326027,2
363,4,0.702086,0.723828,0.430704,0.310232,2
363,5,0.704587,0.7126,0.421152,0.326108,2
363,6,0.684303,0.718301,0.467294,0.328771,2
363,7,0.700197,0.726813,0.455803,0.335911,2
363,8,0.682487,0.734439,0.433088,0.31076,2
363,9,0.686514,0.726051,0.427029,0.313843,2
364,0,0.289571,0.223137,0.039418,0.082208,0
364,1,0.2995,0.219257,0.040107,0.083924,0
364,2,0.315029,0.246358,0.043667,0.08692,0
364,3,0.324838,0.200889,0.039433,0.085797,0
364,4,0.32713,0.209258,0.040905,0.089106,0
364,5,0.348058,0.23513,0.043947,0.090057,0
364,6,0.314392,0.224064,0.040301,0.08919,0
364,7,0.343819,0.213546,0.044276,0.093641,0
364,8,0.32001,0.186589,0.041124,0.093192,0
364,9,0.300563,0.207334,0.041214,0.087817,0
365,0,0.61057,0.444027,0.092318,0.277067,1
365,1,0.618542,0.414377,0.080178,0.294526,1
365,2,0.610172,0.431884,0.083916,0.274969,1
365,3,0.606803,0.44319,0.087728,0.293872,1
365,4,0.608972,0.438655,0.088806,0.290593,1
365,5,0.601362,0.452493,0.090037,0.278008,1
365,6,0.607901,0.449684,0.081933,0.274857,1
365,7,0.599544,0.4695,0.084506,0.273785,1
365,8,0.600924,0.447057,0.082576,0.281116,1
365,9,0.610079,0.457632,0.075154,0.28283,1
366,0,0.297886,0.359194,0.031963,0.036374,0
366,1,0.296921,0.384489,0.03521,0.039696,0
366,2,0.326553,0.379725,0.034411,0.038752,0
366,3,0.297282,0.4,0.034393,0.040129,0
366,4,0.308872,0.382249,0.033599,0.045391,0
366,5,0.31067,0.4,0.0347,0.036044,0
366,6,0.292598,0.4,0.032887,0.042475,0
366,7,0.351295,0.4,0.035185,0.042233,0
366,8,0.327695,0.369562,0.037647,0.038511,0
366,9,0.346067,0.387275,0.03769,0.04004,0
367,0,0.716497,0.676418,0.486172,0.427271,2
367,1,0.707806,0.677952,0.514951,0.442361,2
367,2,0.696364,0.682149,0.495766,0.446764,2
367,3,0.71014,0.683405,0.508599,0.431921,2
367,4,0.704723,0.678995,0.499378,0.449884,2
367,5,0.695147,0.683363,0.498582,0.418135,2
367,6,0.702697,0.672052,0.501047,0.444161,2
367,7,0.703423,0.668256,0.506802,0.454683,2
367,8,0.693268,0.684711,0.511323,0.44316,2
367,9,0.705767,0.669511,0.488744,0.449224,2
368,0,0.743714,0.674191,0.321963,0.533234,2
368,1,0.741334,0.667919,0.330238,0.551504,2
368,2,0.769069,0.675911,0.342314,0.531178,2
368,3,0.760145,0.672209,0.37591,0.552431,2
368,4,0.736647,0.686444,0.342739,0.573018,2
368,5,0.734608,0.668113,0.319685,0.529761,2
368,6,0.735755,0.657692,0.333787,0.563802,2
368,7,0.733877,0.673848,0.350606,0.568295,2
368,8,0.753905,0.668547,0.354651,0.556904,2
368,9,0.75242,0.658548,0.339464,0.532963,2
369,0,0.525113,0.470832,0.073904,0.291982,1
369,1,0.504144,0.456916,0.07065,0.3,1
369,2,0.519081,0.465542,0.078961,0.3,1
369,3,0.525169,0.485911,0.066667,0.3,1
369,4,0.499657,0.462108,0.066667,0.291405,1
369,5,0.526844,0.465927,0.074646,0.3,1
369,6,0.531074,0.471183,0.073955,0.293325,1
369,7,0.526909,0.452966,0.066667,0.298311,1
369,8,0.512291,0.458997,0.066667,0.289916,1
369,9,0.514925,0.464537,0.067945,0.290202,1
370,0,0.747394,0.746369,0.402076,0.429308,2
370,1,0.747144,0.763683,0.373299,0.410246,2
370,2,0.756592,0.744305,0.40347,0.402825,2
370,3,0.738922,0.738955,0.41923,0.401196,2
370,4,0.743132,0.737631,0.419714,0.389501,2
370,5,0.745504,0.73808,0.39644,0.41867,2
370,6,0.739402,0.741959,0.430928,0.410942,2
370,7,0.761779,0.745399,0.411184,0.422463,2
370,8,0.740241,0.739478,0.454137,0.418508,2
370,9,0.753567,0.725587,0.440779,0.434726,2
371,0,0.329183,0.280604,0.028219,0.077454,0
371,1,0.330216,0.285257,0.030542,0.072278,0
371,2,0.352784,0.279386,0.027359,0.074542,0
371,3,0.35878,0.241595,0.028034,0.076167,0
371,4,0.348479,0.254565,0.028438,0.078338,0
371,5,0.350412,0.256469,0.024269,0.073354,0
371,6,0.343365,0.287836,0.031003,0.074798,0
371,7,0.335578,0.308714,0.027995,0.07637,0
371,8,0.336637,0.281012,0.029353,0.076093,0
371,9,0.327213,0.265196,0.026311,0.074154,0
372,0,0.604484,0.642511,0.227685,0.143814,1
372,1,0.601418,0.629381,0.225898,0.146025,1
372,2,0.617406,0.61909,0.237925,0.128858,1
372,3,0.606854,0.622001,0.228896,0.133513,1
372,4,0.611026,0.621883,0.235978,0.144893,1
372,5,0.617996,0.594575,0.230891,0.144947,1
372,6,0.620136,0.61063,0.241709,0.139303,1
372,7,0.587332,0.614774,0.229945,0.133977,1
372,8,0.625549,0.618423,0.229248,0.13287,1
372,9,0.624721,0.610856,0.231027,0.133201,1
373,0,0.642048,0.430531,0.253905,0.1,1
373,1,0.644701,0.439,0.246027,0.103827,1
373,2,0.609134,0.457122,0.26143,0.113289,1
373,3,0.625653,0.451179,0.246768,0.1,1
373,4,0.633071,0.434108,0.25174,0.1,1
373,5,0.639729,0.44629,0.247627,0.1,1
373,6,0.626722,0.459199,0.261144,0.100848,1
373,7,0.636484,0.444254,0.254619,0.1,1
373,8,0.625067,0.442346,0.241337,0.1,1
373,9,0.630839,0.436621,0.248638,0.112198,1
374,0,0.514302,0.598663,0.202166,0.149166,1
374,1,0.4912,0.614983,0.208854,0.167882,1
374,2,0.487293,0.627049,0.199824,0.156589,1
374,3,0.507994,0.625333,0.191263,0.157154,1
374,4,0.480265,0.60858,0.209747,0.162809,1
374,5,0.474778,0.614042,0.212319,0.165887,1
374,6,0.484573,0.622936,0.21928,0.166714,1
374,7,0.491569,0.605092,0.217227,0.160929,1
374,8,0.4913,0.623148,0.222722,0.164207,1
374,9,0.468785,0.616792,0.210364,0.158289,1
375,0,0.237334,0.177799,0.00957,0.005592,0
375,1,0.274552,0.179384,0.005679,0.00074,0
375,2,0.254957,0.191845,0.007037,0.001811,0
375,3,0.267887,0.169281,0.006762,0.005397,0
375,4,0.264492,0.156853,0.006446,0.0,0
375,5,0.258512,0.156515,0.004545,0.006886,0
375,6,0.25667,0.13137,0.005398,0.000839,0
375,7,0.265792,0.146259,0.010111,0.005179,0
375,8,0.25448,0.15607,0.003387,0.003377,0
375,9,0.238962,0.161225,0.001616,0.005092,0
376,0,0.041016,0.217193,0.012589,0.078196,0
376,1,0.012936,0.236997,0.011214,0.086511,0
376,2,0.016095,0.244646,0.012651,0.083741,0
376,3,0.010897,0.22146,0.012884,0.081071,0
376,4,0.000333,0.244364,0.00875,0.086285,0
376,5,0.004839,0.220772,0.010062,0.073979,0
376,6,0.0,0.22172,0.013145,0.082525,0
376,7,0.0,0.202143,0.015525,0.076882,0
376,8,0.018861,0.201062,0.010326,0.081723,0
376,9,0.0,0.246847,0.010391,0.078691,0
377,0,0.672744,0.65,0.334448,0.469046,2
377,1,0.670523,0.65,0.341111,0.484703,2
377,2,0.67004,0.655451,0.340421,0.470443,2
377,3,0.689425,0.657852,0.375832,0.472688,2
377,4,0.668748,0.663474,0.338493,0.474972,2
377,5,0.66933,0.65,0.337551,0.478411,2
377,6,0.668932,0.654315,0.320777,0.469693,2
377,7,0.669172,0.654708,0.325357,0.457319,2
377,8,0.654764,0.65,0.325225,0.468893,2
377,9,0.680488,0.659843,0.317345,0.459587,2
378,0,0.197821,0.352786,0.005054,0.031362,0
378,1,0.216301,0.336634,0.005103,0.027727,0
378,2,0.189044,0.343646,0.006926,0.033076,0
378,3,0.20529,0.344062,0.012647,0.035704,0
378,4,0.189424,0.37859,0.010646,0.031879,0
378,5,0.220045,0.356598,0.01231,0.032893,0
378,6,0.201426,0.327467,0.011721,0.031796,0
378,7,0.217589,0.35644,0.011151,0.03832,0
378,8,0.219081,0.353409,0.011604,0.041687,0
378,9,0.202763,0.347381,0.008864,0.036146,0
379,0,0.25598,0.080608,0.062539,0.051803,0
379,1,0.247387,0.072339,0.062477,0.05856,0
379,2,0.243964,0.071826,0.059919,0.056053,0
379,3,0.274599,0.080908,0.061069,0.052022,0
379,4,0.249602,0.056902,0.062925,0.055022,0
379,5,0.276156,0.093034,0.061486,0.053228,0
379,6,0.280857,0.088095,0.058921,0.057375,0
379,7,0.292885,0.090935,0.058084,0.057695,0
379,8,0.312687,0.065182,0.060091,0.055106,0
379,9,0.297943,0.094838,0.054487,0.060255,0
380,0,0.991749,0.990148,0.946836,0.822473,3
380,1,0.976206,0.998924,0.957371,0.825682,3
380,2,0.992162,1.0,0.943708,0.793727,3
380,3,1.0,0.999919,0.943753,0.784166,3
380,4,0.991701,1.0,0.949461,0.767974,3
380,5,0.993219,1.0,0.945299,0.795405,3
380,6,0.991798,1.0,0.981947,0.80897,3
380,7,0.989025,1.0,0.967663,0.790841,3
380,8,0.98959,0.999265,0.954228,0.807902,3
380,9,0.984558,1.0,0.951594,0.823657,3
381,0,0.282872,0.174458,0.010507,0.045138,0
381,1,0.298181,0.183841,0.006298,0.044232,0
381,2,0.285741,0.192702,0.014788,0.056626,0
381,3,0.284885,0.17491,0.004798,0.048471,0
381,4,0.2621,0.181716,0.007395,0.046533,0
381,5,0.293447,0.179366,0.008887,0.043757,0
381,6,0.251513,0.161682,0.009204,0.052776,0
381,7,0.278178,0.18238,0.009766,0.042082,0
381,8,0.256702,0.159544,0.016118,0.045393,0
381,9,0.286963,0.159198,0.014788,0.047832,0
382,0,0.504875,0.489915,0.105753,0.241501,1
382,1,0.51502,0.511262,0.111146,0.246591,1
382,2,0.506221,0.500423,0.105636,0.244662,1
382,3,0.521122,0.511118,0.099553,0.231509,1
382,4,0.518194,0.493802,0.09762,0.239422,1
382,5,0.507964,0.500723,0.098229,0.238504,1
382,6,0.509692,0.497141,0.11121,0.239432,1
382,7,0.513185,0.495704,0.108302,0.228431,1
382,8,0.490064,0.508769,0.096585,0.223419,1
382,9,0.511172,0.492802,0.099289,0.237864,1
383,0,0.816705,0.817764,0.530805,0.551722,2
383,1,0.817537,0.814214,0.554103,0.528137,2
383,2,0.831794,0.818596,0.540827,0.530012,2
383,3,0.812236,0.828224,0.536179,0.542389,2
383,4,0.820903,0.829724,0.560923,0.554419,2
383,5,0.805997,0.835472,0.549369,0.526773,2
383,6,0.813609,0.837548,0.534944,0.553517,2
383,7,0.823397,0.845642,0.508822,0.539358,2
383,8,0.816555,0.836338,0.520935,0.559929,2
383,9,0.831458,0.83257,0.493803,0.541079,2
384,0,0.341049,0.114112,0.015311,0.013338,0
384,1,0.367996,0.109627,0.016828,0.013514,0
384,2,0.348307,0.089765,0.015768,0.015294,0
384,3,0.367846,0.105012,0.010173,0.020294,0
384,4,0.344599,0.105024,0.013228,0.013168,0
384,5,0.366107,0.113485,0.009584,0.020829,0
384,6,0.344433,0.105439,0.013288,0.016924,0
384,7,0.316752,0.12714,0.015796,0.014967,0
384,8,0.329177,0.11272,0.015576,0.019414,0
384,9,0.31949,0.127941,0.015974,0.027319,0
385,0,0.115635,0.07557,0.038078,0.027966,0
385,1,0.136603,0.06539,0.032582,0.026894,0
385,2,0.117196,0.084416,0.036654,0.023595,0
385,3,0.118398,0.094307,0.03305,0.027119,0
385,4,0.113339,0.100091,0.037713,0.031861,0
385,5,0.102552,0.112886,0.035485,0.024993,0
385,6,0.106029,0.112409,0.038108,0.032839,0
385,7,0.09674,0.094796,0.043387,0.025017,0
385,8,0.104866,0.117568,0.036054,0.028759,0
385,9,0.107068,0.127225,0.041396,0.028651,0
386,0,0.767307,0.766328,0.364169,0.386849,2
386,1,0.77235,0.779063,0.340906,0.402422,2
386,2,0.778444,0.782215,0.339734,0.398577,2
386,3,0.774265,0.762607,0.337181,0.376342,2
386,4,0.775708,0.754124,0.319427,0.39909,2
386,5,0.778078,0.772476,0.328833,0.378422,2
386,6,0.765076,0.782373,0.330536,0.371557,2
386,7,0.76538,0.774304,0.336119,0.394304,2
386,8,0.765945,0.780847,0.31689,0.382668,2
386,9,0.777651,0.778404,0.344266,0.401407,2
387,0,0.216906,0.309862,0.049781,0.044837,0
387,1,0.193929,0.325977,0.049399,0.046523,0
387,2,0.209605,0.299003,0.046235,0.048352,0
387,3,0.219572,0.337807,0.048245,0.043774,0
387,4,0.172783,0.316619,0.047607,0.047097,0
387,5,0.177791,0.317003,0.044047,0.04074,0
387,6,0.159367,0.32269,0.046607,0.04179,0
387,7,0.183188,0.326082,0.043841,0.03915,0
387,8,0.202724,0.332411,0.052485,0.039224,0
387,9,0.19653,0.325126,0.043057,0.046545,0
388,0,0.884849,0.864814,0.666667,0.607299,3
388,1,0.892248,0.863279,0.666667,0.6,3
388,2,0.88871,0.854159,0.666667,0.6,3
388,3,0.877461,0.853141,0.694736,0.6,3
388,4,0.885445,0.853971,0.672691,0.6,3
388,5,0.880826,0.857312,0.666667,0.6,3
388,6,0.879419,0.858519,0.666667,0.6,3
388,7,0.872081,0.854081,0.666667,0.6,3
388,8,0.87898,0.861404,0.666667,0.615603,3
388,9,0.883057,0.860857,0.666667,0.609537,3
389,0,0.155999,0.294335,0.034864,0.032996,0
389,1,0.187769,0.28198,0.03504,0.037232,0
389,2,0.193339,0.283906,0.034421,0.03664,0
389,3,0.184387,0.263355,0.03325,0.032033,0
389,4,0.18538,0.263864,0.034317,0.040071,0
389,5,0.183866,0.287859,0.033785,0.045424,0
389,6,0.214581,0.281413,0.036901,0.045593,0
389,7,0.182155,0.293774,0.032011,0.037488,0
389,8,0.191647,0.266786,0.038514,0.035605,0
389,9,0.186475,0.28796,0.039442,0.028873,0
390,0,0.013161,0.191341,0.017596,0.072551,0
390,1,0.02298,0.163768,0.012108,0.069234,0
390,2,0.0,0.183734,0.015828,0.064901,0
390,3,0.00257,0.184291,0.015316,0.074124,0
390,4,0.02081,0.188738,0.012328,0.065081,0
390,5,0.001504,0.201744,0.015057,0.059966,0
390,6,0.0,0.211991,0.01791,0.062784,0
390,7,0.041186,0.203243,0.016781,0.069283,0
390,8,0.015025,0.192765,0.019101,0.070802,0
390,9,0.040405,0.213275,0.010971,0.070734,0
391,0,0.65461,0.657409,0.439394,0.544616,2
391,1,0.656919,0.664702,0.431171,0.562324,2
391,2,0.663989,0.653846,0.444283,0.562682,2
391,3,0.654812,0.662593,0.419801,0.545816,2
391,4,0.650596,0.666052,0.420509,0.561788,2
391,5,0.65,0.65,0.40196,0.550325,2
391,6,0.65,0.651858,0.392247,0.55517,2
391,7,0.65,0.654854,0.420098,0.555893,2
391,8,0.65,0.65,0.413654,0.558462,2
391,9,0.65,0.655422,0.423296,0.556094,2
392,0,0.608068,0.587718,0.111893,0.14107,1
392,1,0.591241,0.584323,0.104723,0.141918,1
392,2,0.616655,0.583856,0.127169,0.138061,1
392,3,0.582203,0.590745,0.130548,0.127624,1
392,4,0.590023,0.603042,0.118623,0.122616,1
392,5,0.588283,0.605945,0.130667,0.133072,1
392,6,0.597277,0.577614,0.13004,0.122974,1
392,7,0.593576,0.58994,0.126569,0.138621,1
392,8,0.587079,0.605011,0.117274,0.12965,1
392,9,0.598725,0.592963,0.11484,0.125572,1
393,0,0.07759,0.110651,0.023667,0.028179,0
393,1,0.064994,0.137367,0.024834,0.031011,0
393,2,0.068294,0.124696,0.02208,0.031456,0
393,3,0.084944,0.144856,0.02116,0.0339,0
393,4,0.070948,0.132903,0.018992,0.032772,0
393,5,0.052629,0.122971,0.019265,0.031956,0
393,6,0.046135,0.113498,0.02013,0.037494,0
393,7,0.048763,0.130911,0.024753,0.027973,0
393,8,0.041844,0.130976,0.025276,0.027049,0
393,9,0.017564,0.106474,0.025658,0.032653,0
394,0,0.047492,0.315913,0.041412,0.023108,0
394,1,0.082215,0.363927,0.038362,0.019085,0
394,2,0.071222,0.374899,0.037579,0.025544,0
394,3,0.044195,0.33767,0.038519,0.016117,0
394,4,0.101832,0.371239,0.041073,0.024507,0
394,5,0.05899,0.327228,0.041891,0.015884,0
394,6,0.079961,0.359241,0.038694,0.02379,0
394,7,0.059003,0.345413,0.043176,0.027022,0
394,8,0.045496,0.347273,0.042682,0.01671,0
394,9,0.041159,0.365301,0.038212,0.027067,0
395,0,0.151679,0.308469,0.028728,0.047509,0
395,1,0.183181,0.332326,0.032521,0.047547,0
395,2,0.197535,0.324271,0.027139,0.04491,0
395,3,0.176491,0.32022,0.033188,0.048904,0
395,4,0.195825,0.347409,0.02811,0.050595,0
395,5,0.180538,0.335212,0.02601,0.050767,0
395,6,0.178972,0.33528,0.028519,0.045749,0
395,7,0.194063,0.361373,0.032305,0.048669,0
395,8,0.207954,0.333031,0.031525,0.049166,0
395,9,0.218665,0.351015,0.036754,0.044465,0
396,0,0.280631,0.187145,0.006534,0.019175,0
396,1,0.294625,0.21783,0.006205,0.020154,0
396,2,0.27635,0.205888,0.002421,0.009218,0
396,3,0.282653,0.214061,0.006667,0.013182,0
396,4,0.298701,0.192576,0.002593,0.00427,0
396,5,0.287492,0.202201,0.002164,0.0129,0
396,6,0.290523,0.183639,0.010651,0.011043,0
396,7,0.275551,0.206156,0.003355,0.008864,0
396,8,0.307824,0.20981,0.008094,0.008197,0
396,9,0.296972,0.224486,0.005852,0.015267,0
397,0,0.4,0.200169,0.011565,0.074377,0
397,1,0.4,0.222263,0.011739,0.063343,0
397,2,0.4,0.206937,0.013689,0.069905,0
397,3,0.4,0.249033,0.01019,0.065862,0
397,4,0.38445,0.228496,0.009431,0.068555,0
397,5,0.39533,0.241269,0.011255,0.071172,0
397,6,0.390574,0.224765,0.013558,0.075162,0
397,7,0.370782,0.226865,0.012415,0.068611,0
397,8,0.385836,0.244393,0.015893,0.071948,0
397,9,0.388096,0.215442,0.01104,0.069736,0
398,0,0.101436,0.060966,0.034329,0.087581,0
398,1,0.073754,0.097719,0.032871,0.092892,0
398,2,0.063435,0.068735,0.028962,0.088975,0
398,3,0.056406,0.066564,0.026851,0.087597,0
398,4,0.053427,0.069596,0.030159,0.088565,0
398,5,0.082059,0.066648,0.028777,0.09018,0
398,6,0.060048,0.056268,0.032442,0.087781,0
398,7,0.048165,0.06815,0.027628,0.083344,0
398,8,0.076115,0.062185,0.024359,0.091776,0
398,9,0.073936,0.044386,0.030791,0.090078,0
399,0,0.242142,0.272413,0.005779,0.043446,0
399,1,0.299342,0.235687,0.001247,0.042323,0
399,2,0.296029,0.272126,0.005071,0.041669,0
399,3,0.310449,0.269791,0.007003,0.033181,0
399,4,0.308734,0.265501,0.008132,0.038511,0
399,5,0.314675,0.267099,0.008673,0.038975,0
399,6,0.308165,0.255564,0.005162,0.038542,0
399,7,0.315335,0.24209,0.004908,0.04273,0
399,8,0.305021,0.251304,0.002158,0.039846,0
399,9,0.311451,0.241087,0.000356,0.037455,0
400,0,0.0,0.325052,0.034595,0.055953,0
400,1,0.027272,0.335013,0.036161,0.054932,0
400,2,0.0,0.293399,0.032105,0.060903,0
400,3,0.007337,0.309315,0.033605,0.052778,0
400,4,0.026963,0.30929,0.037343,0.054843,0
400,5,0.069273,0.310427,0.038386,0.059279,0
400,6,0.014641,0.321749,0.031817,0.049611,0
400,7,0.022929,0.318862,0.031033,0.061549,0
400,8,0.016903,0.319111,0.032121,0.053712,0
400,9,0.01665,0.319723,0.03405,0.0565,0
401,0,0.78901,0.65,0.48434,0.404498,2
401,1,0.790602,0.652894,0.499049,0.416325,2
401,2,0.795884,0.65,0.508039,0.425828,2
401,3,0.793773,0.65,0.506922,0.414378,2
401,4,0.790846,0.65,0.488496,0.437591,2
401,5,0.779771,0.658522,0.509073,0.40394,2
401,6,0.79259,0.668023,0.47453,0.411756,2
401,7,0.777844,0.652044,0.498575,0.426394,2
401,8,0.790796,0.653794,0.476867,0.437572,2
401,9,0.79806,0.65439,0.46774,0.416395,2
402,0,0.877877,0.96916,0.802441,0.883925,3
402,1,0.896074,0.977192,0.810706,0.868324,3
402,2,0.890657,0.987685,0.778653,0.844929,3
402,3,0.887549,0.977019,0.786742,0.878202,3
402,4,0.883741,0.97645,0.7746,0.887515,3
402,5,0.893763,0.973611,0.78106,0.858243,3
402,6,0.886107,0.983662,0.770321,0.892949,3
402,7,0.892656,0.978986,0.786692,0.845909,3
402,8,0.888567,0.967899,0.811251,0.822094,3
402,9,0.898473,0.988854,0.779183,0.822516,3
403,0,0.752394,0.813014,0.32648,0.425377,2
403,1,0.746413,0.813894,0.319985,0.450417,2
403,2,0.769698,0.817278,0.319809,0.444717,2
403,3,0.761423,0.808585,0.300982,0.449684,2
403,4,0.775724,0.824704,0.324365,0.447009,2
403,5,0.758606,0.812167,0.321653,0.461233,2
403,6,0.761589,0.8318,0.292725,0.425863,2
403,7,0.767399,0.81899,0.295483,0.448753,2
403,8,0.765515,0.815608,0.273939,0.455796,2
403,9,0.762994,0.823596,0.298571,0.434343,2
404,0,0.305815,0.310335,0.039872,0.039211,0
404,1,0.335579,0.292741,0.045594,0.038379,0
404,2,0.306453,0.284297,0.050722,0.043507,0
404,3,0.305063,0.277391,0.047081,0.036131,0
404,4,0.342389,0.279692,0.047984,0.045918,0
404,5,0.33658,0.288655,0.04921,0.045645,0
404,6,0.31054,0.316772,0.048797,0.043855,0
404,7,0.306168,0.283816,0.0502,0.043652,0
404,8,0.341527,0.280868,0.051298,0.039279,0
404,9,0.337598,0.268017,0.054522,0.042916,0
405,0,0.684884,0.705481,0.482411,0.53184,2
405,1,0.683765,0.707249,0.493417,0.547838,2
405,2,0.681196,0.698976,0.495684,0.543336,2
405,3,0.678812,0.703116,0.520316,0.563446,2
405,4,0.689401,0.697486,0.483532,0.584839,2
405,5,0.683825,0.712137,0.486125,0.566849,2
405,6,0.686549,0.706734,0.518094,0.55975,2
405,7,0.680842,0.718683,0.474615,0.535081,2
405,8,0.692988,0.708946,0.490859,0.547526,2
405,9,0.695468,0.700786,0.51089,0.542651,2
406,0,0.746946,0.676019,0.54621,0.481083,2
406,1,0.735919,0.678098,0.525767,0.470799,2
406,2,0.742446,0.693301,0.516755,0.442089,2
406,3,0.739291,0.689972,0.512272,0.457128,2
406,4,0.741892,0.688677,0.502307,0.449747,2
406,5,0.731406,0.682863,0.492247,0.466999,2
406,6,0.738218,0.670973,0.491435,0.474306,2
406,7,0.728025,0.674834,0.493777,0.474416,2
406,8,0.732114,0.663329,0.520086,0.467231,2
406,9,0.734244,0.671402,0.530745,0.47207,2
407,0,0.134232,0.201488,0.058635,0.053251,0
407,1,0.132978,0.197688,0.063563,0.05673,0
407,2,0.155516,0.222227,0.059763,0.057688,0
407,3,0.154081,0.215634,0.061235,0.054338,0
407,4,0.149653,0.202037,0.060277,0.058829,0
407,5,0.161373,0.245881,0.057638,0.057395,0
407,6,0.124109,0.233519,0.05846,0.055388,0
407,7,0.150869,0.209911,0.057703,0.062646,0
407,8,0.160874,0.226825,0.056463,0.055082,0
407,9,0.151395,0.228386,0.060649,0.053431,0
408,0,0.093234,0.035629,0.037128,0.030706,0
408,1,0.10931,0.011738,0.031011,0.035731,0
408,2,0.116281,0.041684,0.033952,0.025181,0
408,3,0.055354,0.027725,0.032627,0.028981,0
408,4,0.080936,0.031276,0.035387,0.031882,0
408,5,0.095547,0.031132,0.033239,0.037947,0
408,6,0.060638,0.069981,0.03481,0.035519,0
408,7,0.078684,0.047563,0.035273,0.026958,0
408,8,0.080622,0.011737,0.032626,0.028974,0
408,9,0.071946,0.001967,0.03235,0.02967,0
409,0,0.55339,0.450295,0.16784,0.254115,1
409,1,0.540427,0.449644,0.175023,0.245229,1
409,2,0.56691,0.43747,0.189733,0.265903,1
409,3,0.552826,0.436141,0.191955,0.259651,1
409,4,0.535339,0.441945,0.189175,0.251738,1
409,5,0.564497,0.430408,0.164962,0.266518,1
409,6,0.551308,0.437669,0.168501,0.263818,1
409,7,0.557828,0.438994,0.169695,0.257155,1
409,8,0.559169,0.434999,0.176044,0.264088,1
409,9,0.553194,0.443429,0.189154,0.263091,1
410,0,0.076466,0.239912,0.023675,0.058466,0
410,1,0.085549,0.190913,0.023394,0.059638,0
410,2,0.077935,0.202791,0.021781,0.053477,0
410,3,0.079511,0.192391,0.019078,0.062944,0
410,4,0.071964,0.210497,0.016498,0.062403,0
410,5,0.066875,0.222058,0.019563,0.058348,0
410,6,0.058151,0.20383,0.021092,0.059279,0
410,7,0.067811,0.216178,0.0238,0.061639,0
410,8,0.067707,0.191624,0.022309,0.057294,0
410,9,0.079279,0.21861,0.022905,0.052859,0
411,0,0.046916,0.061309,0.021929,0.098415,0
411,1,0.074931,0.02276,0.024607,0.098984,0
411,2,0.065807,0.027381,0.021937,0.099964,0
411,3,0.075695,0.033302,0.026243,0.1,0
411,4,0.053407,0.031825,0.023237,0.097947,0
411,5,0.057805,0.03815,0.028131,0.098137,0
411,6,0.041394,0.036649,0.028903,0.095077,0
411,7,0.044823,0.042417,0.022389,0.1,0
411,8,0.022849,0.045258,0.027921,0.095027,0
411,9,0.045742,0.029496,0.023477,0.098481,0
412,0,0.21815,0.333702,0.011961,0.094512,0
412,1,0.231259,0.330524,0.01086,0.087476,0
412,2,0.247674,0.340438,0.011798,0.089847,0
412,3,0.237957,0.35553,0.012853,0.093345,0
412,4,0.25338,0.36424,0.007511,0.089699,0
412,5,0.263641,0.358251,0.008942,0.089219,0
412,6,0.250071,0.338301,0.012268,0.092502,0
412,7,0.247473,0.341312,0.005614,0.087481,0
412,8,0.252518,0.368042,0.00625,0.097778,0
412,9,0.240271,0.348657,0.01101,0.095211,0
413,0,0.208575,0.197968,0.065318,0.02342,0
413,1,0.175568,0.195183,0.063424,0.021189,0
413,2,0.191136,0.198181,0.060537,0.017233,0
413,3,0.184427,0.181487,0.065293,0.025479,0
413,4,0.152208,0.179074,0.065756,0.023307,0
413,5,0.16041,0.186649,0.06122,0.0196,0
413,6,0.174373,0.192369,0.065158,0.019797,0
413,7,0.158802,0.188643,0.056903,0.021362,0
413,8,0.172681,0.20319,0.059452,0.02351,0
413,9,0.186156,0.205789,0.063053,0.023636,0
414,0,0.261866,0.025547,0.041063,0.083633,0
414,1,0.2666,0.027043,0.039429,0.077627,0
414,2,0.264892,0.020763,0.043423,0.078403,0
414,3,0.278795,0.013115,0.038499,0.080742,0
414,4,0.274808,0.019773,0.04261,0.075152,0
414,5,0.268644,0.031665,0.039138,0.079833,0
414,6,0.238835,0.016892,0.043866,0.070349,0
414,7,0.284548,0.009221,0.040407,0.082471,0
414,8,0.256054,0.047545,0.041555,0.077599,0
414,9,0.280778,0.037017,0.044825,0.074581,0
415,0,0.024723,0.154943,0.02104,0.094023,0
415,1,0.042823,0.187039,0.021094,0.1,0
415,2,0.063529,0.166669,0.020599,0.096811,0
415,3,0.045617,0.17812,0.023957,0.097412,0
415,4,0.069914,0.136928,0.023242,0.1,0
415,5,0.046132,0.133171,0.024275,0.094594,0
415,6,0.051133,0.139205,0.024487,0.1,0
415,7,0.044996,0.14365,0.023406,0.099226,0
415,8,0.000952,0.127095,0.020743,0.098048,0
415,9,0.060083,0.160426,0.021591,0.08745,0
416,0,0.261761,0.067277,0.006989,0.080268,0
416,1,0.254269,0.071428,0.014724,0.081304,0
416,2,0.254892,0.043984,0.012355,0.073198,0
416,3,0.246919,0.033297,0.010028,0.076947,0
416,4,0.271637,0.066315,0.012389,0.074222,0
416,5,0.266206,0.047301,0.014334,0.071573,0
416,6,0.29421,0.049744,0.016267,0.079736,0
416,7,0.302161,0.065796,0.011732,0.075846,0
416,8,0.31544,0.063112,0.0202,0.079657,0
416,9,0.310638,0.049522,0.01482,0.072554,0
417,0,0.391267,0.152076,0.034753,0.054151,0
417,1,0.399831,0.17108,0.033265,0.061813,0
417,2,0.376154,0.183245,0.032378,0.059149,0
417,3,0.4,0.173388,0.03427,0.060075,0
417,4,0.4,0.192042,0.037188,0.062265,0
417,5,0.4,0.177903,0.037515,0.060263,0
417,6,0.4,0.176534,0.034197,0.063612,0
417,7,0.4,0.169003,0.037177,0.058562,0
417,8,0.4,0.193232,0.044868,0.059444,0
417,9,0.4,0.215506,0.03955,0.061039,0
418,0,0.0,0.158201,0.016359,0.012604,0
418,1,0.027993,0.15873,0.016105,0.004746,0
418,2,0.02395,0.138919,0.022965,0.017965,0
418,3,0.019369,0.130763,0.0202,0.013478,0
418,4,0.000365,0.169942,0.014721,0.000401,0
418,5,0.027596,0.157793,0.016751,0.004573,0
418,6,0.039226,0.163436,0.013237,0.0,0
418,7,0.03241,0.146051,0.015408,0.000746,0
418,8,0.022354,0.112452,0.014727,0.002925,0
418,9,0.009453,0.136865,0.011422,0.004969,0
419,0,0.24305,0.006461,0.04035,0.005704,0
419,1,0.207561,0.03876,0.041428,0.004988,0
419,2,0.243695,0.05004,0.042113,0.011491,0
419,3,0.241804,0.045796,0.044052,0.005751,0
419,4,0.243122,0.006251,0.035209,0.008923,0
419,5,0.250484,0.030608,0.038604,0.007663,0
419,6,0.241009,0.006288,0.041148,0.005979,0
419,7,0.240664,0.030763,0.036968,0.003046,0
419,8,0.257223,0.018098,0.042314,0.006767,0
419,9,0.222651,0.022322,0.039215,0.008726,0
420,0,0.906722,0.851652,0.884423,0.706624,3
420,1,0.901279,0.856303,0.897699,0.74985,3
420,2,0.901237,0.869441,0.899059,0.714976,3
420,3,0.907168,0.866052,0.910338,0.747645,3
420,4,0.907798,0.85227,0.878014,0.712721,3
420,5,0.896912,0.865626,0.885301,0.747753,3
420,6,0.91088,0.865463,0.897515,0.745482,3
420,7,0.900746,0.87135,0.874133,0.751833,3
420,8,0.896402,0.866639,0.871868,0.776334,3
420,9,0.903687,0.866485,0.88428,0.738426,3
421,0,0.301847,0.333931,0.016593,0.012908,0
421,1,0.331616,0.349906,0.016368,0.022592,0
421,2,0.30316,0.351329,0.018276,0.019569,0
421,3,0.312688,0.350377,0.016589,0.014626,0
421,4,0.319101,0.388117,0.020668,0.018914,0
421,5,0.326736,0.348805,0.016482,0.018995,0
421,6,0.328814,0.350481,0.015669,0.021109,0
421,7,0.309117,0.384889,0.016107,0.01378,0
421,8,0.301567,0.368858,0.019719,0.006442,0
421,9,0.288995,0.368493,0.016345,0.008944,0
422,0,0.197664,0.198237,0.062292,0.017088,0
422,1,0.22932,0.205367,0.058602,0.020371,0
422,2,0.219793,0.224439,0.061202,0.021496,0
422,3,0.222877,0.210196,0.059108,0.020024,0
422,4,0.205669,0.246237,0.0664,0.021899,0
422,5,0.207688,0.216709,0.060835,0.020939,0
422,6,0.196531,0.220407,0.065069,0.026217,0
422,7,0.18336,0.198249,0.066667,0.027378,0
422,8,0.187084,0.208742,0.06388,0.023521,0
422,9,0.205331,0.248058,0.065053,0.027983,0
423,0,0.751856,0.679122,0.287731,0.340867,2
423,1,0.76515,0.679377,0.266667,0.345684,2
423,2,0.755946,0.675014,0.266667,0.346805,2
423,3,0.770739,0.671108,0.285377,0.341401,2
423,4,0.753803,0.67687,0.266667,0.337002,2
423,5,0.782684,0.666252,0.304886,0.357921,2
423,6,0.764906,0.674402,0.266789,0.341984,2
423,7,0.765411,0.667678,0.273194,0.351117,2
423,8,0.757724,0.684041,0.28477,0.365783,2
423,9,0.760071,0.682749,0.303962,0.354389,2
424,0,0.391339,0.261045,0.05952,0.044454,0
424,1,0.374182,0.270951,0.061635,0.049771,0
424,2,0.384465,0.245708,0.057326,0.035948,0
424,3,0.4,0.256675,0.059597,0.039068,0
424,4,0.37041,0.272181,0.062213,0.039128,0
424,5,0.384182,0.267955,0.056888,0.047035,0
424,6,0.381065,0.278259,0.058402,0.04209,0
424,7,0.4,0.256962,0.056574,0.04743,0
424,8,0.4,0.265158,0.047233,0.044772,0
424,9,0.4,0.251924,0.056881,0.043346,0
425,0,0.172543,0.06256,0.027775,0.063754,0
425,1,0.154385,0.066687,0.031048,0.065796,0
425,2,0.168565,0.077974,0.025158,0.060558,0
425,3,0.182029,0.047016,0.031437,0.066185,0
425,4,0.180158,0.044457,0.029859,0.06804,0
425,5,0.191288,0.037246,0.029337,0.049243,0
425,6,0.189538,0.073238,0.030755,0.061231,0
425,7,0.196174,0.068154,0.032605,0.058862,0
425,8,0.196243,0.021157,0.032428,0.058407,0
425,9,0.193547,0.052469,0.031274,0.056227,0
426,0,0.470518,0.442405,0.150403,0.264574,1
426,1,0.46844,0.453694,0.152777,0.273246,1
426,2,0.470884,0.473802,0.145483,0.278215,1
426,3,0.485223,0.461893,0.143909,0.274091,1
426,4,0.481395,0.453726,0.148994,0.285518,1
426,5,0.479292,0.457002,0.14634,0.288171,1
426,6,0.468394,0.467601,0.146378,0.294065,1
426,7,0.484762,0.457771,0.153044,0.285789,1
426,8,0.488441,0.446317,0.157566,0.258981,1
426,9,0.480985,0.454219,0.153524,0.288835,1
427,0,0.390905,0.171137,0.002342,0.020132,0
427,1,0.367287,0.154033,0.0,0.028469,0
427,2,0.355761,0.163006,0.0,0.027455,0
427,3,0.388414,0.183442,0.0,0.026963,0
427,4,0.367442,0.147185,0.0,0.018795,0
427,5,0.375511,0.154267,0.001414,0.011261,0
427,6,0.377093,0.156065,0.0,0.018169,0
427,7,0.383469,0.177354,0.000133,0.01692,0
427,8,0.38707,0.208614,0.001058,0.013703,0
427,9,0.373212,0.184664,0.001611,0.015162,0
428,0,0.115242,0.0,0.027603,0.009923,0
428,1,0.104903,0.0,0.029928,0.006832,0
428,2,0.091881,0.0,0.028086,0.008111,0
428,3,0.151396,0.0,0.026251,0.0,0
428,4,0.140461,0.022652,0.030106,0.002643,0
428,5,0.12855,0.0,0.029432,0.003029,0
428,6,0.115039,0.0,0.026111,0.0,0
428,7,0.138678,0.0,0.031423,0.0,0
428,8,0.154758,0.0,0.027989,0.002717,0
428,9,0.135535,0.0,0.025426,0.003065,0
429,0,0.192863,0.264552,0.06596,0.049626,0
429,1,0.183804,0.252044,0.066496,0.049608,0
429,2,0.166714,0.261647,0.064827,0.043398,0
429,3,0.170509,0.268311,0.063582,0.041827,0
429,4,0.168485,0.262936,0.063661,0.046202,0
429,5,0.18192,0.276314,0.065918,0.050114,0
429,6,0.18424,0.255747,0.063681,0.047661,0
429,7,0.169632,0.285773,0.063637,0.044129,0
429,8,0.182381,0.242782,0.066376,0.04588,0
429,9,0.178069,0.258787,0.062453,0.036796,0
430,0,0.493127,0.515936,0.217419,0.288287,1
430,1,0.502524,0.519333,0.195472,0.284821,1
430,2,0.506053,0.514686,0.195836,0.292985,1
430,3,0.516511,0.494568,0.20512,0.287507,1
430,4,0.507486,0.515043,0.211446,0.288857,1
430,5,0.517618,0.509568,0.201878,0.285046,1
430,6,0.515332,0.505839,0.201358,0.275274,1
430,7,0.505632,0.513708,0.207808,0.272072,1
430,8,0.509884,0.492381,0.193102,0.279496,1
430,9,0.520142,0.484129,0.192041,0.278539,1
431,0,0.227045,0.29879,0.026473,0.047838,0
431,1,0.218541,0.29939,0.020366,0.058382,0
431,2,0.22169,0.320781,0.022136,0.053352,0
431,3,0.22148,0.319092,0.02021,0.045249,0
431,4,0.243275,0.305982,0.019999,0.04515,0
431,5,0.223852,0.304896,0.025158,0.050677,0
431,6,0.21979,0.299633,0.020053,0.050105,0
431,7,0.228165,0.299991,0.017846,0.056564,0
431,8,0.238014,0.279106,0.017597,0.05004,0
431,9,0.264527,0.302412,0.019623,0.053869,0
432,0,0.160173,0.361896,0.065628,0.083566,0
432,1,0.155129,0.353245,0.065844,0.07933,0
432,2,0.148887,0.324333,0.062032,0.078636,0
432,3,0.155375,0.331261,0.062005,0.092225,0
432,4,0.164559,0.348681,0.064229,0.087343,0
432,5,0.176943,0.35419,0.064114,0.099048,0
432,6,0.186928,0.321364,0.063709,0.08867,0
432,7,0.172884,0.32255,0.060967,0.091556,0
432,8,0.168633,0.345426,0.066667,0.090366,0
432,9,0.152315,0.325352,0.066667,0.09228,0
433,0,0.71588,0.741682,0.537378,0.339561,2
433,1,0.707371,0.74438,0.543747,0.328558,2
433,2,0.698092,0.750586,0.555701,0.342118,2
433,3,0.708279,0.744652,0.5455,0.347558,2
433,4,0.703059,0.727459,0.568972,0.345035,2
433,5,0.722262,0.73542,0.531165,0.359434,2
433,6,0.69451,0.741668,0.500561,0.357305,2
433,7,0.702544,0.732832,0.525402,0.344802,2
433,8,0.706042,0.741915,0.526778,0.335449,2
433,9,0.701329,0.745548,0.549245,0.354881,2
434,0,0.474349,0.622783,0.150482,0.287439,1
434,1,0.470509,0.618561,0.14891,0.282106,1
434,2,0.484859,0.614175,0.152585,0.277803,1
434,3,0.464004,0.62827,0.157587,0.282698,1
434,4,0.470709,0.603752,0.145059,0.269208,1
434,5,0.471203,0.621027,0.146569,0.279122,1
434,6,0.478623,0.617476,0.135618,0.276615,1
434,7,0.461526,0.621221,0.16011,0.282295,1
434,8,0.480674,0.608843,0.133583,0.296562,1
434,9,0.462105,0.618014,0.150319,0.290795,1
435,0,0.009788,0.094726,0.063724,0.089678,0
435,1,0.004163,0.074489,0.061032,0.088097,0
435,2,0.020561,0.09576,0.057004,0.088365,0
435,3,0.0,0.076984,0.060476,0.1,0
435,4,0.029573,0.076637,0.060721,0.087827,0
435,5,0.014653,0.085666,0.052758,0.089719,0
435,6,0.01682,0.117597,0.055375,0.08572,0
435,7,0.01102,0.083292,0.055173,0.085173,0
435,8,0.012312,0.070951,0.055639,0.091915,0
435,9,0.008392,0.08289,0.057212,0.090025,0
436,0,1.0,0.933642,0.793922,0.793709,3
436,1,1.0,0.932619,0.817588,0.802983,3
436,2,0.994167,0.929931,0.8125,0.812768,3
436,3,1.0,0.92094,0.792835,0.83317,3
436,4,0.991931,0.937789,0.796957,0.792355,3
436,5,0.995073,0.941712,0.811399,0.804075,3
436,6,1.0,0.920006,0.78841,0.822594,3
436,7,0.995961,0.926178,0.793573,0.792906,3
436,8,0.996931,0.920517,0.827438,0.778845,3
436,9,0.996985,0.930996,0.791143,0.816225,3
437,0,0.660995,0.700226,0.636751,0.390252,2
437,1,0.655588,0.686614,0.666667,0.405136,2
437,2,0.673729,0.672699,0.642461,0.394582,2
437,3,0.672549,0.68731,0.666667,0.39772,2
437,4,0.664406,0.703527,0.666667,0.405297,2
437,5,0.67607,0.691745,0.666667,0.37401,2
437,6,0.666336,0.682804,0.666667,0.396866,2
437,7,0.675138,0.698332,0.666667,0.398604,2
437,8,0.658024,0.708292,0.661854,0.410986,2
437,9,0.680183,0.694582,0.657722,0.429883,2
438,0,0.245346,0.232057,0.064639,0.055675,0
438,1,0.259769,0.231668,0.062412,0.075104,0
438,2,0.238983,0.243256,0.06563,0.064653,0
438,3,0.213193,0.239848,0.064802,0.066318,0
438,4,0.256569,0.243304,0.061548,0.06733,0
438,5,0.216566,0.20066,0.060839,0.064205,0
438,6,0.223862,0.223618,0.063122,0.067336,0
438,7,0.224653,0.202537,0.066008,0.060002,0
438,8,0.21521,0.214655,0.065624,0.065096,0
438,9,0.199621,0.222618,0.066667,0.058481,0
439,0,0.288857,0.238363,0.041075,0.02804,0
439,1,0.301148,0.238726,0.04136,0.034401,0
439,2,0.31109,0.219219,0.039732,0.030854,0
439,3,0.31288,0.25985,0.046512,0.029405,0
439,4,0.274201,0.264048,0.044612,0.036745,0
439,5,0.273737,0.256712,0.044063,0.034066,0
439,6,0.28188,0.224649,0.038249,0.036519,0
439,7,0.28574,0.226854,0.039096,0.034933,0
439,8,0.276288,0.260845,0.045199,0.032953,0
439,9,0.254637,0.235758,0.043998,0.029149,0
440,0,0.294862,0.310251,0.00314,0.085214,0
440,1,0.28691,0.305472,0.008333,0.082221,0
440,2,0.316577,0.321006,0.008065,0.082493,0
440,3,0.307281,0.327821,0.0081,0.083015,0
440,4,0.299604,0.334118,0.011401,0.082129,0
440,5,0.291368,0.31305,0.00744,0.087826,0
440,6,0.294475,0.300484,0.007485,0.079323,0
440,7,0.299307,0.288417,0.011196,0.079749,0
440,8,0.284533,0.310657,0.002892,0.091026,0
440,9,0.272231,0.300771,0.007642,0.084134,0
441,0,0.275525,0.333406,0.03244,0.006271,0
441,1,0.293867,0.326981,0.034745,0.014219,0
441,2,0.286504,0.326817,0.033853,0.009167,0
441,3,0.28474,0.340913,0.033925,0.013266,0
441,4,0.300343,0.340217,0.032692,0.016971,0
441,5,0.302033,0.356675,0.030419,0.009322,0
441,6,0.247016,0.34864,0.031848,0.008899,0
441,7,0.294416,0.327514,0.031197,0.011286,0
441,8,0.293012,0.337776,0.031366,0.013872,0
441,9,0.326883,0.32006,0.027856,0.01722,0
442,0,0.988979,0.898664,0.814649,0.917343,3
442,1,0.992673,0.911812,0.841651,0.90218,3
442,2,0.975843,0.901309,0.821116,0.893259,3
442,3,0.985044,0.897829,0.812866,0.925102,3
442,4,0.979471,0.905003,0.828048,0.91794,3
442,5,0.972821,0.903144,0.827493,0.909713,3
442,6,0.983889,0.902757,0.843673,0.900475,3
442,7,0.977705,0.893311,0.817955,0.910735,3
442,8,0.982873,0.902625,0.810623,0.916256,3
442,9,0.974133,0.894419,0.821877,0.913904,3
443,0,0.255141,0.004435,0.006766,0.033894,0
443,1,0.237008,0.013648,0.012361,0.027725,0
443,2,0.243327,0.028598,0.012611,0.031152,0
443,3,0.286374,0.009359,0.009743,0.027671,0
443,4,0.262249,0.009497,0.014649,0.033328,0
443,5,0.284242,0.0,0.01068,0.028209,0
443,6,0.247619,0.0,0.016247,0.03699,0
443,7,0.260254,0.021137,0.008979,0.038608,0
443,8,0.295588,0.0,0.020616,0.042014,0
443,9,0.289367,0.011529,0.013236,0.037124,0
444,0,0.189929,0.359135,0.028395,0.050617,0
444,1,0.190024,0.36148,0.026261,0.057094,0
444,2,0.20133,0.364377,0.028209,0.054316,0
444,3,0.203112,0.351606,0.023035,0.053309,0
444,4,0.182968,0.360878,0.025846,0.053828,0
444,5,0.209712,0.38802,0.027371,0.058014,0
444,6,0.197254,0.338468,0.023804,0.053285,0
444,7,0.198123,0.362386,0.028391,0.0614,0
444,8,0.17,0.4,0.021531,0.064342,0
444,9,0.18093,0.373758,0.026893,0.053695,0
445,0,0.42413,0.560849,0.162673,0.233268,1
445,1,0.428976,0.552509,0.159275,0.241467,1
445,2,0.419628,0.55458,0.16648,0.230004,1
445,3,0.42326,0.559857,0.158538,0.234233,1
445,4,0.406969,0.549099,0.163772,0.227764,1
445,5,0.411374,0.561521,0.163575,0.226778,1
445,6,0.404471,0.559977,0.170377,0.230445,1
445,7,0.4,0.55792,0.167552,0.229019,1
445,8,0.406252,0.555994,0.157276,0.229661,1
445,9,0.4,0.549255,0.171284,0.225583,1
446,0,0.171507,0.378981,0.065565,0.055946,0
446,1,0.187193,0.381366,0.066667,0.055313,0
446,2,0.178631,0.375834,0.066667,0.059274,0
446,3,0.179018,0.4,0.066667,0.063878,0
446,4,0.196843,0.37423,0.066667,0.057439,0
446,5,0.186031,0.367014,0.066667,0.055525,0
446,6,0.183283,0.384998,0.066667,0.053532,0
446,7,0.204761,0.395526,0.066667,0.062871,0
446,8,0.222063,0.393191,0.066667,0.054405,0
446,9,0.205196,0.370258,0.066667,0.060953,0
447,0,0.304604,0.049132,0.050983,0.033972,0
447,1,0.308853,0.039505,0.052912,0.033315,0
447,2,0.304791,0.046277,0.055039,0.034469,0
447,3,0.310869,0.006321,0.054713,0.03367,0
447,4,0.302474,0.016846,0.055387,0.039178,0
447,5,0.325882,0.01921,0.057376,0.033654,0
447,6,0.325229,0.03165,0.058887,0.034994,0
447,7,0.305543,0.048969,0.060466,0.027429,0
447,8,0.308992,0.05485,0.059236,0.033491,0
447,9,0.298453,0.021288,0.059941,0.026165,0
448,0,0.292023,0.387034,0.016752,0.04378,0
448,1,0.329841,0.378785,0.017997,0.046793,0
448,2,0.317466,0.385898,0.017308,0.043831,0
448,3,0.314675,0.366744,0.022246,0.047882,0
448,4,0.32448,0.39943,0.023736,0.037865,0
448,5,0.295303,0.377144,0.020815,0.040598,0
448,6,0.293662,0.388221,0.020545,0.042263,0
448,7,0.308861,0.355729,0.021804,0.040127,0
448,8,0.309825,0.4,0.019615,0.034824,0
448,9,0.310734,0.390149,0.019706,0.03412,0
449,0,0.308337,0.331134,0.02096,0.079947,0
449,1,0.306326,0.303084,0.018665,0.078793,0
449,2,0.305373,0.349479,0.016586,0.07475,0
449,3,0.281234,0.333437,0.019281,0.076596,0
449,4,0.302311,0.313146,0.014148,0.071983,0
449,5,0.282735,0.334864,0.015903,0.079641,0
449,6,0.280315,0.352473,0.021514,0.072101,0
449,7,0.324279,0.34009,0.021575,0.076181,0
449,8,0.309862,0.34332,0.019688,0.075397,0
449,9,0.311074,0.339918,0.021423,0.077703,0
450,0,0.0,0.285807,0.060769,0.066157,0
450,1,0.031736,0.287693,0.056639,0.067921,0
450,2,0.038534,0.309341,0.053768,0.070739,0
450,3,0.024369,0.309007,0.055087,0.066551,0
450,4,0.02089,0.292382,0.057017,0.064869,0
450,5,0.048469,0.315819,0.064204,0.071925,0
450,6,0.065854,0.27899,0.054739,0.067952,0
450,7,0.073027,0.332589,0.058332,0.066519,0
450,8,0.055061,0.28516,0.0591,0.06994,0
450,9,0.087975,0.304579,0.061214,0.060641,0
451,0,0.784767,0.693013,0.301008,0.6,2
451,1,0.792545,0.682992,0.275992,0.576283,2
451,2,0.79914,0.672327,0.280397,0.59038,2
451,3,0.803484,0.683033,0.291775,0.6,2
451,4,0.801351,0.681985,0.288805,0.6,2
451,5,0.785456,0.669307,0.297655,0.6,2
451,6,0.793341,0.688143,0.274578,0.6,2
451,7,0.801342,0.670534,0.283433,0.6,2
451,8,0.809978,0.67373,0.29325,0.597962,2
451,9,0.806013,0.685119,0.293959,0.6,2
452,0,1.0,0.939879,0.968967,0.739205,3
452,1,1.0,0.934068,0.970375,0.738557,3
452,2,0.991805,0.934497,0.960911,0.760311,3
452,3,0.99378,0.925433,0.936148,0.758389,3
452,4,0.998866,0.94001,0.956475,0.759387,3
452,5,0.985021,0.929382,0.943156,0.755669,3
452,6,1.0,0.932958,0.947568,0.774709,3
452,7,0.998255,0.937022,0.954954,0.743324,3
452,8,1.0,0.928302,0.976114,0.76818,3
452,9,1.0,0.92532,0.958402,0.757259,3
453,0,0.380379,0.310373,0.052157,0.010952,0
453,1,0.363813,0.302533,0.052997,0.007059,0
453,2,0.330757,0.300888,0.049254,0.011029,0
453,3,0.4,0.319203,0.052221,0.00119,0
453,4,0.369252,0.335461,0.051562,0.0,0
453,5,0.388186,0.320472,0.057133,0.006833,0
453,6,0.388643,0.297151,0.048909,0.00627,0
453,7,0.368856,0.308161,0.053098,0.00332,0
453,8,0.337641,0.34177,0.057935,0.006593,0
453,9,0.343982,0.302747,0.055907,0.012406,0
454,0,0.287908,0.28673,0.057002,0.000744,0
454,1,0.312178,0.283265,0.053384,0.001362,0
454,2,0.306692,0.316652,0.050594,0.001443,0
454,3,0.271804,0.268686,0.052329,0.000373,0
454,4,0.328532,0.314212,0.053202,6.8e-05,0
454,5,0.320308,0.305458,0.054739,0.0,0
454,6,0.310696,0.294809,0.054374,0.0,0
454,7,0.317074,0.287257,0.05664,0.0,0
454,8,0.353554,0.316484,0.051626,0.0,0
454,9,0.326416,0.308197,0.052497,0.0,0
455,0,0.160796,0.346214,0.045016,0.056951,0
455,1,0.1727,0.346246,0.044979,0.062135,0
455,2,0.173825,0.327488,0.040837,0.060714,0
455,3,0.168058,0.339536,0.038307,0.053223,0
455,4,0.179515,0.322946,0.041984,0.056606,0
455,5,0.153693,0.343542,0.042736,0.060424,0
455,6,0.147798,0.314314,0.046129,0.057548,0
455,7,0.162676,0.330733,0.043782,0.04885,0
455,8,0.167903,0.337941,0.041239,0.055843,0
455,9,0.156039,0.339186,0.046155,0.055094,0
456,0,0.423738,0.534151,0.16304,0.186157,1
456,1,0.411899,0.545689,0.166093,0.187738,1
456,2,0.4,0.539847,0.160316,0.179624,1
456,3,0.406117,0.539553,0.164221,0.203534,1
456,4,0.4,0.55976,0.170701,0.201118,1
456,5,0.41144,0.564456,0.165996,0.213329,1
456,6,0.414727,0.539175,0.176198,0.215682,1
456,7,0.409046,0.549301,0.167863,0.187977,1
456,8,0.40397,0.556586,0.164975,0.19803,1
456,9,0.418267,0.556535,0.159763,0.202374,1
457,0,0.4,0.065572,0.028471,0.084516,0
457,1,0.399307,0.05876,0.029753,0.087487,0
457,2,0.386772,0.068603,0.028177,0.084032,0
457,3,0.4,0.036061,0.028215,0.089969,0
457,4,0.396781,0.051912,0.025889,0.088593,0
457,5,0.3626,0.08331,0.026661,0.092438,0
457,6,0.365747,0.041223,0.025423,0.085203,0
457,7,0.355992,0.040412,0.02953,0.086015,0
457,8,0.353313,0.034874,0.029621,0.084256,0
457,9,0.370065,0.055316,0.025336,0.083199,0
458,0,0.588828,0.501446,0.157718,0.244789,1
458,1,0.608532,0.487812,0.142311,0.239691,1
458,2,0.589833,0.498432,0.153759,0.246287,1
458,3,0.59608,0.508503,0.155269,0.240092,1
458,4,0.600904,0.507863,0.15837,0.231942,1
458,5,0.616443,0.501182,0.14928,0.223024,1
458,6,0.603783,0.509793,0.15833,0.23764,1
458,7,0.604656,0.492969,0.14243,0.223848,1
458,8,0.600945,0.502445,0.151582,0.222751,1
458,9,0.598705,0.500375,0.153149,0.230576,1
459,0,0.143392,0.14685,0.049625,0.069596,0
459,1,0.122653,0.109761,0.053858,0.061216,0
459,2,0.13527,0.146303,0.054753,0.063037,0
459,3,0.131152,0.10387,0.054652,0.058781,0
459,4,0.13391,0.107732,0.046327,0.061217,0
459,5,0.149914,0.097996,0.047405,0.067075,0
459,6,0.159458,0.079934,0.055198,0.067659,0
459,7,0.144666,0.104405,0.049372,0.067685,0
459,8,0.146252,0.076335,0.049667,0.066928,0
459,9,0.150054,0.063858,0.053695,0.064015,0
460,0,0.814306,0.823172,0.391807,0.518062,2
460,1,0.825868,0.822236,0.395406,0.501343,2
460,2,0.818256,0.831401,0.39213,0.50558,2
460,3,0.82053,0.823143,0.381223,0.502319,2
460,4,0.812945,0.81582,0.403535,0.499982,2
460,5,0.806469,0.8227,0.368696,0.506721,2
460,6,0.820028,0.822086,0.390976,0.523262,2
460,7,0.814262,0.808694,0.390033,0.507833,2
460,8,0.846793,0.825587,0.39337,0.495424,2
460,9,0.826351,0.827276,0.380846,0.505403,2
461,0,0.189824,0.214629,0.037617,0.071201,0
461,1,0.173969,0.221536,0.035862,0.078696,0
461,2,0.144658,0.198348,0.035105,0.071085,0
461,3,0.190998,0.224858,0.034681,0.076556,0
461,4,0.200801,0.229736,0.037552,0.072215,0
461,5,0.177075,0.237541,0.035643,0.072966,0
461,6,0.203389,0.195571,0.031088,0.069482,0
461,7,0.177701,0.22182,0.030643,0.069913,0
461,8,0.169114,0.270417,0.038266,0.071554,0
461,9,0.163491,0.214559,0.029347,0.071557,0
462,0,0.429429,0.436535,0.135463,0.242736,1
462,1,0.434094,0.431023,0.126197,0.231774,1
462,2,0.436746,0.436114,0.129503,0.240563,1
462,3,0.417163,0.441042,0.122433,0.229402,1
462,4,0.424082,0.437187,0.128635,0.223265,1
462,5,0.413477,0.433508,0.135264,0.237968,1
462,6,0.434718,0.427241,0.125423,0.231338,1
462,7,0.434161,0.441545,0.123922,0.230589,1
462,8,0.433267,0.42449,0.118434,0.229517,1
462,9,0.432859,0.438538,0.135634,0.230513,1
463,0,0.12336,0.103304,0.035649,0.080599,0
463,1,0.127975,0.110811,0.038868,0.079057,0
463,2,0.107562,0.124356,0.035463,0.076299,0
463,3,0.099462,0.134974,0.038663,0.079199,0
463,4,0.093711,0.112058,0.038933,0.083048,0
463,5,0.079041,0.125004,0.036819,0.075977,0
463,6,0.081918,0.132029,0.035507,0.078312,0
463,7,0.08492,0.131781,0.045111,0.076913,0
463,8,0.090884,0.117198,0.040324,0.077288,0
463,9,0.058492,0.115008,0.041441,0.073131,0
464,0,0.422653,0.431091,0.189446,0.173674,1
464,1,0.415944,0.439424,0.189221,0.17175,1
464,2,0.422268,0.435427,0.191685,0.173942,1
464,3,0.405183,0.453806,0.202971,0.177296,1
464,4,0.4,0.437078,0.188499,0.162841,1
464,5,0.406524,0.431551,0.181979,0.160752,1
464,6,0.4,0.452816,0.188358,0.162125,1
464,7,0.418602,0.440896,0.19333,0.179495,1
464,8,0.402954,0.446638,0.191727,0.188202,1
464,9,0.421925,0.455698,0.186843,0.175772,1
465,0,0.008502,0.012313,0.043587,0.051476,0
465,1,0.019543,0.016068,0.042658,0.042974,0
465,2,0.032175,0.032674,0.048483,0.051088,0
465,3,0.03991,0.021334,0.049215,0.041281,0
465,4,0.008655,0.000414,0.044776,0.035368,0
465,5,0.024338,0.000142,0.052046,0.038346,0
465,6,0.022165,0.014667,0.044865,0.046454,0
465,7,0.016947,0.008555,0.046918,0.041227,0
465,8,0.00804,0.023738,0.049462,0.037011,0
465,9,0.0,0.02782,0.049575,0.045699,0
466,0,0.497935,0.60982,0.196067,0.102148,1
466,1,0.491775,0.616358,0.201954,0.105344,1
466,2,0.490429,0.617286,0.198217,0.111545,1
466,3,0.488132,0.619993,0.205445,0.1,1
466,4,0.520183,0.630215,0.20804,0.104566,1
466,5,0.498176,0.617211,0.206002,0.1,1
466,6,0.484005,0.620409,0.214784,0.1,1
466,7,0.503679,0.604951,0.204124,0.112552,1
466,8,0.506258,0.606551,0.211041,0.1,1
466,9,0.513785,0.623501,0.203605,0.1,1
467,0,0.344072,0.121865,0.065929,0.024198,0
467,1,0.324796,0.131334,0.06113,0.019234,0
467,2,0.332878,0.105261,0.066226,0.023046,0
467,3,0.322713,0.141706,0.060576,0.020347,0
467,4,0.31572,0.081391,0.06463,0.020488,0
467,5,0.34321,0.124136,0.063441,0.021135,0
467,6,0.32079,0.119157,0.064096,0.021271,0
467,7,0.323341,0.102285,0.061988,0.020506,0
467,8,0.338331,0.119792,0.059432,0.023623,0
467,9,0.34163,0.151228,0.06133,0.030089,0
468,0,0.230922,0.356409,0.028229,0.090677,0
468,1,0.234133,0.334716,0.028331,0.089677,0
468,2,0.191875,0.343452,0.030683,0.083554,0
468,3,0.239694,0.344297,0.026999,0.089557,0
468,4,0.246946,0.330203,0.027045,0.088731,0
468,5,0.273823,0.333939,0.027184,0.086071,0
468,6,0.267331,0.305448,0.018953,0.083299,0
468,7,0.256728,0.28879,0.022997,0.080131,0
468,8,0.257877,0.328583,0.018167,0.07479,0
468,9,0.230953,0.344758,0.022911,0.077582,0
469,0,0.602066,0.488956,0.139528,0.20303,1
469,1,0.604031,0.48411,0.131175,0.201228,1
469,2,0.599965,0.488579,0.129239,0.200645,1
469,3,0.604106,0.482764,0.128039,0.207287,1
469,4,0.594941,0.490799,0.136986,0.216293,1
469,5,0.628994,0.512272,0.127139,0.206904,1
469,6,0.609235,0.497504,0.140602,0.211969,1
469,7,0.608127,0.513106,0.127394,0.205495,1
469,8,0.596262,0.510885,0.135396,0.190489,1
469,9,0.613986,0.510642,0.126992,0.185796,1
470,0,0.59543,0.517403,0.224093,0.1492,1
470,1,0.599684,0.522687,0.205204,0.15129,1
470,2,0.600911,0.512026,0.219166,0.136385,1
470,3,0.597848,0.529392,0.222303,0.149424,1
470,4,0.584404,0.512887,0.221014,0.147632,1
470,5,0.59558,0.541099,0.206455,0.161996,1
470,6,0.582711,0.537101,0.218203,0.143285,1
470,7,0.57628,0.530931,0.21935,0.147504,1
470,8,0.591791,0.530325,0.221789,0.151403,1
470,9,0.585494,0.544482,0.214163,0.159408,1
471,0,0.028211,0.19083,0.059852,0.014685,0
471,1,0.036398,0.195439,0.057595,0.015569,0
471,2,0.009448,0.188435,0.060296,0.01329,0
471,3,0.0,0.20684,0.058997,0.017388,0
471,4,0.015969,0.189097,0.053278,0.011916,0
471,5,0.003418,0.205871,0.059171,0.012181,0
471,6,0.0,0.216687,0.060634,0.021985,0
471,7,0.0,0.220825,0.062273,0.021118,0
471,8,0.010185,0.204433,0.065128,0.020636,0
471,9,0.024111,0.211287,0.055621,0.019867,0
472,0,0.423904,0.494527,0.107414,0.225683,1
472,1,0.438201,0.474669,0.116994,0.209913,1
472,2,0.449477,0.470225,0.111695,0.212544,1
472,3,0.426981,0.495569,0.106207,0.205043,1
472,4,0.439402,0.462346,0.112719,0.205755,1
472,5,0.45148,0.484301,0.102573,0.207177,1
472,6,0.4651,0.470963,0.119282,0.207754,1
472,7,0.441647,0.480364,0.126155,0.202074,1
472,8,0.46069,0.495953,0.111202,0.217495,1
472,9,0.462674,0.481994,0.105323,0.205718,1
473,0,0.112714,0.066999,0.041665,0.010325,0
473,1,0.148237,0.08158,0.042892,0.013461,0
473,2,0.106817,0.108242,0.036408,0.017733,0
473,3,0.100233,0.075526,0.03812,0.0134,0
473,4,0.106331,0.041753,0.03831,0.016966,0
473,5,0.098084,0.102322,0.039107,0.017418,0
473,6,0.115573,0.091138,0.042815,0.02571,0
473,7,0.138316,0.10749,0.043988,0.017552,0
473,8,0.146283,0.113076,0.039219,0.018937,0
473,9,0.101945,0.096598,0.03445,0.011028,0
474,0,0.51889,0.500439,0.147447,0.242568,1
474,1,0.505262,0.486791,0.150932,0.248999,1
474,2,0.515878,0.49599,0.143156,0.246468,1
474,3,0.516714,0.483121,0.133586,0.246663,1
474,4,0.500604,0.468549,0.152718,0.244341,1
474,5,0.51491,0.481439,0.147239,0.234043,1
474,6,0.511179,0.485427,0.139482,0.229954,1
474,7,0.519636,0.486432,0.135411,0.23136,1
474,8,0.535779,0.490214,0.140028,0.232051,1
474,9,0.503793,0.49805,0.131377,0.241397,1
475,0,0.1012,0.262315,0.031604,0.011041,0
475,1,0.110942,0.27176,0.0312,0.019723,0
475,2,0.106093,0.265738,0.033557,0.013839,0
475,3,0.093882,0.249468,0.034264,0.014966,0
475,4,0.104952,0.239259,0.035851,0.018868,0
475,5,0.07398,0.243592,0.035452,0.013603,0
475,6,0.077172,0.238125,0.037384,0.014438,0
475,7,0.098014,0.254648,0.030098,0.01589,0
475,8,0.078012,0.24981,0.027555,0.013897,0
475,9,0.094692,0.250874,0.034272,0.02004,0
476,0,0.426561,0.560946,0.180755,0.197033,1
476,1,0.434315,0.561104,0.189196,0.183392,1
476,2,0.425975,0.559025,0.172588,0.178861,1
476,3,0.434184,0.548054,0.184794,0.19012,1
476,4,0.426449,0.56906,0.199127,0.186686,1
476,5,0.420531,0.553059,0.183745,0.18863,1
476,6,0.422469,0.546316,0.198346,0.18453,1
476,7,0.423324,0.557464,0.201438,0.186516,1
476,8,0.445008,0.548984,0.186154,0.194927,1
476,9,0.440166,0.548521,0.1964,0.194175,1
477,0,0.429152,0.527131,0.136797,0.266983,1
477,1,0.429519,0.513081,0.156224,0.27334,1
477,2,0.423834,0.530854,0.141067,0.281739,1
477,3,0.420087,0.544093,0.143473,0.281873,1
477,4,0.428834,0.536407,0.147068,0.285139,1
477,5,0.424126,0.53997,0.147945,0.27903,1
477,6,0.435658,0.54401,0.145374,0.3,1
477,7,0.432728,0.511099,0.152195,0.27471,1
477,8,0.437584,0.533147,0.154746,0.292066,1
477,9,0.425147,0.535258,0.134764,0.288435,1
478,0,0.506079,0.641082,0.072113,0.1023,1
478,1,0.496959,0.642233,0.074207,0.1,1
478,2,0.498445,0.65,0.075247,0.1,1
478,3,0.508148,0.640214,0.088786,0.1,1
478,4,0.516437,0.65,0.072531,0.102483,1
478,5,0.501708,0.65,0.098227,0.119085,1
478,6,0.522282,0.642768,0.074195,0.118177,1
478,7,0.524453,0.65,0.087909,0.102614,1
478,8,0.529015,0.643522,0.075533,0.114644,1
478,9,0.514666,0.640297,0.091682,0.1,1
479,0,0.019279,0.349006,0.011915,0.05418,0
479,1,0.02415,0.329275,0.012507,0.057148,0
479,2,0.018539,0.35314,0.012115,0.056142,0
479,3,0.025289,0.354955,0.016518,0.059695,0
479,4,0.006649,0.355142,0.011836,0.058098,0
479,5,0.004898,0.351035,0.012924,0.062429,0
479,6,0.014348,0.354977,0.015733,0.062263,0
479,7,0.049878,0.361141,0.014242,0.061352,0
479,8,0.031822,0.342219,0.011346,0.060436,0
479,9,0.016056,0.3474,0.009124,0.060368,0
480,0,0.841988,0.844435,0.466147,0.361179,2
480,1,0.825193,0.847264,0.483617,0.3697,2
480,2,0.82472,0.85,0.481324,0.374829,2
480,3,0.83499,0.837101,0.480213,0.373161,2
480,4,0.818932,0.85,0.459846,0.375592,2
480,5,0.827178,0.848235,0.464672,0.387923,2
480,6,0.828525,0.85,0.487346,0.386434,2
480,7,0.823473,0.84622,0.461428,0.386804,2
480,8,0.830728,0.85,0.480584,0.372974,2
480,9,0.820306,0.832767,0.491689,0.384861,2
481,0,0.843515,0.784787,0.330104,0.353237,2
481,1,0.8355,0.774814,0.333991,0.36051,2
481,2,0.832122,0.791454,0.298831,0.357943,2
481,3,0.839504,0.769731,0.296028,0.379362,2
481,4,0.85,0.777212,0.323239,0.34596,2
481,5,0.85,0.781,0.323183,0.359553,2
481,6,0.85,0.777681,0.308616,0.343352,2
481,7,0.85,0.769869,0.299671,0.348848,2
481,8,0.84086,0.783676,0.31885,0.348118,2
481,9,0.85,0.788854,0.275782,0.373567,2
482,0,0.14105,0.285454,0.015363,0.037846,0
482,1,0.153201,0.280887,0.022537,0.045449,0
482,2,0.171607,0.301021,0.022818,0.044729,0
482,3,0.152408,0.305336,0.01888,0.0389,0
482,4,0.155942,0.305352,0.019169,0.041611,0
482,5,0.180113,0.293904,0.020398,0.037291,0
482,6,0.163793,0.313528,0.020072,0.041681,0
482,7,0.169627,0.323944,0.016913,0.044965,0
482,8,0.178363,0.296125,0.02328,0.050076,0
482,9,0.169144,0.321701,0.015594,0.038422,0
483,0,0.589585,0.586014,0.2591,0.250237,1
483,1,0.570979,0.589875,0.247889,0.251892,1
483,2,0.592328,0.583399,0.255036,0.263879,1
483,3,0.582926,0.596788,0.257214,0.260488,1
483,4,0.577335,0.596036,0.266667,0.253296,1
483,5,0.577954,0.591001,0.257395,0.246299,1
483,6,0.572424,0.608446,0.248583,0.245869,1
483,7,0.5711,0.593852,0.261474,0.264843,1
483,8,0.594084,0.583275,0.254535,0.271721,1
483,9,0.595545,0.585039,0.263631,0.248604,1
484,0,0.371489,0.091346,0.057304,0.099496,0
484,1,0.383287,0.076088,0.055691,0.093747,0
484,2,0.388969,0.085368,0.060731,0.094499,0
484,3,0.4,0.064343,0.062416,0.096411,0
484,4,0.362774,0.061321,0.063236,0.098717,0
484,5,0.364701,0.046245,0.061413,0.094003,0
484,6,0.353468,0.078052,0.066554,0.098342,0
484,7,0.365461,0.077994,0.065683,0.093814,0
484,8,0.354511,0.073091,0.06523,0.097182,0
484,9,0.356462,0.048871,0.065712,0.092416,0
485,0,0.3968,0.251285,0.0,0.091999,0
485,1,0.369398,0.262868,0.0,0.092982,0
485,2,0.370735,0.25815,0.000373,0.096957,0
485,3,0.38979,0.247003,0.003649,0.096481,0
485,4,0.3788,0.254672,0.0,0.098262,0
485,5,0.365344,0.226743,0.0,0.098012,0
485,6,0.35175,0.245782,0.0,0.1,0
485,7,0.360144,0.261421,0.0,0.097326,0
485,8,0.386901,0.272512,0.0,0.095713,0
485,9,0.367524,0.22873,0.0,0.098686,0
486,0,0.096725,0.245974,0.011588,0.057929,0
486,1,0.121609,0.255777,0.009059,0.057014,0
486,2,0.143045,0.260783,0.00396,0.05667,0
486,3,0.121728,0.224449,0.009773,0.053831,0
486,4,0.117817,0.210806,0.014364,0.05617,0
486,5,0.09975,0.247788,0.007634,0.058657,0
486,6,0.097524,0.258896,0.010543,0.054187,0
486,7,0.100306,0.23931,0.011887,0.072081,0
486,8,0.126925,0.243039,0.005944,0.070182,0
486,9,0.098687,0.234627,0.007368,0.060664,0
487,0,0.47009,0.587113,0.24308,0.112725,1
487,1,0.46566,0.572404,0.227651,0.128285,1
487,2,0.457947,0.579998,0.217294,0.127569,1
487,3,0.457799,0.59034,0.222957,0.129009,1
487,4,0.464465,0.590128,0.226255,0.126736,1
487,5,0.463178,0.576235,0.22519,0.136374,1
487,6,0.473093,0.5729,0.219487,0.134972,1
487,7,0.467703,0.588068,0.220367,0.142373,1
487,8,0.446141,0.594412,0.221088,0.136223,1
487,9,0.476265,0.588632,0.228048,0.132317,1
488,0,0.226079,0.081676,0.028498,0.026795,0
488,1,0.219091,0.06618,0.030331,0.030608,0
488,2,0.23549,0.045577,0.031811,0.026863,0
488,3,0.18713,0.046665,0.02813,0.03063,0
488,4,0.229617,0.061605,0.03555,0.027061,0
488,5,0.197305,0.069087,0.030461,0.024144,0
488,6,0.220251,0.053503,0.032225,0.033258,0
488,7,0.225058,0.053868,0.036579,0.025869,0
488,8,0.208263,0.030468,0.031998,0.018363,0
488,9,0.217482,0.044339,0.035137,0.026998,0
489,0,0.804648,0.668079,0.494094,0.393521,2
489,1,0.809088,0.683007,0.516181,0.41428,2
489,2,0.800901,0.658235,0.469543,0.400954,2
489,3,0.797515,0.680538,0.512525,0.383007,2
489,4,0.794161,0.670438,0.485472,0.419078,2
489,5,0.790108,0.659543,0.479777,0.428652,2
489,6,0.794553,0.664869,0.4986,0.402261,2
489,7,0.796939,0.665716,0.519258,0.43453,2
489,8,0.799048,0.667036,0.512406,0.424039,2
489,9,0.780563,0.664877,0.529538,0.417849,2
490,0,0.65,0.671741,0.378864,0.446992,2
490,1,0.65,0.675164,0.360889,0.447127,2
490,2,0.65,0.684119,0.350556,0.462912,2
490,3,0.666325,0.681493,0.370983,0.452919,2
490,4,0.659046,0.685943,0.375354,0.461076,2
490,5,0.660766,0.680232,0.367557,0.463854,2
490,6,0.65,0.698569,0.368016,0.455102,2
490,7,0.651001,0.683909,0.359357,0.434662,2
490,8,0.65,0.681059,0.360137,0.455515,2
490,9,0.65,0.666911,0.378008,0.470811,2
491,0,0.010272,0.108725,0.063898,0.036024,0
491,1,0.054097,0.115304,0.066395,0.040794,0
491,2,0.024295,0.127688,0.061558,0.040138,0
491,3,0.042725,0.109028,0.062984,0.043275,0
491,4,0.045529,0.131237,0.060636,0.037864,0
491,5,0.020001,0.110468,0.060078,0.038086,0
491,6,0.012615,0.082565,0.066048,0.045542,0
491,7,0.015057,0.097873,0.058332,0.043224,0
491,8,0.039115,0.095981,0.062807,0.04597,0
491,9,0.012903,0.12176,0.066667,0.043267,0
492,0,0.832681,0.654269,0.420355,0.42403,2
492,1,0.810325,0.668211,0.439288,0.422002,2
492,2,0.826492,0.656168,0.422854,0.42334,2
492,3,0.81988,0.657907,0.424212,0.425485,2
492,4,0.825108,0.660015,0.456069,0.424296,2
492,5,0.819182,0.661522,0.44879,0.420833,2
492,6,0.828494,0.660443,0.462541,0.414975,2
492,7,0.83895,0.65781,0.441601,0.418826,2
492,8,0.812608,0.654882,0.456631,0.435038,2
492,9,0.80919,0.659383,0.457821,0.445577,2
493,0,0.34118,0.225493,0.062216,0.046494,0
493,1,0.351711,0.236418,0.066667,0.042004,0
493,2,0.343233,0.231229,0.061865,0.034715,0
493,3,0.321967,0.189352,0.063583,0.05169,0
493,4,0.309282,0.208919,0.061926,0.051646,0
493,5,0.321767,0.239695,0.060177,0.05267,0
493,6,0.33508,0.243807,0.061748,0.043838,0
493,7,0.351218,0.217679,0.057646,0.044903,0
493,8,0.345079,0.226851,0.062696,0.043281,0
493,9,0.34545,0.240739,0.061609,0.050989,0
494,0,0.492134,0.402811,0.213786,0.229479,1
494,1,0.511363,0.412377,0.218155,0.251772,1
494,2,0.506017,0.408461,0.212584,0.244347,1
494,3,0.519625,0.400141,0.224833,0.234302,1
494,4,0.519097,0.417194,0.216214,0.241171,1
494,5,0.506467,0.420188,0.215393,0.246727,1
494,6,0.522912,0.414974,0.22149,0.240593,1
494,7,0.511284,0.408061,0.224084,0.250255,1
494,8,0.527414,0.408034,0.206357,0.262236,1
494,9,0.525405,0.4,0.208145,0.245687,1
495,0,0.013791,0.129349,0.029176,0.059369,0
495,1,0.029196,0.107684,0.025299,0.061218,0
495,2,0.0,0.111515,0.032199,0.05969,0
495,3,0.033358,0.134685,0.0306,0.057182,0
495,4,0.016933,0.100839,0.030058,0.064193,0
495,5,0.024518,0.131147,0.028279,0.060214,0
495,6,0.001561,0.144985,0.030031,0.060485,0
495,7,0.013528,0.139846,0.02623,0.055559,0
495,8,0.018166,0.129995,0.029365,0.055584,0
495,9,0.0,0.125032,0.025477,0.047714,0
496,0,0.355137,0.126744,0.014542,0.083706,0
496,1,0.348758,0.127851,0.012433,0.072977,0
496,2,0.331221,0.151102,0.010341,0.076269,0
496,3,0.342762,0.138961,0.014594,0.070282,0
496,4,0.357461,0.131357,0.013884,0.071622,0
496,5,0.353391,0.148209,0.011228,0.073142,0
496,6,0.320674,0.140497,0.01613,0.068629,0
496,7,0.348503,0.159913,0.014236,0.06668,0
496,8,0.346452,0.123382,0.014839,0.071962,0
496,9,0.327792,0.141609,0.015365,0.072544,0
497,0,0.075694,0.297209,0.037601,0.00714,0
497,1,0.064037,0.299655,0.035704,0.005313,0
497,2,0.097103,0.28655,0.03328,0.006117,0
497,3,0.060157,0.291864,0.033057,0.001742,0
497,4,0.106622,0.308154,0.03526,0.002445,0
497,5,0.08449,0.317927,0.033222,0.004365,0
497,6,0.098932,0.281497,0.036347,0.0,0
497,7,0.086426,0.305747,0.035276,0.007235,0
497,8,0.078722,0.316984,0.041237,0.001611,0
497,9,0.103776,0.316134,0.0413,0.006743,0
498,0,0.458674,0.401002,0.254342,0.160389,1
498,1,0.459311,0.415861,0.257375,0.156396,1
498,2,0.459151,0.424337,0.265304,0.167724,1
498,3,0.480619,0.424302,0.260908,0.177772,1
498,4,0.459145,0.410764,0.266456,0.174393,1
498,5,0.472797,0.424179,0.266667,0.166499,1
498,6,0.464934,0.411604,0.266667,0.179924,1
498,7,0.484813,0.416115,0.260781,0.179689,1
498,8,0.476353,0.406768,0.266253,0.18097,1
498,9,0.489012,0.405615,0.261781,0.168463,1
499,0,0.401212,0.5754,0.124041,0.171097,1
499,1,0.400271,0.561699,0.119857,0.172879,1
499,2,0.404046,0.554557,0.121955,0.16286,1
499,3,0.406831,0.550156,0.127185,0.189299,1
499,4,0.417582,0.553563,0.11763,0.175156,1
499,5,0.412741,0.559149,0.126813,0.160654,1
499,6,0.41509,0.559481,0.118902,0.170615,1
499,7,0.407847,0.552006,0.118689,0.182136,1
499,8,0.406756,0.559761,0.124691,0.17333,1
499,9,0.405375,0.537287,0.113452,0.18279,1
500,0,0.810425,0.835758,0.414393,0.57154,2
500,1,0.799802,0.844695,0.440578,0.587843,2
500,2,0.809245,0.83889,0.431969,0.579975,2
500,3,0.811521,0.831716,0.394241,0.59093,2
500,4,0.796703,0.83664,0.407428,0.6,2
500,5,0.798175,0.85,0.439762,0.596841,2
500,6,0.815245,0.838185,0.426772,0.570931,2
500,7,0.797921,0.834549,0.45057,0.6,2
500,8,0.800381,0.85,0.428649,0.590743,2
500,9,0.795952,0.841756,0.450003,0.6,2
501,0,0.838177,0.678535,0.538167,0.587189,2
501,1,0.820433,0.685867,0.528474,0.569961,2
501,2,0.837217,0.683983,0.533284,0.573146,2
501,3,0.834048,0.674135,0.551129,0.575342,2
501,4,0.829319,0.674735,0.536142,0.578747,2
501,5,0.826772,0.678985,0.548483,0.525077,2
501,6,0.827079,0.687884,0.49313,0.54174,2
501,7,0.824196,0.667841,0.52694,0.541716,2
501,8,0.826263,0.677135,0.53823,0.542446,2
501,9,0.833804,0.674235,0.551071,0.553426,2
502,0,0.15013,0.3053,0.064624,0.1,0
502,1,0.177954,0.32353,0.05929,0.098377,0
502,2,0.163386,0.306199,0.065469,0.093052,0
502,3,0.204085,0.285115,0.063228,0.1,0
502,4,0.177758,0.292778,0.05989,0.09787,0
502,5,0.17727,0.301195,0.05914,0.098026,0
502,6,0.196009,0.310919,0.058549,0.1,0
502,7,0.177868,0.297868,0.056824,0.093527,0
502,8,0.162534,0.302406,0.063368,0.094258,0
502,9,0.183088,0.304598,0.06172,0.1,0
503,0,0.354005,0.236559,0.056434,0.053805,0
503,1,0.34267,0.26576,0.058027,0.043262,0
503,2,0.349723,0.230849,0.057022,0.03873,0
503,3,0.361975,0.259045,0.055832,0.038148,0
503,4,0.342851,0.253234,0.063205,0.050882,0
503,5,0.34224,0.249729,0.057813,0.049235,0
503,6,0.342235,0.252339,0.054712,0.05672,0
503,7,0.330081,0.264747,0.056175,0.053024,0
503,8,0.338629,0.254119,0.059045,0.049001,0
503,9,0.331225,0.272366,0.059704,0.046621,0
504,0,0.126053,0.191624,0.041016,0.1,0
504,1,0.125342,0.190092,0.035177,0.097009,0
504,2,0.109905,0.178216,0.031562,0.095448,0
504,3,0.140193,0.185365,0.035901,0.096442,0
504,4,0.107914,0.180078,0.039561,0.099297,0
504,5,0.124024,0.199157,0.039302,0.096041,0
504,6,0.101956,0.214635,0.0389,0.1,0
504,7,0.090309,0.178015,0.040273,0.098696,0
504,8,0.101405,0.162512,0.040914,0.1,0
504,9,0.114158,0.174275,0.035769,0.099633,0
505,0,0.170664,0.373616,0.066667,0.016631,0
505,1,0.168011,0.346059,0.064425,0.022366,0
505,2,0.119783,0.3926,0.066667,0.01918,0
505,3,0.213568,0.354887,0.066166,0.016994,0
505,4,0.206452,0.365165,0.06487,0.019676,0
505,5,0.19171,0.374098,0.066667,0.023843,0
505,6,0.17681,0.379207,0.065623,0.016872,0
505,7,0.170785,0.378271,0.06277,0.009017,0
505,8,0.175847,0.384508,0.066667,0.012309,0
505,9,0.16132,0.370684,0.066667,0.014958,0
506,0,0.430706,0.430815,0.250114,0.23048,1
506,1,0.436005,0.444826,0.266667,0.230916,1
506,2,0.412662,0.420951,0.25394,0.221517,1
506,3,0.412327,0.417322,0.247306,0.238331,1
506,4,0.423633,0.419495,0.262538,0.231326,1
506,5,0.407116,0.43844,0.249434,0.221197,1
506,6,0.411098,0.427938,0.249718,0.241624,1
506,7,0.409313,0.412135,0.242864,0.23233,1
506,8,0.410219,0.432462,0.250708,0.218167,1
506,9,0.407384,0.410975,0.255065,0.221025,1
507,0,0.409988,0.500138,0.145767,0.235172,1
507,1,0.433683,0.477836,0.133889,0.220248,1
507,2,0.421831,0.489981,0.133251,0.212465,1
507,3,0.414724,0.481255,0.130979,0.210764,1
507,4,0.42956,0.475273,0.143518,0.212948,1
507,5,0.41744,0.47852,0.133286,0.228205,1
507,6,0.419329,0.466473,0.138591,0.223483,1
507,7,0.414727,0.481232,0.141885,0.207958,1
507,8,0.430835,0.490144,0.134092,0.205229,1
507,9,0.43358,0.487699,0.136123,0.212449,1
508,0,0.30627,0.325995,0.040522,0.041693,0
508,1,0.288845,0.333512,0.042242,0.033161,0
508,2,0.29801,0.301083,0.039244,0.039577,0
508,3,0.305921,0.347554,0.042215,0.039396,0
508,4,0.276953,0.357527,0.04457,0.034735,0
508,5,0.276892,0.328841,0.04044,0.029756,0
508,6,0.291253,0.332561,0.040779,0.041237,0
508,7,0.314813,0.324068,0.049456,0.035376,0
508,8,0.27641,0.323333,0.036736,0.030054,0
508,9,0.313946,0.303056,0.041744,0.035224,0
509,0,0.697489,0.692343,0.314131,0.580454,2
509,1,0.686935,0.686423,0.297864,0.57036,2
509,2,0.691255,0.696588,0.310222,0.589474,2
509,3,0.681323,0.687081,0.269392,0.580207,2
509,4,0.684301,0.676867,0.318379,0.58957,2
509,5,0.668748,0.682988,0.302189,0.575962,2
509,6,0.677231,0.669475,0.281921,0.56178,2
509,7,0.670536,0.691478,0.289631,0.560621,2
509,8,0.694618,0.674289,0.28651,0.573745,2
509,9,0.680748,0.671312,0.281272,0.597617,2
510,0,0.27974,0.029153,0.002224,0.089647,0
510,1,0.232792,0.03964,0.008144,0.091913,0
510,2,0.259344,0.007877,0.001411,0.084901,0
510,3,0.307183,0.011419,0.005417,0.093193,0
510,4,0.287031,0.002104,0.005192,0.085085,0
510,5,0.285529,0.0,0.00209,0.08768,0
510,6,0.289365,0.0,0.008231,0.085548,0
510,7,0.273362,0.009807,0.004993,0.092568,0
510,8,0.277694,0.039752,0.004828,0.091144,0
510,9,0.263404,0.0,0.004843,0.09709,0
511,0,0.34594,0.275791,0.041099,0.068713,0
511,1,0.353275,0.290746,0.03458,0.068377,0
511,2,0.379704,0.287459,0.036749,0.068988,0
511,3,0.349406,0.321736,0.040778,0.06286,0
511,4,0.361192,0.286445,0.040905,0.066129,0
511,5,0.390078,0.298014,0.038853,0.062475,0
511,6,0.354744,0.309311,0.042654,0.062543,0
511,7,0.34767,0.307169,0.041574,0.061656,0
511,8,0.384183,0.27963,0.040142,0.059982,0
511,9,0.341492,0.302431,0.04022,0.060322,0
512,0,0.518979,0.491246,0.266667,0.180235,1
512,1,0.515323,0.463375,0.26663,0.183882,1
512,2,0.515684,0.4774,0.266667,0.192102,1
512,3,0.522604,0.472882,0.266667,0.180065,1
512,4,0.527333,0.465417,0.266667,0.1797,1
512,5,0.510648,0.470935,0.266667,0.188599,1
512,6,0.506173,0.468961,0.266667,0.187802,1
512,7,0.518925,0.464851,0.266667,0.196011,1
512,8,0.514642,0.459526,0.266667,0.179772,1
512,9,0.507509,0.45206,0.266667,0.175616,1
513,0,0.4,0.575511,0.191878,0.126097,1
513,1,0.4,0.567273,0.190962,0.137107,1
513,2,0.40729,0.56659,0.189599,0.131831,1
513,3,0.4,0.570494,0.184807,0.121323,1
513,4,0.4,0.579297,0.188003,0.136855,1
513,5,0.416659,0.56884,0.220518,0.132542,1
513,6,0.408375,0.580569,0.206241,0.130179,1
513,7,0.400443,0.564537,0.2116,0.132859,1
513,8,0.420605,0.564672,0.205521,0.121392,1
513,9,0.418212,0.572131,0.201277,0.125231,1
514,0,0.249017,0.206541,0.012422,0.081127,0
514,1,0.264331,0.196411,0.012284,0.082539,0
514,2,0.276974,0.210054,0.010089,0.079658,0
514,3,0.263077,0.19857,0.00966,0.087727,0
514,4,0.2462,0.172913,0.009291,0.07531,0
514,5,0.23357,0.193363,0.013685,0.087514,0
514,6,0.224117,0.181685,0.01488,0.085029,0
514,7,0.249354,0.208613,0.011795,0.086151,0
514,8,0.239588,0.17886,0.014031,0.077824,0
514,9,0.236179,0.201663,0.008674,0.081375,0
515,0,0.378723,0.282826,0.014004,0.096163,0
515,1,0.374978,0.287646,0.012173,0.096879,0
515,2,0.366722,0.268507,0.015399,0.091273,0
515,3,0.376495,0.276584,0.019409,0.091862,0
515,4,0.383629,0.28323,0.01462,0.091935,0
515,5,0.365618,0.256107,0.014155,0.091587,0
515,6,0.4,0.262034,0.015777,0.098613,0
515,7,0.383379,0.286274,0.017735,0.093626,0
515,8,0.381576,0.274058,0.016578,0.1,0
515,9,0.361565,0.25485,0.015152,0.1,0
516,0,0.304438,0.334334,0.05927,0.022906,0
516,1,0.268222,0.38556,0.052963,0.021068,0
516,2,0.284877,0.357788,0.059114,0.01146,0
516,3,0.291821,0.364034,0.053203,0.02008,0
516,4,0.29535,0.38325,0.053443,0.011532,0
516,5,0.297491,0.373709,0.051753,0.026728,0
516,6,0.312304,0.384866,0.055172,0.017438,0
516,7,0.306865,0.378795,0.051099,0.01541,0
516,8,0.292739,0.379791,0.052869,0.01886,0
516,9,0.281261,0.367466,0.055645,0.022216,0
517,0,0.693283,0.764571,0.541447,0.366925,2
517,1,0.698448,0.780706,0.539981,0.367028,2
517,2,0.686207,0.756659,0.560531,0.357662,2
517,3,0.689401,0.753637,0.547329,0.355463,2
517,4,0.689376,0.748025,0.537061,0.350457,2
517,5,0.693346,0.756348,0.540205,0.34907,2
517,6,0.67798,0.759613,0.567419,0.345507,2
517,7,0.682577,0.774046,0.553524,0.35516,2
517,8,0.703441,0.769497,0.538994,0.365789,2
517,9,0.689016,0.778972,0.534076,0.345228,2
518,0,0.808204,0.704413,0.5997,0.451513,2
518,1,0.798253,0.707653,0.648626,0.447119,2
518,2,0.821014,0.698606,0.620288,0.442084,2
518,3,0.803691,0.713354,0.611925,0.446741,2
518,4,0.798603,0.702696,0.628449,0.44904,2
518,5,0.793541,0.699578,0.63737,0.463677,2
518,6,0.8042,0.703001,0.628899,0.468101,2
518,7,0.818757,0.704452,0.600337,0.446285,2
518,8,0.813066,0.690375,0.626284,0.451025,2
518,9,0.801916,0.708734,0.593765,0.466946,2
519,0,0.251138,0.366267,0.007313,0.019151,0
519,1,0.220721,0.329026,0.009692,0.019866,0
519,2,0.256877,0.34437,0.007884,0.021384,0
519,3,0.248629,0.322826,0.007327,0.016163,0
519,4,0.276633,0.341532,0.009741,0.018171,0
519,5,0.2908,0.34858,0.006688,0.016505,0
519,6,0.245564,0.337125,0.007024,0.019118,0
519,7,0.253336,0.329025,0.005134,0.018969,0
519,8,0.218196,0.37052,0.007901,0.024508,0
519,9,0.214003,0.332095,0.000804,0.025105,0
520,0,0.146427,0.307387,0.059627,0.077746,0
520,1,0.15028,0.335204,0.063141,0.077695,0
520,2,0.122635,0.334877,0.059531,0.07326,0
520,3,0.130964,0.324354,0.058645,0.080601,0
520,4,0.132413,0.282663,0.058368,0.067639,0
520,5,0.144331,0.32424,0.056556,0.069247,0
520,6,0.135535,0.326091,0.053241,0.074821,0
520,7,0.124683,0.332285,0.05188,0.077387,0
520,8,0.137334,0.322037,0.060127,0.069871,0
520,9,0.135093,0.314941,0.055354,0.072153,0
521,0,0.355095,0.015646,0.044905,0.1,0
521,1,0.324733,0.0,0.048517,0.1,0
521,2,0.320338,0.011375,0.049311,0.1,0
521,3,0.309663,0.021846,0.043669,0.1,0
521,4,0.319993,0.0,0.045752,0.1,0
521,5,0.334138,0.025272,0.041707,0.1,0
521,6,0.303801,0.008141,0.041869,0.1,0
521,7,0.30443,0.019402,0.047219,0.1,0
521,8,0.292608,0.000464,0.042792,0.1,0
521,9,0.327445,0.015638,0.042109,0.092854,0
522,0,0.562803,0.461198,0.119734,0.236334,1
522,1,0.567383,0.448761,0.125465,0.246003,1
522,2,0.583546,0.471539,0.123267,0.231817,1
522,3,0.577442,0.466611,0.125361,0.238346,1
522,4,0.558014,0.461885,0.121649,0.239421,1
522,5,0.556551,0.446985,0.116784,0.246064,1
522,6,0.576117,0.456078,0.106343,0.249191,1
522,7,0.57166,0.461561,0.121097,0.239636,1
522,8,0.572585,0.462646,0.120905,0.258892,1
522,9,0.552712,0.455647,0.116443,0.241843,1
523,0,0.391489,0.01194,0.0,0.032393,0
523,1,0.4,0.007026,0.0,0.036845,0
523,2,0.4,0.017642,0.0,0.038604,0
523,3,0.4,0.026128,0.0,0.042768,0
523,4,0.385923,0.0,0.0,0.04205,0
523,5,0.4,0.032638,0.0,0.039151,0
523,6,0.4,0.0,0.0,0.03859,0
523,7,0.4,0.0,0.0,0.044491,0
523,8,0.4,0.0,0.0,0.037878,0
523,9,0.394294,1.6e-05,0.0,0.045038,0
524,0,0.89182,0.965106,0.755946,0.730476,3
524,1,0.89249,0.968189,0.75216,0.742499,3
524,2,0.891035,0.974921,0.769078,0.740767,3
524,3,0.889971,0.979592,0.753842,0.728627,3
524,4,0.882871,0.969331,0.76352,0.706429,3
524,5,0.889005,0.962975,0.771781,0.74086,3
524,6,0.886943,0.964277,0.765816,0.719944,3
524,7,0.893973,0.97787,0.763806,0.73942,3
524,8,0.898807,0.986493,0.787982,0.706738,3
524,9,0.896066,0.979273,0.74916,0.713624,3
525,0,0.088879,0.173114,0.056795,0.094114,0
525,1,0.089776,0.193354,0.054108,0.096223,0
525,2,0.057038,0.201602,0.061906,0.091927,0
525,3,0.064461,0.180756,0.057764,0.092524,0
525,4,0.071804,0.147433,0.062576,0.091055,0
525,5,0.064946,0.168191,0.060795,0.0886,0
525,6,0.052711,0.183753,0.058792,0.091519,0
525,7,0.06844,0.179559,0.05441,0.088579,0
525,8,0.073685,0.193807,0.056439,0.089185,0
525,9,0.129704,0.182631,0.058176,0.087216,0
526,0,0.115666,0.005039,0.002506,0.058256,0
526,1,0.105436,0.029458,0.00377,0.057794,0
526,2,0.137448,0.009348,0.001881,0.060391,0
526,3,0.136906,0.013723,0.004807,0.056319,0
526,4,0.120205,0.019284,0.005443,0.057327,0
526,5,0.10689,0.018108,0.005106,0.049496,0
526,6,0.112811,0.024005,0.011701,0.050096,0
526,7,0.147758,0.0,0.01146,0.056435,0
526,8,0.124135,0.002719,0.005927,0.060553,0
526,9,0.145266,0.0,0.005776,0.059067,0
527,0,0.509305,0.521082,0.22506,0.185226,1
527,1,0.505188,0.516495,0.210283,0.185492,1
527,2,0.515858,0.516012,0.227491,0.186901,1
527,3,0.51243,0.512087,0.220929,0.195653,1
527,4,0.528741,0.524374,0.229261,0.198724,1
527,5,0.499374,0.534798,0.223928,0.193218,1
527,6,0.498895,0.541372,0.221003,0.189438,1
527,7,0.524713,0.554669,0.230558,0.174432,1
527,8,0.512284,0.548005,0.228161,0.179381,1
527,9,0.509936,0.508375,0.20758,0.179467,1
528,0,0.166547,0.365051,0.036745,0.01467,0
528,1,0.17568,0.348175,0.034396,0.005006,0
528,2,0.161138,0.334627,0.034178,0.009606,0
528,3,0.160889,0.339673,0.033729,0.00825,0
528,4,0.170242,0.331266,0.040381,0.004243,0
528,5,0.144146,0.335156,0.036546,0.006176,0
528,6,0.138934,0.280152,0.033544,0.003239,0
528,7,0.15902,0.319154,0.038827,0.003162,0
528,8,0.131592,0.322171,0.036779,0.0,0
528,9,0.151437,0.316815,0.033918,0.00263,0
529,0,0.344694,0.095152,0.055257,0.037034,0
529,1,0.337687,0.106947,0.056151,0.035495,0
529,2,0.337087,0.12873,0.055214,0.039824,0
529,3,0.345461,0.134256,0.055145,0.034307,0
529,4,0.338465,0.138052,0.053946,0.044105,0
529,5,0.354369,0.143168,0.054371,0.032024,0
529,6,0.324979,0.111226,0.05365,0.040065,0
529,7,0.357081,0.122829,0.055073,0.032565,0
529,8,0.326743,0.115886,0.054248,0.028666,0
529,9,0.319407,0.104115,0.051828,0.022246,0
530,0,0.638496,0.504653,0.215594,0.20752,1
530,1,0.64158,0.512926,0.213022,0.192423,1
530,2,0.628281,0.513101,0.196993,0.198919,1
530,3,0.612354,0.512298,0.195881,0.183687,1
530,4,0.618656,0.521312,0.200179,0.1881,1
530,5,0.627374,0.513166,0.18449,0.177152,1
530,6,0.635495,0.531067,0.193747,0.194152,1
530,7,0.630056,0.548941,0.193233,0.188186,1
530,8,0.630226,0.555185,0.186746,0.184303,1
530,9,0.604739,0.514636,0.196933,0.189262,1
531,0,0.228822,0.177665,0.061627,0.031728,0
531,1,0.189384,0.205981,0.066667,0.041202,0
531,2,0.212613,0.175767,0.065593,0.040089,0
531,3,0.224082,0.18303,0.062008,0.040405,0
531,4,0.220212,0.174719,0.063201,0.043965,0
531,5,0.231316,0.217567,0.06303,0.048708,0
531,6,0.211444,0.191029,0.061934,0.054475,0
531,7,0.215866,0.196079,0.064043,0.044116,0
531,8,0.229399,0.207741,0.059471,0.052774,0
531,9,0.233595,0.213125,0.058439,0.044202,0
532,0,0.78543,0.778716,0.3589,0.432717,2
532,1,0.778116,0.774703,0.346889,0.461398,2
532,2,0.782774,0.774246,0.328521,0.480315,2
532,3,0.786086,0.772157,0.342717,0.451331,2
532,4,0.7933,0.77406,0.317121,0.448335,2
532,5,0.772912,0.763431,0.309481,0.444098,2
532,6,0.777047,0.766756,0.312609,0.431739,2
532,7,0.772789,0.77976,0.3073,0.437788,2
532,8,0.761023,0.774926,0.332541,0.437139,2
532,9,0.759002,0.769018,0.327963,0.440947,2
533,0,0.282082,0.141852,0.035982,0.015563,0
533,1,0.266998,0.168576,0.041758,0.010359,0
533,2,0.264997,0.168626,0.042235,0.01155,0
533,3,0.263181,0.15412,0.034924,0.005828,0
533,4,0.271766,0.145806,0.033885,0.00839,0
533,5,0.285016,0.146063,0.031147,0.007281,0
533,6,0.306805,0.15647,0.037406,0.005376,0
533,7,0.284488,0.159499,0.038708,0.001659,0
533,8,0.283464,0.158819,0.038108,0.0,0
533,9,0.285475,0.175131,0.039103,0.003277,0
534,0,0.415717,0.65,0.138938,0.100174,1
534,1,0.431472,0.634917,0.134871,0.110385,1
534,2,0.449072,0.646445,0.123554,0.107079,1
534,3,0.43759,0.649985,0.129918,0.106382,1
534,4,0.423372,0.65,0.138875,0.115029,1
534,5,0.412134,0.646166,0.129038,0.113802,1
534,6,0.424906,0.65,0.129827,0.112972,1
534,7,0.403277,0.648309,0.125773,0.108706,1
534,8,0.411532,0.65,0.113754,0.110804,1
534,9,0.402937,0.65,0.122634,0.111787,1
535,0,0.010931,0.135155,0.036717,0.027246,0
535,1,0.027521,0.161794,0.033858,0.033611,0
535,2,0.008031,0.13794,0.033851,0.0324,0
535,3,0.013893,0.152976,0.035071,0.029415,0
535,4,0.006637,0.127899,0.036188,0.032326,0
535,5,0.015885,0.167034,0.034773,0.026944,0
535,6,0.014139,0.147721,0.032605,0.032098,0
535,7,0.016605,0.112901,0.038298,0.02822,0
535,8,0.008594,0.127994,0.038836,0.040479,0
535,9,0.012125,0.117175,0.038245,0.033145,0
536,0,0.020014,0.148242,0.055552,0.027516,0
536,1,0.0,0.140449,0.058341,0.03553,0
536,2,0.0,0.148854,0.053242,0.036661,0
536,3,0.0,0.161736,0.055207,0.034182,0
536,4,0.01672,0.156237,0.061002,0.038052,0
536,5,0.002016,0.147996,0.059163,0.039399,0
536,6,0.013757,0.176021,0.054958,0.043242,0
536,7,0.009068,0.158849,0.053304,0.039459,0
536,8,0.0,0.133027,0.053344,0.039735,0
536,9,0.0,0.156065,0.054718,0.042747,0
537,0,0.406774,0.644451,0.191198,0.234185,1
537,1,0.4,0.65,0.201115,0.245077,1
537,2,0.422327,0.65,0.186852,0.252645,1
537,3,0.422313,0.637502,0.183185,0.240385,1
537,4,0.423179,0.641567,0.184359,0.251365,1
537,5,0.402553,0.641328,0.190146,0.240655,1
537,6,0.426909,0.640188,0.178806,0.255744,1
537,7,0.4,0.644137,0.190747,0.27164,1
537,8,0.411093,0.635602,0.188755,0.257746,1
537,9,0.411054,0.646076,0.192989,0.24782,1
538,0,0.035638,0.233852,0.018332,0.037907,0
538,1,0.055349,0.237205,0.020949,0.04748,0
538,2,0.081739,0.272816,0.017681,0.034824,0
538,3,0.066451,0.282673,0.017532,0.035163,0
538,4,0.075534,0.271028,0.015688,0.035853,0
538,5,0.058921,0.256276,0.020363,0.034262,0
538,6,0.071044,0.259074,0.023376,0.039531,0
538,7,0.058067,0.264485,0.018193,0.031693,0
538,8,0.05754,0.250984,0.015726,0.037156,0
538,9,0.041853,0.261809,0.020884,0.040063,0
539,0,0.340921,0.043407,0.035662,0.038313,0
539,1,0.330527,0.065957,0.034488,0.041402,0
539,2,0.334454,0.071389,0.041028,0.035749,0
539,3,0.323228,0.053841,0.036183,0.034772,0
539,4,0.315359,0.041331,0.03459,0.037049,0
539,5,0.323879,0.091005,0.039435,0.038507,0
539,6,0.341644,0.098913,0.039493,0.041438,0
539,7,0.339715,0.110896,0.033395,0.033551,0
539,8,0.320247,0.107202,0.03186,0.031071,0
539,9,0.300429,0.114092,0.032826,0.034903,0
540,0,0.017897,0.388566,0.04247,0.092648,0
540,1,0.026626,0.4,0.04019,0.093487,0
540,2,0.053461,0.4,0.042452,0.094411,0
540,3,0.039298,0.392515,0.040009,0.098019,0
540,4,0.025153,0.4,0.042896,0.097179,0
540,5,0.064541,0.395144,0.041932,0.096532,0
540,6,0.043273,0.4,0.043133,0.0924,0
540,7,0.057575,0.4,0.04209,0.093962,0
540,8,0.064236,0.4,0.043208,0.090652,0
540,9,0.027998,0.4,0.041356,0.091749,0
541,0,0.284609,0.214507,0.024804,0.001404,0
541,1,0.313273,0.221785,0.022387,0.003262,0
541,2,0.300383,0.233315,0.02286,0.00386,0
541,3,0.268281,0.197774,0.025721,0.004804,0
541,4,0.283513,0.218881,0.025001,0.002224,0
541,5,0.260789,0.230512,0.023978,0.00575,0
541,6,0.268523,0.243746,0.021585,0.007071,0
541,7,0.242403,0.220899,0.01934,0.005624,0
541,8,0.250115,0.228549,0.022225,0.007393,0
541,9,0.273535,0.225867,0.018059,0.004342,0
542,0,0.054575,0.0,0.011831,0.017561,0
542,1,0.053574,0.0,0.012388,0.018404,0
542,2,0.047484,0.00115,0.013192,0.012978,0
542,3,0.054143,0.0,0.010057,0.022966,0
542,4,0.02649,0.010709,0.011054,0.012334,0
542,5,0.056855,0.002852,0.011169,0.015927,0
542,6,0.055283,0.0,0.00842,0.021803,0
542,7,0.043362,0.0,0.010842,0.02048,0
542,8,0.031023,0.006747,0.012517,0.016738,0
542,9,0.032103,0.0,0.015643,0.019614,0
543,0,0.501658,0.51782,0.212319,0.152957,1
543,1,0.515224,0.501596,0.202004,0.149826,1
543,2,0.495453,0.497513,0.216742,0.134009,1
543,3,0.510974,0.490579,0.206243,0.162966,1
543,4,0.502026,0.488496,0.204795,0.143258,1
543,5,0.507279,0.504378,0.205236,0.149634,1
543,6,0.508358,0.505183,0.200251,0.141566,1
543,7,0.504,0.501013,0.197624,0.145778,1
543,8,0.494906,0.494872,0.212017,0.143808,1
543,9,0.503246,0.492526,0.203722,0.145931,1
544,0,0.85339,0.964743,0.773458,0.80667,3
544,1,0.86605,0.970923,0.752026,0.786606,3
544,2,0.853612,0.978243,0.766801,0.800426,3
544,3,0.857002,0.970592,0.774722,0.789951,3
544,4,0.853756,0.959755,0.744422,0.820014,3
544,5,0.859371,0.969434,0.761947,0.813511,3
544,6,0.859938,0.974672,0.769866,0.826894,3
544,7,0.857924,0.961003,0.767843,0.80049,3
544,8,0.858427,0.968323,0.762079,0.81149,3
544,9,0.860131,0.968732,0.770208,0.813201,3
545,0,0.424345,0.482605,0.085239,0.128367,1
545,1,0.443425,0.482255,0.088205,0.126534,1
545,2,0.449933,0.49082,0.087774,0.144576,1
545,3,0.429087,0.487044,0.086082,0.124845,1
545,4,0.418329,0.480699,0.09104,0.138119,1
545,5,0.429783,0.484737,0.08102,0.150515,1
545,6,0.416494,0.492028,0.078839,0.142581,1
545,7,0.411156,0.499605,0.092965,0.138169,1
545,8,0.433223,0.469222,0.085519,0.142039,1
545,9,0.434058,0.483319,0.083416,0.146057,1
546,0,0.901586,0.945769,0.859351,0.819773,3
546,1,0.898039,0.944046,0.878008,0.822868,3
546,2,0.893616,0.941465,0.873675,0.805775,3
546,3,0.902221,0.941481,0.87247,0.83648,3
546,4,0.899768,0.952083,0.875248,0.801374,3
546,5,0.896477,0.941301,0.879188,0.821459,3
546,6,0.88957,0.928689,0.878688,0.802507,3
546,7,0.897571,0.93853,0.87623,0.844133,3
546,8,0.905348,0.941008,0.88723,0.824006,3
546,9,0.892863,0.958377,0.875827,0.845302,3
547,0,0.825809,0.810225,0.483813,0.350165,2
547,1,0.837664,0.804757,0.44913,0.343286,2
547,2,0.838332,0.802869,0.470199,0.343607,2
547,3,0.836816,0.80938,0.47422,0.359118,2
547,4,0.833518,0.805221,0.477802,0.347806,2
547,5,0.841302,0.815917,0.474225,0.362428,2
547,6,0.828293,0.799911,0.477745,0.368425,2
547,7,0.822857,0.799186,0.479109,0.358059,2
547,8,0.841357,0.804608,0.472447,0.355575,2
547,9,0.83723,0.815006,0.45565,0.361353,2
548,0,0.33686,0.207408,0.026678,0.009095,0
548,1,0.315069,0.217091,0.02508,0.003171,0
548,2,0.315496,0.219295,0.021034,0.006679,0
548,3,0.320286,0.199005,0.027626,0.000948,0
548,4,0.313437,0.199763,0.032899,0.008846,0
548,5,0.314708,0.200126,0.02714,0.004922,0
548,6,0.304291,0.213179,0.029559,0.007251,0
548,7,0.305888,0.218488,0.027233,0.001885,0
548,8,0.339936,0.22407,0.033923,0.004625,0
548,9,0.348671,0.217827,0.032329,0.004673,0
549,0,0.586345,0.64895,0.099311,0.20367,1
549,1,0.562783,0.65,0.083711,0.192261,1
549,2,0.556141,0.623711,0.102549,0.204185,1
549,3,0.563951,0.647426,0.109064,0.204845,1
549,4,0.556529,0.640332,0.096483,0.202079,1
549,5,0.574723,0.629784,0.10721,0.198116,1
549,6,0.571563,0.640134,0.104703,0.21522,1
549,7,0.562837,0.62355,0.095454,0.224209,1
549,8,0.578908,0.632722,0.093584,0.202318,1
549,9,0.57014,0.644308,0.101604,0.21039,1
550,0,0.625704,0.542829,0.175286,0.181482,1
550,1,0.626295,0.555164,0.17196,0.182988,1
550,2,0.625285,0.529232,0.172748,0.179802,1
550,3,0.628349,0.532972,0.167622,0.169963,1
550,4,0.611066,0.527147,0.170032,0.192146,1
550,5,0.625627,0.538436,0.181839,0.17453,1
550,6,0.622245,0.527646,0.181356,0.192628,1
550,7,0.615184,0.525096,0.166454,0.175348,1
550,8,0.640764,0.516386,0.161424,0.183667,1
550,9,0.627295,0.515371,0.170742,0.183422,1
551,0,0.445778,0.434539,0.241033,0.234045,1
551,1,0.439233,0.436326,0.266667,0.234043,1
551,2,0.449694,0.446489,0.264527,0.232076,1
551,3,0.459454,0.422139,0.266667,0.237282,1
551,4,0.476128,0.424307,0.266667,0.238924,1
551,5,0.462785,0.431573,0.253741,0.24083,1
551,6,0.454157,0.428791,0.26092,0.232202,1
551,7,0.431537,0.443728,0.266667,0.231442,1
551,8,0.466636,0.429035,0.266667,0.240875,1
551,9,0.431055,0.444015,0.266667,0.244475,1
552,0,0.62973,0.591454,0.14385,0.175815,1
552,1,0.624102,0.597809,0.166824,0.166536,1
552,2,0.647015,0.624939,0.165435,0.17463,1
552,3,0.616241,0.610295,0.154303,0.16327,1
552,4,0.619024,0.608788,0.163729,0.177285,1
552,5,0.626519,0.614609,0.165059,0.180318,1
552,6,0.628689,0.594817,0.167634,0.182503,1
552,7,0.638099,0.596773,0.171374,0.180157,1
552,8,0.640153,0.610835,0.171589,0.189871,1
552,9,0.634888,0.611172,0.176611,0.192923,1
553,0,0.676971,0.722763,0.516183,0.591292,2
553,1,0.682219,0.713885,0.540602,0.580495,2
553,2,0.684112,0.7141,0.513793,0.556199,2
553,3,0.680374,0.699074,0.513483,0.584148,2
553,4,0.695095,0.716363,0.513658,0.583757,2
553,5,0.684891,0.704339,0.528016,0.573042,2
553,6,0.687677,0.704349,0.54223,0.590065,2
553,7,0.688555,0.705958,0.533761,0.582279,2
553,8,0.678747,0.686507,0.514549,0.555992,2
553,9,0.691497,0.707616,0.545251,0.578825,2
554,0,0.208547,0.27541,0.025483,0.049616,0
554,1,0.248047,0.266999,0.024894,0.04776,0
554,2,0.249513,0.262506,0.025404,0.05184,0
554,3,0.240167,0.268733,0.028229,0.050026,0
554,4,0.236374,0.251897,0.030749,0.041568,0
554,5,0.227388,0.23523,0.026329,0.042534,0
554,6,0.22198,0.251564,0.023923,0.042745,0
554,7,0.244139,0.231283,0.024312,0.045408,0
554,8,0.213487,0.249021,0.027929,0.039987,0
554,9,0.208849,0.239856,0.025994,0.046602,0
555,0,0.297925,0.385516,0.006302,0.032371,0
555,1,0.316122,0.381372,0.004401,0.029675,0
555,2,0.281019,0.390195,0.002384,0.027763,0
555,3,0.290151,0.395053,0.0,0.0299,0
555,4,0.280931,0.4,0.0,0.033862,0
555,5,0.286529,0.375342,0.0,0.031116,0
555,6,0.299763,0.394649,0.0,0.031375,0
555,7,0.290316,0.388296,0.000779,0.034674,0
555,8,0.296368,0.4,0.0,0.03301,0
555,9,0.297779,0.383738,0.0,0.02758,0
556,0,0.7522,0.84387,0.354458,0.479348,2
556,1,0.758037,0.830777,0.372922,0.46751,2
556,2,0.758382,0.83818,0.355137,0.457978,2
556,3,0.741343,0.834684,0.352021,0.476142,2
556,4,0.75297,0.827564,0.344184,0.48969,2
556,5,0.756654,0.828712,0.380537,0.47086,2
556,6,0.748598,0.840899,0.36969,0.484367,2
556,7,0.732813,0.835662,0.371663,0.468734,2
556,8,0.745011,0.841793,0.37471,0.480564,2
556,9,0.741387,0.833021,0.378386,0.489737,2
557,0,0.420824,0.515063,0.258904,0.277918,1
557,1,0.420632,0.522825,0.257856,0.258011,1
557,2,0.402576,0.510942,0.244963,0.249957,1
557,3,0.410927,0.51916,0.261125,0.249074,1
557,4,0.424214,0.5158,0.255879,0.250875,1
557,5,0.433492,0.515577,0.249834,0.250642,1
557,6,0.420205,0.523873,0.249718,0.247669,1
557,7,0.421586,0.520462,0.261863,0.249307,1
557,8,0.418756,0.534098,0.233554,0.238502,1
557,9,0.423256,0.515954,0.254911,0.25011,1
558,0,0.117119,0.242357,0.00617,0.032861,0
558,1,0.110917,0.233169,0.00749,0.027395,0
558,2,0.102819,0.211891,0.007133,0.029021,0
558,3,0.117999,0.245676,0.004104,0.03117,0
558,4,0.098423,0.229124,0.006292,0.030325,0
558,5,0.098426,0.218884,0.009469,0.028853,0
558,6,0.10783,0.221137,0.004393,0.029697,0
558,7,0.116473,0.166682,0.002563,0.033902,0
558,8,0.088998,0.181075,0.004446,0.028195,0
558,9,0.115125,0.20801,0.005706,0.034695,0
559,0,0.646502,0.568039,0.244371,0.143937,1
559,1,0.635254,0.598886,0.260814,0.144706,1
559,2,0.603879,0.573254,0.248118,0.133998,1
559,3,0.627592,0.573447,0.25558,0.155779,1
559,4,0.631277,0.565525,0.266667,0.144111,1
559,5,0.626698,0.562387,0.261819,0.150964,1
559,6,0.626857,0.559564,0.266667,0.138468,1
559,7,0.65,0.560532,0.257034,0.148042,1
559,8,0.638765,0.555542,0.256714,0.146571,1
559,9,0.629779,0.548187,0.258984,0.144128,1
560,0,0.631203,0.587956,0.081902,0.235815,1
560,1,0.647968,0.575993,0.079551,0.241363,1
560,2,0.640859,0.595327,0.106281,0.23045,1
560,3,0.630463,0.583868,0.084663,0.226163,1
560,4,0.64217,0.592761,0.067807,0.236671,1
560,5,0.633529,0.579036,0.086873,0.22009,1
560,6,0.624682,0.592914,0.081732,0.231287,1
560,7,0.628965,0.593243,0.082499,0.225136,1
560,8,0.637311,0.59841,0.081478,0.207604,1
560,9,0.63782,0.576038,0.072831,0.212568,1
561,0,0.281653,0.0,0.000896,0.070964,0
561,1,0.28775,0.012613,0.0,0.073446,0
561,2,0.276041,0.0,0.0,0.071052,0
561,3,0.277106,0.000664,0.00051,0.061867,0
561,4,0.249082,0.0,0.0,0.074258,0
561,5,0.291078,0.006975,0.0,0.069014,0
561,6,0.26472,0.0,0.0,0.07453,0
561,7,0.237314,0.0,0.0,0.070025,0
561,8,0.239819,0.012532,0.000518,0.07538,0
561,9,0.236878,0.013614,0.001896,0.066914,0
562,0,0.403867,0.65,0.068843,0.178884,1
562,1,0.411964,0.617162,0.067759,0.186362,1
562,2,0.411933,0.625082,0.066667,0.198008,1
562,3,0.408131,0.63677,0.066667,0.19182,1
562,4,0.404989,0.64359,0.066667,0.186978,1
562,5,0.402536,0.643273,0.066667,0.193055,1
562,6,0.4,0.65,0.071592,0.179967,1
562,7,0.404851,0.647779,0.066667,0.174212,1
562,8,0.400269,0.648428,0.069161,0.180095,1
562,9,0.4,0.647706,0.070344,0.173191,1
563,0,0.36761,0.364989,0.044932,0.008966,0
563,1,0.358211,0.351158,0.047285,0.005045,0
563,2,0.344248,0.346096,0.042843,0.002852,0
563,3,0.365289,0.361158,0.044638,0.0,0
563,4,0.378052,0.362256,0.042886,0.0,0
563,5,0.354582,0.34818,0.047559,0.006472,0
563,6,0.338147,0.352407,0.045415,0.0,0
563,7,0.336816,0.360348,0.047403,0.0,0
563,8,0.34805,0.339765,0.047636,0.0,0
563,9,0.350612,0.346538,0.046533,0.000409,0
564,0,0.46307,0.534283,0.085378,0.198237,1
564,1,0.447663,0.571094,0.078719,0.18639,1
564,2,0.463161,0.555097,0.083473,0.184487,1
564,3,0.489588,0.570052,0.071474,0.200749,1
564,4,0.472031,0.566034,0.082968,0.197138,1
564,5,0.447655,0.574392,0.077021,0.196793,1
564,6,0.45273,0.557481,0.087074,0.184561,1
564,7,0.454388,0.575252,0.088499,0.183842,1
564,8,0.441477,0.587204,0.078336,0.180245,1
564,9,0.452159,0.570044,0.074611,0.200827,1
565,0,0.27246,0.187123,0.054914,0.006295,0
565,1,0.240052,0.193743,0.053363,0.002317,0
565,2,0.268891,0.193313,0.054165,0.008458,0
565,3,0.275351,0.204718,0.052336,0.0056,0
565,4,0.254959,0.224574,0.050305,0.007353,0
565,5,0.264095,0.222204,0.050306,0.003651,0
565,6,0.264025,0.210468,0.049098,0.009401,0
565,7,0.235823,0.196712,0.048138,0.010957,0
565,8,0.264404,0.219929,0.055666,0.005022,0
565,9,0.266692,0.213436,0.051809,0.011465,0
566,0,0.65654,0.789292,0.473092,0.540288,2
566,1,0.651086,0.799406,0.469876,0.532962,2
566,2,0.65,0.804579,0.469581,0.507759,2
566,3,0.65,0.812476,0.483279,0.506351,2
566,4,0.650081,0.796497,0.472925,0.51612,2
566,5,0.654833,0.8003,0.484238,0.523311,2
566,6,0.65,0.79188,0.461831,0.517147,2
566,7,0.669372,0.800561,0.473787,0.498704,2
566,8,0.659504,0.802865,0.488658,0.511791,2
566,9,0.663065,0.788759,0.459341,0.535625,2
567,0,0.824852,0.843156,0.420159,0.309618,2
567,1,0.817874,0.844272,0.433137,0.32351,2
567,2,0.811821,0.836833,0.418081,0.301598,2
567,3,0.809312,0.843211,0.39931,0.301732,2
567,4,0.813981,0.832687,0.391645,0.300636,2
567,5,0.823749,0.837735,0.416896,0.306276,2
567,6,0.819894,0.845624,0.422404,0.305962,2
567,7,0.809341,0.830855,0.403948,0.310841,2
567,8,0.808591,0.837132,0.420695,0.309975,2
567,9,0.81074,0.838342,0.423635,0.304288,2
568,0,0.341298,0.212743,0.008988,0.074058,0
568,1,0.346296,0.206308,0.013191,0.078005,0
568,2,0.342551,0.229591,0.007541,0.078956,0
568,3,0.330448,0.251321,0.011679,0.069474,0
568,4,0.332946,0.224949,0.014089,0.080263,0
568,5,0.336849,0.229985,0.013429,0.077522,0
568,6,0.333314,0.248643,0.013611,0.08318,0
568,7,0.334156,0.206955,0.010561,0.077005,0
568,8,0.334421,0.232236,0.010659,0.073837,0
568,9,0.321721,0.253895,0.007121,0.075943,0
569,0,0.8411,0.741814,0.392173,0.498425,2
569,1,0.845557,0.746304,0.403563,0.508782,2
569,2,0.844196,0.757533,0.382213,0.489143,2
569,3,0.85,0.749106,0.381973,0.483394,2
569,4,0.85,0.75589,0.404092,0.511763,2
569,5,0.85,0.747705,0.418215,0.505947,2
569,6,0.85,0.751366,0.379526,0.499468,2
569,7,0.85,0.7603,0.403938,0.502179,2
569,8,0.85,0.749147,0.391973,0.499399,2
569,9,0.85,0.757921,0.369708,0.478108,2
570,0,0.066933,0.016254,0.008473,0.086152,0
570,1,0.084062,0.009072,0.007482,0.086934,0
570,2,0.057442,0.0,0.010235,0.089439,0
570,3,0.07996,0.001443,0.011903,0.088337,0
570,4,0.066312,0.00175,0.001447,0.092758,0
570,5,0.092683,0.014514,0.003446,0.094323,0
570,6,0.059982,0.007,0.009491,0.089468,0
570,7,0.094687,0.002549,0.004879,0.085031,0
570,8,0.039026,0.0,0.00872,0.088872,0
570,9,0.066885,0.0,0.006484,0.090797,0
571,0,0.31642,0.204799,0.034917,0.09308,0
571,1,0.290369,0.176113,0.03319,0.099071,0
571,2,0.300544,0.190644,0.02951,0.1,0
571,3,0.269549,0.189406,0.029601,0.09667,0
571,4,0.307109,0.208151,0.028671,0.097501,0
571,5,0.276639,0.178737,0.031989,0.1,0
571,6,0.272455,0.200641,0.029527,0.096849,0
571,7,0.299508,0.194505,0.031257,0.097974,0
571,8,0.302313,0.184334,0.033191,0.1,0
571,9,0.3261,0.189535,0.034191,0.1,0
572,0,0.183868,0.139707,0.047676,0.074487,0
572,1,0.193514,0.155796,0.052733,0.078381,0
572,2,0.151682,0.133986,0.047583,0.071753,0
572,3,0.176219,0.140045,0.05061,0.08073,0
572,4,0.182665,0.125,0.048645,0.073788,0
572,5,0.145524,0.151357,0.04682,0.083419,0
572,6,0.179569,0.129068,0.052,0.077112,0
572,7,0.136778,0.134169,0.04986,0.076781,0
572,8,0.189162,0.116174,0.051153,0.076022,0
572,9,0.179156,0.148044,0.051285,0.081059,0
573,0,0.59849,0.442148,0.075166,0.281741,1
573,1,0.619114,0.440566,0.078017,0.280755,1
573,2,0.612555,0.449535,0.079889,0.286178,1
573,3,0.611972,0.438828,0.067623,0.281457,1
573,4,0.610895,0.425169,0.07404,0.270488,1
573,5,0.593104,0.436054,0.08395,0.279045,1
573,6,0.613382,0.451234,0.076798,0.264754,1
573,7,0.609806,0.441135,0.066667,0.273728,1
573,8,0.6126,0.443967,0.08013,0.267697,1
573,9,0.590864,0.435637,0.083204,0.276302,1
574,0,0.484376,0.572645,0.140841,0.150163,1
574,1,0.469683,0.559463,0.136907,0.162708,1
574,2,0.465675,0.563005,0.13065,0.157979,1
574,3,0.456926,0.584749,0.13182,0.15804,1
574,4,0.469982,0.575569,0.14283,0.172356,1
574,5,0.451409,0.580837,0.132902,0.174197,1
574,6,0.463935,0.587402,0.123372,0.170651,1
574,7,0.460002,0.567056,0.140085,0.17247,1
574,8,0.456412,0.58237,0.113576,0.166468,1
574,9,0.450244,0.581519,0.130397,0.175354,1
575,0,0.575196,0.419327,0.148719,0.244377,1
575,1,0.570569,0.449471,0.14829,0.256682,1
575,2,0.571263,0.419898,0.139826,0.24743,1
575,3,0.574804,0.418356,0.150627,0.234912,1
575,4,0.587375,0.4237,0.142548,0.2514,1
575,5,0.575135,0.424745,0.147147,0.221525,1
575,6,0.588919,0.446722,0.142799,0.228738,1
575,7,0.577031,0.432961,0.140527,0.247301,1
575,8,0.592593,0.42666,0.127924,0.230906,1
575,9,0.59165,0.437648,0.12984,0.236446,1
576,0,0.01661,0.244021,0.045169,0.029261,0
576,1,0.034059,0.218037,0.04542,0.020489,0
576,2,0.025119,0.23412,0.046283,0.013467,0
576,3,0.0,0.261845,0.043838,0.018227,0
576,4,0.0,0.217206,0.042114,0.017807,0
576,5,0.0,0.232547,0.045044,0.022813,0
576,6,0.0,0.239741,0.042703,0.020222,0
576,7,0.0,0.248809,0.038351,0.021842,0
576,8,0.0,0.266778,0.041888,0.020555,0
576,9,0.0,0.24208,0.036411,0.025353,0
577,0,0.8401,0.80249,0.297637,0.313599,2
577,1,0.842357,0.791769,0.291413,0.324269,2
577,2,0.831983,0.788537,0.312298,0.359679,2
577,3,0.826597,0.78931,0.310469,0.315769,2
577,4,0.835357,0.810212,0.27136,0.333984,2
577,5,0.82867,0.801315,0.266667,0.327017,2
577,6,0.832052,0.789528,0.302437,0.34341,2
577,7,0.836728,0.791962,0.267055,0.347038,2
577,8,0.841123,0.782732,0.278566,0.32928,2
577,9,0.836294,0.778967,0.266667,0.32004,2
578,0,0.137588,0.296114,0.003655,0.070461,0
578,1,0.143511,0.271478,0.008136,0.064662,0
578,2,0.117492,0.276385,0.008057,0.070126,0
578,3,0.13081,0.279656,0.00956,0.061545,0
578,4,0.133178,0.293924,0.008264,0.067806,0
578,5,0.107122,0.26989,0.007307,0.069164,0
578,6,0.147499,0.268553,0.012211,0.069812,0
578,7,0.124953,0.276527,0.011145,0.061629,0
578,8,0.132723,0.308982,0.0095,0.071059,0
578,9,0.142732,0.273923,0.011696,0.074908,0
579,0,0.0,0.014427,0.041409,0.071594,0
579,1,0.0,0.015013,0.037952,0.064342,0
579,2,0.0,0.02137,0.044147,0.069541,0
579,3,0.023834,0.028785,0.038109,0.066943,0
579,4,0.004879,0.044984,0.039211,0.06528,0
579,5,0.01018,0.051018,0.033754,0.073823,0
579,6,0.00124,0.006915,0.034185,0.059664,0
579,7,0.007751,0.006242,0.035919,0.067943,0
579,8,0.0,0.012327,0.031591,0.062025,0
579,9,0.044766,0.028261,0.033914,0.059094,0
580,0,0.331517,0.130884,0.0,0.052866,0
580,1,0.318603,0.134226,0.001691,0.064269,0
580,2,0.320233,0.143313,0.006415,0.061799,0
580,3,0.293546,0.131793,0.006388,0.05849,0
580,4,0.317489,0.113378,0.007488,0.055526,0
580,5,0.276032,0.126082,0.0,0.056256,0
580,6,0.338717,0.129697,0.0,0.060967,0
580,7,0.290282,0.149451,0.0,0.060069,0
580,8,0.286185,0.169655,0.002912,0.059175,0
580,9,0.293844,0.123889,9.5e-05,0.056823,0
581,0,0.141513,0.184878,0.059555,0.01344,0
581,1,0.118668,0.173525,0.061949,0.019794,0
581,2,0.123359,0.201937,0.057954,0.017051,0
581,3,0.125287,0.165604,0.064471,0.009672,0
581,4,0.134795,0.164837,0.059801,0.004918,0
581,5,0.14314,0.192634,0.060687,0.010173,0
581,6,0.113881,0.166307,0.064157,0.008214,0
581,7,0.07687,0.170992,0.063083,0.007675,0
581,8,0.105343,0.144634,0.063249,0.007263,0
581,9,0.13558,0.172635,0.062853,0.012784,0
582,0,0.30687,0.063017,0.051196,0.059466,0
582,1,0.288834,0.036487,0.053744,0.064743,0
582,2,0.314797,0.069134,0.053578,0.06602,0
582,3,0.309096,0.068128,0.048822,0.056115,0
582,4,0.296169,0.067982,0.052051,0.060554,0
582,5,0.322981,0.044811,0.055031,0.055202,0
582,6,0.30195,0.019109,0.047248,0.063308,0
582,7,0.314068,0.035744,0.058387,0.058281,0
582,8,0.311773,0.023546,0.055304,0.05801,0
582,9,0.30413,0.035935,0.053274,0.056287,0
583,0,0.599673,0.513627,0.179717,0.238511,1
583,1,0.600348,0.518981,0.176221,0.238219,1
583,2,0.600319,0.529257,0.188691,0.244085,1
583,3,0.63892,0.527676,0.19379,0.238124,1
583,4,0.612782,0.527138,0.181297,0.24129,1
583,5,0.604982,0.521388,0.18428,0.250046,1
583,6,0.634012,0.527519,0.176173,0.234041,1
583,7,0.629459,0.517447,0.179805,0.241899,1
583,8,0.606281,0.537223,0.192305,0.237797,1
583,9,0.623872,0.535389,0.19601,0.240306,1
584,0,0.107223,0.248518,0.053692,0.046469,0
584,1,0.107917,0.251471,0.051976,0.041928,0
584,2,0.103485,0.292507,0.04959,0.043403,0
584,3,0.133849,0.267313,0.050223,0.043198,0
584,4,0.154324,0.262375,0.054721,0.048319,0
584,5,0.136265,0.277575,0.052846,0.047503,0
584,6,0.131794,0.29163,0.049669,0.049812,0
584,7,0.111086,0.276317,0.054144,0.045523,0
584,8,0.111317,0.305157,0.053048,0.056706,0
584,9,0.11671,0.27367,0.048429,0.047032,0
585,0,0.127621,0.065316,0.059741,0.07668,0
585,1,0.136201,0.134361,0.063033,0.078451,0
585,2,0.161783,0.120822,0.058097,0.062283,0
585,3,0.135013,0.097318,0.059109,0.07268,0
585,4,0.152555,0.07599,0.059576,0.06772,0
585,5,0.115094,0.102356,0.057334,0.070148,0
585,6,0.121616,0.070417,0.054609,0.06775,0
585,7,0.104719,0.077795,0.054643,0.074699,0
585,8,0.135779,0.0868,0.053845,0.070619,0
585,9,0.136227,0.087907,0.05543,0.073888,0
586,0,0.885709,0.886273,0.740742,0.69952,3
586,1,0.874566,0.879015,0.746258,0.718984,3
586,2,0.889333,0.887813,0.776037,0.687692,3
586,3,0.893972,0.887262,0.732277,0.664429,3
586,4,0.883676,0.884881,0.737199,0.679753,3
586,5,0.899448,0.881914,0.768463,0.68178,3
586,6,0.897766,0.87983,0.751571,0.669979,3
586,7,0.889272,0.886873,0.767786,0.697181,3
586,8,0.882362,0.884383,0.764194,0.664801,3
586,9,0.879755,0.888243,0.745118,0.671012,3
587,0,0.291226,0.4,0.025913,0.035104,0
587,1,0.291431,0.376451,0.02648,0.034562,0
587,2,0.293286,0.4,0.027891,0.038833,0
587,3,0.280517,0.4,0.02788,0.041271,0
587,4,0.285307,0.4,0.021785,0.045125,0
587,5,0.255407,0.4,0.024982,0.052986,0
587,6,0.264922,0.4,0.030053,0.04909,0
587,7,0.277369,0.4,0.027452,0.04647,0
587,8,0.283801,0.394838,0.022888,0.046175,0
587,9,0.299781,0.394603,0.023933,0.046514,0
588,0,0.459876,0.51361,0.195822,0.195868,1
588,1,0.446984,0.511084,0.196225,0.209566,1
588,2,0.470221,0.520767,0.191902,0.231246,1
588,3,0.455432,0.520233,0.195834,0.217445,1
588,4,0.469658,0.498301,0.211776,0.206986,1
588,5,0.459104,0.500562,0.197273,0.210109,1
588,6,0.45889,0.512369,0.205624,0.211359,1
588,7,0.484592,0.5266,0.197293,0.223872,1
588,8,0.474665,0.497932,0.208184,0.213092,1
588,9,0.481466,0.51246,0.208302,0.207643,1
589,0,0.058996,0.156997,0.052383,0.039942,0
589,1,0.1011,0.189856,0.056829,0.029714,0
589,2,0.061695,0.193209,0.053556,0.043227,0
589,3,0.070924,0.172475,0.053394,0.042057,0
589,4,0.033213,0.165866,0.054341,0.039322,0
589,5,0.03205,0.195279,0.053382,0.041003,0
589,6,0.030187,0.21758,0.055566,0.040118,0
589,7,0.044887,0.194447,0.049896,0.043754,0
589,8,0.021879,0.182466,0.049477,0.041132,0
589,9,0.069875,0.174438,0.054039,0.04003,0
590,0,0.210094,0.197211,0.057231,0.095313,0
590,1,0.212923,0.183436,0.05665,0.090468,0
590,2,0.255968,0.228845,0.058326,0.091929,0
590,3,0.22713,0.204815,0.055191,0.088822,0
590,4,0.207946,0.196299,0.051803,0.095989,0
590,5,0.211139,0.207564,0.054901,0.095187,0
590,6,0.221873,0.213378,0.04991,0.096132,0
590,7,0.238414,0.182267,0.056657,0.091198,0
590,8,0.230494,0.198681,0.053492,0.093107,0
590,9,0.212383,0.202493,0.051139,0.085828,0
591,0,0.056007,0.208891,0.048852,0.031369,0
591,1,0.069673,0.232486,0.046544,0.040822,0
591,2,0.06387,0.228447,0.048073,0.031112,0
591,3,0.057135,0.207705,0.043117,0.033203,0
591,4,0.056552,0.211483,0.045532,0.031214,0
591,5,0.082434,0.236852,0.041718,0.032647,0
591,6,0.043519,0.257076,0.043654,0.030771,0
591,7,0.062674,0.224628,0.04113,0.030875,0
591,8,0.0349,0.222339,0.045895,0.034038,0
591,9,0.034135,0.21939,0.042252,0.039236,0
592,0,0.347097,0.375465,0.029211,0.030196,0
592,1,0.349126,0.365482,0.024049,0.034632,0
592,2,0.361807,0.371699,0.026292,0.036423,0
592,3,0.308543,0.367472,0.022979,0.033761,0
592,4,0.369263,0.357731,0.025462,0.039425,0
592,5,0.332321,0.34936,0.030523,0.032028,0
592,6,0.316997,0.36604,0.025371,0.037909,0
592,7,0.335811,0.370133,0.029471,0.02883,0
592,8,0.335798,0.360249,0.023429,0.032295,0
592,9,0.3454,0.347061,0.026935,0.030036,0
593,0,0.738587,0.710478,0.367158,0.526863,2
593,1,0.745366,0.715046,0.365368,0.514961,2
593,2,0.739154,0.717782,0.346384,0.510915,2
593,3,0.749078,0.708548,0.362633,0.511294,2
593,4,0.766083,0.715602,0.379117,0.505636,2
593,5,0.735413,0.707798,0.343541,0.52134,2
593,6,0.754708,0.712476,0.371168,0.5164,2
593,7,0.74606,0.718841,0.395364,0.529237,2
593,8,0.75633,0.718933,0.361421,0.51491,2
593,9,0.757219,0.71724,0.359462,0.52531,2
594,0,0.325632,0.04498,0.064571,0.023493,0
594,1,0.335822,0.021038,0.064323,0.024627,0
594,2,0.369219,0.047472,0.066308,0.026591,0
594,3,0.381848,0.031927,0.063501,0.029594,0
594,4,0.379424,0.036465,0.061076,0.024273,0
594,5,0.358075,0.039935,0.064151,0.031855,0
594,6,0.382387,0.043513,0.065685,0.024466,0
594,7,0.369505,0.006877,0.059532,0.028537,0
594,8,0.396464,0.019486,0.066667,0.0285,0
594,9,0.4,0.016735,0.062082,0.023139,0
595,0,0.449463,0.568454,0.252334,0.139194,1
595,1,0.453769,0.548994,0.245444,0.136772,1
595,2,0.454233,0.559959,0.258203,0.129245,1
595,3,0.461153,0.555795,0.246587,0.142963,1
595,4,0.458263,0.553249,0.244816,0.137576,1
595,5,0.438843,0.553393,0.245259,0.133317,1
595,6,0.441012,0.546313,0.250568,0.137958,1
595,7,0.456857,0.570215,0.236514,0.128215,1
595,8,0.467358,0.560633,0.252673,0.129502,1
595,9,0.459414,0.569804,0.240226,0.127274,1
596,0,0.775606,0.763833,0.349999,0.59491,2
596,1,0.791149,0.759825,0.371362,0.577968,2
596,2,0.773404,0.757153,0.342667,0.591667,2
596,3,0.789073,0.748272,0.340385,0.589882,2
596,4,0.797699,0.74866,0.374837,0.575335,2
596,5,0.804501,0.758165,0.359038,0.6,2
596,6,0.778213,0.750317,0.355922,0.6,2
596,7,0.793588,0.759955,0.381907,0.599748,2
596,8,0.799599,0.741565,0.374233,0.583195,2
596,9,0.804425,0.736057,0.360629,0.592172,2
597,0,0.01346,0.16826,0.059303,0.007226,0
597,1,0.012842,0.175911,0.06338,0.011058,0
597,2,0.007503,0.170119,0.065918,0.001053,0
597,3,0.016403,0.165797,0.059949,0.002977,0
597,4,0.031389,0.169187,0.057517,0.003327,0
597,5,0.030374,0.172225,0.066402,0.008823,0
597,6,0.009146,0.166052,0.061422,0.003637,0
597,7,0.030753,0.134731,0.06307,0.003247,0
597,8,0.023996,0.183325,0.057898,0.006126,0
597,9,0.031266,0.169993,0.057667,0.00875,0
598,0,0.076957,0.002412,0.045399,0.053248,0
598,1,0.076889,0.029275,0.044519,0.058303,0
598,2,0.092445,0.004659,0.043935,0.05734,0
598,3,0.082834,0.012785,0.045246,0.052263,0
598,4,0.051619,0.0,0.04229,0.057493,0
598,5,0.054966,0.0,0.041403,0.053247,0
598,6,0.05667,0.0,0.046704,0.060249,0
598,7,0.078211,0.006637,0.046638,0.061512,0
598,8,0.06245,0.0,0.047007,0.067089,0
598,9,0.051235,0.0,0.047505,0.061558,0
599,0,0.369461,0.204851,0.006054,0.024999,0
599,1,0.384377,0.213694,0.00682,0.030571,0
599,2,0.376371,0.232389,0.00768,0.021445,0
599,3,0.387243,0.218237,0.009689,0.030504,0
599,4,0.4,0.202188,0.014464,0.017005,0
599,5,0.391309,0.194463,0.013541,0.022565,0
599,6,0.369307,0.18518,0.011075,0.033132,0
599,7,0.373136,0.229373,0.012247,0.033444,0
599,8,0.367966,0.214422,0.010138,0.030309,0
599,9,0.393275,0.192225,0.008256,0.022438,0
600,0,0.248868,0.173811,0.016939,0.070841,0
600,1,0.232156,0.171029,0.013851,0.077564,0
600,2,0.225668,0.160747,0.019332,0.070806,0
600,3,0.256118,0.159476,0.01756,0.071737,0
600,4,0.238639,0.18412,0.015103,0.069705,0
600,5,0.248915,0.161245,0.018764,0.066219,0
600,6,0.229037,0.173726,0.016126,0.072977,0
600,7,0.228484,0.199356,0.016303,0.07131,0
600,8,0.231493,0.202818,0.02029,0.074033,0
600,9,0.247461,0.147047,0.018058,0.079625,0
601,0,0.138485,0.165861,0.03675,0.059056,0
601,1,0.158797,0.159029,0.035224,0.063791,0
601,2,0.144387,0.180542,0.03578,0.061043,0
601,3,0.161687,0.13096,0.034015,0.058896,0
601,4,0.170006,0.135565,0.033848,0.061552,0
601,5,0.158044,0.158599,0.03313,0.055822,0
601,6,0.158989,0.175503,0.034513,0.056539,0
601,7,0.146572,0.155453,0.035344,0.065043,0
601,8,0.166767,0.153837,0.032929,0.058267,0
601,9,0.146584,0.136649,0.038737,0.061025,0
602,0,0.361508,0.334258,0.043742,0.065755,0
602,1,0.382028,0.327866,0.041689,0.063428,0
602,2,0.371934,0.352517,0.041091,0.062495,0
602,3,0.372713,0.337362,0.044272,0.063703,0
602,4,0.342023,0.364718,0.04287,0.064814,0
602,5,0.374445,0.34896,0.041499,0.055185,0
602,6,0.358583,0.359616,0.043926,0.060188,0
602,7,0.359374,0.359265,0.039499,0.067339,0
602,8,0.35177,0.313485,0.042558,0.058312,0
602,9,0.317792,0.345325,0.042231,0.069435,0
603,0,0.558327,0.491494,0.14592,0.111628,1
603,1,0.554515,0.492645,0.136476,0.102656,1
603,2,0.570965,0.465599,0.137366,0.127959,1
603,3,0.571516,0.489513,0.129447,0.111653,1
603,4,0.576268,0.490192,0.125661,0.110424,1
603,5,0.587182,0.488583,0.139175,0.107017,1
603,6,0.572454,0.479356,0.123299,0.114044,1
603,7,0.588749,0.48042,0.135513,0.118645,1
603,8,0.555571,0.478515,0.135651,0.103109,1
603,9,0.580006,0.467523,0.142176,0.116915,1
604,0,0.627126,0.442089,0.16644,0.231725,1
604,1,0.614476,0.433713,0.187162,0.251111,1
604,2,0.632111,0.436008,0.173771,0.228452,1
604,3,0.607922,0.414719,0.16498,0.235214,1
604,4,0.611332,0.435389,0.175879,0.256921,1
604,5,0.611118,0.429451,0.186382,0.247461,1
604,6,0.615913,0.443711,0.169573,0.260661,1
604,7,0.597043,0.449275,0.176275,0.23808,1
604,8,0.608293,0.428134,0.162805,0.234237,1
604,9,0.602021,0.424456,0.170573,0.23542,1
605,0,0.305588,0.033644,0.034262,0.049337,0
605,1,0.325404,0.054799,0.04046,0.04111,0
605,2,0.314634,0.044256,0.039188,0.049654,0
605,3,0.331392,0.063388,0.037622,0.046956,0
605,4,0.33959,0.040683,0.04077,0.049137,0
605,5,0.329524,0.051077,0.043104,0.04586,0
605,6,0.309243,0.053246,0.044095,0.043887,0
605,7,0.338426,0.060607,0.042241,0.046757,0
605,8,0.315516,0.013365,0.048537,0.047886,0
605,9,0.318081,0.012822,0.040405,0.048405,0
606,0,0.250335,0.220592,0.04287,0.042266,0
606,1,0.216697,0.239031,0.041652,0.03434,0
606,2,0.2624,0.207509,0.041898,0.048211,0
606,3,0.235936,0.21439,0.03954,0.036656,0
606,4,0.232909,0.217117,0.0442,0.037537,0
606,5,0.234288,0.183503,0.044979,0.037605,0
606,6,0.258636,0.208715,0.042776,0.037361,0
606,7,0.219315,0.211771,0.045924,0.031328,0
606,8,0.200532,0.209311,0.048703,0.040059,0
606,9,0.232342,0.222508,0.045332,0.037722,0
607,0,0.136857,0.288626,0.058616,0.053986,0
607,1,0.19155,0.306314,0.057984,0.050972,0
607,2,0.172559,0.308865,0.055178,0.057003,0
607,3,0.172305,0.30016,0.054911,0.050516,0
607,4,0.17009,0.324035,0.057642,0.052911,0
607,5,0.171307,0.337021,0.062054,0.055304,0
607,6,0.146384,0.354457,0.057091,0.053515,0
607,7,0.157309,0.320843,0.053233,0.05268,0
607,8,0.136311,0.345476,0.060501,0.050213,0
607,9,0.158088,0.305868,0.054117,0.052997,0
608,0,0.838027,0.789643,0.46496,0.492837,2
608,1,0.839639,0.781273,0.46562,0.476512,2
608,2,0.84122,0.784608,0.483354,0.481765,2
608,3,0.85,0.782539,0.502739,0.495429,2
608,4,0.837754,0.788151,0.483949,0.505875,2
608,5,0.847658,0.77796,0.465151,0.494242,2
608,6,0.85,0.784873,0.504969,0.512911,2
608,7,0.85,0.785295,0.506963,0.513722,2
608,8,0.85,0.785451,0.483638,0.506372,2
608,9,0.841768,0.770709,0.50476,0.520064,2
609,0,0.574658,0.634562,0.193502,0.260924,1
609,1,0.561153,0.627175,0.188132,0.260567,1
609,2,0.575033,0.604011,0.198793,0.25797,1
609,3,0.55745,0.604689,0.19104,0.260486,1
609,4,0.561085,0.618416,0.19366,0.27143,1
609,5,0.559012,0.62259,0.193218,0.260983,1
609,6,0.58187,0.616639,0.18898,0.262758,1
609,7,0.553823,0.633593,0.184397,0.26795,1
609,8,0.58145,0.63092,0.183746,0.271565,1
609,9,0.559752,0.625207,0.186178,0.268726,1
610,0,0.990557,0.922422,0.784003,0.913201,3
610,1,0.988687,0.924457,0.775395,0.943895,3
610,2,0.990141,0.917778,0.797595,0.927014,3
610,3,0.989326,0.918709,0.772609,0.908113,3
610,4,0.986804,0.920587,0.794709,0.912978,3
610,5,0.982634,0.921005,0.818519,0.915476,3
610,6,0.980095,0.91661,0.802715,0.910698,3
610,7,0.983264,0.920047,0.815365,0.916087,3
610,8,0.978813,0.914431,0.805987,0.91317,3
610,9,0.989044,0.909516,0.791373,0.915532,3
611,0,0.786161,0.714429,0.468745,0.365158,2
611,1,0.796714,0.713817,0.441813,0.37177,2
611,2,0.79463,0.707674,0.431245,0.356018,2
611,3,0.78275,0.702224,0.445048,0.3622,2
611,4,0.784022,0.716283,0.483381,0.364051,2
611,5,0.782604,0.701028,0.460523,0.366638,2
611,6,0.78356,0.705332,0.445053,0.361795,2
611,7,0.779642,0.710194,0.462646,0.369703,2
611,8,0.794517,0.713451,0.469047,0.375253,2
611,9,0.781445,0.693115,0.437759,0.394792,2
612,0,0.762282,0.786295,0.514281,0.529965,2
612,1,0.757618,0.801299,0.492607,0.525533,2
612,2,0.761756,0.798303,0.51828,0.528989,2
612,3,0.750537,0.816454,0.49137,0.525427,2
612,4,0.770552,0.803617,0.477449,0.509483,2
612,5,0.744278,0.810647,0.474337,0.528578,2
612,6,0.757835,0.800796,0.479454,0.525504,2
612,7,0.761962,0.806196,0.459739,0.503016,2
612,8,0.754239,0.784906,0.478348,0.514772,2
612,9,0.75117,0.791021,0.473319,0.53612,2
613,0,0.504505,0.404917,0.126718,0.16227,1
613,1,0.502069,0.404894,0.114824,0.172904,1
613,2,0.497274,0.42301,0.122629,0.167433,1
613,3,0.504359,0.419559,0.094091,0.172881,1
613,4,0.489825,0.411756,0.116785,0.175569,1
613,5,0.484748,0.432737,0.107836,0.165903,1
613,6,0.476547,0.421462,0.118591,0.166953,1
613,7,0.479444,0.41815,0.109913,0.181885,1
613,8,0.498016,0.415248,0.115748,0.17789,1
613,9,0.494322,0.432746,0.108917,0.17554,1
614,0,0.871062,0.900209,0.832399,0.996225,3
614,1,0.86643,0.88842,0.832771,1.0,3
614,2,0.865777,0.897517,0.84508,0.992786,3
614,3,0.869865,0.896863,0.822412,0.992613,3
614,4,0.868135,0.898395,0.806633,0.989164,3
614,5,0.86503,0.89792,0.84069,0.963075,3
614,6,0.863401,0.897088,0.833328,1.0,3
614,7,0.870013,0.893196,0.845376,0.986992,3
614,8,0.866896,0.886736,0.84032,0.990402,3
614,9,0.872003,0.889509,0.83953,0.99679,3
615,0,0.907563,0.967595,0.852261,1.0,3
615,1,0.900044,0.968805,0.861112,1.0,3
615,2,0.910997,0.975907,0.856705,1.0,3
615,3,0.899121,0.974323,0.837194,0.986093,3
615,4,0.910951,0.975388,0.841615,0.989754,3
615,5,0.898539,0.978123,0.849615,0.994282,3
615,6,0.908023,0.976669,0.836318,0.979441,3
615,7,0.905828,0.981229,0.84151,0.990721,3
615,8,0.904856,0.980434,0.846854,1.0,3
615,9,0.899533,0.986552,0.838491,1.0,3
616,0,0.6087,0.468804,0.180728,0.19658,1
616,1,0.598634,0.464877,0.185852,0.207486,1
616,2,0.612877,0.465383,0.179691,0.218626,1
616,3,0.600203,0.458601,0.177646,0.213105,1
616,4,0.631564,0.452352,0.186906,0.20952,1
616,5,0.611884,0.461007,0.181732,0.206562,1
616,6,0.6147,0.47672,0.177974,0.202242,1
616,7,0.612672,0.466437,0.179118,0.20195,1
616,8,0.603111,0.445068,0.180261,0.204644,1
616,9,0.610253,0.439941,0.193326,0.211561,1
617,0,0.166234,0.219217,0.050186,0.070333,0
617,1,0.201658,0.199116,0.058883,0.068574,0
617,2,0.171531,0.226226,0.060501,0.066094,0
617,3,0.19293,0.251912,0.055392,0.072562,0
617,4,0.193216,0.250009,0.063958,0.071906,0
617,5,0.17635,0.243834,0.065229,0.067106,0
617,6,0.192716,0.269982,0.058271,0.074567,0
617,7,0.195504,0.256509,0.055655,0.074982,0
617,8,0.18488,0.24975,0.060583,0.072015,0
617,9,0.207709,0.258813,0.056461,0.065805,0
618,0,0.018858,0.201364,0.063334,0.024375,0
618,1,0.009539,0.200817,0.061571,0.025962,0
618,2,0.037084,0.198085,0.058766,0.024363,0
618,3,0.000959,0.21054,0.064148,0.029994,0
618,4,0.0,0.210993,0.060767,0.026076,0
618,5,0.0,0.191807,0.065962,0.029651,0
618,6,0.012764,0.205253,0.064765,0.019388,0
618,7,0.018769,0.213577,0.064954,0.029841,0
618,8,0.0,0.208315,0.061601,0.030871,0
618,9,0.012825,0.21237,0.061809,0.026192,0
619,0,0.602774,0.47635,0.113279,0.273902,1
619,1,0.617288,0.480424,0.111112,0.28765,1
619,2,0.617866,0.484883,0.110691,0.269209,1
619,3,0.620756,0.471013,0.101976,0.282647,1
619,4,0.618243,0.502175,0.113728,0.268277,1
619,5,0.633694,0.472347,0.104385,0.273007,1
619,6,0.638617,0.477015,0.123898,0.276331,1
619,7,0.631287,0.489594,0.119475,0.287431,1
619,8,0.624201,0.493522,0.127365,0.281788,1
619,9,0.621717,0.491734,0.108899,0.283089,1
620,0,0.361896,0.066607,0.022222,0.066955,0
620,1,0.4,0.080366,0.02705,0.061637,0
620,2,0.4,0.056429,0.023647,0.058054,0
620,3,0.373007,0.045713,0.026136,0.061515,0
620,4,0.392129,0.059172,0.031187,0.062314,0
620,5,0.383117,0.024257,0.026507,0.062845,0
620,6,0.355173,0.031765,0.025237,0.060671,0
620,7,0.348654,0.025862,0.031115,0.066951,0
620,8,0.372444,0.008725,0.028251,0.068697,0
620,9,0.359392,0.01486,0.031861,0.066445,0
621,0,0.687851,0.684955,0.302051,0.363326,2
621,1,0.687932,0.687972,0.291703,0.360675,2
621,2,0.687942,0.669955,0.292926,0.347192,2
621,3,0.693762,0.66464,0.311687,0.346556,2
621,4,0.690811,0.677352,0.281227,0.355498,2
621,5,0.701236,0.693733,0.298857,0.353122,2
621,6,0.686122,0.669283,0.312574,0.347764,2
621,7,0.696759,0.675091,0.295944,0.35972,2
621,8,0.708401,0.67239,0.280019,0.351644,2
621,9,0.689324,0.68608,0.3072,0.371257,2
622,0,0.324886,0.23762,0.038711,0.099603,0
622,1,0.328655,0.228509,0.0377,0.093943,0
622,2,0.355402,0.206155,0.04057,0.097662,0
622,3,0.348994,0.227113,0.039723,0.088102,0
622,4,0.375095,0.25957,0.041251,0.096822,0
622,5,0.369909,0.240781,0.039927,0.094844,0
622,6,0.326181,0.241965,0.036524,0.079372,0
622,7,0.329474,0.236071,0.036202,0.088658,0
622,8,0.339823,0.264769,0.037992,0.084887,0
622,9,0.331632,0.2634,0.036837,0.088064,0
623,0,0.374603,0.346847,0.033313,0.070515,0
623,1,0.36896,0.388796,0.032609,0.070273,0
623,2,0.368861,0.4,0.030341,0.076806,0
623,3,0.4,0.353987,0.029886,0.074466,0
623,4,0.4,0.328022,0.033797,0.067244,0
623,5,0.364025,0.358764,0.028951,0.063779,0
623,6,0.370468,0.336153,0.030897,0.060994,0
623,7,0.4,0.357829,0.036354,0.063758,0
623,8,0.364213,0.377886,0.032288,0.065545,0
623,9,0.384755,0.328803,0.034772,0.071112,0
624,0,0.312224,0.208618,0.053443,0.012165,0
624,1,0.28983,0.239375,0.052683,0.00984,0
624,2,0.285176,0.220719,0.0551,0.003041,0
624,3,0.3108,0.237361,0.054224,0.005481,0
624,4,0.291469,0.256542,0.059229,0.006307,0
624,5,0.308752,0.277097,0.055975,0.00325,0
624,6,0.330357,0.221685,0.056085,0.004865,0
624,7,0.311054,0.232813,0.058767,0.010454,0
624,8,0.335178,0.238098,0.058088,0.0,0
624,9,0.330776,0.197464,0.055135,0.00674,0
625,0,0.494985,0.478343,0.079846,0.1,1
625,1,0.4781,0.499774,0.080525,0.1,1
625,2,0.489133,0.494149,0.085938,0.1,1
625,3,0.492477,0.488675,0.087578,0.104495,1
625,4,0.509243,0.490544,0.085235,0.1,1
625,5,0.490511,0.478616,0.096299,0.1,1
625,6,0.484193,0.49595,0.096526,0.1,1
625,7,0.491647,0.501186,0.07949,0.1,1
625,8,0.482682,0.492016,0.089849,0.1,1
625,9,0.497994,0.488803,0.081385,0.1,1
626,0,0.675789,0.797427,0.303657,0.453514,2
626,1,0.668644,0.792812,0.31912,0.457348,2
626,2,0.659641,0.786251,0.318754,0.444632,2
626,3,0.669532,0.803837,0.31145,0.450687,2
626,4,0.664716,0.796991,0.293483,0.454391,2
626,5,0.658379,0.804097,0.311558,0.448927,2
626,6,0.659876,0.813131,0.307321,0.438665,2
626,7,0.66932,0.800835,0.316956,0.447412,2
626,8,0.650475,0.787497,0.310803,0.450404,2
626,9,0.653547,0.78424,0.326569,0.444346,2
627,0,0.242675,0.222571,0.055204,0.016989,0
627,1,0.241017,0.198382,0.06427,0.009996,0
627,2,0.256938,0.234363,0.059436,0.011469,0
627,3,0.264403,0.221007,0.057101,0.00732,0
627,4,0.256291,0.204202,0.060209,0.009651,0
627,5,0.2715,0.213253,0.063496,0.011885,0
627,6,0.252782,0.213041,0.062741,0.00569,0
627,7,0.282976,0.202399,0.061287,0.008515,0
627,8,0.262713,0.188361,0.059601,0.002681,0
627,9,0.245551,0.230539,0.060999,0.007577,0
628,0,0.132406,0.017914,0.045889,0.021094,0
628,1,0.140762,0.051149,0.050504,0.026037,0
628,2,0.13077,0.012183,0.044076,0.022049,0
628,3,0.157325,0.0,0.05022,0.025912,0
628,4,0.142894,0.0,0.047464,0.023635,0
628,5,0.147637,0.016648,0.048345,0.030526,0
628,6,0.177197,0.008801,0.048149,0.022041,0
628,7,0.157114,0.018458,0.048022,0.02351,0
628,8,0.159211,0.009892,0.048465,0.026386,0
628,9,0.145809,0.0,0.049882,0.021684,0
629,0,0.211763,0.325977,0.017174,0.097871,0
629,1,0.256591,0.325712,0.018527,0.094744,0
629,2,0.201583,0.314106,0.01796,0.09754,0
629,3,0.214057,0.309512,0.015826,0.097694,0
629,4,0.219469,0.321813,0.014574,0.099287,0
629,5,0.20807,0.317727,0.015805,0.1,0
629,6,0.208165,0.321533,0.017466,0.093542,0
629,7,0.21644,0.310855,0.015045,0.095474,0
629,8,0.223704,0.307724,0.01752,0.098309,0
629,9,0.188792,0.324927,0.014238,0.097637,0
630,0,0.075344,0.285996,0.020387,0.027906,0
630,1,0.045012,0.283039,0.018373,0.026206,0
630,2,0.088265,0.273601,0.017178,0.029763,0
630,3,0.062629,0.274111,0.014885,0.021885,0
630,4,0.052741,0.291839,0.01654,0.019074,0
630,5,0.054206,0.278161,0.018438,0.030829,0
630,6,0.050065,0.303008,0.018245,0.029202,0
630,7,0.043246,0.278065,0.015102,0.023926,0
630,8,0.054417,0.261438,0.017002,0.024606,0
630,9,0.056752,0.266996,0.017443,0.032934,0
631,0,0.103062,0.249813,0.049493,0.053825,0
631,1,0.115853,0.265605,0.047862,0.058381,0
631,2,0.111355,0.294317,0.046738,0.053046,0
631,3,0.113236,0.286558,0.043827,0.04922,0
631,4,0.134396,0.319027,0.042078,0.050534,0
631,5,0.125325,0.29915,0.044461,0.058959,0
631,6,0.14947,0.285105,0.040725,0.054057,0
631,7,0.149422,0.292089,0.044421,0.053396,0
631,8,0.148854,0.248605,0.038009,0.055893,0
631,9,0.150749,0.266483,0.045869,0.058892,0
632,0,0.15981,0.032309,0.049475,0.000888,0
632,1,0.185157,0.043624,0.043452,0.0,0
632,2,0.185749,0.044917,0.049027,0.003338,0
632,3,0.190344,0.034182,0.04737,0.004609,0
632,4,0.176874,0.016745,0.049994,0.0,0
632,5,0.181824,0.04437,0.046896,0.004387,0
632,6,0.206527,0.008047,0.048546,0.001504,0
632,7,0.187794,0.025562,0.044408,0.006036,0
632,8,0.203895,0.019768,0.048736,0.0,0
632,9,0.206884,0.031631,0.044728,0.0,0
633,0,0.728456,0.795795,0.622466,0.529484,2
633,1,0.72996,0.785215,0.61684,0.521915,2
633,2,0.723351,0.790648,0.60809,0.540209,2
633,3,0.701632,0.799903,0.63267,0.522873,2
633,4,0.726266,0.798381,0.621936,0.517563,2
633,5,0.72671,0.798101,0.631476,0.516714,2
633,6,0.727442,0.787083,0.620609,0.52588,2
633,7,0.717591,0.778568,0.634349,0.536875,2
633,8,0.720798,0.797455,0.650064,0.521757,2
633,9,0.715618,0.783548,0.651692,0.5325,2
634,0,0.310172,0.085866,0.050817,0.065637,0
634,1,0.290088,0.097403,0.054897,0.063503,0
634,2,0.290624,0.078425,0.052763,0.062015,0
634,3,0.270731,0.091123,0.048971,0.063026,0
634,4,0.262701,0.089039,0.05294,0.054554,0
634,5,0.298771,0.071106,0.052809,0.058322,0
634,6,0.273903,0.078391,0.049084,0.062771,0
634,7,0.30432,0.125236,0.050406,0.058234,0
634,8,0.305889,0.084316,0.049315,0.0607,0
634,9,0.322568,0.050945,0.049671,0.055298,0
635,0,0.833508,0.703193,0.535741,0.520166,2
635,1,0.85,0.711867,0.573262,0.50282,2
635,2,0.841797,0.706994,0.541371,0.497799,2
635,3,0.84359,0.701929,0.575786,0.511454,2
635,4,0.844372,0.712863,0.574797,0.51722,2
635,5,0.830197,0.711847,0.530452,0.511862,2
635,6,0.85,0.704596,0.53167,0.527615,2
635,7,0.840958,0.720659,0.542105,0.529304,2
635,8,0.831543,0.705061,0.543951,0.521708,2
635,9,0.85,0.721441,0.555966,0.522743,2
636,0,0.702693,0.728514,0.422424,0.475666,2
636,1,0.695828,0.710361,0.438698,0.47632,2
636,2,0.69838,0.725934,0.439236,0.478546,2
636,3,0.701472,0.726382,0.405515,0.475503,2
636,4,0.707197,0.709183,0.424536,0.467107,2
636,5,0.698169,0.722884,0.431337,0.481931,2
636,6,0.698283,0.724433,0.422584,0.468365,2
636,7,0.687148,0.696884,0.423775,0.435448,2
636,8,0.691805,0.718429,0.43388,0.426143,2
636,9,0.691663,0.719903,0.448666,0.461681,2
637,0,0.82073,0.681972,0.427036,0.58837,2
637,1,0.832686,0.669358,0.446286,0.592821,2
637,2,0.85,0.673102,0.426668,0.595228,2
637,3,0.834899,0.67569,0.440293,0.593617,2
637,4,0.827813,0.672343,0.450704,0.591006,2
637,5,0.826994,0.678561,0.478571,0.6,2
637,6,0.828171,0.675073,0.460187,0.575381,2
637,7,0.836064,0.67569,0.46149,0.571431,2
637,8,0.836505,0.684282,0.449784,0.585568,2
637,9,0.825648,0.66808,0.468211,0.589251,2
638,0,0.154491,0.132994,0.009056,0.062537,0
638,1,0.136887,0.117736,0.009947,0.069019,0
638,2,0.135353,0.124831,0.0112,0.062106,0
638,3,0.147096,0.110416,0.009872,0.062925,0
638,4,0.133599,0.108663,0.003985,0.064047,0
638,5,0.126104,0.1277,0.010691,0.063206,0
638,6,0.121098,0.133827,0.008883,0.062505,0
638,7,0.163755,0.123063,0.003053,0.066876,0
638,8,0.132888,0.099707,0.007787,0.065281,0
638,9,0.120915,0.164152,0.006781,0.062842,0
639,0,0.098072,0.135989,0.032933,0.014497,0
639,1,0.134468,0.157593,0.034399,0.011542,0
639,2,0.114435,0.135037,0.033189,0.007514,0
639,3,0.126165,0.162113,0.034936,0.002669,0
639,4,0.122644,0.113217,0.036797,0.0,0
639,5,0.115727,0.128267,0.033886,0.011823,0
639,6,0.083362,0.11789,0.032652,0.009835,0
639,7,0.111922,0.126631,0.033271,0.001311,0
639,8,0.115282,0.119227,0.037403,0.008649,0
639,9,0.098448,0.112277,0.035646,0.001655,0
640,0,0.261669,0.263482,0.03136,0.054019,0
640,1,0.269209,0.261397,0.036359,0.053561,0
640,2,0.239785,0.275553,0.03867,0.051698,0
640,3,0.23894,0.299435,0.033186,0.055031,0
640,4,0.253954,0.294365,0.033786,0.054725,0
640,5,0.229481,0.281269,0.030681,0.060116,0
640,6,0.259375,0.271709,0.035393,0.060891,0
640,7,0.251938,0.30308,0.029902,0.055991,0
640,8,0.225937,0.27659,0.040663,0.062989,0
640,9,0.204745,0.279843,0.033285,0.058777,0
641,0,0.241019,0.188691,0.013034,0.082176,0
641,1,0.275863,0.163899,0.014698,0.08079,0
641,2,0.232846,0.160604,0.019007,0.084774,0
641,3,0.251628,0.157942,0.015947,0.075743,0
641,4,0.230929,0.160905,0.019974,0.085033,0
641,5,0.245466,0.155091,0.01061,0.077934,0
641,6,0.264675,0.176443,0.015771,0.074227,0
641,7,0.259863,0.152362,0.014265,0.072806,0
641,8,0.244878,0.16692,0.014201,0.079797,0
641,9,0.205093,0.141904,0.012556,0.072183,0
642,0,0.325757,0.193058,0.010681,0.079525,0
642,1,0.317666,0.195388,0.013307,0.06744,0
642,2,0.288438,0.223682,0.010189,0.071798,0
642,3,0.311156,0.236681,0.012272,0.063841,0
642,4,0.326319,0.228843,0.015858,0.071321,0
642,5,0.325759,0.215624,0.008927,0.071167,0
642,6,0.322537,0.242758,0.011267,0.069197,0
642,7,0.31725,0.237384,0.010989,0.073517,0
642,8,0.348927,0.213838,0.006591,0.071228,0
642,9,0.327915,0.228538,0.006881,0.078698,0
643,0,0.007523,0.150699,0.044457,0.052477,0
643,1,0.02827,0.163256,0.041636,0.044099,0
643,2,0.00929,0.164195,0.040855,0.058821,0
643,3,0.0,0.177746,0.043315,0.065471,0
643,4,0.019206,0.162675,0.037915,0.06256,0
643,5,0.017308,0.160786,0.03859,0.053574,0
643,6,0.010327,0.167676,0.038987,0.060537,0
643,7,0.0,0.162875,0.044411,0.05537,0
643,8,0.013519,0.15457,0.048129,0.059891,0
643,9,0.009018,0.156125,0.047031,0.067751,0
644,0,0.480552,0.433212,0.191774,0.262445,1
644,1,0.474221,0.440807,0.210826,0.257146,1
644,2,0.483241,0.451598,0.210919,0.249335,1
644,3,0.50475,0.441301,0.211283,0.252329,1
644,4,0.477549,0.437328,0.191706,0.262704,1
644,5,0.504197,0.427989,0.211854,0.269244,1
644,6,0.476878,0.425355,0.210861,0.258755,1
644,7,0.504653,0.440436,0.204785,0.265164,1
644,8,0.500373,0.441182,0.202419,0.271095,1
644,9,0.516205,0.422485,0.199965,0.262221,1
645,0,0.632561,0.592451,0.075426,0.189263,1
645,1,0.64861,0.593681,0.075621,0.20164,1
645,2,0.65,0.593043,0.07027,0.183019,1
645,3,0.649509,0.606414,0.078424,0.189418,1
645,4,0.649489,0.591358,0.066667,0.189745,1
645,5,0.65,0.598596,0.066667,0.195933,1
645,6,0.634003,0.593907,0.066667,0.179036,1
645,7,0.65,0.606637,0.066667,0.19459,1
645,8,0.65,0.615429,0.066667,0.18799,1
645,9,0.65,0.594233,0.066667,0.174444,1
646,0,0.38604,0.050331,0.0503,0.046339,0
646,1,0.4,0.062511,0.044899,0.045612,0
646,2,0.397179,0.063927,0.042508,0.043616,0
646,3,0.4,0.056056,0.044282,0.046725,0
646,4,0.4,0.046411,0.044235,0.04494,0
646,5,0.399156,0.074546,0.041761,0.055186,0
646,6,0.4,0.062973,0.041888,0.048877,0
646,7,0.4,0.055908,0.04347,0.042852,0
646,8,0.4,0.054829,0.043851,0.041491,0
646,9,0.4,0.056031,0.044778,0.045,0
647,0,0.614281,0.450316,0.263698,0.212739,1
647,1,0.620416,0.457683,0.262646,0.208434,1
647,2,0.620273,0.442901,0.266667,0.210399,1
647,3,0.609093,0.446367,0.265046,0.227605,1
647,4,0.626333,0.437962,0.266667,0.216257,1
647,5,0.611554,0.4513,0.266667,0.212813,1
647,6,0.618361,0.442267,0.266667,0.22309,1
647,7,0.624685,0.432246,0.266667,0.213294,1
647,8,0.611704,0.424142,0.266667,0.223072,1
647,9,0.627394,0.42541,0.266667,0.206959,1
648,0,0.156452,0.4,0.022023,0.062747,0
648,1,0.194118,0.398328,0.01679,0.057122,0
648,2,0.167513,0.4,0.018706,0.056542,0
648,3,0.147468,0.388527,0.020662,0.054655,0
648,4,0.179911,0.4,0.021421,0.050613,0
648,5,0.143202,0.373416,0.023691,0.045755,0
648,6,0.126053,0.369228,0.020794,0.053257,0
648,7,0.141824,0.387567,0.022011,0.056466,0
648,8,0.099761,0.366658,0.023119,0.058841,0
648,9,0.126238,0.372676,0.021256,0.057764,0
649,0,0.248342,0.220843,0.025112,0.031259,0
649,1,0.214061,0.218602,0.021986,0.032622,0
649,2,0.24753,0.226788,0.026773,0.02929,0
649,3,0.227015,0.217251,0.021641,0.030071,0
649,4,0.239358,0.22033,0.017636,0.031422,0
649,5,0.231137,0.213061,0.023969,0.034357,0
649,6,0.237469,0.250245,0.022064,0.034199,0
649,7,0.251862,0.22307,0.02565,0.042414,0
649,8,0.242733,0.181438,0.025017,0.033148,0
649,9,0.258792,0.221567,0.021784,0.040214,0
650,0,0.025638,0.192837,0.015086,0.012154,0
650,1,0.029059,0.154795,0.012466,0.01049,0
650,2,0.002418,0.169786,0.016576,0.004792,0
650,3,0.029091,0.159436,0.019784,0.015899,0
650,4,0.039629,0.178609,0.013715,0.009248,0
650,5,0.022102,0.155312,0.014055,0.007048,0
650,6,0.01697,0.1607,0.01309,0.010865,0
650,7,0.008668,0.140391,0.013904,0.011111,0
650,8,0.024204,0.131149,0.011255,0.008977,0
650,9,0.00687,0.137156,0.012043,0.010002,0
651,0,0.138441,0.374217,0.040902,0.091442,0
651,1,0.138671,0.358702,0.040693,0.092068,0
651,2,0.135924,0.357509,0.040751,0.091588,0
651,3,0.1389,0.377435,0.04265,0.086802,0
651,4,0.151247,0.371487,0.04017,0.080465,0
651,5,0.116342,0.356753,0.039172,0.090718,0
651,6,0.133582,0.368686,0.03981,0.092463,0
651,7,0.16138,0.356062,0.039951,0.086443,0
651,8,0.13918,0.358471,0.036967,0.082916,0
651,9,0.154407,0.378826,0.04322,0.089337,0
652,0,0.481738,0.641147,0.138119,0.160788,1
652,1,0.468497,0.65,0.143164,0.168078,1
652,2,0.476253,0.64893,0.140422,0.157223,1
652,3,0.479885,0.65,0.155123,0.176912,1
652,4,0.456411,0.65,0.148554,0.166563,1
652,5,0.457546,0.643792,0.139649,0.166478,1
652,6,0.465969,0.65,0.14421,0.154471,1
652,7,0.467148,0.65,0.159813,0.184126,1
652,8,0.468468,0.65,0.159647,0.16832,1
652,9,0.468738,0.65,0.168162,0.176226,1
653,0,0.511329,0.556303,0.246988,0.136289,1
653,1,0.508405,0.569686,0.256287,0.156521,1
653,2,0.510109,0.575925,0.256373,0.147071,1
653,3,0.523132,0.577047,0.252998,0.155535,1
653,4,0.529413,0.579403,0.245342,0.15093,1
653,5,0.511771,0.572456,0.254994,0.148098,1
653,6,0.519151,0.563215,0.25351,0.16387,1
653,7,0.512843,0.553864,0.256177,0.152888,1
653,8,0.500134,0.570871,0.245283,0.162232,1
653,9,0.526965,0.570362,0.249023,0.154386,1
654,0,0.945791,0.999153,0.962598,0.789401,3
654,1,0.942064,0.989781,0.995881,0.791746,3
654,2,0.962166,1.0,0.959887,0.79255,3
654,3,0.948821,0.998302,0.943428,0.781358,3
654,4,0.938372,0.994701,0.960223,0.798582,3
654,5,0.941909,0.990022,0.974149,0.801819,3
654,6,0.94997,1.0,0.941602,0.799336,3
654,7,0.95236,0.985792,0.954486,0.784336,3
654,8,0.94012,0.992165,0.97342,0.781814,3
654,9,0.936468,0.983559,0.979578,0.784669,3
655,0,0.070949,0.183334,0.009697,0.083876,0
655,1,0.08344,0.177157,0.016096,0.083617,0
655,2,0.06548,0.196196,0.015885,0.075549,0
655,3,0.082823,0.194549,0.018076,0.082069,0
655,4,0.066866,0.179076,0.019384,0.077037,0
655,5,0.081772,0.190751,0.018287,0.083001,0
655,6,0.074747,0.187627,0.013858,0.072617,0
655,7,0.079922,0.196785,0.013747,0.07407,0
655,8,0.080451,0.201468,0.014673,0.080411,0
655,9,0.080635,0.198221,0.015355,0.079808,0
656,0,0.051807,0.171679,0.056047,0.042198,0
656,1,0.035175,0.176591,0.050863,0.050186,0
656,2,0.042111,0.16892,0.052347,0.045929,0
656,3,0.019076,0.200434,0.051546,0.041824,0
656,4,0.046002,0.174192,0.05242,0.049174,0
656,5,0.036772,0.153251,0.051311,0.037483,0
656,6,0.062489,0.178178,0.051467,0.03959,0
656,7,0.043773,0.189008,0.052505,0.037277,0
656,8,0.065949,0.194314,0.049339,0.041509,0
656,9,0.059973,0.197598,0.05046,0.041033,0
657,0,0.08172,0.4,0.009333,0.028594,0
657,1,0.106833,0.388236,0.012989,0.03185,0
657,2,0.126422,0.367508,0.0114,0.034802,0
657,3,0.10199,0.382387,0.012582,0.034727,0
657,4,0.084767,0.4,0.013143,0.031426,0
657,5,0.095968,0.395915,0.016208,0.036485,0
657,6,0.086099,0.38762,0.010697,0.026566,0
657,7,0.093177,0.389464,0.017532,0.03885,0
657,8,0.090119,0.374038,0.01226,0.027262,0
657,9,0.097957,0.395795,0.013548,0.030133,0
658,0,0.762649,0.753219,0.544193,0.384291,2
658,1,0.766196,0.754678,0.54782,0.413206,2
658,2,0.753831,0.75366,0.536129,0.402859,2
658,3,0.774173,0.754501,0.53673,0.381612,2
658,4,0.768947,0.743438,0.523941,0.399451,2
658,5,0.746987,0.758232,0.529078,0.411336,2
658,6,0.769811,0.758014,0.557894,0.405091,2
658,7,0.77492,0.75995,0.554879,0.393509,2
658,8,0.767718,0.758011,0.558716,0.396942,2
658,9,0.782218,0.765258,0.531985,0.406395,2
659,0,0.31071,0.089504,0.027551,0.068873,0
659,1,0.312934,0.105095,0.024872,0.066358,0
659,2,0.314948,0.093758,0.025711,0.060438,0
659,3,0.301818,0.086105,0.027061,0.072646,0
659,4,0.306133,0.099721,0.027839,0.073445,0
659,5,0.309092,0.131548,0.024042,0.065752,0
659,6,0.306482,0.096061,0.020166,0.07067,0
659,7,0.309988,0.098295,0.023665,0.073686,0
659,8,0.294171,0.108308,0.024861,0.075807,0
659,9,0.278299,0.103905,0.030654,0.065806,0
660,0,0.213827,0.25596,0.019064,0.009368,0
660,1,0.204202,0.230054,0.017802,0.005865,0
660,2,0.249568,0.261365,0.018367,0.005063,0
660,3,0.221711,0.269136,0.019883,0.003332,0
660,4,0.246053,0.282069,0.018974,0.010338,0
660,5,0.219047,0.23977,0.01539,0.010489,0
660,6,0.243628,0.273403,0.019711,0.012936,0
660,7,0.263611,0.262749,0.0172,0.002913,0
660,8,0.268057,0.2518,0.016405,0.010477,0
660,9,0.215639,0.269022,0.018808,0.012634,0
661,0,0.350895,0.376319,0.001957,0.078046,0
661,1,0.380851,0.376601,0.006357,0.081108,0
661,2,0.350132,0.372928,0.003948,0.081714,0
661,3,0.379509,0.380791,0.00362,0.081458,0
661,4,0.35919,0.38056,0.002132,0.077446,0
661,5,0.365436,0.4,0.000794,0.074056,0
661,6,0.353727,0.4,0.003256,0.075305,0
661,7,0.335319,0.4,0.003614,0.07387,0
661,8,0.348261,0.4,0.001365,0.075272,0
661,9,0.380126,0.4,0.002352,0.081191,0
662,0,0.464992,0.421901,0.266667,0.262349,1
662,1,0.482706,0.425424,0.264969,0.266585,1
662,2,0.475175,0.413363,0.257095,0.267408,1
662,3,0.456653,0.407853,0.259679,0.270917,1
662,4,0.474279,0.426782,0.258348,0.276256,1
662,5,0.480999,0.448773,0.266385,0.273507,1
662,6,0.469626,0.438057,0.255633,0.265506,1
662,7,0.485075,0.442055,0.266667,0.27732,1
662,8,0.464345,0.426276,0.266667,0.273906,1
662,9,0.468726,0.460869,0.25403,0.263486,1
663,0,0.01813,0.294849,0.0547,0.071113,0
663,1,0.032663,0.32103,0.05158,0.065777,0
663,2,0.009863,0.282462,0.052176,0.071498,0
663,3,0.043165,0.319263,0.054154,0.078237,0
663,4,0.025614,0.275246,0.056902,0.061943,0
663,5,0.009893,0.310001,0.055071,0.06742,0
663,6,0.006334,0.30704,0.056838,0.067098,0
663,7,0.012381,0.29515,0.051441,0.068105,0
663,8,0.027349,0.303916,0.048163,0.067383,0
663,9,0.017462,0.321535,0.051265,0.060068,0
664,0,0.026298,0.065962,0.058508,0.083795,0
664,1,0.013196,0.05642,0.053844,0.074499,0
664,2,0.054447,0.087713,0.056244,0.077955,0
664,3,0.042453,0.088007,0.056983,0.070598,0
664,4,0.034584,0.07918,0.060486,0.077652,0
664,5,0.062124,0.069435,0.054914,0.078871,0
664,6,0.01548,0.122643,0.053882,0.07958,0
664,7,0.036749,0.124483,0.066667,0.071109,0
664,8,0.060145,0.08793,0.060345,0.079134,0
664,9,0.05411,0.10083,0.061308,0.075466,0
665,0,0.505121,0.597789,0.081664,0.177276,1
665,1,0.51674,0.588046,0.073367,0.162298,1
665,2,0.503334,0.589274,0.075177,0.170376,1
665,3,0.512868,0.610651,0.080741,0.161637,1
665,4,0.504524,0.613084,0.083963,0.171325,1
665,5,0.514222,0.599969,0.079551,0.157077,1
665,6,0.503094,0.612035,0.088484,0.161708,1
665,7,0.500407,0.610992,0.06905,0.174274,1
665,8,0.495111,0.594986,0.069261,0.156165,1
665,9,0.504694,0.598385,0.067642,0.165064,1
666,0,0.866631,0.899687,0.918856,0.661806,3
666,1,0.875529,0.896159,0.953152,0.629036,3
666,2,0.865723,0.899093,0.955082,0.666025,3
666,3,0.874476,0.901839,0.943953,0.661251,3
666,4,0.865782,0.904052,0.957795,0.693204,3
666,5,0.864808,0.895488,0.952528,0.695657,3
666,6,0.885801,0.903697,0.961092,0.651756,3
666,7,0.872393,0.899248,0.97934,0.672294,3
666,8,0.871626,0.899662,0.964963,0.675618,3
666,9,0.85744,0.903722,0.978782,0.657813,3
667,0,0.408442,0.45618,0.11392,0.285541,1
667,1,0.411362,0.442434,0.132106,0.284458,1
667,2,0.402206,0.447551,0.119697,0.290279,1
667,3,0.405042,0.451566,0.128879,0.294816,1
667,4,0.408092,0.437237,0.110055,0.285795,1
667,5,0.4,0.44655,0.112799,0.291629,1
667,6,0.400329,0.429844,0.104535,0.296235,1
667,7,0.404069,0.457732,0.115878,0.286515,1
667,8,0.416192,0.45371,0.112722,0.298263,1
667,9,0.4,0.464489,0.097277,0.3,1
668,0,0.64669,0.597326,0.232003,0.246746,1
668,1,0.65,0.586707,0.226019,0.252378,1
668,2,0.65,0.614157,0.213707,0.253837,1
668,3,0.65,0.598283,0.22641,0.232306,1
668,4,0.65,0.595433,0.222284,0.256126,1
668,5,0.65,0.591771,0.237033,0.24452,1
668,6,0.65,0.603807,0.250585,0.25365,1
668,7,0.65,0.594211,0.233925,0.24262,1
668,8,0.65,0.608312,0.247798,0.233131,1
668,9,0.65,0.591953,0.252352,0.23876,1
669,0,0.4,0.259781,0.034318,0.036266,0
669,1,0.4,0.275225,0.035758,0.037239,0
669,2,0.395353,0.280758,0.040452,0.035566,0
669,3,0.4,0.301956,0.034968,0.036594,0
669,4,0.4,0.262249,0.036156,0.03284,0
669,5,0.376106,0.271128,0.034466,0.035527,0
669,6,0.4,0.30039,0.038535,0.04041,0
669,7,0.4,0.258889,0.033594,0.042506,0
669,8,0.39183,0.279186,0.040479,0.033417,0
669,9,0.4,0.286938,0.044738,0.036035,0
670,0,0.51042,0.521293,0.200681,0.222879,1
670,1,0.522591,0.520608,0.198339,0.216519,1
670,2,0.502567,0.532935,0.198304,0.212565,1
670,3,0.507503,0.530934,0.206228,0.215133,1
670,4,0.532181,0.536498,0.203522,0.206219,1
670,5,0.527984,0.519408,0.208568,0.188897,1
670,6,0.514003,0.514062,0.202271,0.199442,1
670,7,0.513459,0.525149,0.198665,0.202299,1
670,8,0.523779,0.524151,0.214203,0.20209,1
670,9,0.531326,0.524535,0.192563,0.208525,1
671,0,0.196818,0.322285,0.054336,0.0097,0
671,1,0.212343,0.323362,0.058427,0.004426,0
671,2,0.202444,0.327376,0.055574,0.008665,0
671,3,0.233153,0.34076,0.061431,0.000559,0
671,4,0.235518,0.314773,0.059942,0.005632,0
671,5,0.20731,0.321293,0.057697,0.007791,0
671,6,0.22807,0.322582,0.056424,0.002971,0
671,7,0.243506,0.323247,0.058682,0.003927,0
671,8,0.252089,0.304192,0.05748,0.0004,0
671,9,0.265455,0.323818,0.054013,0.003539,0
672,0,0.044016,0.289256,0.062443,0.072464,0
672,1,0.052754,0.274639,0.057754,0.070321,0
672,2,0.036933,0.322925,0.05963,0.082416,0
672,3,0.078745,0.299682,0.056097,0.076834,0
672,4,0.038495,0.29612,0.05657,0.083879,0
672,5,0.051141,0.280846,0.05593,0.080466,0
672,6,0.047032,0.313561,0.065767,0.080021,0
672,7,0.030092,0.288821,0.058504,0.081309,0
672,8,0.030701,0.241461,0.059809,0.08061,0
672,9,0.057088,0.282076,0.056362,0.081768,0
673,0,0.044306,0.024649,0.0338,0.084654,0
673,1,0.060656,0.010094,0.035972,0.086281,0
673,2,0.045985,0.023853,0.033048,0.087349,0
673,3,0.048444,0.004936,0.03414,0.085692,0
673,4,0.028109,0.030781,0.036243,0.081507,0
673,5,0.040229,0.028449,0.032336,0.088135,0
673,6,0.046803,0.023297,0.036069,0.086904,0
673,7,0.0,0.016454,0.03722,0.082266,0
673,8,0.021945,0.028192,0.034989,0.090052,0
673,9,0.039123,0.0149,0.033362,0.089602,0
674,0,0.059695,0.023155,0.038235,0.010942,0
674,1,0.073967,0.0,0.035084,0.011193,0
674,2,0.069311,0.013415,0.031706,0.00699,0
674,3,0.060823,0.014484,0.03417,0.010561,0
674,4,0.057625,0.039366,0.038887,0.021317,0
674,5,0.051458,0.025142,0.039511,0.015414,0
674,6,0.056587,0.011787,0.037491,0.020058,0
674,7,0.055139,0.015453,0.032499,0.015407,0
674,8,0.057578,0.026456,0.035485,0.021856,0
674,9,0.042179,0.0,0.033874,0.014662,0
675,0,0.178744,0.321848,0.041908,0.01665,0
675,1,0.152975,0.341021,0.042209,0.013625,0
675,2,0.160321,0.331173,0.037086,0.01866,0
675,3,0.217234,0.309303,0.044375,0.026078,0
675,4,0.157508,0.306734,0.047987,0.024615,0
675,5,0.19993,0.292815,0.045594,0.024208,0
675,6,0.162058,0.301379,0.041345,0.021769,0
675,7,0.17678,0.260613,0.040079,0.023615,0
675,8,0.169675,0.2969,0.043637,0.021711,0
675,9,0.170849,0.27456,0.042275,0.022631,0
676,0,0.10018,0.246987,0.006192,0.013195,0
676,1,0.100508,0.24112,0.004628,0.015333,0
676,2,0.097755,0.232553,0.007561,0.011192,0
676,3,0.108466,0.214286,0.010755,0.012164,0
676,4,0.078786,0.217389,0.004445,0.005309,0
676,5,0.097831,0.249977,0.003659,0.009674,0
676,6,0.10548,0.214897,0.010767,0.014843,0
676,7,0.096145,0.211427,0.00251,0.009721,0
676,8,0.110939,0.231346,0.012197,0.017226,0
676,9,0.063165,0.205537,0.011902,0.020411,0
677,0,0.206739,0.278541,0.060165,0.074309,0
677,1,0.203012,0.317071,0.058495,0.077334,0
677,2,0.211833,0.308766,0.058206,0.075263,0
677,3,0.214097,0.31863,0.056811,0.0686,0
677,4,0.203351,0.319101,0.052708,0.067567,0
677,5,0.222733,0.332973,0.055807,0.074006,0
677,6,0.204662,0.307971,0.061016,0.069133,0
677,7,0.190865,0.310932,0.059148,0.070517,0
677,8,0.219904,0.308167,0.059068,0.073216,0
677,9,0.208022,0.322961,0.060737,0.067569,0
678,0,0.169979,0.278696,0.066667,0.023963,0
678,1,0.169266,0.29691,0.066667,0.022905,0
678,2,0.1524,0.307354,0.066667,0.016071,0
678,3,0.191738,0.316791,0.062615,0.024116,0
678,4,0.187693,0.313119,0.066667,0.022153,0
678,5,0.19057,0.311098,0.06476,0.026579,0
678,6,0.20427,0.275563,0.066667,0.025518,0
678,7,0.176518,0.279827,0.066667,0.022775,0
678,8,0.198202,0.302801,0.062291,0.021771,0
678,9,0.202405,0.302269,0.06434,0.02576,0
679,0,0.375847,0.038126,0.0,0.088122,0
679,1,0.367607,0.014544,0.0,0.085702,0
679,2,0.3732,0.030778,0.002042,0.08443,0
679,3,0.3395,0.018339,0.00238,0.0883,0
679,4,0.371988,0.05806,0.003406,0.087346,0
679,5,0.345906,0.054747,0.001358,0.08232,0
679,6,0.348767,0.03779,0.0,0.086582,0
679,7,0.342098,0.02689,0.000216,0.083246,0
679,8,0.345949,0.032082,0.007082,0.090197,0
679,9,0.355736,0.030907,0.004548,0.088141,0
680,0,0.201917,0.380639,0.013152,0.068986,0
680,1,0.176734,0.378221,0.010163,0.071484,0
680,2,0.166457,0.378785,0.012418,0.073626,0
680,3,0.199566,0.356098,0.007702,0.075651,0
680,4,0.181919,0.368681,0.012629,0.069244,0
680,5,0.183879,0.366729,0.016409,0.069618,0
680,6,0.213448,0.361342,0.017257,0.065575,0
680,7,0.1763,0.379294,0.017489,0.063546,0
680,8,0.211219,0.365933,0.018845,0.070164,0
680,9,0.207529,0.374633,0.015074,0.067415,0
681,0,0.289277,0.23408,0.041316,0.072025,0
681,1,0.268635,0.27992,0.037859,0.061177,0
681,2,0.256604,0.290416,0.035149,0.069853,0
681,3,0.23984,0.283371,0.047644,0.07122,0
681,4,0.26468,0.295016,0.043525,0.069246,0
681,5,0.28259,0.291737,0.043945,0.070187,0
681,6,0.262583,0.29395,0.04303,0.075863,0
681,7,0.249724,0.297625,0.044734,0.067335,0
681,8,0.28066,0.270346,0.043725,0.067623,0
681,9,0.276108,0.288961,0.044204,0.066546,0
682,0,0.364182,0.145324,0.038609,0.024098,0
682,1,0.373547,0.138243,0.033922,0.026817,0
682,2,0.379986,0.156831,0.031401,0.019725,0
682,3,0.4,0.148799,0.032941,0.025905,0
682,4,0.388963,0.149425,0.033371,0.021039,0
682,5,0.382344,0.120058,0.032739,0.02286,0
682,6,0.4,0.146518,0.024873,0.020247,0
682,7,0.4,0.156849,0.02883,0.023046,0
682,8,0.375262,0.122606,0.029664,0.023021,0
682,9,0.355048,0.125094,0.030684,0.023612,0
683,0,0.752874,0.827838,0.529572,0.464385,2
683,1,0.744371,0.825572,0.550942,0.443634,2
683,2,0.739364,0.816714,0.548146,0.465237,2
683,3,0.751636,0.822364,0.53066,0.430927,2
683,4,0.731755,0.816808,0.526893,0.44994,2
683,5,0.753228,0.831961,0.50769,0.470484,2
683,6,0.749971,0.834741,0.537063,0.444206,2
683,7,0.757389,0.823788,0.554791,0.464992,2
683,8,0.750937,0.833705,0.523799,0.454201,2
683,9,0.749124,0.836232,0.559792,0.428973,2
684,0,0.081471,0.230172,0.056177,0.072481,0
684,1,0.090279,0.227916,0.049816,0.073123,0
684,2,0.116382,0.228762,0.052177,0.069604,0
684,3,0.125907,0.247684,0.048298,0.07159,0
684,4,0.122473,0.241511,0.052737,0.070102,0
684,5,0.141642,0.262123,0.050504,0.062294,0
684,6,0.129511,0.251826,0.050737,0.05817,0
684,7,0.133851,0.225456,0.052513,0.075914,0
684,8,0.127219,0.247557,0.051807,0.073283,0
684,9,0.132684,0.221467,0.050779,0.07567,0
685,0,0.704243,0.744892,0.580106,0.314793,2
685,1,0.714533,0.756263,0.628933,0.352929,2
685,2,0.693459,0.74705,0.6031,0.347474,2
685,3,0.700613,0.746677,0.61126,0.359394,2
685,4,0.696414,0.739944,0.614229,0.327148,2
685,5,0.69457,0.747076,0.627355,0.34606,2
685,6,0.69011,0.765639,0.605653,0.344916,2
685,7,0.685618,0.741467,0.610946,0.339028,2
685,8,0.69105,0.739802,0.61715,0.33813,2
685,9,0.69648,0.749404,0.611886,0.342297,2
686,0,0.481054,0.563057,0.074638,0.168471,1
686,1,0.48588,0.562675,0.086153,0.154433,1
686,2,0.493569,0.558252,0.082157,0.165773,1
686,3,0.481564,0.554604,0.066667,0.169223,1
686,4,0.456495,0.563786,0.076249,0.160076,1
686,5,0.469351,0.591248,0.081372,0.166878,1
686,6,0.482078,0.591919,0.070127,0.165577,1
686,7,0.474305,0.566916,0.077678,0.163884,1
686,8,0.471607,0.578499,0.07222,0.167338,1
686,9,0.461776,0.573239,0.07281,0.156796,1
687,0,0.176297,0.140571,0.013958,0.022376,0
687,1,0.198903,0.137534,0.018236,0.015808,0
687,2,0.195689,0.122199,0.016414,0.022399,0
687,3,0.189463,0.136797,0.014319,0.017251,0
687,4,0.20101,0.131392,0.019011,0.021727,0
687,5,0.17335,0.136165,0.016482,0.02378,0
687,6,0.176056,0.152909,0.017535,0.022905,0
687,7,0.195187,0.11511,0.01869,0.026961,0
687,8,0.188346,0.132381,0.010589,0.021089,0
687,9,0.194524,0.106673,0.019078,0.022348,0
688,0,0.09202,0.022999,0.027999,0.026674,0
688,1,0.115811,0.051699,0.02719,0.02595,0
688,2,0.09047,0.027534,0.024666,0.023395,0
688,3,0.086097,0.029869,0.02755,0.026037,0
688,4,0.076469,0.049841,0.026968,0.026151,0
688,5,0.091518,0.041192,0.023576,0.026182,0
688,6,0.095978,0.024962,0.028845,0.029852,0
688,7,0.084472,0.065085,0.026293,0.027316,0
688,8,0.062502,0.013877,0.02933,0.025113,0
688,9,0.08119,0.017885,0.023116,0.02708,0
689,0,0.454157,0.609007,0.253906,0.265574,1
689,1,0.440749,0.583194,0.233362,0.25398,1
689,2,0.446878,0.596879,0.26488,0.261471,1
689,3,0.437843,0.588124,0.257419,0.277161,1
689,4,0.459639,0.566744,0.258279,0.268152,1
689,5,0.45315,0.568592,0.266667,0.263668,1
689,6,0.451234,0.569836,0.266667,0.246356,1
689,7,0.444918,0.571813,0.266667,0.248676,1
689,8,0.455119,0.577848,0.265609,0.255841,1
689,9,0.457486,0.575453,0.266667,0.25812,1
690,0,0.75276,0.698279,0.526328,0.400727,2
690,1,0.760123,0.711157,0.565591,0.399613,2
690,2,0.774638,0.701564,0.549146,0.410786,2
690,3,0.769787,0.713659,0.571462,0.389261,2
690,4,0.755205,0.693868,0.54381,0.383406,2
690,5,0.781167,0.695791,0.558562,0.404738,2
690,6,0.7647,0.698601,0.570067,0.404522,2
690,7,0.775087,0.715656,0.531872,0.397739,2
690,8,0.762998,0.690188,0.542415,0.419126,2
690,9,0.76282,0.704836,0.544946,0.420908,2
691,0,0.247765,0.052656,0.057458,0.013434,0
691,1,0.241002,0.042975,0.05293,0.017004,0
691,2,0.25162,0.080898,0.053095,0.008076,0
691,3,0.27848,0.050166,0.0513,0.015724,0
691,4,0.278542,0.029406,0.053876,0.012576,0
691,5,0.269797,0.045991,0.054786,0.015303,0
691,6,0.275162,0.030897,0.049277,0.00407,0
691,7,0.248215,0.047112,0.051155,0.01194,0
691,8,0.268197,0.061793,0.053309,0.005304,0
691,9,0.269051,0.065864,0.047661,0.014345,0
692,0,0.191724,0.230538,0.020227,0.065693,0
692,1,0.212359,0.1845,0.021589,0.07088,0
692,2,0.209884,0.210923,0.019139,0.070286,0
692,3,0.197059,0.202177,0.018936,0.069666,0
692,4,0.23195,0.242807,0.018077,0.070425,0
692,5,0.203262,0.233063,0.017126,0.078972,0
692,6,0.193288,0.244262,0.019291,0.06423,0
692,7,0.246055,0.201118,0.013559,0.062281,0
692,8,0.211262,0.20428,0.014747,0.075412,0
692,9,0.21034,0.16113,0.014062,0.064593,0
693,0,0.180746,0.10207,0.020487,0.039021,0
693,1,0.158747,0.111363,0.018287,0.03031,0
693,2,0.164405,0.087137,0.022179,0.034845,0
693,3,0.162466,0.08824,0.021987,0.034988,0
693,4,0.130747,0.109727,0.017323,0.040077,0
693,5,0.156845,0.089776,0.021541,0.036226,0
693,6,0.139431,0.105071,0.021555,0.031393,0
693,7,0.149649,0.068366,0.014495,0.038143,0
693,8,0.135475,0.092215,0.020517,0.033327,0
693,9,0.13181,0.087244,0.016358,0.037122,0
694,0,0.182222,0.062098,0.023763,0.084703,0
694,1,0.203625,0.037142,0.0223,0.081069,0
694,2,0.230834,0.053398,0.025599,0.085231,0
694,3,0.218139,0.04536,0.023401,0.087312,0
694,4,0.205383,0.02915,0.027053,0.093491,0
694,5,0.207958,0.038843,0.024318,0.091512,0
694,6,0.223774,0.047747,0.023999,0.094172,0
694,7,0.188959,0.037169,0.027491,0.092106,0
694,8,0.227776,0.029892,0.028148,0.087393,0
694,9,0.200323,0.04693,0.029833,0.083169,0
695,0,0.165408,0.364771,0.058278,0.095901,0
695,1,0.152168,0.385469,0.05777,0.094704,0
695,2,0.153313,0.388241,0.055993,0.1,0
695,3,0.167073,0.4,0.057239,0.097325,0
695,4,0.157933,0.396268,0.055307,0.093925,0
695,5,0.176232,0.393614,0.056583,0.094152,0
695,6,0.149916,0.379083,0.056224,0.096865,0
695,7,0.162449,0.4,0.058347,0.095085,0
695,8,0.16832,0.365907,0.057944,0.1,0
695,9,0.167802,0.397196,0.054641,0.095503,0
696,0,0.310928,0.338977,0.008632,0.088107,0
696,1,0.329166,0.32507,0.006638,0.088891,0
696,2,0.330271,0.339556,0.007856,0.082642,0
696,3,0.294629,0.359081,0.010588,0.08886,0
696,4,0.288406,0.381312,0.016174,0.093174,0
696,5,0.312789,0.383698,0.014747,0.089761,0
696,6,0.280527,0.384905,0.007159,0.087657,0
696,7,0.283562,0.3606,0.004356,0.0881,0
696,8,0.292874,0.348008,0.011557,0.093889,0
696,9,0.298675,0.372744,0.010236,0.097655,0
697,0,0.508269,0.555752,0.231871,0.296023,1
697,1,0.501565,0.578371,0.217613,0.290513,1
697,2,0.496719,0.558946,0.22276,0.279524,1
697,3,0.508874,0.559972,0.222925,0.280692,1
697,4,0.524846,0.556898,0.222386,0.282774,1
697,5,0.493306,0.56214,0.224232,0.288829,1
697,6,0.50209,0.572348,0.230759,0.263199,1
697,7,0.500752,0.571117,0.239876,0.287885,1
697,8,0.508684,0.584684,0.227198,0.286436,1
697,9,0.496013,0.590418,0.216401,0.286787,1
698,0,0.37567,0.190655,0.053695,0.040245,0
698,1,0.376045,0.186541,0.055346,0.042394,0
698,2,0.381506,0.179047,0.054371,0.042147,0
698,3,0.354539,0.209873,0.057826,0.043724,0
698,4,0.381228,0.18856,0.055207,0.041956,0
698,5,0.362002,0.19758,0.057591,0.039666,0
698,6,0.377264,0.203747,0.061552,0.041171,0
698,7,0.4,0.178446,0.054303,0.051959,0
698,8,0.365491,0.219829,0.05577,0.04218,0
698,9,0.373592,0.211474,0.061082,0.041807,0
699,0,0.909883,0.890525,0.721536,0.811868,3
699,1,0.900844,0.882473,0.713623,0.806014,3
699,2,0.902771,0.892371,0.715679,0.83578,3
699,3,0.9075,0.890348,0.704763,0.780345,3
699,4,0.905911,0.884822,0.703047,0.811097,3
699,5,0.912174,0.881402,0.734798,0.80364,3
699,6,0.908252,0.8845,0.734372,0.815526,3
699,7,0.920066,0.884117,0.719215,0.832163,3
699,8,0.906795,0.888075,0.719663,0.809766,3
699,9,0.911891,0.892811,0.721897,0.814617,3
