sample_id,timestep,throughput_mbps,channel_occupancy_percent,latency_ms,jitter_ms,tx_retries_delta,tx_failed_delta,rssi_dbm,rssi_delta_db,rssi_moving_avg_dbm,label,scenario
0,0,0.0029248318221702253,0.13319999999999993,0.2672413793103448,0.10714285714285712,0.0,0.0,0.7692307692307693,0.44,0.8491343775762573,0,normal_idle
0,1,0.000682460758506386,0.2,0.31896551724137934,0.0857142857142857,0.0,0.0,0.7692307692307693,0.48,0.8351195383347073,0,normal_idle
0,2,0.0007799551525787268,0.13319999999999993,0.34482758620689646,0.02857142857142857,0.17391304347826086,0.17391304347826086,0.7692307692307693,0.48,0.8285243198680957,0,normal_idle
0,3,0.00048747197036170425,0.06659999999999996,0.07758620689655173,0.014285714285714285,0.0,0.0,0.7692307692307693,0.48,0.8244023083264633,0,normal_idle
0,4,0.0,0.2,0.3534482758620689,0.12857142857142856,0.0,0.0,0.7692307692307693,0.48,0.8079142621599342,0,normal_idle
0,5,0.0,0.13319999999999993,0.3362068965517241,0.07142857142857142,0.0,0.0,0.7692307692307693,0.48,0.8079142621599342,0,normal_idle
0,6,0.0,0.13319999999999993,0.37068965517241376,0.03571428571428571,0.0,0.0,0.7692307692307693,0.48,0.8079142621599342,0,normal_idle
0,7,0.00048747197036170425,0.06659999999999996,0.4051724137931034,0.049999999999999996,0.13043478260869565,0.13043478260869565,0.7692307692307693,0.48,0.8079142621599342,0,normal_idle
0,8,0.0002924831822170225,0.13319999999999993,0.3103448275862069,0.07142857142857142,0.0,0.0,0.8461538461538461,0.52,0.8244023083264633,0,normal_idle
0,9,0.0,0.2,0.06896551724137931,0.014285714285714285,0.0,0.0,0.8461538461538461,0.48,0.8408903544929925,0,normal_idle
1,0,0.000682460758506386,0.2,0.31896551724137934,0.0857142857142857,0.0,0.0,0.7692307692307693,0.48,0.8351195383347073,0,normal_idle
1,1,0.0007799551525787268,0.13319999999999993,0.34482758620689646,0.02857142857142857,0.17391304347826086,0.17391304347826086,0.7692307692307693,0.48,0.8285243198680957,0,normal_idle
1,2,0.00048747197036170425,0.06659999999999996,0.07758620689655173,0.014285714285714285,0.0,0.0,0.7692307692307693,0.48,0.8244023083264633,0,normal_idle
1,3,0.0,0.2,0.3534482758620689,0.12857142857142856,0.0,0.0,0.7692307692307693,0.48,0.8079142621599342,0,normal_idle
1,4,0.0,0.13319999999999993,0.3362068965517241,0.07142857142857142,0.0,0.0,0.7692307692307693,0.48,0.8079142621599342,0,normal_idle
1,5,0.0,0.13319999999999993,0.37068965517241376,0.03571428571428571,0.0,0.0,0.7692307692307693,0.48,0.8079142621599342,0,normal_idle
1,6,0.00048747197036170425,0.06659999999999996,0.4051724137931034,0.049999999999999996,0.13043478260869565,0.13043478260869565,0.7692307692307693,0.48,0.8079142621599342,0,normal_idle
1,7,0.0002924831822170225,0.13319999999999993,0.3103448275862069,0.07142857142857142,0.0,0.0,0.8461538461538461,0.52,0.8244023083264633,0,normal_idle
1,8,0.0,0.2,0.06896551724137931,0.014285714285714285,0.0,0.0,0.8461538461538461,0.48,0.8408903544929925,0,normal_idle
1,9,0.0010724383347957493,0.13319999999999993,0.28448275862068967,0.10714285714285712,0.043478260869565216,0.043478260869565216,0.8461538461538461,0.48,0.8573784006595221,0,normal_idle
2,0,0.0007799551525787268,0.13319999999999993,0.34482758620689646,0.02857142857142857,0.17391304347826086,0.17391304347826086,0.7692307692307693,0.48,0.8285243198680957,0,normal_idle
2,1,0.00048747197036170425,0.06659999999999996,0.07758620689655173,0.014285714285714285,0.0,0.0,0.7692307692307693,0.48,0.8244023083264633,0,normal_idle
2,2,0.0,0.2,0.3534482758620689,0.12857142857142856,0.0,0.0,0.7692307692307693,0.48,0.8079142621599342,0,normal_idle
2,3,0.0,0.13319999999999993,0.3362068965517241,0.07142857142857142,0.0,0.0,0.7692307692307693,0.48,0.8079142621599342,0,normal_idle
2,4,0.0,0.13319999999999993,0.37068965517241376,0.03571428571428571,0.0,0.0,0.7692307692307693,0.48,0.8079142621599342,0,normal_idle
2,5,0.00048747197036170425,0.06659999999999996,0.4051724137931034,0.049999999999999996,0.13043478260869565,0.13043478260869565,0.7692307692307693,0.48,0.8079142621599342,0,normal_idle
2,6,0.0002924831822170225,0.13319999999999993,0.3103448275862069,0.07142857142857142,0.0,0.0,0.8461538461538461,0.52,0.8244023083264633,0,normal_idle
2,7,0.0,0.2,0.06896551724137931,0.014285714285714285,0.0,0.0,0.8461538461538461,0.48,0.8408903544929925,0,normal_idle
2,8,0.0010724383347957493,0.13319999999999993,0.28448275862068967,0.10714285714285712,0.043478260869565216,0.043478260869565216,0.8461538461538461,0.48,0.8573784006595221,0,normal_idle
2,9,0.0,0.2,0.34482758620689646,0.09999999999999999,0.0,0.0,0.8461538461538461,0.48,0.8738664468260513,0,normal_idle
3,0,0.00048747197036170425,0.06659999999999996,0.07758620689655173,0.014285714285714285,0.0,0.0,0.7692307692307693,0.48,0.8244023083264633,0,normal_idle
3,1,0.0,0.2,0.3534482758620689,0.12857142857142856,0.0,0.0,0.7692307692307693,0.48,0.8079142621599342,0,normal_idle
3,2,0.0,0.13319999999999993,0.3362068965517241,0.07142857142857142,0.0,0.0,0.7692307692307693,0.48,0.8079142621599342,0,normal_idle
3,3,0.0,0.13319999999999993,0.37068965517241376,0.03571428571428571,0.0,0.0,0.7692307692307693,0.48,0.8079142621599342,0,normal_idle
3,4,0.00048747197036170425,0.06659999999999996,0.4051724137931034,0.049999999999999996,0.13043478260869565,0.13043478260869565,0.7692307692307693,0.48,0.8079142621599342,0,normal_idle
3,5,0.0002924831822170225,0.13319999999999993,0.3103448275862069,0.07142857142857142,0.0,0.0,0.8461538461538461,0.52,0.8244023083264633,0,normal_idle
3,6,0.0,0.2,0.06896551724137931,0.014285714285714285,0.0,0.0,0.8461538461538461,0.48,0.8408903544929925,0,normal_idle
3,7,0.0010724383347957493,0.13319999999999993,0.28448275862068967,0.10714285714285712,0.043478260869565216,0.043478260869565216,0.8461538461538461,0.48,0.8573784006595221,0,normal_idle
3,8,0.0,0.2,0.34482758620689646,0.09999999999999999,0.0,0.0,0.8461538461538461,0.48,0.8738664468260513,0,normal_idle
3,9,0.0,0.13319999999999993,0.2586206896551724,0.06428571428571428,0.0,0.0,0.8461538461538461,0.48,0.8903544929925805,0,normal_idle
4,0,0.0,0.2,0.3534482758620689,0.12857142857142856,0.0,0.0,0.7692307692307693,0.48,0.8079142621599342,0,normal_idle
4,1,0.0,0.13319999999999993,0.3362068965517241,0.07142857142857142,0.0,0.0,0.7692307692307693,0.48,0.8079142621599342,0,normal_idle
4,2,0.0,0.13319999999999993,0.37068965517241376,0.03571428571428571,0.0,0.0,0.7692307692307693,0.48,0.8079142621599342,0,normal_idle
4,3,0.00048747197036170425,0.06659999999999996,0.4051724137931034,0.049999999999999996,0.13043478260869565,0.13043478260869565,0.7692307692307693,0.48,0.8079142621599342,0,normal_idle
4,4,0.0002924831822170225,0.13319999999999993,0.3103448275862069,0.07142857142857142,0.0,0.0,0.8461538461538461,0.52,0.8244023083264633,0,normal_idle
4,5,0.0,0.2,0.06896551724137931,0.014285714285714285,0.0,0.0,0.8461538461538461,0.48,0.8408903544929925,0,normal_idle
4,6,0.0010724383347957493,0.13319999999999993,0.28448275862068967,0.10714285714285712,0.043478260869565216,0.043478260869565216,0.8461538461538461,0.48,0.8573784006595221,0,normal_idle
4,7,0.0,0.2,0.34482758620689646,0.09999999999999999,0.0,0.0,0.8461538461538461,0.48,0.8738664468260513,0,normal_idle
4,8,0.0,0.13319999999999993,0.2586206896551724,0.06428571428571428,0.0,0.0,0.8461538461538461,0.48,0.8903544929925805,0,normal_idle
4,9,0.0,0.13319999999999993,0.06896551724137931,0.014285714285714285,0.0,0.0,0.8461538461538461,0.48,0.8903544929925805,0,normal_idle
5,0,0.0,0.13319999999999993,0.3362068965517241,0.07142857142857142,0.0,0.0,0.7692307692307693,0.48,0.8079142621599342,0,normal_idle
5,1,0.0,0.13319999999999993,0.37068965517241376,0.03571428571428571,0.0,0.0,0.7692307692307693,0.48,0.8079142621599342,0,normal_idle
5,2,0.00048747197036170425,0.06659999999999996,0.4051724137931034,0.049999999999999996,0.13043478260869565,0.13043478260869565,0.7692307692307693,0.48,0.8079142621599342,0,normal_idle
5,3,0.0002924831822170225,0.13319999999999993,0.3103448275862069,0.07142857142857142,0.0,0.0,0.8461538461538461,0.52,0.8244023083264633,0,normal_idle
5,4,0.0,0.2,0.06896551724137931,0.014285714285714285,0.0,0.0,0.8461538461538461,0.48,0.8408903544929925,0,normal_idle
5,5,0.0010724383347957493,0.13319999999999993,0.28448275862068967,0.10714285714285712,0.043478260869565216,0.043478260869565216,0.8461538461538461,0.48,0.8573784006595221,0,normal_idle
5,6,0.0,0.2,0.34482758620689646,0.09999999999999999,0.0,0.0,0.8461538461538461,0.48,0.8738664468260513,0,normal_idle
5,7,0.0,0.13319999999999993,0.2586206896551724,0.06428571428571428,0.0,0.0,0.8461538461538461,0.48,0.8903544929925805,0,normal_idle
5,8,0.0,0.13319999999999993,0.06896551724137931,0.014285714285714285,0.0,0.0,0.8461538461538461,0.48,0.8903544929925805,0,normal_idle
5,9,0.0,0.2322,0.20689655172413787,0.11428571428571428,0.0,0.0,0.8461538461538461,0.48,0.8903544929925805,0,normal_idle
6,0,0.00048747197036170425,0.06659999999999996,0.4051724137931034,0.049999999999999996,0.13043478260869565,0.13043478260869565,0.7692307692307693,0.48,0.8079142621599342,0,normal_idle
6,1,0.0002924831822170225,0.13319999999999993,0.3103448275862069,0.07142857142857142,0.0,0.0,0.8461538461538461,0.52,0.8244023083264633,0,normal_idle
6,2,0.0,0.2,0.06896551724137931,0.014285714285714285,0.0,0.0,0.8461538461538461,0.48,0.8408903544929925,0,normal_idle
6,3,0.0010724383347957493,0.13319999999999993,0.28448275862068967,0.10714285714285712,0.043478260869565216,0.043478260869565216,0.8461538461538461,0.48,0.8573784006595221,0,normal_idle
6,4,0.0,0.2,0.34482758620689646,0.09999999999999999,0.0,0.0,0.8461538461538461,0.48,0.8738664468260513,0,normal_idle
6,5,0.0,0.13319999999999993,0.2586206896551724,0.06428571428571428,0.0,0.0,0.8461538461538461,0.48,0.8903544929925805,0,normal_idle
6,6,0.0,0.13319999999999993,0.06896551724137931,0.014285714285714285,0.0,0.0,0.8461538461538461,0.48,0.8903544929925805,0,normal_idle
6,7,0.0,0.2322,0.20689655172413787,0.11428571428571428,0.0,0.0,0.8461538461538461,0.48,0.8903544929925805,0,normal_idle
6,8,0.00048747197036170425,0.1161999999999999,0.38793103448275856,0.05714285714285714,0.0,0.0,0.9230769230769231,0.52,0.9068425391591097,0,normal_idle
6,9,0.0,0.0,0.3103448275862069,0.09285714285714285,0.0,0.0,0.9230769230769231,0.48,0.9233305853256389,0,normal_idle
7,0,0.0,0.2,0.06896551724137931,0.014285714285714285,0.0,0.0,0.8461538461538461,0.48,0.8408903544929925,0,normal_idle
7,1,0.0010724383347957493,0.13319999999999993,0.28448275862068967,0.10714285714285712,0.043478260869565216,0.043478260869565216,0.8461538461538461,0.48,0.8573784006595221,0,normal_idle
7,2,0.0,0.2,0.34482758620689646,0.09999999999999999,0.0,0.0,0.8461538461538461,0.48,0.8738664468260513,0,normal_idle
7,3,0.0,0.13319999999999993,0.2586206896551724,0.06428571428571428,0.0,0.0,0.8461538461538461,0.48,0.8903544929925805,0,normal_idle
7,4,0.0,0.13319999999999993,0.06896551724137931,0.014285714285714285,0.0,0.0,0.8461538461538461,0.48,0.8903544929925805,0,normal_idle
7,5,0.0,0.2322,0.20689655172413787,0.11428571428571428,0.0,0.0,0.8461538461538461,0.48,0.8903544929925805,0,normal_idle
7,6,0.00048747197036170425,0.1161999999999999,0.38793103448275856,0.05714285714285714,0.0,0.0,0.9230769230769231,0.52,0.9068425391591097,0,normal_idle
7,7,0.0,0.0,0.3103448275862069,0.09285714285714285,0.0,0.0,0.9230769230769231,0.48,0.9233305853256389,0,normal_idle
7,8,0.00048747197036170425,0.13319999999999993,0.41379310344827586,0.04285714285714285,0.0,0.0,0.9230769230769231,0.48,0.9398186314921684,0,normal_idle
7,9,0.0,0.13319999999999993,0.37068965517241376,0.05714285714285714,0.0,0.0,0.9230769230769231,0.48,0.9563066776586976,0,normal_idle
8,0,0.0010724383347957493,0.13319999999999993,0.28448275862068967,0.10714285714285712,0.043478260869565216,0.043478260869565216,0.8461538461538461,0.48,0.8573784006595221,0,normal_idle
8,1,0.0,0.2,0.34482758620689646,0.09999999999999999,0.0,0.0,0.8461538461538461,0.48,0.8738664468260513,0,normal_idle
8,2,0.0,0.13319999999999993,0.2586206896551724,0.06428571428571428,0.0,0.0,0.8461538461538461,0.48,0.8903544929925805,0,normal_idle
8,3,0.0,0.13319999999999993,0.06896551724137931,0.014285714285714285,0.0,0.0,0.8461538461538461,0.48,0.8903544929925805,0,normal_idle
8,4,0.0,0.2322,0.20689655172413787,0.11428571428571428,0.0,0.0,0.8461538461538461,0.48,0.8903544929925805,0,normal_idle
8,5,0.00048747197036170425,0.1161999999999999,0.38793103448275856,0.05714285714285714,0.0,0.0,0.9230769230769231,0.52,0.9068425391591097,0,normal_idle
8,6,0.0,0.0,0.3103448275862069,0.09285714285714285,0.0,0.0,0.9230769230769231,0.48,0.9233305853256389,0,normal_idle
8,7,0.00048747197036170425,0.13319999999999993,0.41379310344827586,0.04285714285714285,0.0,0.0,0.9230769230769231,0.48,0.9398186314921684,0,normal_idle
8,8,0.0,0.13319999999999993,0.37068965517241376,0.05714285714285714,0.0,0.0,0.9230769230769231,0.48,0.9563066776586976,0,normal_idle
8,9,9.749439407234085e-05,0.06659999999999996,0.34482758620689646,0.09999999999999999,0.0,0.0,0.9230769230769231,0.48,0.9727947238252268,0,normal_idle
9,0,0.00048747197036170425,0.1161999999999999,0.38793103448275856,0.05714285714285714,0.0,0.0,0.9230769230769231,0.52,0.9068425391591097,0,normal_idle
9,1,0.0,0.0,0.3103448275862069,0.09285714285714285,0.0,0.0,0.9230769230769231,0.48,0.9233305853256389,0,normal_idle
9,2,0.00048747197036170425,0.13319999999999993,0.41379310344827586,0.04285714285714285,0.0,0.0,0.9230769230769231,0.48,0.9398186314921684,0,normal_idle
9,3,0.0,0.13319999999999993,0.37068965517241376,0.05714285714285714,0.0,0.0,0.9230769230769231,0.48,0.9563066776586976,0,normal_idle
9,4,9.749439407234085e-05,0.06659999999999996,0.34482758620689646,0.09999999999999999,0.0,0.0,0.9230769230769231,0.48,0.9727947238252268,0,normal_idle
9,5,0.0,0.13319999999999993,0.3017241379310345,0.07142857142857142,0.0,0.0,0.9230769230769231,0.48,0.9727947238252268,0,normal_idle
9,6,0.0,0.13319999999999993,0.06896551724137931,0.007142857142857143,0.0,0.0,0.9230769230769231,0.48,0.9727947238252268,0,normal_idle
9,7,0.0,0.0,0.24137931034482754,0.10714285714285712,0.0,0.0,0.9230769230769231,0.48,0.9727947238252268,0,normal_idle
9,8,9.749439407234085e-05,0.13319999999999993,0.27586206896551724,0.07142857142857142,0.0,0.0,0.9230769230769231,0.48,0.9727947238252268,0,normal_idle
9,9,0.0,0.13319999999999993,0.3362068965517241,0.021428571428571425,0.0,0.0,0.9230769230769231,0.48,0.9727947238252268,0,normal_idle
10,0,0.00048747197036170425,0.13319999999999993,0.41379310344827586,0.04285714285714285,0.0,0.0,0.9230769230769231,0.48,0.9398186314921684,0,normal_idle
10,1,0.0,0.13319999999999993,0.37068965517241376,0.05714285714285714,0.0,0.0,0.9230769230769231,0.48,0.9563066776586976,0,normal_idle
10,2,9.749439407234085e-05,0.06659999999999996,0.34482758620689646,0.09999999999999999,0.0,0.0,0.9230769230769231,0.48,0.9727947238252268,0,normal_idle
10,3,0.0,0.13319999999999993,0.3017241379310345,0.07142857142857142,0.0,0.0,0.9230769230769231,0.48,0.9727947238252268,0,normal_idle
10,4,0.0,0.13319999999999993,0.06896551724137931,0.007142857142857143,0.0,0.0,0.9230769230769231,0.48,0.9727947238252268,0,normal_idle
10,5,0.0,0.0,0.24137931034482754,0.10714285714285712,0.0,0.0,0.9230769230769231,0.48,0.9727947238252268,0,normal_idle
10,6,9.749439407234085e-05,0.13319999999999993,0.27586206896551724,0.07142857142857142,0.0,0.0,0.9230769230769231,0.48,0.9727947238252268,0,normal_idle
10,7,0.0,0.13319999999999993,0.3362068965517241,0.021428571428571425,0.0,0.0,0.9230769230769231,0.48,0.9727947238252268,0,normal_idle
10,8,0.0,0.13319999999999993,0.3362068965517241,0.02857142857142857,0.0,0.0,0.9230769230769231,0.48,0.9727947238252268,0,normal_idle
10,9,0.0,0.13319999999999993,0.2931034482758621,0.07142857142857142,0.0,0.0,0.9230769230769231,0.48,0.9727947238252268,0,normal_idle
11,0,0.0,0.13319999999999993,0.37068965517241376,0.05714285714285714,0.0,0.0,0.9230769230769231,0.48,0.9563066776586976,0,normal_idle
11,1,9.749439407234085e-05,0.06659999999999996,0.34482758620689646,0.09999999999999999,0.0,0.0,0.9230769230769231,0.48,0.9727947238252268,0,normal_idle
11,2,0.0,0.13319999999999993,0.3017241379310345,0.07142857142857142,0.0,0.0,0.9230769230769231,0.48,0.9727947238252268,0,normal_idle
11,3,0.0,0.13319999999999993,0.06896551724137931,0.007142857142857143,0.0,0.0,0.9230769230769231,0.48,0.9727947238252268,0,normal_idle
11,4,0.0,0.0,0.24137931034482754,0.10714285714285712,0.0,0.0,0.9230769230769231,0.48,0.9727947238252268,0,normal_idle
11,5,9.749439407234085e-05,0.13319999999999993,0.27586206896551724,0.07142857142857142,0.0,0.0,0.9230769230769231,0.48,0.9727947238252268,0,normal_idle
11,6,0.0,0.13319999999999993,0.3362068965517241,0.021428571428571425,0.0,0.0,0.9230769230769231,0.48,0.9727947238252268,0,normal_idle
11,7,0.0,0.13319999999999993,0.3362068965517241,0.02857142857142857,0.0,0.0,0.9230769230769231,0.48,0.9727947238252268,0,normal_idle
11,8,0.0,0.13319999999999993,0.2931034482758621,0.07142857142857142,0.0,0.0,0.9230769230769231,0.48,0.9727947238252268,0,normal_idle
11,9,0.0,0.13319999999999993,0.2931034482758621,0.0857142857142857,0.0,0.0,0.9230769230769231,0.48,0.9727947238252268,0,normal_idle
12,0,0.0,0.13319999999999993,0.3017241379310345,0.07142857142857142,0.0,0.0,0.9230769230769231,0.48,0.9727947238252268,0,normal_idle
12,1,0.0,0.13319999999999993,0.06896551724137931,0.007142857142857143,0.0,0.0,0.9230769230769231,0.48,0.9727947238252268,0,normal_idle
12,2,0.0,0.0,0.24137931034482754,0.10714285714285712,0.0,0.0,0.9230769230769231,0.48,0.9727947238252268,0,normal_idle
12,3,9.749439407234085e-05,0.13319999999999993,0.27586206896551724,0.07142857142857142,0.0,0.0,0.9230769230769231,0.48,0.9727947238252268,0,normal_idle
12,4,0.0,0.13319999999999993,0.3362068965517241,0.021428571428571425,0.0,0.0,0.9230769230769231,0.48,0.9727947238252268,0,normal_idle
12,5,0.0,0.13319999999999993,0.3362068965517241,0.02857142857142857,0.0,0.0,0.9230769230769231,0.48,0.9727947238252268,0,normal_idle
12,6,0.0,0.13319999999999993,0.2931034482758621,0.07142857142857142,0.0,0.0,0.9230769230769231,0.48,0.9727947238252268,0,normal_idle
12,7,0.0,0.13319999999999993,0.2931034482758621,0.0857142857142857,0.0,0.0,0.9230769230769231,0.48,0.9727947238252268,0,normal_idle
12,8,0.0,0.06659999999999996,0.2672413793103448,0.06428571428571428,0.0,0.0,0.9230769230769231,0.48,0.9727947238252268,0,normal_idle
12,9,0.0,0.06659999999999996,0.08620689655172414,0.014285714285714285,0.0,0.0,0.9230769230769231,0.48,0.9727947238252268,0,normal_idle
13,0,0.0,0.13319999999999993,0.06896551724137931,0.007142857142857143,0.0,0.0,0.9230769230769231,0.48,0.9727947238252268,1,normal_idle
13,1,0.0,0.0,0.24137931034482754,0.10714285714285712,0.0,0.0,0.9230769230769231,0.48,0.9727947238252268,1,normal_idle
13,2,9.749439407234085e-05,0.13319999999999993,0.27586206896551724,0.07142857142857142,0.0,0.0,0.9230769230769231,0.48,0.9727947238252268,1,normal_idle
13,3,0.0,0.13319999999999993,0.3362068965517241,0.021428571428571425,0.0,0.0,0.9230769230769231,0.48,0.9727947238252268,1,normal_idle
13,4,0.0,0.13319999999999993,0.3362068965517241,0.02857142857142857,0.0,0.0,0.9230769230769231,0.48,0.9727947238252268,1,normal_idle
13,5,0.0,0.13319999999999993,0.2931034482758621,0.07142857142857142,0.0,0.0,0.9230769230769231,0.48,0.9727947238252268,1,normal_idle
13,6,0.0,0.13319999999999993,0.2931034482758621,0.0857142857142857,0.0,0.0,0.9230769230769231,0.48,0.9727947238252268,1,normal_idle
13,7,0.0,0.06659999999999996,0.2672413793103448,0.06428571428571428,0.0,0.0,0.9230769230769231,0.48,0.9727947238252268,1,normal_idle
13,8,0.0,0.06659999999999996,0.08620689655172414,0.014285714285714285,0.0,0.0,0.9230769230769231,0.48,0.9727947238252268,1,normal_idle
13,9,0.0,0.2,0.16379310344827588,0.0857142857142857,0.43478260869565216,0.43478260869565216,0.9230769230769231,0.48,0.9727947238252268,1,normal_idle
14,0,0.0,0.0,0.24137931034482754,0.10714285714285712,0.0,0.0,0.9230769230769231,0.48,0.9727947238252268,1,normal_idle
14,1,9.749439407234085e-05,0.13319999999999993,0.27586206896551724,0.07142857142857142,0.0,0.0,0.9230769230769231,0.48,0.9727947238252268,1,normal_idle
14,2,0.0,0.13319999999999993,0.3362068965517241,0.021428571428571425,0.0,0.0,0.9230769230769231,0.48,0.9727947238252268,1,normal_idle
14,3,0.0,0.13319999999999993,0.3362068965517241,0.02857142857142857,0.0,0.0,0.9230769230769231,0.48,0.9727947238252268,1,normal_idle
14,4,0.0,0.13319999999999993,0.2931034482758621,0.07142857142857142,0.0,0.0,0.9230769230769231,0.48,0.9727947238252268,1,normal_idle
14,5,0.0,0.13319999999999993,0.2931034482758621,0.0857142857142857,0.0,0.0,0.9230769230769231,0.48,0.9727947238252268,1,normal_idle
14,6,0.0,0.06659999999999996,0.2672413793103448,0.06428571428571428,0.0,0.0,0.9230769230769231,0.48,0.9727947238252268,1,normal_idle
14,7,0.0,0.06659999999999996,0.08620689655172414,0.014285714285714285,0.0,0.0,0.9230769230769231,0.48,0.9727947238252268,1,normal_idle
14,8,0.0,0.2,0.16379310344827588,0.0857142857142857,0.43478260869565216,0.43478260869565216,0.9230769230769231,0.48,0.9727947238252268,1,normal_idle
14,9,0.00048747197036170425,0.06659999999999996,0.2931034482758621,0.09285714285714285,0.6956521739130435,0.6956521739130435,0.9230769230769231,0.48,0.9727947238252268,1,normal_idle
15,0,9.749439407234085e-05,0.13319999999999993,0.27586206896551724,0.07142857142857142,0.0,0.0,0.9230769230769231,0.48,0.9727947238252268,0,normal_idle
15,1,0.0,0.13319999999999993,0.3362068965517241,0.021428571428571425,0.0,0.0,0.9230769230769231,0.48,0.9727947238252268,0,normal_idle
15,2,0.0,0.13319999999999993,0.3362068965517241,0.02857142857142857,0.0,0.0,0.9230769230769231,0.48,0.9727947238252268,0,normal_idle
15,3,0.0,0.13319999999999993,0.2931034482758621,0.07142857142857142,0.0,0.0,0.9230769230769231,0.48,0.9727947238252268,0,normal_idle
15,4,0.0,0.13319999999999993,0.2931034482758621,0.0857142857142857,0.0,0.0,0.9230769230769231,0.48,0.9727947238252268,0,normal_idle
15,5,0.0,0.06659999999999996,0.2672413793103448,0.06428571428571428,0.0,0.0,0.9230769230769231,0.48,0.9727947238252268,0,normal_idle
15,6,0.0,0.06659999999999996,0.08620689655172414,0.014285714285714285,0.0,0.0,0.9230769230769231,0.48,0.9727947238252268,0,normal_idle
15,7,0.0,0.2,0.16379310344827588,0.0857142857142857,0.43478260869565216,0.43478260869565216,0.9230769230769231,0.48,0.9727947238252268,0,normal_idle
15,8,0.00048747197036170425,0.06659999999999996,0.2931034482758621,0.09285714285714285,0.6956521739130435,0.6956521739130435,0.9230769230769231,0.48,0.9727947238252268,0,normal_idle
15,9,0.0,0.06659999999999996,0.27586206896551724,0.07857142857142856,0.0,0.0,0.9230769230769231,0.48,0.9727947238252268,0,normal_idle
16,0,0.0,0.13319999999999993,0.3362068965517241,0.02857142857142857,0.0,0.0,0.9230769230769231,0.48,0.9727947238252268,0,normal_idle
16,1,0.0,0.13319999999999993,0.2931034482758621,0.07142857142857142,0.0,0.0,0.9230769230769231,0.48,0.9727947238252268,0,normal_idle
16,2,0.0,0.13319999999999993,0.2931034482758621,0.0857142857142857,0.0,0.0,0.9230769230769231,0.48,0.9727947238252268,0,normal_idle
16,3,0.0,0.06659999999999996,0.2672413793103448,0.06428571428571428,0.0,0.0,0.9230769230769231,0.48,0.9727947238252268,0,normal_idle
16,4,0.0,0.06659999999999996,0.08620689655172414,0.014285714285714285,0.0,0.0,0.9230769230769231,0.48,0.9727947238252268,0,normal_idle
16,5,0.0,0.2,0.16379310344827588,0.0857142857142857,0.43478260869565216,0.43478260869565216,0.9230769230769231,0.48,0.9727947238252268,0,normal_idle
16,6,0.00048747197036170425,0.06659999999999996,0.2931034482758621,0.09285714285714285,0.6956521739130435,0.6956521739130435,0.9230769230769231,0.48,0.9727947238252268,0,normal_idle
16,7,0.0,0.06659999999999996,0.27586206896551724,0.07857142857142856,0.0,0.0,0.9230769230769231,0.48,0.9727947238252268,0,normal_idle
16,8,0.0,0.13319999999999993,0.2931034482758621,0.05714285714285714,0.0,0.0,0.9230769230769231,0.48,0.9727947238252268,0,normal_idle
16,9,0.0,0.13319999999999993,0.060344827586206885,0.014285714285714285,0.0,0.0,0.9230769230769231,0.48,0.9727947238252268,0,normal_idle
17,0,0.0,0.13319999999999993,0.2931034482758621,0.07142857142857142,0.0,0.0,0.9230769230769231,0.48,0.9727947238252268,0,normal_idle
17,1,0.0,0.13319999999999993,0.2931034482758621,0.0857142857142857,0.0,0.0,0.9230769230769231,0.48,0.9727947238252268,0,normal_idle
17,2,0.0,0.06659999999999996,0.2672413793103448,0.06428571428571428,0.0,0.0,0.9230769230769231,0.48,0.9727947238252268,0,normal_idle
17,3,0.0,0.06659999999999996,0.08620689655172414,0.014285714285714285,0.0,0.0,0.9230769230769231,0.48,0.9727947238252268,0,normal_idle
17,4,0.0,0.2,0.16379310344827588,0.0857142857142857,0.43478260869565216,0.43478260869565216,0.9230769230769231,0.48,0.9727947238252268,0,normal_idle
17,5,0.00048747197036170425,0.06659999999999996,0.2931034482758621,0.09285714285714285,0.6956521739130435,0.6956521739130435,0.9230769230769231,0.48,0.9727947238252268,0,normal_idle
17,6,0.0,0.06659999999999996,0.27586206896551724,0.07857142857142856,0.0,0.0,0.9230769230769231,0.48,0.9727947238252268,0,normal_idle
17,7,0.0,0.13319999999999993,0.2931034482758621,0.05714285714285714,0.0,0.0,0.9230769230769231,0.48,0.9727947238252268,0,normal_idle
17,8,0.0,0.13319999999999993,0.060344827586206885,0.014285714285714285,0.0,0.0,0.9230769230769231,0.48,0.9727947238252268,0,normal_idle
17,9,0.0,0.0,0.23275862068965514,0.09285714285714285,0.0,0.0,0.9230769230769231,0.48,0.9727947238252268,0,normal_idle
18,0,0.0,0.13319999999999993,0.2931034482758621,0.0857142857142857,0.0,0.0,0.9230769230769231,0.48,0.9727947238252268,0,normal_idle
18,1,0.0,0.06659999999999996,0.2672413793103448,0.06428571428571428,0.0,0.0,0.9230769230769231,0.48,0.9727947238252268,0,normal_idle
18,2,0.0,0.06659999999999996,0.08620689655172414,0.014285714285714285,0.0,0.0,0.9230769230769231,0.48,0.9727947238252268,0,normal_idle
18,3,0.0,0.2,0.16379310344827588,0.0857142857142857,0.43478260869565216,0.43478260869565216,0.9230769230769231,0.48,0.9727947238252268,0,normal_idle
18,4,0.00048747197036170425,0.06659999999999996,0.2931034482758621,0.09285714285714285,0.6956521739130435,0.6956521739130435,0.9230769230769231,0.48,0.9727947238252268,0,normal_idle
18,5,0.0,0.06659999999999996,0.27586206896551724,0.07857142857142856,0.0,0.0,0.9230769230769231,0.48,0.9727947238252268,0,normal_idle
18,6,0.0,0.13319999999999993,0.2931034482758621,0.05714285714285714,0.0,0.0,0.9230769230769231,0.48,0.9727947238252268,0,normal_idle
18,7,0.0,0.13319999999999993,0.060344827586206885,0.014285714285714285,0.0,0.0,0.9230769230769231,0.48,0.9727947238252268,0,normal_idle
18,8,0.0,0.0,0.23275862068965514,0.09285714285714285,0.0,0.0,0.9230769230769231,0.48,0.9727947238252268,0,normal_idle
18,9,0.0,0.06659999999999996,0.2672413793103448,0.06428571428571428,0.0,0.0,0.9230769230769231,0.48,0.9727947238252268,0,normal_idle
19,0,0.0,0.06659999999999996,0.2672413793103448,0.06428571428571428,0.0,0.0,0.9230769230769231,0.48,0.9727947238252268,0,normal_idle
19,1,0.0,0.06659999999999996,0.08620689655172414,0.014285714285714285,0.0,0.0,0.9230769230769231,0.48,0.9727947238252268,0,normal_idle
19,2,0.0,0.2,0.16379310344827588,0.0857142857142857,0.43478260869565216,0.43478260869565216,0.9230769230769231,0.48,0.9727947238252268,0,normal_idle
19,3,0.00048747197036170425,0.06659999999999996,0.2931034482758621,0.09285714285714285,0.6956521739130435,0.6956521739130435,0.9230769230769231,0.48,0.9727947238252268,0,normal_idle
19,4,0.0,0.06659999999999996,0.27586206896551724,0.07857142857142856,0.0,0.0,0.9230769230769231,0.48,0.9727947238252268,0,normal_idle
19,5,0.0,0.13319999999999993,0.2931034482758621,0.05714285714285714,0.0,0.0,0.9230769230769231,0.48,0.9727947238252268,0,normal_idle
19,6,0.0,0.13319999999999993,0.060344827586206885,0.014285714285714285,0.0,0.0,0.9230769230769231,0.48,0.9727947238252268,0,normal_idle
19,7,0.0,0.0,0.23275862068965514,0.09285714285714285,0.0,0.0,0.9230769230769231,0.48,0.9727947238252268,0,normal_idle
19,8,0.0,0.06659999999999996,0.2672413793103448,0.06428571428571428,0.0,0.0,0.9230769230769231,0.48,0.9727947238252268,0,normal_idle
19,9,0.0,0.09420000000000002,0.3017241379310345,0.0857142857142857,0.0,0.0,0.9230769230769231,0.48,0.9727947238252268,0,normal_idle
20,0,0.0,0.06659999999999996,0.08620689655172414,0.014285714285714285,0.0,0.0,0.9230769230769231,0.48,0.9727947238252268,0,normal_idle
20,1,0.0,0.2,0.16379310344827588,0.0857142857142857,0.43478260869565216,0.43478260869565216,0.9230769230769231,0.48,0.9727947238252268,0,normal_idle
20,2,0.00048747197036170425,0.06659999999999996,0.2931034482758621,0.09285714285714285,0.6956521739130435,0.6956521739130435,0.9230769230769231,0.48,0.9727947238252268,0,normal_idle
20,3,0.0,0.06659999999999996,0.27586206896551724,0.07857142857142856,0.0,0.0,0.9230769230769231,0.48,0.9727947238252268,0,normal_idle
20,4,0.0,0.13319999999999993,0.2931034482758621,0.05714285714285714,0.0,0.0,0.9230769230769231,0.48,0.9727947238252268,0,normal_idle
20,5,0.0,0.13319999999999993,0.060344827586206885,0.014285714285714285,0.0,0.0,0.9230769230769231,0.48,0.9727947238252268,0,normal_idle
20,6,0.0,0.0,0.23275862068965514,0.09285714285714285,0.0,0.0,0.9230769230769231,0.48,0.9727947238252268,0,normal_idle
20,7,0.0,0.06659999999999996,0.2672413793103448,0.06428571428571428,0.0,0.0,0.9230769230769231,0.48,0.9727947238252268,0,normal_idle
20,8,0.0,0.09420000000000002,0.3017241379310345,0.0857142857142857,0.0,0.0,0.9230769230769231,0.48,0.9727947238252268,0,normal_idle
20,9,0.0003899775762893634,0.11379999999999996,0.27586206896551724,0.04285714285714285,0.08695652173913043,0.08695652173913043,0.9230769230769231,0.48,0.9727947238252268,0,normal_idle
21,0,0.0,0.2,0.16379310344827588,0.0857142857142857,0.43478260869565216,0.43478260869565216,0.9230769230769231,0.48,0.9727947238252268,0,normal_idle
21,1,0.00048747197036170425,0.06659999999999996,0.2931034482758621,0.09285714285714285,0.6956521739130435,0.6956521739130435,0.9230769230769231,0.48,0.9727947238252268,0,normal_idle
21,2,0.0,0.06659999999999996,0.27586206896551724,0.07857142857142856,0.0,0.0,0.9230769230769231,0.48,0.9727947238252268,0,normal_idle
21,3,0.0,0.13319999999999993,0.2931034482758621,0.05714285714285714,0.0,0.0,0.9230769230769231,0.48,0.9727947238252268,0,normal_idle
21,4,0.0,0.13319999999999993,0.060344827586206885,0.014285714285714285,0.0,0.0,0.9230769230769231,0.48,0.9727947238252268,0,normal_idle
21,5,0.0,0.0,0.23275862068965514,0.09285714285714285,0.0,0.0,0.9230769230769231,0.48,0.9727947238252268,0,normal_idle
21,6,0.0,0.06659999999999996,0.2672413793103448,0.06428571428571428,0.0,0.0,0.9230769230769231,0.48,0.9727947238252268,0,normal_idle
21,7,0.0,0.09420000000000002,0.3017241379310345,0.0857142857142857,0.0,0.0,0.9230769230769231,0.48,0.9727947238252268,0,normal_idle
21,8,0.0003899775762893634,0.11379999999999996,0.27586206896551724,0.04285714285714285,0.08695652173913043,0.08695652173913043,0.9230769230769231,0.48,0.9727947238252268,0,normal_idle
21,9,0.0,0.13319999999999993,0.2672413793103448,0.05714285714285714,0.0,0.0,0.9230769230769231,0.48,0.9727947238252268,0,normal_idle
22,0,0.00048747197036170425,0.06659999999999996,0.2931034482758621,0.09285714285714285,0.6956521739130435,0.6956521739130435,0.9230769230769231,0.48,0.9727947238252268,0,normal_idle
22,1,0.0,0.06659999999999996,0.27586206896551724,0.07857142857142856,0.0,0.0,0.9230769230769231,0.48,0.9727947238252268,0,normal_idle
22,2,0.0,0.13319999999999993,0.2931034482758621,0.05714285714285714,0.0,0.0,0.9230769230769231,0.48,0.9727947238252268,0,normal_idle
22,3,0.0,0.13319999999999993,0.060344827586206885,0.014285714285714285,0.0,0.0,0.9230769230769231,0.48,0.9727947238252268,0,normal_idle
22,4,0.0,0.0,0.23275862068965514,0.09285714285714285,0.0,0.0,0.9230769230769231,0.48,0.9727947238252268,0,normal_idle
22,5,0.0,0.06659999999999996,0.2672413793103448,0.06428571428571428,0.0,0.0,0.9230769230769231,0.48,0.9727947238252268,0,normal_idle
22,6,0.0,0.09420000000000002,0.3017241379310345,0.0857142857142857,0.0,0.0,0.9230769230769231,0.48,0.9727947238252268,0,normal_idle
22,7,0.0003899775762893634,0.11379999999999996,0.27586206896551724,0.04285714285714285,0.08695652173913043,0.08695652173913043,0.9230769230769231,0.48,0.9727947238252268,0,normal_idle
22,8,0.0,0.13319999999999993,0.2672413793103448,0.05714285714285714,0.0,0.0,0.9230769230769231,0.48,0.9727947238252268,0,normal_idle
22,9,0.0,0.06659999999999996,0.07758620689655173,0.02857142857142857,0.0,0.0,0.9230769230769231,0.48,0.9727947238252268,0,normal_idle
23,0,0.0,0.13319999999999993,0.2931034482758621,0.05714285714285714,0.0,0.0,0.9230769230769231,0.48,0.9727947238252268,0,normal_idle
23,1,0.0,0.13319999999999993,0.060344827586206885,0.014285714285714285,0.0,0.0,0.9230769230769231,0.48,0.9727947238252268,0,normal_idle
23,2,0.0,0.0,0.23275862068965514,0.09285714285714285,0.0,0.0,0.9230769230769231,0.48,0.9727947238252268,0,normal_idle
23,3,0.0,0.06659999999999996,0.2672413793103448,0.06428571428571428,0.0,0.0,0.9230769230769231,0.48,0.9727947238252268,0,normal_idle
23,4,0.0,0.09420000000000002,0.3017241379310345,0.0857142857142857,0.0,0.0,0.9230769230769231,0.48,0.9727947238252268,0,normal_idle
23,5,0.0003899775762893634,0.11379999999999996,0.27586206896551724,0.04285714285714285,0.08695652173913043,0.08695652173913043,0.9230769230769231,0.48,0.9727947238252268,0,normal_idle
23,6,0.0,0.13319999999999993,0.2672413793103448,0.05714285714285714,0.0,0.0,0.9230769230769231,0.48,0.9727947238252268,0,normal_idle
23,7,0.0,0.06659999999999996,0.07758620689655173,0.02857142857142857,0.0,0.0,0.9230769230769231,0.48,0.9727947238252268,0,normal_idle
23,8,0.0,0.13319999999999993,0.23275862068965514,0.09285714285714285,0.0,0.0,0.9230769230769231,0.48,0.9727947238252268,0,normal_idle
23,9,0.0,0.2,0.32758620689655177,0.07142857142857142,0.0,0.0,0.9230769230769231,0.48,0.9727947238252268,0,normal_idle
24,0,0.0,0.13319999999999993,0.060344827586206885,0.014285714285714285,0.0,0.0,0.9230769230769231,0.48,0.9727947238252268,0,normal_idle
24,1,0.0,0.0,0.23275862068965514,0.09285714285714285,0.0,0.0,0.9230769230769231,0.48,0.9727947238252268,0,normal_idle
24,2,0.0,0.06659999999999996,0.2672413793103448,0.06428571428571428,0.0,0.0,0.9230769230769231,0.48,0.9727947238252268,0,normal_idle
24,3,0.0,0.09420000000000002,0.3017241379310345,0.0857142857142857,0.0,0.0,0.9230769230769231,0.48,0.9727947238252268,0,normal_idle
24,4,0.0003899775762893634,0.11379999999999996,0.27586206896551724,0.04285714285714285,0.08695652173913043,0.08695652173913043,0.9230769230769231,0.48,0.9727947238252268,0,normal_idle
24,5,0.0,0.13319999999999993,0.2672413793103448,0.05714285714285714,0.0,0.0,0.9230769230769231,0.48,0.9727947238252268,0,normal_idle
24,6,0.0,0.06659999999999996,0.07758620689655173,0.02857142857142857,0.0,0.0,0.9230769230769231,0.48,0.9727947238252268,0,normal_idle
24,7,0.0,0.13319999999999993,0.23275862068965514,0.09285714285714285,0.0,0.0,0.9230769230769231,0.48,0.9727947238252268,0,normal_idle
24,8,0.0,0.2,0.32758620689655177,0.07142857142857142,0.0,0.0,0.9230769230769231,0.48,0.9727947238252268,0,normal_idle
24,9,0.0001949887881446817,0.13319999999999993,0.3362068965517241,0.021428571428571425,0.0,0.0,0.9230769230769231,0.48,0.9727947238252268,0,normal_idle
25,0,0.0,0.0,0.23275862068965514,0.09285714285714285,0.0,0.0,0.9230769230769231,0.48,0.9727947238252268,0,normal_idle
25,1,0.0,0.06659999999999996,0.2672413793103448,0.06428571428571428,0.0,0.0,0.9230769230769231,0.48,0.9727947238252268,0,normal_idle
25,2,0.0,0.09420000000000002,0.3017241379310345,0.0857142857142857,0.0,0.0,0.9230769230769231,0.48,0.9727947238252268,0,normal_idle
25,3,0.0003899775762893634,0.11379999999999996,0.27586206896551724,0.04285714285714285,0.08695652173913043,0.08695652173913043,0.9230769230769231,0.48,0.9727947238252268,0,normal_idle
25,4,0.0,0.13319999999999993,0.2672413793103448,0.05714285714285714,0.0,0.0,0.9230769230769231,0.48,0.9727947238252268,0,normal_idle
25,5,0.0,0.06659999999999996,0.07758620689655173,0.02857142857142857,0.0,0.0,0.9230769230769231,0.48,0.9727947238252268,0,normal_idle
25,6,0.0,0.13319999999999993,0.23275862068965514,0.09285714285714285,0.0,0.0,0.9230769230769231,0.48,0.9727947238252268,0,normal_idle
25,7,0.0,0.2,0.32758620689655177,0.07142857142857142,0.0,0.0,0.9230769230769231,0.48,0.9727947238252268,0,normal_idle
25,8,0.0001949887881446817,0.13319999999999993,0.3362068965517241,0.021428571428571425,0.0,0.0,0.9230769230769231,0.48,0.9727947238252268,0,normal_idle
25,9,0.0,0.2,0.3534482758620689,0.03571428571428571,0.391304347826087,0.391304347826087,0.9230769230769231,0.48,0.9727947238252268,0,normal_idle
26,0,0.0,0.13319999999999993,0.2672413793103448,0.05714285714285714,0.0,0.0,0.9230769230769231,0.48,0.9727947238252268,0,normal_idle
26,1,0.0,0.06659999999999996,0.07758620689655173,0.02857142857142857,0.0,0.0,0.9230769230769231,0.48,0.9727947238252268,0,normal_idle
26,2,0.0,0.13319999999999993,0.23275862068965514,0.09285714285714285,0.0,0.0,0.9230769230769231,0.48,0.9727947238252268,0,normal_idle
26,3,0.0,0.2,0.32758620689655177,0.07142857142857142,0.0,0.0,0.9230769230769231,0.48,0.9727947238252268,0,normal_idle
26,4,0.0001949887881446817,0.13319999999999993,0.3362068965517241,0.021428571428571425,0.0,0.0,0.9230769230769231,0.48,0.9727947238252268,0,normal_idle
26,5,0.0,0.2,0.3534482758620689,0.03571428571428571,0.391304347826087,0.391304347826087,0.9230769230769231,0.48,0.9727947238252268,0,normal_idle
26,6,0.0,0.2,0.27586206896551724,0.06428571428571428,0.0,0.0,0.9230769230769231,0.48,0.9727947238252268,0,normal_idle
26,7,0.0,0.13319999999999993,0.3017241379310345,0.07142857142857142,0.0,0.0,0.9230769230769231,0.48,0.9727947238252268,0,normal_idle
26,8,0.0,0.2,0.34482758620689646,0.02857142857142857,0.0,0.0,0.9230769230769231,0.48,0.9727947238252268,0,normal_idle
26,9,0.0,0.13319999999999993,0.2931034482758621,0.07857142857142856,0.0,0.0,0.9230769230769231,0.48,0.9727947238252268,0,normal_idle
27,0,0.0,0.06659999999999996,0.07758620689655173,0.02857142857142857,0.0,0.0,0.9230769230769231,0.48,0.9727947238252268,0,normal_idle
27,1,0.0,0.13319999999999993,0.23275862068965514,0.09285714285714285,0.0,0.0,0.9230769230769231,0.48,0.9727947238252268,0,normal_idle
27,2,0.0,0.2,0.32758620689655177,0.07142857142857142,0.0,0.0,0.9230769230769231,0.48,0.9727947238252268,0,normal_idle
27,3,0.0001949887881446817,0.13319999999999993,0.3362068965517241,0.021428571428571425,0.0,0.0,0.9230769230769231,0.48,0.9727947238252268,0,normal_idle
27,4,0.0,0.2,0.3534482758620689,0.03571428571428571,0.391304347826087,0.391304347826087,0.9230769230769231,0.48,0.9727947238252268,0,normal_idle
27,5,0.0,0.2,0.27586206896551724,0.06428571428571428,0.0,0.0,0.9230769230769231,0.48,0.9727947238252268,0,normal_idle
27,6,0.0,0.13319999999999993,0.3017241379310345,0.07142857142857142,0.0,0.0,0.9230769230769231,0.48,0.9727947238252268,0,normal_idle
27,7,0.0,0.2,0.34482758620689646,0.02857142857142857,0.0,0.0,0.9230769230769231,0.48,0.9727947238252268,0,normal_idle
27,8,0.0,0.13319999999999993,0.2931034482758621,0.07857142857142856,0.0,0.0,0.9230769230769231,0.48,0.9727947238252268,0,normal_idle
27,9,0.0,0.2,0.10344827586206894,0.049999999999999996,0.0,0.0,0.9230769230769231,0.48,0.9727947238252268,0,normal_idle
28,0,0.0,0.13319999999999993,0.23275862068965514,0.09285714285714285,0.0,0.0,0.9230769230769231,0.48,0.9727947238252268,0,normal_idle
28,1,0.0,0.2,0.32758620689655177,0.07142857142857142,0.0,0.0,0.9230769230769231,0.48,0.9727947238252268,0,normal_idle
28,2,0.0001949887881446817,0.13319999999999993,0.3362068965517241,0.021428571428571425,0.0,0.0,0.9230769230769231,0.48,0.9727947238252268,0,normal_idle
28,3,0.0,0.2,0.3534482758620689,0.03571428571428571,0.391304347826087,0.391304347826087,0.9230769230769231,0.48,0.9727947238252268,0,normal_idle
28,4,0.0,0.2,0.27586206896551724,0.06428571428571428,0.0,0.0,0.9230769230769231,0.48,0.9727947238252268,0,normal_idle
28,5,0.0,0.13319999999999993,0.3017241379310345,0.07142857142857142,0.0,0.0,0.9230769230769231,0.48,0.9727947238252268,0,normal_idle
28,6,0.0,0.2,0.34482758620689646,0.02857142857142857,0.0,0.0,0.9230769230769231,0.48,0.9727947238252268,0,normal_idle
28,7,0.0,0.13319999999999993,0.2931034482758621,0.07857142857142856,0.0,0.0,0.9230769230769231,0.48,0.9727947238252268,0,normal_idle
28,8,0.0,0.2,0.10344827586206894,0.049999999999999996,0.0,0.0,0.9230769230769231,0.48,0.9727947238252268,0,normal_idle
28,9,0.0,0.13319999999999993,0.23275862068965514,0.07857142857142856,0.0,0.0,0.9230769230769231,0.48,0.9727947238252268,0,normal_idle
29,0,0.0,0.2,0.32758620689655177,0.07142857142857142,0.0,0.0,0.9230769230769231,0.48,0.9727947238252268,0,normal_idle
29,1,0.0001949887881446817,0.13319999999999993,0.3362068965517241,0.021428571428571425,0.0,0.0,0.9230769230769231,0.48,0.9727947238252268,0,normal_idle
29,2,0.0,0.2,0.3534482758620689,0.03571428571428571,0.391304347826087,0.391304347826087,0.9230769230769231,0.48,0.9727947238252268,0,normal_idle
29,3,0.0,0.2,0.27586206896551724,0.06428571428571428,0.0,0.0,0.9230769230769231,0.48,0.9727947238252268,0,normal_idle
29,4,0.0,0.13319999999999993,0.3017241379310345,0.07142857142857142,0.0,0.0,0.9230769230769231,0.48,0.9727947238252268,0,normal_idle
29,5,0.0,0.2,0.34482758620689646,0.02857142857142857,0.0,0.0,0.9230769230769231,0.48,0.9727947238252268,0,normal_idle
29,6,0.0,0.13319999999999993,0.2931034482758621,0.07857142857142856,0.0,0.0,0.9230769230769231,0.48,0.9727947238252268,0,normal_idle
29,7,0.0,0.2,0.10344827586206894,0.049999999999999996,0.0,0.0,0.9230769230769231,0.48,0.9727947238252268,0,normal_idle
29,8,0.0,0.13319999999999993,0.23275862068965514,0.07857142857142856,0.0,0.0,0.9230769230769231,0.48,0.9727947238252268,0,normal_idle
29,9,0.0,0.13319999999999993,0.05172413793103447,0.014285714285714285,0.0,0.0,0.9230769230769231,0.48,0.9727947238252268,0,normal_idle
30,0,0.0,0.2,0.3534482758620689,0.03571428571428571,0.391304347826087,0.391304347826087,0.9230769230769231,0.48,0.9727947238252268,0,normal_idle
30,1,0.0,0.2,0.27586206896551724,0.06428571428571428,0.0,0.0,0.9230769230769231,0.48,0.9727947238252268,0,normal_idle
30,2,0.0,0.13319999999999993,0.3017241379310345,0.07142857142857142,0.0,0.0,0.9230769230769231,0.48,0.9727947238252268,0,normal_idle
30,3,0.0,0.2,0.34482758620689646,0.02857142857142857,0.0,0.0,0.9230769230769231,0.48,0.9727947238252268,0,normal_idle
30,4,0.0,0.13319999999999993,0.2931034482758621,0.07857142857142856,0.0,0.0,0.9230769230769231,0.48,0.9727947238252268,0,normal_idle
30,5,0.0,0.2,0.10344827586206894,0.049999999999999996,0.0,0.0,0.9230769230769231,0.48,0.9727947238252268,0,normal_idle
30,6,0.0,0.13319999999999993,0.23275862068965514,0.07857142857142856,0.0,0.0,0.9230769230769231,0.48,0.9727947238252268,0,normal_idle
30,7,0.0,0.13319999999999993,0.05172413793103447,0.014285714285714285,0.0,0.0,0.9230769230769231,0.48,0.9727947238252268,0,normal_idle
30,8,0.0001949887881446817,0.2,0.24137931034482754,0.10714285714285712,0.0,0.0,0.9230769230769231,0.48,0.9727947238252268,0,normal_idle
30,9,0.0,0.2,0.28448275862068967,0.0857142857142857,0.0,0.0,0.9230769230769231,0.48,0.9727947238252268,0,normal_idle
31,0,0.0,0.2,0.27586206896551724,0.06428571428571428,0.0,0.0,0.9230769230769231,0.48,0.9727947238252268,0,normal_idle
31,1,0.0,0.13319999999999993,0.3017241379310345,0.07142857142857142,0.0,0.0,0.9230769230769231,0.48,0.9727947238252268,0,normal_idle
31,2,0.0,0.2,0.34482758620689646,0.02857142857142857,0.0,0.0,0.9230769230769231,0.48,0.9727947238252268,0,normal_idle
31,3,0.0,0.13319999999999993,0.2931034482758621,0.07857142857142856,0.0,0.0,0.9230769230769231,0.48,0.9727947238252268,0,normal_idle
31,4,0.0,0.2,0.10344827586206894,0.049999999999999996,0.0,0.0,0.9230769230769231,0.48,0.9727947238252268,0,normal_idle
31,5,0.0,0.13319999999999993,0.23275862068965514,0.07857142857142856,0.0,0.0,0.9230769230769231,0.48,0.9727947238252268,0,normal_idle
31,6,0.0,0.13319999999999993,0.05172413793103447,0.014285714285714285,0.0,0.0,0.9230769230769231,0.48,0.9727947238252268,0,normal_idle
31,7,0.0001949887881446817,0.2,0.24137931034482754,0.10714285714285712,0.0,0.0,0.9230769230769231,0.48,0.9727947238252268,0,normal_idle
31,8,0.0,0.2,0.28448275862068967,0.0857142857142857,0.0,0.0,0.9230769230769231,0.48,0.9727947238252268,0,normal_idle
31,9,0.0,0.2,0.3534482758620689,0.07857142857142856,0.0,0.0,0.9230769230769231,0.48,0.9727947238252268,0,normal_idle
32,0,0.0,0.2,0.34482758620689646,0.02857142857142857,0.0,0.0,0.9230769230769231,0.48,0.9727947238252268,0,normal_idle
32,1,0.0,0.13319999999999993,0.2931034482758621,0.07857142857142856,0.0,0.0,0.9230769230769231,0.48,0.9727947238252268,0,normal_idle
32,2,0.0,0.2,0.10344827586206894,0.049999999999999996,0.0,0.0,0.9230769230769231,0.48,0.9727947238252268,0,normal_idle
32,3,0.0,0.13319999999999993,0.23275862068965514,0.07857142857142856,0.0,0.0,0.9230769230769231,0.48,0.9727947238252268,0,normal_idle
32,4,0.0,0.13319999999999993,0.05172413793103447,0.014285714285714285,0.0,0.0,0.9230769230769231,0.48,0.9727947238252268,0,normal_idle
32,5,0.0001949887881446817,0.2,0.24137931034482754,0.10714285714285712,0.0,0.0,0.9230769230769231,0.48,0.9727947238252268,0,normal_idle
32,6,0.0,0.2,0.28448275862068967,0.0857142857142857,0.0,0.0,0.9230769230769231,0.48,0.9727947238252268,0,normal_idle
32,7,0.0,0.2,0.3534482758620689,0.07857142857142856,0.0,0.0,0.9230769230769231,0.48,0.9727947238252268,0,normal_idle
32,8,9.749439407234085e-05,0.2322,0.28448275862068967,0.07142857142857142,0.0,0.0,0.9230769230769231,0.48,0.9727947238252268,0,normal_idle
32,9,0.0,0.1825999999999999,0.27586206896551724,0.05714285714285714,0.0,0.0,0.9230769230769231,0.48,0.9727947238252268,0,normal_idle
33,0,0.0,0.13319999999999993,0.2931034482758621,0.07857142857142856,0.0,0.0,0.9230769230769231,0.48,0.9727947238252268,0,normal_idle
33,1,0.0,0.2,0.10344827586206894,0.049999999999999996,0.0,0.0,0.9230769230769231,0.48,0.9727947238252268,0,normal_idle
33,2,0.0,0.13319999999999993,0.23275862068965514,0.07857142857142856,0.0,0.0,0.9230769230769231,0.48,0.9727947238252268,0,normal_idle
33,3,0.0,0.13319999999999993,0.05172413793103447,0.014285714285714285,0.0,0.0,0.9230769230769231,0.48,0.9727947238252268,0,normal_idle
33,4,0.0001949887881446817,0.2,0.24137931034482754,0.10714285714285712,0.0,0.0,0.9230769230769231,0.48,0.9727947238252268,0,normal_idle
33,5,0.0,0.2,0.28448275862068967,0.0857142857142857,0.0,0.0,0.9230769230769231,0.48,0.9727947238252268,0,normal_idle
33,6,0.0,0.2,0.3534482758620689,0.07857142857142856,0.0,0.0,0.9230769230769231,0.48,0.9727947238252268,0,normal_idle
33,7,9.749439407234085e-05,0.2322,0.28448275862068967,0.07142857142857142,0.0,0.0,0.9230769230769231,0.48,0.9727947238252268,0,normal_idle
33,8,0.0,0.1825999999999999,0.27586206896551724,0.05714285714285714,0.0,0.0,0.9230769230769231,0.48,0.9727947238252268,0,normal_idle
33,9,0.0,0.13319999999999993,0.32758620689655177,0.04285714285714285,0.0,0.0,0.9230769230769231,0.48,0.9727947238252268,0,normal_idle
34,0,0.0,0.13319999999999993,0.23275862068965514,0.07857142857142856,0.0,0.0,0.9230769230769231,0.48,0.9727947238252268,0,normal_idle
34,1,0.0,0.13319999999999993,0.05172413793103447,0.014285714285714285,0.0,0.0,0.9230769230769231,0.48,0.9727947238252268,0,normal_idle
34,2,0.0001949887881446817,0.2,0.24137931034482754,0.10714285714285712,0.0,0.0,0.9230769230769231,0.48,0.9727947238252268,0,normal_idle
34,3,0.0,0.2,0.28448275862068967,0.0857142857142857,0.0,0.0,0.9230769230769231,0.48,0.9727947238252268,0,normal_idle
34,4,0.0,0.2,0.3534482758620689,0.07857142857142856,0.0,0.0,0.9230769230769231,0.48,0.9727947238252268,0,normal_idle
34,5,9.749439407234085e-05,0.2322,0.28448275862068967,0.07142857142857142,0.0,0.0,0.9230769230769231,0.48,0.9727947238252268,0,normal_idle
34,6,0.0,0.1825999999999999,0.27586206896551724,0.05714285714285714,0.0,0.0,0.9230769230769231,0.48,0.9727947238252268,0,normal_idle
34,7,0.0,0.13319999999999993,0.32758620689655177,0.04285714285714285,0.0,0.0,0.9230769230769231,0.48,0.9727947238252268,0,normal_idle
34,8,0.0,0.2,0.4051724137931034,0.07857142857142856,0.0,0.0,0.9230769230769231,0.48,0.9727947238252268,0,normal_idle
34,9,0.003217315004387248,0.2,0.07758620689655173,0.007142857142857143,0.0,0.0,0.9230769230769231,0.48,0.9727947238252268,0,normal_idle
35,0,0.0001949887881446817,0.2,0.24137931034482754,0.10714285714285712,0.0,0.0,0.9230769230769231,0.48,0.9727947238252268,0,normal_idle
35,1,0.0,0.2,0.28448275862068967,0.0857142857142857,0.0,0.0,0.9230769230769231,0.48,0.9727947238252268,0,normal_idle
35,2,0.0,0.2,0.3534482758620689,0.07857142857142856,0.0,0.0,0.9230769230769231,0.48,0.9727947238252268,0,normal_idle
35,3,9.749439407234085e-05,0.2322,0.28448275862068967,0.07142857142857142,0.0,0.0,0.9230769230769231,0.48,0.9727947238252268,0,normal_idle
35,4,0.0,0.1825999999999999,0.27586206896551724,0.05714285714285714,0.0,0.0,0.9230769230769231,0.48,0.9727947238252268,0,normal_idle
35,5,0.0,0.13319999999999993,0.32758620689655177,0.04285714285714285,0.0,0.0,0.9230769230769231,0.48,0.9727947238252268,0,normal_idle
35,6,0.0,0.2,0.4051724137931034,0.07857142857142856,0.0,0.0,0.9230769230769231,0.48,0.9727947238252268,0,normal_idle
35,7,0.003217315004387248,0.2,0.07758620689655173,0.007142857142857143,0.0,0.0,0.9230769230769231,0.48,0.9727947238252268,0,normal_idle
35,8,0.0,0.13319999999999993,0.2241379310344827,0.12857142857142856,0.0,0.0,0.9230769230769231,0.48,0.9727947238252268,0,normal_idle
35,9,0.00048747197036170425,0.2,0.2672413793103448,0.07857142857142856,0.0,0.0,0.9230769230769231,0.48,0.9727947238252268,0,normal_idle
36,0,0.0,0.2,0.28448275862068967,0.0857142857142857,0.0,0.0,0.9230769230769231,0.48,0.9727947238252268,0,normal_idle
36,1,0.0,0.2,0.3534482758620689,0.07857142857142856,0.0,0.0,0.9230769230769231,0.48,0.9727947238252268,0,normal_idle
36,2,9.749439407234085e-05,0.2322,0.28448275862068967,0.07142857142857142,0.0,0.0,0.9230769230769231,0.48,0.9727947238252268,0,normal_idle
36,3,0.0,0.1825999999999999,0.27586206896551724,0.05714285714285714,0.0,0.0,0.9230769230769231,0.48,0.9727947238252268,0,normal_idle
36,4,0.0,0.13319999999999993,0.32758620689655177,0.04285714285714285,0.0,0.0,0.9230769230769231,0.48,0.9727947238252268,0,normal_idle
36,5,0.0,0.2,0.4051724137931034,0.07857142857142856,0.0,0.0,0.9230769230769231,0.48,0.9727947238252268,0,normal_idle
36,6,0.003217315004387248,0.2,0.07758620689655173,0.007142857142857143,0.0,0.0,0.9230769230769231,0.48,0.9727947238252268,0,normal_idle
36,7,0.0,0.13319999999999993,0.2241379310344827,0.12857142857142856,0.0,0.0,0.9230769230769231,0.48,0.9727947238252268,0,normal_idle
36,8,0.00048747197036170425,0.2,0.2672413793103448,0.07857142857142856,0.0,0.0,0.9230769230769231,0.48,0.9727947238252268,0,normal_idle
36,9,0.0,0.13319999999999993,0.27586206896551724,0.07142857142857142,0.0,0.0,0.9230769230769231,0.48,0.9727947238252268,0,normal_idle
37,0,0.0,0.2,0.3534482758620689,0.07857142857142856,0.0,0.0,0.9230769230769231,0.48,0.9727947238252268,0,normal_idle
37,1,9.749439407234085e-05,0.2322,0.28448275862068967,0.07142857142857142,0.0,0.0,0.9230769230769231,0.48,0.9727947238252268,0,normal_idle
37,2,0.0,0.1825999999999999,0.27586206896551724,0.05714285714285714,0.0,0.0,0.9230769230769231,0.48,0.9727947238252268,0,normal_idle
37,3,0.0,0.13319999999999993,0.32758620689655177,0.04285714285714285,0.0,0.0,0.9230769230769231,0.48,0.9727947238252268,0,normal_idle
37,4,0.0,0.2,0.4051724137931034,0.07857142857142856,0.0,0.0,0.9230769230769231,0.48,0.9727947238252268,0,normal_idle
37,5,0.003217315004387248,0.2,0.07758620689655173,0.007142857142857143,0.0,0.0,0.9230769230769231,0.48,0.9727947238252268,0,normal_idle
37,6,0.0,0.13319999999999993,0.2241379310344827,0.12857142857142856,0.0,0.0,0.9230769230769231,0.48,0.9727947238252268,0,normal_idle
37,7,0.00048747197036170425,0.2,0.2672413793103448,0.07857142857142856,0.0,0.0,0.9230769230769231,0.48,0.9727947238252268,0,normal_idle
37,8,0.0,0.13319999999999993,0.27586206896551724,0.07142857142857142,0.0,0.0,0.9230769230769231,0.48,0.9727947238252268,0,normal_idle
37,9,0.0,0.13319999999999993,0.2672413793103448,0.07142857142857142,0.0,0.0,0.9230769230769231,0.48,0.9727947238252268,0,normal_idle
38,0,0.0,0.13319999999999993,0.32758620689655177,0.04285714285714285,0.0,0.0,0.9230769230769231,0.48,0.9727947238252268,0,normal_idle
38,1,0.0,0.2,0.4051724137931034,0.07857142857142856,0.0,0.0,0.9230769230769231,0.48,0.9727947238252268,0,normal_idle
38,2,0.003217315004387248,0.2,0.07758620689655173,0.007142857142857143,0.0,0.0,0.9230769230769231,0.48,0.9727947238252268,0,normal_idle
38,3,0.0,0.13319999999999993,0.2241379310344827,0.12857142857142856,0.0,0.0,0.9230769230769231,0.48,0.9727947238252268,0,normal_idle
38,4,0.00048747197036170425,0.2,0.2672413793103448,0.07857142857142856,0.0,0.0,0.9230769230769231,0.48,0.9727947238252268,0,normal_idle
38,5,0.0,0.13319999999999993,0.27586206896551724,0.07142857142857142,0.0,0.0,0.9230769230769231,0.48,0.9727947238252268,0,normal_idle
38,6,0.0,0.13319999999999993,0.2672413793103448,0.07142857142857142,0.0,0.0,0.9230769230769231,0.48,0.9727947238252268,0,normal_idle
38,7,0.0010724383347957493,0.06659999999999996,0.2672413793103448,0.07142857142857142,0.0,0.0,0.9230769230769231,0.48,0.9727947238252268,0,normal_idle
38,8,0.016671541386370285,0.2,0.060344827586206885,0.02857142857142857,0.0,0.0,0.9230769230769231,0.48,0.9727947238252268,0,normal_idle
38,9,0.0001949887881446817,0.2,0.34482758620689646,0.03571428571428571,0.0,0.0,0.9230769230769231,0.52,0.9233305853256389,0,normal_idle
39,0,0.0,0.2,0.4051724137931034,0.07857142857142856,0.0,0.0,0.9230769230769231,0.48,0.9727947238252268,0,normal_idle
39,1,0.003217315004387248,0.2,0.07758620689655173,0.007142857142857143,0.0,0.0,0.9230769230769231,0.48,0.9727947238252268,0,normal_idle
39,2,0.0,0.13319999999999993,0.2241379310344827,0.12857142857142856,0.0,0.0,0.9230769230769231,0.48,0.9727947238252268,0,normal_idle
39,3,0.00048747197036170425,0.2,0.2672413793103448,0.07857142857142856,0.0,0.0,0.9230769230769231,0.48,0.9727947238252268,0,normal_idle
39,4,0.0,0.13319999999999993,0.27586206896551724,0.07142857142857142,0.0,0.0,0.9230769230769231,0.48,0.9727947238252268,0,normal_idle
39,5,0.0,0.13319999999999993,0.2672413793103448,0.07142857142857142,0.0,0.0,0.9230769230769231,0.48,0.9727947238252268,0,normal_idle
39,6,0.0010724383347957493,0.06659999999999996,0.2672413793103448,0.07142857142857142,0.0,0.0,0.9230769230769231,0.48,0.9727947238252268,0,normal_idle
39,7,0.016671541386370285,0.2,0.060344827586206885,0.02857142857142857,0.0,0.0,0.9230769230769231,0.48,0.9727947238252268,0,normal_idle
39,8,0.0001949887881446817,0.2,0.34482758620689646,0.03571428571428571,0.0,0.0,0.9230769230769231,0.52,0.9233305853256389,0,normal_idle
39,9,0.0001949887881446817,0.26659999999999995,0.2931034482758621,0.07857142857142856,0.0,0.0,0.9230769230769231,0.48,0.9398186314921684,0,normal_idle
40,0,0.003217315004387248,0.2,0.07758620689655173,0.007142857142857143,0.0,0.0,0.9230769230769231,0.48,0.9727947238252268,0,normal_idle
40,1,0.0,0.13319999999999993,0.2241379310344827,0.12857142857142856,0.0,0.0,0.9230769230769231,0.48,0.9727947238252268,0,normal_idle
40,2,0.00048747197036170425,0.2,0.2672413793103448,0.07857142857142856,0.0,0.0,0.9230769230769231,0.48,0.9727947238252268,0,normal_idle
40,3,0.0,0.13319999999999993,0.27586206896551724,0.07142857142857142,0.0,0.0,0.9230769230769231,0.48,0.9727947238252268,0,normal_idle
40,4,0.0,0.13319999999999993,0.2672413793103448,0.07142857142857142,0.0,0.0,0.9230769230769231,0.48,0.9727947238252268,0,normal_idle
40,5,0.0010724383347957493,0.06659999999999996,0.2672413793103448,0.07142857142857142,0.0,0.0,0.9230769230769231,0.48,0.9727947238252268,0,normal_idle
40,6,0.016671541386370285,0.2,0.060344827586206885,0.02857142857142857,0.0,0.0,0.9230769230769231,0.48,0.9727947238252268,0,normal_idle
40,7,0.0001949887881446817,0.2,0.34482758620689646,0.03571428571428571,0.0,0.0,0.9230769230769231,0.52,0.9233305853256389,0,normal_idle
40,8,0.0001949887881446817,0.26659999999999995,0.2931034482758621,0.07857142857142856,0.0,0.0,0.9230769230769231,0.48,0.9398186314921684,0,normal_idle
40,9,0.0,0.26659999999999995,0.28448275862068967,0.07857142857142856,0.0,0.0,0.9230769230769231,0.48,0.9563066776586976,0,normal_idle
41,0,0.00048747197036170425,0.2,0.2672413793103448,0.07857142857142856,0.0,0.0,0.9230769230769231,0.48,0.9727947238252268,0,normal_idle
41,1,0.0,0.13319999999999993,0.27586206896551724,0.07142857142857142,0.0,0.0,0.9230769230769231,0.48,0.9727947238252268,0,normal_idle
41,2,0.0,0.13319999999999993,0.2672413793103448,0.07142857142857142,0.0,0.0,0.9230769230769231,0.48,0.9727947238252268,0,normal_idle
41,3,0.0010724383347957493,0.06659999999999996,0.2672413793103448,0.07142857142857142,0.0,0.0,0.9230769230769231,0.48,0.9727947238252268,0,normal_idle
41,4,0.016671541386370285,0.2,0.060344827586206885,0.02857142857142857,0.0,0.0,0.9230769230769231,0.48,0.9727947238252268,0,normal_idle
41,5,0.0001949887881446817,0.2,0.34482758620689646,0.03571428571428571,0.0,0.0,0.9230769230769231,0.52,0.9233305853256389,0,normal_idle
41,6,0.0001949887881446817,0.26659999999999995,0.2931034482758621,0.07857142857142856,0.0,0.0,0.9230769230769231,0.48,0.9398186314921684,0,normal_idle
41,7,0.0,0.26659999999999995,0.28448275862068967,0.07857142857142856,0.0,0.0,0.9230769230769231,0.48,0.9563066776586976,0,normal_idle
41,8,0.0,0.2,0.31896551724137934,0.07142857142857142,0.0,0.0,0.9230769230769231,0.48,0.9563066776586976,0,normal_idle
41,9,0.0,0.2,0.32758620689655177,0.07142857142857142,0.0,0.0,0.9230769230769231,0.48,0.9727947238252268,0,normal_idle
42,0,0.0,0.13319999999999993,0.27586206896551724,0.07142857142857142,0.0,0.0,0.9230769230769231,0.48,0.9727947238252268,0,normal_idle
42,1,0.0,0.13319999999999993,0.2672413793103448,0.07142857142857142,0.0,0.0,0.9230769230769231,0.48,0.9727947238252268,0,normal_idle
42,2,0.0010724383347957493,0.06659999999999996,0.2672413793103448,0.07142857142857142,0.0,0.0,0.9230769230769231,0.48,0.9727947238252268,0,normal_idle
42,3,0.016671541386370285,0.2,0.060344827586206885,0.02857142857142857,0.0,0.0,0.9230769230769231,0.48,0.9727947238252268,0,normal_idle
42,4,0.0001949887881446817,0.2,0.34482758620689646,0.03571428571428571,0.0,0.0,0.9230769230769231,0.52,0.9233305853256389,0,normal_idle
42,5,0.0001949887881446817,0.26659999999999995,0.2931034482758621,0.07857142857142856,0.0,0.0,0.9230769230769231,0.48,0.9398186314921684,0,normal_idle
42,6,0.0,0.26659999999999995,0.28448275862068967,0.07857142857142856,0.0,0.0,0.9230769230769231,0.48,0.9563066776586976,0,normal_idle
42,7,0.0,0.2,0.31896551724137934,0.07142857142857142,0.0,0.0,0.9230769230769231,0.48,0.9563066776586976,0,normal_idle
42,8,0.0,0.2,0.32758620689655177,0.07142857142857142,0.0,0.0,0.9230769230769231,0.48,0.9727947238252268,0,normal_idle
42,9,0.0,0.2,0.3362068965517241,0.014285714285714285,0.0,0.0,0.9230769230769231,0.48,0.9727947238252268,0,normal_idle
43,0,0.0,0.13319999999999993,0.2672413793103448,0.07142857142857142,0.0,0.0,0.9230769230769231,0.48,0.9727947238252268,0,normal_idle
43,1,0.0010724383347957493,0.06659999999999996,0.2672413793103448,0.07142857142857142,0.0,0.0,0.9230769230769231,0.48,0.9727947238252268,0,normal_idle
43,2,0.016671541386370285,0.2,0.060344827586206885,0.02857142857142857,0.0,0.0,0.9230769230769231,0.48,0.9727947238252268,0,normal_idle
43,3,0.0001949887881446817,0.2,0.34482758620689646,0.03571428571428571,0.0,0.0,0.9230769230769231,0.52,0.9233305853256389,0,normal_idle
43,4,0.0001949887881446817,0.26659999999999995,0.2931034482758621,0.07857142857142856,0.0,0.0,0.9230769230769231,0.48,0.9398186314921684,0,normal_idle
43,5,0.0,0.26659999999999995,0.28448275862068967,0.07857142857142856,0.0,0.0,0.9230769230769231,0.48,0.9563066776586976,0,normal_idle
43,6,0.0,0.2,0.31896551724137934,0.07142857142857142,0.0,0.0,0.9230769230769231,0.48,0.9563066776586976,0,normal_idle
43,7,0.0,0.2,0.32758620689655177,0.07142857142857142,0.0,0.0,0.9230769230769231,0.48,0.9727947238252268,0,normal_idle
43,8,0.0,0.2,0.3362068965517241,0.014285714285714285,0.0,0.0,0.9230769230769231,0.48,0.9727947238252268,0,normal_idle
43,9,0.00048747197036170425,0.2,0.11206896551724135,0.05714285714285714,0.0,0.0,0.9230769230769231,0.48,0.9727947238252268,0,normal_idle
44,0,0.0010724383347957493,0.06659999999999996,0.2672413793103448,0.07142857142857142,0.0,0.0,0.9230769230769231,0.48,0.9727947238252268,0,normal_idle
44,1,0.016671541386370285,0.2,0.060344827586206885,0.02857142857142857,0.0,0.0,0.9230769230769231,0.48,0.9727947238252268,0,normal_idle
44,2,0.0001949887881446817,0.2,0.34482758620689646,0.03571428571428571,0.0,0.0,0.9230769230769231,0.52,0.9233305853256389,0,normal_idle
44,3,0.0001949887881446817,0.26659999999999995,0.2931034482758621,0.07857142857142856,0.0,0.0,0.9230769230769231,0.48,0.9398186314921684,0,normal_idle
44,4,0.0,0.26659999999999995,0.28448275862068967,0.07857142857142856,0.0,0.0,0.9230769230769231,0.48,0.9563066776586976,0,normal_idle
44,5,0.0,0.2,0.31896551724137934,0.07142857142857142,0.0,0.0,0.9230769230769231,0.48,0.9563066776586976,0,normal_idle
44,6,0.0,0.2,0.32758620689655177,0.07142857142857142,0.0,0.0,0.9230769230769231,0.48,0.9727947238252268,0,normal_idle
44,7,0.0,0.2,0.3362068965517241,0.014285714285714285,0.0,0.0,0.9230769230769231,0.48,0.9727947238252268,0,normal_idle
44,8,0.00048747197036170425,0.2,0.11206896551724135,0.05714285714285714,0.0,0.0,0.9230769230769231,0.48,0.9727947238252268,0,normal_idle
44,9,0.0003899775762893634,0.13319999999999993,0.2241379310344827,0.07857142857142856,0.13043478260869565,0.13043478260869565,0.8461538461538461,0.44,0.9563066776586976,0,normal_idle
45,0,0.016671541386370285,0.2,0.060344827586206885,0.02857142857142857,0.0,0.0,0.9230769230769231,0.48,0.9727947238252268,0,normal_idle
45,1,0.0001949887881446817,0.2,0.34482758620689646,0.03571428571428571,0.0,0.0,0.9230769230769231,0.52,0.9233305853256389,0,normal_idle
45,2,0.0001949887881446817,0.26659999999999995,0.2931034482758621,0.07857142857142856,0.0,0.0,0.9230769230769231,0.48,0.9398186314921684,0,normal_idle
45,3,0.0,0.26659999999999995,0.28448275862068967,0.07857142857142856,0.0,0.0,0.9230769230769231,0.48,0.9563066776586976,0,normal_idle
45,4,0.0,0.2,0.31896551724137934,0.07142857142857142,0.0,0.0,0.9230769230769231,0.48,0.9563066776586976,0,normal_idle
45,5,0.0,0.2,0.32758620689655177,0.07142857142857142,0.0,0.0,0.9230769230769231,0.48,0.9727947238252268,0,normal_idle
45,6,0.0,0.2,0.3362068965517241,0.014285714285714285,0.0,0.0,0.9230769230769231,0.48,0.9727947238252268,0,normal_idle
45,7,0.00048747197036170425,0.2,0.11206896551724135,0.05714285714285714,0.0,0.0,0.9230769230769231,0.48,0.9727947238252268,0,normal_idle
45,8,0.0003899775762893634,0.13319999999999993,0.2241379310344827,0.07857142857142856,0.13043478260869565,0.13043478260869565,0.8461538461538461,0.44,0.9563066776586976,0,normal_idle
45,9,0.0001949887881446817,0.26659999999999995,0.3017241379310345,0.0857142857142857,0.0,0.0,0.8461538461538461,0.48,0.9398186314921684,0,normal_idle
46,0,0.0,0.2,0.32758620689655177,0.07142857142857142,0.0,0.0,0.9230769230769231,0.48,0.9727947238252268,0,normal_idle
46,1,0.0,0.2,0.3362068965517241,0.014285714285714285,0.0,0.0,0.9230769230769231,0.48,0.9727947238252268,0,normal_idle
46,2,0.00048747197036170425,0.2,0.11206896551724135,0.05714285714285714,0.0,0.0,0.9230769230769231,0.48,0.9727947238252268,0,normal_idle
46,3,0.0003899775762893634,0.13319999999999993,0.2241379310344827,0.07857142857142856,0.13043478260869565,0.13043478260869565,0.8461538461538461,0.44,0.9563066776586976,0,normal_idle
46,4,0.0001949887881446817,0.26659999999999995,0.3017241379310345,0.0857142857142857,0.0,0.0,0.8461538461538461,0.48,0.9398186314921684,0,normal_idle
46,5,0.0,0.2,0.3362068965517241,0.03571428571428571,0.0,0.0,0.8461538461538461,0.48,0.9233305853256389,0,normal_idle
46,6,0.0,0.2,0.34482758620689646,0.007142857142857143,0.0,0.0,0.8461538461538461,0.48,0.9068425391591097,0,normal_idle
46,7,0.003022326216242566,0.26659999999999995,0.28448275862068967,0.05714285714285714,0.08695652173913043,0.08695652173913043,0.7692307692307693,0.44,0.8738664468260513,0,normal_idle
46,8,0.0009749439407234085,0.2,0.3103448275862069,0.07142857142857142,0.0,0.0,0.7692307692307693,0.48,0.8573784006595221,0,normal_idle
46,9,0.001949887881446817,0.06659999999999996,0.3534482758620689,0.10714285714285712,0.0,0.0,0.8461538461538461,0.52,0.8573784006595221,0,normal_idle
47,0,0.0,0.2,0.3362068965517241,0.014285714285714285,0.0,0.0,0.9230769230769231,0.48,0.9727947238252268,0,normal_idle
47,1,0.00048747197036170425,0.2,0.11206896551724135,0.05714285714285714,0.0,0.0,0.9230769230769231,0.48,0.9727947238252268,0,normal_idle
47,2,0.0003899775762893634,0.13319999999999993,0.2241379310344827,0.07857142857142856,0.13043478260869565,0.13043478260869565,0.8461538461538461,0.44,0.9563066776586976,0,normal_idle
47,3,0.0001949887881446817,0.26659999999999995,0.3017241379310345,0.0857142857142857,0.0,0.0,0.8461538461538461,0.48,0.9398186314921684,0,normal_idle
47,4,0.0,0.2,0.3362068965517241,0.03571428571428571,0.0,0.0,0.8461538461538461,0.48,0.9233305853256389,0,normal_idle
47,5,0.0,0.2,0.34482758620689646,0.007142857142857143,0.0,0.0,0.8461538461538461,0.48,0.9068425391591097,0,normal_idle
47,6,0.003022326216242566,0.26659999999999995,0.28448275862068967,0.05714285714285714,0.08695652173913043,0.08695652173913043,0.7692307692307693,0.44,0.8738664468260513,0,normal_idle
47,7,0.0009749439407234085,0.2,0.3103448275862069,0.07142857142857142,0.0,0.0,0.7692307692307693,0.48,0.8573784006595221,0,normal_idle
47,8,0.001949887881446817,0.06659999999999996,0.3534482758620689,0.10714285714285712,0.0,0.0,0.8461538461538461,0.52,0.8573784006595221,0,normal_idle
47,9,0.0007799551525787268,0.06659999999999996,0.05172413793103447,0.021428571428571425,0.0,0.0,0.8461538461538461,0.48,0.8573784006595221,0,normal_idle
48,0,0.00048747197036170425,0.2,0.11206896551724135,0.05714285714285714,0.0,0.0,0.9230769230769231,0.48,0.9727947238252268,0,normal_idle
48,1,0.0003899775762893634,0.13319999999999993,0.2241379310344827,0.07857142857142856,0.13043478260869565,0.13043478260869565,0.8461538461538461,0.44,0.9563066776586976,0,normal_idle
48,2,0.0001949887881446817,0.26659999999999995,0.3017241379310345,0.0857142857142857,0.0,0.0,0.8461538461538461,0.48,0.9398186314921684,0,normal_idle
48,3,0.0,0.2,0.3362068965517241,0.03571428571428571,0.0,0.0,0.8461538461538461,0.48,0.9233305853256389,0,normal_idle
48,4,0.0,0.2,0.34482758620689646,0.007142857142857143,0.0,0.0,0.8461538461538461,0.48,0.9068425391591097,0,normal_idle
48,5,0.003022326216242566,0.26659999999999995,0.28448275862068967,0.05714285714285714,0.08695652173913043,0.08695652173913043,0.7692307692307693,0.44,0.8738664468260513,0,normal_idle
48,6,0.0009749439407234085,0.2,0.3103448275862069,0.07142857142857142,0.0,0.0,0.7692307692307693,0.48,0.8573784006595221,0,normal_idle
48,7,0.001949887881446817,0.06659999999999996,0.3534482758620689,0.10714285714285712,0.0,0.0,0.8461538461538461,0.52,0.8573784006595221,0,normal_idle
48,8,0.0007799551525787268,0.06659999999999996,0.05172413793103447,0.021428571428571425,0.0,0.0,0.8461538461538461,0.48,0.8573784006595221,0,normal_idle
48,9,0.0003899775762893634,0.13319999999999993,0.24137931034482754,0.07142857142857142,0.0,0.0,0.8461538461538461,0.48,0.8573784006595221,0,normal_idle
49,0,0.0003899775762893634,0.13319999999999993,0.2241379310344827,0.07857142857142856,0.13043478260869565,0.13043478260869565,0.8461538461538461,0.44,0.9563066776586976,0,normal_idle
49,1,0.0001949887881446817,0.26659999999999995,0.3017241379310345,0.0857142857142857,0.0,0.0,0.8461538461538461,0.48,0.9398186314921684,0,normal_idle
49,2,0.0,0.2,0.3362068965517241,0.03571428571428571,0.0,0.0,0.8461538461538461,0.48,0.9233305853256389,0,normal_idle
49,3,0.0,0.2,0.34482758620689646,0.007142857142857143,0.0,0.0,0.8461538461538461,0.48,0.9068425391591097,0,normal_idle
49,4,0.003022326216242566,0.26659999999999995,0.28448275862068967,0.05714285714285714,0.08695652173913043,0.08695652173913043,0.7692307692307693,0.44,0.8738664468260513,0,normal_idle
49,5,0.0009749439407234085,0.2,0.3103448275862069,0.07142857142857142,0.0,0.0,0.7692307692307693,0.48,0.8573784006595221,0,normal_idle
49,6,0.001949887881446817,0.06659999999999996,0.3534482758620689,0.10714285714285712,0.0,0.0,0.8461538461538461,0.52,0.8573784006595221,0,normal_idle
49,7,0.0007799551525787268,0.06659999999999996,0.05172413793103447,0.021428571428571425,0.0,0.0,0.8461538461538461,0.48,0.8573784006595221,0,normal_idle
49,8,0.0003899775762893634,0.13319999999999993,0.24137931034482754,0.07142857142857142,0.0,0.0,0.8461538461538461,0.48,0.8573784006595221,0,normal_idle
49,9,0.00048747197036170425,0.2,0.10344827586206894,0.049999999999999996,0.0,0.0,0.9230769230769231,0.52,0.8903544929925805,0,normal_idle
50,0,0.0001949887881446817,0.26659999999999995,0.3017241379310345,0.0857142857142857,0.0,0.0,0.8461538461538461,0.48,0.9398186314921684,0,normal_idle
50,1,0.0,0.2,0.3362068965517241,0.03571428571428571,0.0,0.0,0.8461538461538461,0.48,0.9233305853256389,0,normal_idle
50,2,0.0,0.2,0.34482758620689646,0.007142857142857143,0.0,0.0,0.8461538461538461,0.48,0.9068425391591097,0,normal_idle
50,3,0.003022326216242566,0.26659999999999995,0.28448275862068967,0.05714285714285714,0.08695652173913043,0.08695652173913043,0.7692307692307693,0.44,0.8738664468260513,0,normal_idle
50,4,0.0009749439407234085,0.2,0.3103448275862069,0.07142857142857142,0.0,0.0,0.7692307692307693,0.48,0.8573784006595221,0,normal_idle
50,5,0.001949887881446817,0.06659999999999996,0.3534482758620689,0.10714285714285712,0.0,0.0,0.8461538461538461,0.52,0.8573784006595221,0,normal_idle
50,6,0.0007799551525787268,0.06659999999999996,0.05172413793103447,0.021428571428571425,0.0,0.0,0.8461538461538461,0.48,0.8573784006595221,0,normal_idle
50,7,0.0003899775762893634,0.13319999999999993,0.24137931034482754,0.07142857142857142,0.0,0.0,0.8461538461538461,0.48,0.8573784006595221,0,normal_idle
50,8,0.00048747197036170425,0.2,0.10344827586206894,0.049999999999999996,0.0,0.0,0.9230769230769231,0.52,0.8903544929925805,0,normal_idle
50,9,0.00048747197036170425,0.06659999999999996,0.24137931034482754,0.07857142857142856,0.0,0.0,0.9230769230769231,0.48,0.9233305853256389,0,normal_idle
51,0,0.0,0.2,0.3362068965517241,0.03571428571428571,0.0,0.0,0.8461538461538461,0.48,0.9233305853256389,0,normal_idle
51,1,0.0,0.2,0.34482758620689646,0.007142857142857143,0.0,0.0,0.8461538461538461,0.48,0.9068425391591097,0,normal_idle
51,2,0.003022326216242566,0.26659999999999995,0.28448275862068967,0.05714285714285714,0.08695652173913043,0.08695652173913043,0.7692307692307693,0.44,0.8738664468260513,0,normal_idle
51,3,0.0009749439407234085,0.2,0.3103448275862069,0.07142857142857142,0.0,0.0,0.7692307692307693,0.48,0.8573784006595221,0,normal_idle
51,4,0.001949887881446817,0.06659999999999996,0.3534482758620689,0.10714285714285712,0.0,0.0,0.8461538461538461,0.52,0.8573784006595221,0,normal_idle
51,5,0.0007799551525787268,0.06659999999999996,0.05172413793103447,0.021428571428571425,0.0,0.0,0.8461538461538461,0.48,0.8573784006595221,0,normal_idle
51,6,0.0003899775762893634,0.13319999999999993,0.24137931034482754,0.07142857142857142,0.0,0.0,0.8461538461538461,0.48,0.8573784006595221,0,normal_idle
51,7,0.00048747197036170425,0.2,0.10344827586206894,0.049999999999999996,0.0,0.0,0.9230769230769231,0.52,0.8903544929925805,0,normal_idle
51,8,0.00048747197036170425,0.06659999999999996,0.24137931034482754,0.07857142857142856,0.0,0.0,0.9230769230769231,0.48,0.9233305853256389,0,normal_idle
51,9,0.0,0.13319999999999993,0.3362068965517241,0.09999999999999999,0.043478260869565216,0.043478260869565216,0.9230769230769231,0.48,0.9398186314921684,0,normal_idle
52,0,0.0,0.2,0.34482758620689646,0.007142857142857143,0.0,0.0,0.8461538461538461,0.48,0.9068425391591097,0,normal_idle
52,1,0.003022326216242566,0.26659999999999995,0.28448275862068967,0.05714285714285714,0.08695652173913043,0.08695652173913043,0.7692307692307693,0.44,0.8738664468260513,0,normal_idle
52,2,0.0009749439407234085,0.2,0.3103448275862069,0.07142857142857142,0.0,0.0,0.7692307692307693,0.48,0.8573784006595221,0,normal_idle
52,3,0.001949887881446817,0.06659999999999996,0.3534482758620689,0.10714285714285712,0.0,0.0,0.8461538461538461,0.52,0.8573784006595221,0,normal_idle
52,4,0.0007799551525787268,0.06659999999999996,0.05172413793103447,0.021428571428571425,0.0,0.0,0.8461538461538461,0.48,0.8573784006595221,0,normal_idle
52,5,0.0003899775762893634,0.13319999999999993,0.24137931034482754,0.07142857142857142,0.0,0.0,0.8461538461538461,0.48,0.8573784006595221,0,normal_idle
52,6,0.00048747197036170425,0.2,0.10344827586206894,0.049999999999999996,0.0,0.0,0.9230769230769231,0.52,0.8903544929925805,0,normal_idle
52,7,0.00048747197036170425,0.06659999999999996,0.24137931034482754,0.07857142857142856,0.0,0.0,0.9230769230769231,0.48,0.9233305853256389,0,normal_idle
52,8,0.0,0.13319999999999993,0.3362068965517241,0.09999999999999999,0.043478260869565216,0.043478260869565216,0.9230769230769231,0.48,0.9398186314921684,0,normal_idle
52,9,0.0,0.2,0.3017241379310345,0.0857142857142857,0.0,0.0,0.9230769230769231,0.48,0.9563066776586976,0,normal_idle
53,0,0.003022326216242566,0.26659999999999995,0.28448275862068967,0.05714285714285714,0.08695652173913043,0.08695652173913043,0.7692307692307693,0.44,0.8738664468260513,0,normal_idle
53,1,0.0009749439407234085,0.2,0.3103448275862069,0.07142857142857142,0.0,0.0,0.7692307692307693,0.48,0.8573784006595221,0,normal_idle
53,2,0.001949887881446817,0.06659999999999996,0.3534482758620689,0.10714285714285712,0.0,0.0,0.8461538461538461,0.52,0.8573784006595221,0,normal_idle
53,3,0.0007799551525787268,0.06659999999999996,0.05172413793103447,0.021428571428571425,0.0,0.0,0.8461538461538461,0.48,0.8573784006595221,0,normal_idle
53,4,0.0003899775762893634,0.13319999999999993,0.24137931034482754,0.07142857142857142,0.0,0.0,0.8461538461538461,0.48,0.8573784006595221,0,normal_idle
53,5,0.00048747197036170425,0.2,0.10344827586206894,0.049999999999999996,0.0,0.0,0.9230769230769231,0.52,0.8903544929925805,0,normal_idle
53,6,0.00048747197036170425,0.06659999999999996,0.24137931034482754,0.07857142857142856,0.0,0.0,0.9230769230769231,0.48,0.9233305853256389,0,normal_idle
53,7,0.0,0.13319999999999993,0.3362068965517241,0.09999999999999999,0.043478260869565216,0.043478260869565216,0.9230769230769231,0.48,0.9398186314921684,0,normal_idle
53,8,0.0,0.2,0.3017241379310345,0.0857142857142857,0.0,0.0,0.9230769230769231,0.48,0.9563066776586976,0,normal_idle
53,9,0.0009749439407234085,0.13319999999999993,0.28448275862068967,0.07142857142857142,0.0,0.0,0.9230769230769231,0.48,0.9727947238252268,0,normal_idle
54,0,0.0009749439407234085,0.2,0.3103448275862069,0.07142857142857142,0.0,0.0,0.7692307692307693,0.48,0.8573784006595221,0,normal_idle
54,1,0.001949887881446817,0.06659999999999996,0.3534482758620689,0.10714285714285712,0.0,0.0,0.8461538461538461,0.52,0.8573784006595221,0,normal_idle
54,2,0.0007799551525787268,0.06659999999999996,0.05172413793103447,0.021428571428571425,0.0,0.0,0.8461538461538461,0.48,0.8573784006595221,0,normal_idle
54,3,0.0003899775762893634,0.13319999999999993,0.24137931034482754,0.07142857142857142,0.0,0.0,0.8461538461538461,0.48,0.8573784006595221,0,normal_idle
54,4,0.00048747197036170425,0.2,0.10344827586206894,0.049999999999999996,0.0,0.0,0.9230769230769231,0.52,0.8903544929925805,0,normal_idle
54,5,0.00048747197036170425,0.06659999999999996,0.24137931034482754,0.07857142857142856,0.0,0.0,0.9230769230769231,0.48,0.9233305853256389,0,normal_idle
54,6,0.0,0.13319999999999993,0.3362068965517241,0.09999999999999999,0.043478260869565216,0.043478260869565216,0.9230769230769231,0.48,0.9398186314921684,0,normal_idle
54,7,0.0,0.2,0.3017241379310345,0.0857142857142857,0.0,0.0,0.9230769230769231,0.48,0.9563066776586976,0,normal_idle
54,8,0.0009749439407234085,0.13319999999999993,0.28448275862068967,0.07142857142857142,0.0,0.0,0.9230769230769231,0.48,0.9727947238252268,0,normal_idle
54,9,0.0003899775762893634,0.2,0.3017241379310345,0.0857142857142857,0.13043478260869565,0.13043478260869565,0.9230769230769231,0.48,0.9727947238252268,0,normal_idle
55,0,0.0003899775762893634,0.13319999999999993,0.24137931034482754,0.07142857142857142,0.0,0.0,0.8461538461538461,0.48,0.8573784006595221,0,normal_idle
55,1,0.00048747197036170425,0.2,0.10344827586206894,0.049999999999999996,0.0,0.0,0.9230769230769231,0.52,0.8903544929925805,0,normal_idle
55,2,0.00048747197036170425,0.06659999999999996,0.24137931034482754,0.07857142857142856,0.0,0.0,0.9230769230769231,0.48,0.9233305853256389,0,normal_idle
55,3,0.0,0.13319999999999993,0.3362068965517241,0.09999999999999999,0.043478260869565216,0.043478260869565216,0.9230769230769231,0.48,0.9398186314921684,0,normal_idle
55,4,0.0,0.2,0.3017241379310345,0.0857142857142857,0.0,0.0,0.9230769230769231,0.48,0.9563066776586976,0,normal_idle
55,5,0.0009749439407234085,0.13319999999999993,0.28448275862068967,0.07142857142857142,0.0,0.0,0.9230769230769231,0.48,0.9727947238252268,0,normal_idle
55,6,0.0003899775762893634,0.2,0.3017241379310345,0.0857142857142857,0.13043478260869565,0.13043478260869565,0.9230769230769231,0.48,0.9727947238252268,0,normal_idle
55,7,0.0,0.13319999999999993,0.3017241379310345,0.07857142857142856,0.0,0.0,0.9230769230769231,0.48,0.9727947238252268,0,normal_idle
55,8,0.0008774495466510676,0.06659999999999996,0.05172413793103447,0.014285714285714285,0.0,0.0,0.9230769230769231,0.48,0.9727947238252268,0,normal_idle
55,9,0.003997270156965975,0.13319999999999993,0.24137931034482754,0.10714285714285712,0.0,0.0,0.7692307692307693,0.4,0.9398186314921684,0,normal_idle
56,0,0.00048747197036170425,0.2,0.10344827586206894,0.049999999999999996,0.0,0.0,0.9230769230769231,0.52,0.8903544929925805,0,normal_idle
56,1,0.00048747197036170425,0.06659999999999996,0.24137931034482754,0.07857142857142856,0.0,0.0,0.9230769230769231,0.48,0.9233305853256389,0,normal_idle
56,2,0.0,0.13319999999999993,0.3362068965517241,0.09999999999999999,0.043478260869565216,0.043478260869565216,0.9230769230769231,0.48,0.9398186314921684,0,normal_idle
56,3,0.0,0.2,0.3017241379310345,0.0857142857142857,0.0,0.0,0.9230769230769231,0.48,0.9563066776586976,0,normal_idle
56,4,0.0009749439407234085,0.13319999999999993,0.28448275862068967,0.07142857142857142,0.0,0.0,0.9230769230769231,0.48,0.9727947238252268,0,normal_idle
56,5,0.0003899775762893634,0.2,0.3017241379310345,0.0857142857142857,0.13043478260869565,0.13043478260869565,0.9230769230769231,0.48,0.9727947238252268,0,normal_idle
56,6,0.0,0.13319999999999993,0.3017241379310345,0.07857142857142856,0.0,0.0,0.9230769230769231,0.48,0.9727947238252268,0,normal_idle
56,7,0.0008774495466510676,0.06659999999999996,0.05172413793103447,0.014285714285714285,0.0,0.0,0.9230769230769231,0.48,0.9727947238252268,0,normal_idle
56,8,0.003997270156965975,0.13319999999999993,0.24137931034482754,0.10714285714285712,0.0,0.0,0.7692307692307693,0.4,0.9398186314921684,0,normal_idle
56,9,0.000682460758506386,0.2,0.2931034482758621,0.06428571428571428,0.0,0.0,0.6923076923076923,0.44,0.8903544929925805,0,normal_idle
57,0,0.0,0.13319999999999993,0.3362068965517241,0.09999999999999999,0.043478260869565216,0.043478260869565216,0.9230769230769231,0.48,0.9398186314921684,0,normal_idle
57,1,0.0,0.2,0.3017241379310345,0.0857142857142857,0.0,0.0,0.9230769230769231,0.48,0.9563066776586976,0,normal_idle
57,2,0.0009749439407234085,0.13319999999999993,0.28448275862068967,0.07142857142857142,0.0,0.0,0.9230769230769231,0.48,0.9727947238252268,0,normal_idle
57,3,0.0003899775762893634,0.2,0.3017241379310345,0.0857142857142857,0.13043478260869565,0.13043478260869565,0.9230769230769231,0.48,0.9727947238252268,0,normal_idle
57,4,0.0,0.13319999999999993,0.3017241379310345,0.07857142857142856,0.0,0.0,0.9230769230769231,0.48,0.9727947238252268,0,normal_idle
57,5,0.0008774495466510676,0.06659999999999996,0.05172413793103447,0.014285714285714285,0.0,0.0,0.9230769230769231,0.48,0.9727947238252268,0,normal_idle
57,6,0.003997270156965975,0.13319999999999993,0.24137931034482754,0.10714285714285712,0.0,0.0,0.7692307692307693,0.4,0.9398186314921684,0,normal_idle
57,7,0.000682460758506386,0.2,0.2931034482758621,0.06428571428571428,0.0,0.0,0.6923076923076923,0.44,0.8903544929925805,0,normal_idle
57,8,0.0021448766695914986,0.2,0.27586206896551724,0.05714285714285714,0.0,0.0,0.46153846153846156,0.36,0.791426215993405,0,normal_idle
57,9,0.00048747197036170425,0.2,0.37068965517241376,0.049999999999999996,0.0,0.0,0.38461538461538464,0.44,0.6760098928277,0,normal_idle
58,0,0.0,0.2,0.3017241379310345,0.0857142857142857,0.0,0.0,0.9230769230769231,0.48,0.9563066776586976,0,normal_idle
58,1,0.0009749439407234085,0.13319999999999993,0.28448275862068967,0.07142857142857142,0.0,0.0,0.9230769230769231,0.48,0.9727947238252268,0,normal_idle
58,2,0.0003899775762893634,0.2,0.3017241379310345,0.0857142857142857,0.13043478260869565,0.13043478260869565,0.9230769230769231,0.48,0.9727947238252268,0,normal_idle
58,3,0.0,0.13319999999999993,0.3017241379310345,0.07857142857142856,0.0,0.0,0.9230769230769231,0.48,0.9727947238252268,0,normal_idle
58,4,0.0008774495466510676,0.06659999999999996,0.05172413793103447,0.014285714285714285,0.0,0.0,0.9230769230769231,0.48,0.9727947238252268,0,normal_idle
58,5,0.003997270156965975,0.13319999999999993,0.24137931034482754,0.10714285714285712,0.0,0.0,0.7692307692307693,0.4,0.9398186314921684,0,normal_idle
58,6,0.000682460758506386,0.2,0.2931034482758621,0.06428571428571428,0.0,0.0,0.6923076923076923,0.44,0.8903544929925805,0,normal_idle
58,7,0.0021448766695914986,0.2,0.27586206896551724,0.05714285714285714,0.0,0.0,0.46153846153846156,0.36,0.791426215993405,0,normal_idle
58,8,0.00048747197036170425,0.2,0.37068965517241376,0.049999999999999996,0.0,0.0,0.38461538461538464,0.44,0.6760098928277,0,normal_idle
58,9,0.0003899775762893634,0.26659999999999995,0.31896551724137934,0.021428571428571425,0.13043478260869565,0.13043478260869565,0.3076923076923077,0.44,0.5441055234954659,0,normal_idle
59,0,0.0003899775762893634,0.2,0.3017241379310345,0.0857142857142857,0.13043478260869565,0.13043478260869565,0.9230769230769231,0.48,0.9727947238252268,0,normal_idle
59,1,0.0,0.13319999999999993,0.3017241379310345,0.07857142857142856,0.0,0.0,0.9230769230769231,0.48,0.9727947238252268,0,normal_idle
59,2,0.0008774495466510676,0.06659999999999996,0.05172413793103447,0.014285714285714285,0.0,0.0,0.9230769230769231,0.48,0.9727947238252268,0,normal_idle
59,3,0.003997270156965975,0.13319999999999993,0.24137931034482754,0.10714285714285712,0.0,0.0,0.7692307692307693,0.4,0.9398186314921684,0,normal_idle
59,4,0.000682460758506386,0.2,0.2931034482758621,0.06428571428571428,0.0,0.0,0.6923076923076923,0.44,0.8903544929925805,0,normal_idle
59,5,0.0021448766695914986,0.2,0.27586206896551724,0.05714285714285714,0.0,0.0,0.46153846153846156,0.36,0.791426215993405,0,normal_idle
59,6,0.00048747197036170425,0.2,0.37068965517241376,0.049999999999999996,0.0,0.0,0.38461538461538464,0.44,0.6760098928277,0,normal_idle
59,7,0.0003899775762893634,0.26659999999999995,0.31896551724137934,0.021428571428571425,0.13043478260869565,0.13043478260869565,0.3076923076923077,0.44,0.5441055234954659,0,normal_idle
59,8,0.0009749439407234085,0.26659999999999995,0.3620689655172413,0.0857142857142857,0.0,0.0,0.15384615384615385,0.4,0.41220115416323166,0,normal_idle
59,9,0.0,0.2,0.37068965517241376,0.04285714285714285,0.0,0.0,0.15384615384615385,0.48,0.29678483099752695,0,normal_idle
60,0,0.0008774495466510676,0.06659999999999996,0.05172413793103447,0.014285714285714285,0.0,0.0,0.9230769230769231,0.48,0.9727947238252268,0,normal_idle
60,1,0.003997270156965975,0.13319999999999993,0.24137931034482754,0.10714285714285712,0.0,0.0,0.7692307692307693,0.4,0.9398186314921684,0,normal_idle
60,2,0.000682460758506386,0.2,0.2931034482758621,0.06428571428571428,0.0,0.0,0.6923076923076923,0.44,0.8903544929925805,0,normal_idle
60,3,0.0021448766695914986,0.2,0.27586206896551724,0.05714285714285714,0.0,0.0,0.46153846153846156,0.36,0.791426215993405,0,normal_idle
60,4,0.00048747197036170425,0.2,0.37068965517241376,0.049999999999999996,0.0,0.0,0.38461538461538464,0.44,0.6760098928277,0,normal_idle
60,5,0.0003899775762893634,0.26659999999999995,0.31896551724137934,0.021428571428571425,0.13043478260869565,0.13043478260869565,0.3076923076923077,0.44,0.5441055234954659,0,normal_idle
60,6,0.0009749439407234085,0.26659999999999995,0.3620689655172413,0.0857142857142857,0.0,0.0,0.15384615384615385,0.4,0.41220115416323166,0,normal_idle
60,7,0.0,0.2,0.37068965517241376,0.04285714285714285,0.0,0.0,0.15384615384615385,0.48,0.29678483099752695,0,normal_idle
60,8,0.0008774495466510676,0.06659999999999996,0.2672413793103448,0.05714285714285714,0.0,0.0,0.07692307692307693,0.44,0.2143446001648806,0,normal_idle
60,9,0.0,0.13319999999999993,0.3103448275862069,0.02857142857142857,0.0,0.0,0.07692307692307693,0.48,0.14839241549876347,0,normal_idle
61,0,0.003997270156965975,0.13319999999999993,0.24137931034482754,0.10714285714285712,0.0,0.0,0.7692307692307693,0.4,0.9398186314921684,0,normal_idle
61,1,0.000682460758506386,0.2,0.2931034482758621,0.06428571428571428,0.0,0.0,0.6923076923076923,0.44,0.8903544929925805,0,normal_idle
61,2,0.0021448766695914986,0.2,0.27586206896551724,0.05714285714285714,0.0,0.0,0.46153846153846156,0.36,0.791426215993405,0,normal_idle
61,3,0.00048747197036170425,0.2,0.37068965517241376,0.049999999999999996,0.0,0.0,0.38461538461538464,0.44,0.6760098928277,0,normal_idle
61,4,0.0003899775762893634,0.26659999999999995,0.31896551724137934,0.021428571428571425,0.13043478260869565,0.13043478260869565,0.3076923076923077,0.44,0.5441055234954659,0,normal_idle
61,5,0.0009749439407234085,0.26659999999999995,0.3620689655172413,0.0857142857142857,0.0,0.0,0.15384615384615385,0.4,0.41220115416323166,0,normal_idle
61,6,0.0,0.2,0.37068965517241376,0.04285714285714285,0.0,0.0,0.15384615384615385,0.48,0.29678483099752695,0,normal_idle
61,7,0.0008774495466510676,0.06659999999999996,0.2672413793103448,0.05714285714285714,0.0,0.0,0.07692307692307693,0.44,0.2143446001648806,0,normal_idle
61,8,0.0,0.13319999999999993,0.3103448275862069,0.02857142857142857,0.0,0.0,0.07692307692307693,0.48,0.14839241549876347,0,normal_idle
61,9,0.00048747197036170425,0.06659999999999996,0.3534482758620689,0.049999999999999996,0.0,0.0,0.07692307692307693,0.48,0.09892827699917554,0,normal_idle
62,0,0.000682460758506386,0.2,0.2931034482758621,0.06428571428571428,0.0,0.0,0.6923076923076923,0.44,0.8903544929925805,0,normal_idle
62,1,0.0021448766695914986,0.2,0.27586206896551724,0.05714285714285714,0.0,0.0,0.46153846153846156,0.36,0.791426215993405,0,normal_idle
62,2,0.00048747197036170425,0.2,0.37068965517241376,0.049999999999999996,0.0,0.0,0.38461538461538464,0.44,0.6760098928277,0,normal_idle
62,3,0.0003899775762893634,0.26659999999999995,0.31896551724137934,0.021428571428571425,0.13043478260869565,0.13043478260869565,0.3076923076923077,0.44,0.5441055234954659,0,normal_idle
62,4,0.0009749439407234085,0.26659999999999995,0.3620689655172413,0.0857142857142857,0.0,0.0,0.15384615384615385,0.4,0.41220115416323166,0,normal_idle
62,5,0.0,0.2,0.37068965517241376,0.04285714285714285,0.0,0.0,0.15384615384615385,0.48,0.29678483099752695,0,normal_idle
62,6,0.0008774495466510676,0.06659999999999996,0.2672413793103448,0.05714285714285714,0.0,0.0,0.07692307692307693,0.44,0.2143446001648806,0,normal_idle
62,7,0.0,0.13319999999999993,0.3103448275862069,0.02857142857142857,0.0,0.0,0.07692307692307693,0.48,0.14839241549876347,0,normal_idle
62,8,0.00048747197036170425,0.06659999999999996,0.3534482758620689,0.049999999999999996,0.0,0.0,0.07692307692307693,0.48,0.09892827699917554,0,normal_idle
62,9,9.749439407234085e-05,0.13319999999999993,0.37068965517241376,0.02857142857142857,0.0,0.0,0.07692307692307693,0.48,0.08244023083264634,0,normal_idle
63,0,0.0021448766695914986,0.2,0.27586206896551724,0.05714285714285714,0.0,0.0,0.46153846153846156,0.36,0.791426215993405,0,normal_idle
63,1,0.00048747197036170425,0.2,0.37068965517241376,0.049999999999999996,0.0,0.0,0.38461538461538464,0.44,0.6760098928277,0,normal_idle
63,2,0.0003899775762893634,0.26659999999999995,0.31896551724137934,0.021428571428571425,0.13043478260869565,0.13043478260869565,0.3076923076923077,0.44,0.5441055234954659,0,normal_idle
63,3,0.0009749439407234085,0.26659999999999995,0.3620689655172413,0.0857142857142857,0.0,0.0,0.15384615384615385,0.4,0.41220115416323166,0,normal_idle
63,4,0.0,0.2,0.37068965517241376,0.04285714285714285,0.0,0.0,0.15384615384615385,0.48,0.29678483099752695,0,normal_idle
63,5,0.0008774495466510676,0.06659999999999996,0.2672413793103448,0.05714285714285714,0.0,0.0,0.07692307692307693,0.44,0.2143446001648806,0,normal_idle
63,6,0.0,0.13319999999999993,0.3103448275862069,0.02857142857142857,0.0,0.0,0.07692307692307693,0.48,0.14839241549876347,0,normal_idle
63,7,0.00048747197036170425,0.06659999999999996,0.3534482758620689,0.049999999999999996,0.0,0.0,0.07692307692307693,0.48,0.09892827699917554,0,normal_idle
63,8,9.749439407234085e-05,0.13319999999999993,0.37068965517241376,0.02857142857142857,0.0,0.0,0.07692307692307693,0.48,0.08244023083264634,0,normal_idle
63,9,0.0,0.06659999999999996,0.27586206896551724,0.07142857142857142,0.0,0.0,0.07692307692307693,0.48,0.06595218466611713,0,normal_idle
64,0,0.00048747197036170425,0.2,0.37068965517241376,0.049999999999999996,0.0,0.0,0.38461538461538464,0.44,0.6760098928277,0,normal_idle
64,1,0.0003899775762893634,0.26659999999999995,0.31896551724137934,0.021428571428571425,0.13043478260869565,0.13043478260869565,0.3076923076923077,0.44,0.5441055234954659,0,normal_idle
64,2,0.0009749439407234085,0.26659999999999995,0.3620689655172413,0.0857142857142857,0.0,0.0,0.15384615384615385,0.4,0.41220115416323166,0,normal_idle
64,3,0.0,0.2,0.37068965517241376,0.04285714285714285,0.0,0.0,0.15384615384615385,0.48,0.29678483099752695,0,normal_idle
64,4,0.0008774495466510676,0.06659999999999996,0.2672413793103448,0.05714285714285714,0.0,0.0,0.07692307692307693,0.44,0.2143446001648806,0,normal_idle
64,5,0.0,0.13319999999999993,0.3103448275862069,0.02857142857142857,0.0,0.0,0.07692307692307693,0.48,0.14839241549876347,0,normal_idle
64,6,0.00048747197036170425,0.06659999999999996,0.3534482758620689,0.049999999999999996,0.0,0.0,0.07692307692307693,0.48,0.09892827699917554,0,normal_idle
64,7,9.749439407234085e-05,0.13319999999999993,0.37068965517241376,0.02857142857142857,0.0,0.0,0.07692307692307693,0.48,0.08244023083264634,0,normal_idle
64,8,0.0,0.06659999999999996,0.27586206896551724,0.07142857142857142,0.0,0.0,0.07692307692307693,0.48,0.06595218466611713,0,normal_idle
64,9,0.0002924831822170225,0.06659999999999996,0.05172413793103447,0.02857142857142857,0.0,0.0,0.0,0.44,0.04946413849958792,0,normal_idle
65,0,0.0003899775762893634,0.26659999999999995,0.31896551724137934,0.021428571428571425,0.13043478260869565,0.13043478260869565,0.3076923076923077,0.44,0.5441055234954659,0,normal_idle
65,1,0.0009749439407234085,0.26659999999999995,0.3620689655172413,0.0857142857142857,0.0,0.0,0.15384615384615385,0.4,0.41220115416323166,0,normal_idle
65,2,0.0,0.2,0.37068965517241376,0.04285714285714285,0.0,0.0,0.15384615384615385,0.48,0.29678483099752695,0,normal_idle
65,3,0.0008774495466510676,0.06659999999999996,0.2672413793103448,0.05714285714285714,0.0,0.0,0.07692307692307693,0.44,0.2143446001648806,0,normal_idle
65,4,0.0,0.13319999999999993,0.3103448275862069,0.02857142857142857,0.0,0.0,0.07692307692307693,0.48,0.14839241549876347,0,normal_idle
65,5,0.00048747197036170425,0.06659999999999996,0.3534482758620689,0.049999999999999996,0.0,0.0,0.07692307692307693,0.48,0.09892827699917554,0,normal_idle
65,6,9.749439407234085e-05,0.13319999999999993,0.37068965517241376,0.02857142857142857,0.0,0.0,0.07692307692307693,0.48,0.08244023083264634,0,normal_idle
65,7,0.0,0.06659999999999996,0.27586206896551724,0.07142857142857142,0.0,0.0,0.07692307692307693,0.48,0.06595218466611713,0,normal_idle
65,8,0.0002924831822170225,0.06659999999999996,0.05172413793103447,0.02857142857142857,0.0,0.0,0.0,0.44,0.04946413849958792,0,normal_idle
65,9,0.0001949887881446817,0.02519999999999996,0.27586206896551724,0.11428571428571428,0.0,0.0,0.0,0.48,0.03297609233305871,0,normal_idle
66,0,0.0009749439407234085,0.26659999999999995,0.3620689655172413,0.0857142857142857,0.0,0.0,0.15384615384615385,0.4,0.41220115416323166,0,normal_idle
66,1,0.0,0.2,0.37068965517241376,0.04285714285714285,0.0,0.0,0.15384615384615385,0.48,0.29678483099752695,0,normal_idle
66,2,0.0008774495466510676,0.06659999999999996,0.2672413793103448,0.05714285714285714,0.0,0.0,0.07692307692307693,0.44,0.2143446001648806,0,normal_idle
66,3,0.0,0.13319999999999993,0.3103448275862069,0.02857142857142857,0.0,0.0,0.07692307692307693,0.48,0.14839241549876347,0,normal_idle
66,4,0.00048747197036170425,0.06659999999999996,0.3534482758620689,0.049999999999999996,0.0,0.0,0.07692307692307693,0.48,0.09892827699917554,0,normal_idle
66,5,9.749439407234085e-05,0.13319999999999993,0.37068965517241376,0.02857142857142857,0.0,0.0,0.07692307692307693,0.48,0.08244023083264634,0,normal_idle
66,6,0.0,0.06659999999999996,0.27586206896551724,0.07142857142857142,0.0,0.0,0.07692307692307693,0.48,0.06595218466611713,0,normal_idle
66,7,0.0002924831822170225,0.06659999999999996,0.05172413793103447,0.02857142857142857,0.0,0.0,0.0,0.44,0.04946413849958792,0,normal_idle
66,8,0.0001949887881446817,0.02519999999999996,0.27586206896551724,0.11428571428571428,0.0,0.0,0.0,0.48,0.03297609233305871,0,normal_idle
66,9,9.749439407234085e-05,0.07920000000000002,0.28448275862068967,0.0857142857142857,0.0,0.0,0.0,0.48,0.01648804616652921,0,normal_idle
67,0,0.0,0.2,0.37068965517241376,0.04285714285714285,0.0,0.0,0.15384615384615385,0.48,0.29678483099752695,0,normal_idle
67,1,0.0008774495466510676,0.06659999999999996,0.2672413793103448,0.05714285714285714,0.0,0.0,0.07692307692307693,0.44,0.2143446001648806,0,normal_idle
67,2,0.0,0.13319999999999993,0.3103448275862069,0.02857142857142857,0.0,0.0,0.07692307692307693,0.48,0.14839241549876347,0,normal_idle
67,3,0.00048747197036170425,0.06659999999999996,0.3534482758620689,0.049999999999999996,0.0,0.0,0.07692307692307693,0.48,0.09892827699917554,0,normal_idle
67,4,9.749439407234085e-05,0.13319999999999993,0.37068965517241376,0.02857142857142857,0.0,0.0,0.07692307692307693,0.48,0.08244023083264634,0,normal_idle
67,5,0.0,0.06659999999999996,0.27586206896551724,0.07142857142857142,0.0,0.0,0.07692307692307693,0.48,0.06595218466611713,0,normal_idle
67,6,0.0002924831822170225,0.06659999999999996,0.05172413793103447,0.02857142857142857,0.0,0.0,0.0,0.44,0.04946413849958792,0,normal_idle
67,7,0.0001949887881446817,0.02519999999999996,0.27586206896551724,0.11428571428571428,0.0,0.0,0.0,0.48,0.03297609233305871,0,normal_idle
67,8,9.749439407234085e-05,0.07920000000000002,0.28448275862068967,0.0857142857142857,0.0,0.0,0.0,0.48,0.01648804616652921,0,normal_idle
67,9,0.0,0.13319999999999993,0.3620689655172413,0.02857142857142857,0.0,0.0,0.0,0.48,0.0,0,normal_idle
68,0,0.0008774495466510676,0.06659999999999996,0.2672413793103448,0.05714285714285714,0.0,0.0,0.07692307692307693,0.44,0.2143446001648806,0,normal_idle
68,1,0.0,0.13319999999999993,0.3103448275862069,0.02857142857142857,0.0,0.0,0.07692307692307693,0.48,0.14839241549876347,0,normal_idle
68,2,0.00048747197036170425,0.06659999999999996,0.3534482758620689,0.049999999999999996,0.0,0.0,0.07692307692307693,0.48,0.09892827699917554,0,normal_idle
68,3,9.749439407234085e-05,0.13319999999999993,0.37068965517241376,0.02857142857142857,0.0,0.0,0.07692307692307693,0.48,0.08244023083264634,0,normal_idle
68,4,0.0,0.06659999999999996,0.27586206896551724,0.07142857142857142,0.0,0.0,0.07692307692307693,0.48,0.06595218466611713,0,normal_idle
68,5,0.0002924831822170225,0.06659999999999996,0.05172413793103447,0.02857142857142857,0.0,0.0,0.0,0.44,0.04946413849958792,0,normal_idle
68,6,0.0001949887881446817,0.02519999999999996,0.27586206896551724,0.11428571428571428,0.0,0.0,0.0,0.48,0.03297609233305871,0,normal_idle
68,7,9.749439407234085e-05,0.07920000000000002,0.28448275862068967,0.0857142857142857,0.0,0.0,0.0,0.48,0.01648804616652921,0,normal_idle
68,8,0.0,0.13319999999999993,0.3620689655172413,0.02857142857142857,0.0,0.0,0.0,0.48,0.0,0,normal_idle
68,9,0.00048747197036170425,0.13319999999999993,0.24999999999999997,0.04285714285714285,0.0,0.0,0.07692307692307693,0.52,0.0,0,normal_idle
69,0,0.0010724383347957493,0.0,0.3017241379310345,0.11428571428571428,0.0,0.0,0.15384615384615385,0.48,0.14839241549876347,1,low_load
69,1,0.1720776055376816,0.2,0.4051724137931034,0.05714285714285714,0.0,0.0,0.38461538461538464,0.6,0.23083264633140982,1,low_load
69,2,0.24919567124890318,0.26659999999999995,0.28448275862068967,0.07142857142857142,0.0,0.0,0.23076923076923078,0.4,0.23083264633140982,1,low_load
69,3,0.2517305254947841,0.4,0.31896551724137934,0.07857142857142856,0.0,0.0,0.6153846153846154,0.68,0.31327287716405616,1,low_load
69,4,0.24812323291410746,0.37,0.31896551724137934,0.04285714285714285,0.0,0.0,0.5384615384615384,0.44,0.3957131079967025,1,low_load
69,5,0.24714828897338406,0.26659999999999995,0.3793103448275862,0.05714285714285714,0.0,0.0,0.23076923076923078,0.32,0.41220115416323166,1,low_load
69,6,0.25104806473627767,0.2,0.24999999999999997,0.05714285714285714,0.0,0.0,0.0,0.36,0.3297609233305854,1,low_load
69,7,0.2543628741347373,0.2,0.3362068965517241,0.05714285714285714,0.0,0.0,1.0,1.0,0.494641384995878,1,low_load
69,8,0.2494881544311202,0.33319999999999994,0.3103448275862069,0.09285714285714285,0.0,0.0,0.6923076923076923,0.32,0.5111294311624073,1,low_load
69,9,0.2521205030710734,0.33319999999999994,0.3103448275862069,0.07142857142857142,0.0,0.0,0.38461538461538464,0.32,0.4781533388293488,1,low_load
70,0,0.1720776055376816,0.2,0.4051724137931034,0.05714285714285714,0.0,0.0,0.38461538461538464,0.6,0.23083264633140982,1,low_load
70,1,0.24919567124890318,0.26659999999999995,0.28448275862068967,0.07142857142857142,0.0,0.0,0.23076923076923078,0.4,0.23083264633140982,1,low_load
70,2,0.2517305254947841,0.4,0.31896551724137934,0.07857142857142856,0.0,0.0,0.6153846153846154,0.68,0.31327287716405616,1,low_load
70,3,0.24812323291410746,0.37,0.31896551724137934,0.04285714285714285,0.0,0.0,0.5384615384615384,0.44,0.3957131079967025,1,low_load
70,4,0.24714828897338406,0.26659999999999995,0.3793103448275862,0.05714285714285714,0.0,0.0,0.23076923076923078,0.32,0.41220115416323166,1,low_load
70,5,0.25104806473627767,0.2,0.24999999999999997,0.05714285714285714,0.0,0.0,0.0,0.36,0.3297609233305854,1,low_load
70,6,0.2543628741347373,0.2,0.3362068965517241,0.05714285714285714,0.0,0.0,1.0,1.0,0.494641384995878,1,low_load
70,7,0.2494881544311202,0.33319999999999994,0.3103448275862069,0.09285714285714285,0.0,0.0,0.6923076923076923,0.32,0.5111294311624073,1,low_load
70,8,0.2521205030710734,0.33319999999999994,0.3103448275862069,0.07142857142857142,0.0,0.0,0.38461538461538464,0.32,0.4781533388293488,1,low_load
70,9,0.25046309837184366,0.33319999999999994,0.2672413793103448,0.05714285714285714,0.0,0.0,0.8461538461538461,0.72,0.6100577081615831,1,low_load
71,0,0.24919567124890318,0.26659999999999995,0.28448275862068967,0.07142857142857142,0.0,0.0,0.23076923076923078,0.4,0.23083264633140982,1,low_load
71,1,0.2517305254947841,0.4,0.31896551724137934,0.07857142857142856,0.0,0.0,0.6153846153846154,0.68,0.31327287716405616,1,low_load
71,2,0.24812323291410746,0.37,0.31896551724137934,0.04285714285714285,0.0,0.0,0.5384615384615384,0.44,0.3957131079967025,1,low_load
71,3,0.24714828897338406,0.26659999999999995,0.3793103448275862,0.05714285714285714,0.0,0.0,0.23076923076923078,0.32,0.41220115416323166,1,low_load
71,4,0.25104806473627767,0.2,0.24999999999999997,0.05714285714285714,0.0,0.0,0.0,0.36,0.3297609233305854,1,low_load
71,5,0.2543628741347373,0.2,0.3362068965517241,0.05714285714285714,0.0,0.0,1.0,1.0,0.494641384995878,1,low_load
71,6,0.2494881544311202,0.33319999999999994,0.3103448275862069,0.09285714285714285,0.0,0.0,0.6923076923076923,0.32,0.5111294311624073,1,low_load
71,7,0.2521205030710734,0.33319999999999994,0.3103448275862069,0.07142857142857142,0.0,0.0,0.38461538461538464,0.32,0.4781533388293488,1,low_load
71,8,0.25046309837184366,0.33319999999999994,0.2672413793103448,0.05714285714285714,0.0,0.0,0.8461538461538461,0.72,0.6100577081615831,1,low_load
71,9,0.25065808715998833,0.26659999999999995,0.3017241379310345,0.07142857142857142,0.0,0.0,0.46153846153846156,0.28,0.7089859851607586,1,low_load
72,0,0.24812323291410746,0.37,0.31896551724137934,0.04285714285714285,0.0,0.0,0.5384615384615384,0.44,0.3957131079967025,1,low_load
72,1,0.24714828897338406,0.26659999999999995,0.3793103448275862,0.05714285714285714,0.0,0.0,0.23076923076923078,0.32,0.41220115416323166,1,low_load
72,2,0.25104806473627767,0.2,0.24999999999999997,0.05714285714285714,0.0,0.0,0.0,0.36,0.3297609233305854,1,low_load
72,3,0.2543628741347373,0.2,0.3362068965517241,0.05714285714285714,0.0,0.0,1.0,1.0,0.494641384995878,1,low_load
72,4,0.2494881544311202,0.33319999999999994,0.3103448275862069,0.09285714285714285,0.0,0.0,0.6923076923076923,0.32,0.5111294311624073,1,low_load
72,5,0.2521205030710734,0.33319999999999994,0.3103448275862069,0.07142857142857142,0.0,0.0,0.38461538461538464,0.32,0.4781533388293488,1,low_load
72,6,0.25046309837184366,0.33319999999999994,0.2672413793103448,0.05714285714285714,0.0,0.0,0.8461538461538461,0.72,0.6100577081615831,1,low_load
72,7,0.25065808715998833,0.26659999999999995,0.3017241379310345,0.07142857142857142,0.0,0.0,0.46153846153846156,0.28,0.7089859851607586,1,low_load
72,8,0.2472457833674564,0.2,0.24999999999999997,0.05714285714285714,0.0,0.0,0.6923076923076923,0.6,0.6430338004946415,1,low_load
72,9,0.24978063761333727,0.2,0.3620689655172413,0.007142857142857143,0.0,0.0,0.38461538461538464,0.32,0.5770816158285244,1,low_load
73,0,0.24714828897338406,0.26659999999999995,0.3793103448275862,0.05714285714285714,0.0,0.0,0.23076923076923078,0.32,0.41220115416323166,1,low_load
73,1,0.25104806473627767,0.2,0.24999999999999997,0.05714285714285714,0.0,0.0,0.0,0.36,0.3297609233305854,1,low_load
73,2,0.2543628741347373,0.2,0.3362068965517241,0.05714285714285714,0.0,0.0,1.0,1.0,0.494641384995878,1,low_load
73,3,0.2494881544311202,0.33319999999999994,0.3103448275862069,0.09285714285714285,0.0,0.0,0.6923076923076923,0.32,0.5111294311624073,1,low_load
73,4,0.2521205030710734,0.33319999999999994,0.3103448275862069,0.07142857142857142,0.0,0.0,0.38461538461538464,0.32,0.4781533388293488,1,low_load
73,5,0.25046309837184366,0.33319999999999994,0.2672413793103448,0.05714285714285714,0.0,0.0,0.8461538461538461,0.72,0.6100577081615831,1,low_load
73,6,0.25065808715998833,0.26659999999999995,0.3017241379310345,0.07142857142857142,0.0,0.0,0.46153846153846156,0.28,0.7089859851607586,1,low_load
73,7,0.2472457833674564,0.2,0.24999999999999997,0.05714285714285714,0.0,0.0,0.6923076923076923,0.6,0.6430338004946415,1,low_load
73,8,0.24978063761333727,0.2,0.3620689655172413,0.007142857142857143,0.0,0.0,0.38461538461538464,0.32,0.5770816158285244,1,low_load
73,9,0.25192551428292875,0.26659999999999995,0.6206896551724137,0.39285714285714285,0.0,0.0,0.7692307692307693,0.68,0.6595218466611708,1,low_load
74,0,0.25104806473627767,0.2,0.24999999999999997,0.05714285714285714,0.0,0.0,0.0,0.36,0.3297609233305854,1,low_load
74,1,0.2543628741347373,0.2,0.3362068965517241,0.05714285714285714,0.0,0.0,1.0,1.0,0.494641384995878,1,low_load
74,2,0.2494881544311202,0.33319999999999994,0.3103448275862069,0.09285714285714285,0.0,0.0,0.6923076923076923,0.32,0.5111294311624073,1,low_load
74,3,0.2521205030710734,0.33319999999999994,0.3103448275862069,0.07142857142857142,0.0,0.0,0.38461538461538464,0.32,0.4781533388293488,1,low_load
74,4,0.25046309837184366,0.33319999999999994,0.2672413793103448,0.05714285714285714,0.0,0.0,0.8461538461538461,0.72,0.6100577081615831,1,low_load
74,5,0.25065808715998833,0.26659999999999995,0.3017241379310345,0.07142857142857142,0.0,0.0,0.46153846153846156,0.28,0.7089859851607586,1,low_load
74,6,0.2472457833674564,0.2,0.24999999999999997,0.05714285714285714,0.0,0.0,0.6923076923076923,0.6,0.6430338004946415,1,low_load
74,7,0.24978063761333727,0.2,0.3620689655172413,0.007142857142857143,0.0,0.0,0.38461538461538464,0.32,0.5770816158285244,1,low_load
74,8,0.25192551428292875,0.26659999999999995,0.6206896551724137,0.39285714285714285,0.0,0.0,0.7692307692307693,0.68,0.6595218466611708,1,low_load
74,9,0.24978063761333727,0.26659999999999995,0.32758620689655177,0.0857142857142857,0.0,0.0,0.46153846153846156,0.32,0.5770816158285244,1,low_load
75,0,0.2543628741347373,0.2,0.3362068965517241,0.05714285714285714,0.0,0.0,1.0,1.0,0.494641384995878,1,low_load
75,1,0.2494881544311202,0.33319999999999994,0.3103448275862069,0.09285714285714285,0.0,0.0,0.6923076923076923,0.32,0.5111294311624073,1,low_load
75,2,0.2521205030710734,0.33319999999999994,0.3103448275862069,0.07142857142857142,0.0,0.0,0.38461538461538464,0.32,0.4781533388293488,1,low_load
75,3,0.25046309837184366,0.33319999999999994,0.2672413793103448,0.05714285714285714,0.0,0.0,0.8461538461538461,0.72,0.6100577081615831,1,low_load
75,4,0.25065808715998833,0.26659999999999995,0.3017241379310345,0.07142857142857142,0.0,0.0,0.46153846153846156,0.28,0.7089859851607586,1,low_load
75,5,0.2472457833674564,0.2,0.24999999999999997,0.05714285714285714,0.0,0.0,0.6923076923076923,0.6,0.6430338004946415,1,low_load
75,6,0.24978063761333727,0.2,0.3620689655172413,0.007142857142857143,0.0,0.0,0.38461538461538464,0.32,0.5770816158285244,1,low_load
75,7,0.25192551428292875,0.26659999999999995,0.6206896551724137,0.39285714285714285,0.0,0.0,0.7692307692307693,0.68,0.6595218466611708,1,low_load
75,8,0.24978063761333727,0.26659999999999995,0.32758620689655177,0.0857142857142857,0.0,0.0,0.46153846153846156,0.32,0.5770816158285244,1,low_load
75,9,0.24939066003704788,0.33319999999999994,0.3103448275862069,0.06428571428571428,0.0,0.0,0.5384615384615384,0.52,0.5935696619950536,1,low_load
76,0,0.25046309837184366,0.33319999999999994,0.2672413793103448,0.05714285714285714,0.0,0.0,0.8461538461538461,0.72,0.6100577081615831,1,low_load
76,1,0.25065808715998833,0.26659999999999995,0.3017241379310345,0.07142857142857142,0.0,0.0,0.46153846153846156,0.28,0.7089859851607586,1,low_load
76,2,0.2472457833674564,0.2,0.24999999999999997,0.05714285714285714,0.0,0.0,0.6923076923076923,0.6,0.6430338004946415,1,low_load
76,3,0.24978063761333727,0.2,0.3620689655172413,0.007142857142857143,0.0,0.0,0.38461538461538464,0.32,0.5770816158285244,1,low_load
76,4,0.25192551428292875,0.26659999999999995,0.6206896551724137,0.39285714285714285,0.0,0.0,0.7692307692307693,0.68,0.6595218466611708,1,low_load
76,5,0.24978063761333727,0.26659999999999995,0.32758620689655177,0.0857142857142857,0.0,0.0,0.46153846153846156,0.32,0.5770816158285244,1,low_load
76,6,0.24939066003704788,0.33319999999999994,0.3103448275862069,0.06428571428571428,0.0,0.0,0.5384615384615384,0.52,0.5935696619950536,1,low_load
76,7,0.2496831432192649,0.26659999999999995,0.3362068965517241,0.09999999999999999,0.0,0.0,0.46153846153846156,0.44,0.5441055234954659,1,low_load
76,8,0.250853075948133,0.2,0.32758620689655177,0.04285714285714285,0.0,0.0,0.3076923076923077,0.4,0.5276174773289367,1,low_load
76,9,0.25075558155406064,0.2,0.06896551724137931,0.07142857142857142,0.0,0.0,0.23076923076923078,0.44,0.41220115416323166,1,low_load
77,0,0.24978063761333727,0.2,0.3620689655172413,0.007142857142857143,0.0,0.0,0.38461538461538464,0.32,0.5770816158285244,1,low_load
77,1,0.25192551428292875,0.26659999999999995,0.6206896551724137,0.39285714285714285,0.0,0.0,0.7692307692307693,0.68,0.6595218466611708,1,low_load
77,2,0.24978063761333727,0.26659999999999995,0.32758620689655177,0.0857142857142857,0.0,0.0,0.46153846153846156,0.32,0.5770816158285244,1,low_load
77,3,0.24939066003704788,0.33319999999999994,0.3103448275862069,0.06428571428571428,0.0,0.0,0.5384615384615384,0.52,0.5935696619950536,1,low_load
77,4,0.2496831432192649,0.26659999999999995,0.3362068965517241,0.09999999999999999,0.0,0.0,0.46153846153846156,0.44,0.5441055234954659,1,low_load
77,5,0.250853075948133,0.2,0.32758620689655177,0.04285714285714285,0.0,0.0,0.3076923076923077,0.4,0.5276174773289367,1,low_load
77,6,0.25075558155406064,0.2,0.06896551724137931,0.07142857142857142,0.0,0.0,0.23076923076923078,0.44,0.41220115416323166,1,low_load
77,7,0.25065808715998833,0.26659999999999995,0.2586206896551724,0.09999999999999999,0.0,0.0,0.6153846153846154,0.68,0.4451772464962904,1,low_load
77,8,0.24714828897338406,0.2,0.28448275862068967,0.06428571428571428,0.0,0.0,0.46153846153846156,0.4,0.4286892003297609,1,low_load
77,9,0.2526079750414351,0.33319999999999994,0.31896551724137934,0.0857142857142857,0.0,0.0,0.3076923076923077,0.4,0.3957131079967025,1,low_load
78,0,0.25192551428292875,0.26659999999999995,0.6206896551724137,0.39285714285714285,0.0,0.0,0.7692307692307693,0.68,0.6595218466611708,1,low_load
78,1,0.24978063761333727,0.26659999999999995,0.32758620689655177,0.0857142857142857,0.0,0.0,0.46153846153846156,0.32,0.5770816158285244,1,low_load
78,2,0.24939066003704788,0.33319999999999994,0.3103448275862069,0.06428571428571428,0.0,0.0,0.5384615384615384,0.52,0.5935696619950536,1,low_load
78,3,0.2496831432192649,0.26659999999999995,0.3362068965517241,0.09999999999999999,0.0,0.0,0.46153846153846156,0.44,0.5441055234954659,1,low_load
78,4,0.250853075948133,0.2,0.32758620689655177,0.04285714285714285,0.0,0.0,0.3076923076923077,0.4,0.5276174773289367,1,low_load
78,5,0.25075558155406064,0.2,0.06896551724137931,0.07142857142857142,0.0,0.0,0.23076923076923078,0.44,0.41220115416323166,1,low_load
78,6,0.25065808715998833,0.26659999999999995,0.2586206896551724,0.09999999999999999,0.0,0.0,0.6153846153846154,0.68,0.4451772464962904,1,low_load
78,7,0.24714828897338406,0.2,0.28448275862068967,0.06428571428571428,0.0,0.0,0.46153846153846156,0.4,0.4286892003297609,1,low_load
78,8,0.2526079750414351,0.33319999999999994,0.31896551724137934,0.0857142857142857,0.0,0.0,0.3076923076923077,0.4,0.3957131079967025,1,low_load
78,9,0.24900068246075852,0.508,0.3103448275862069,0.05714285714285714,0.0,0.0,0.8461538461538461,0.76,0.5111294311624073,1,low_load
79,0,0.24978063761333727,0.26659999999999995,0.32758620689655177,0.0857142857142857,0.0,0.0,0.46153846153846156,0.32,0.5770816158285244,1,low_load
79,1,0.24939066003704788,0.33319999999999994,0.3103448275862069,0.06428571428571428,0.0,0.0,0.5384615384615384,0.52,0.5935696619950536,1,low_load
79,2,0.2496831432192649,0.26659999999999995,0.3362068965517241,0.09999999999999999,0.0,0.0,0.46153846153846156,0.44,0.5441055234954659,1,low_load
79,3,0.250853075948133,0.2,0.32758620689655177,0.04285714285714285,0.0,0.0,0.3076923076923077,0.4,0.5276174773289367,1,low_load
79,4,0.25075558155406064,0.2,0.06896551724137931,0.07142857142857142,0.0,0.0,0.23076923076923078,0.44,0.41220115416323166,1,low_load
79,5,0.25065808715998833,0.26659999999999995,0.2586206896551724,0.09999999999999999,0.0,0.0,0.6153846153846154,0.68,0.4451772464962904,1,low_load
79,6,0.24714828897338406,0.2,0.28448275862068967,0.06428571428571428,0.0,0.0,0.46153846153846156,0.4,0.4286892003297609,1,low_load
79,7,0.2526079750414351,0.33319999999999994,0.31896551724137934,0.0857142857142857,0.0,0.0,0.3076923076923077,0.4,0.3957131079967025,1,low_load
79,8,0.24900068246075852,0.508,0.3103448275862069,0.05714285714285714,0.0,0.0,0.8461538461538461,0.76,0.5111294311624073,1,low_load
79,9,0.250853075948133,0.26659999999999995,0.31896551724137934,0.07857142857142856,0.0,0.0,0.8461538461538461,0.48,0.6430338004946415,1,low_load
80,0,0.24939066003704788,0.33319999999999994,0.3103448275862069,0.06428571428571428,0.0,0.0,0.5384615384615384,0.52,0.5935696619950536,1,low_load
80,1,0.2496831432192649,0.26659999999999995,0.3362068965517241,0.09999999999999999,0.0,0.0,0.46153846153846156,0.44,0.5441055234954659,1,low_load
80,2,0.250853075948133,0.2,0.32758620689655177,0.04285714285714285,0.0,0.0,0.3076923076923077,0.4,0.5276174773289367,1,low_load
80,3,0.25075558155406064,0.2,0.06896551724137931,0.07142857142857142,0.0,0.0,0.23076923076923078,0.44,0.41220115416323166,1,low_load
80,4,0.25065808715998833,0.26659999999999995,0.2586206896551724,0.09999999999999999,0.0,0.0,0.6153846153846154,0.68,0.4451772464962904,1,low_load
80,5,0.24714828897338406,0.2,0.28448275862068967,0.06428571428571428,0.0,0.0,0.46153846153846156,0.4,0.4286892003297609,1,low_load
80,6,0.2526079750414351,0.33319999999999994,0.31896551724137934,0.0857142857142857,0.0,0.0,0.3076923076923077,0.4,0.3957131079967025,1,low_load
80,7,0.24900068246075852,0.508,0.3103448275862069,0.05714285714285714,0.0,0.0,0.8461538461538461,0.76,0.5111294311624073,1,low_load
80,8,0.250853075948133,0.26659999999999995,0.31896551724137934,0.07857142857142856,0.0,0.0,0.8461538461538461,0.48,0.6430338004946415,1,low_load
80,9,0.25329043579994154,0.26659999999999995,0.2931034482758621,0.07142857142857142,0.0,0.0,0.38461538461538464,0.24,0.5935696619950536,1,low_load
81,0,0.2496831432192649,0.26659999999999995,0.3362068965517241,0.09999999999999999,0.0,0.0,0.46153846153846156,0.44,0.5441055234954659,1,low_load
81,1,0.250853075948133,0.2,0.32758620689655177,0.04285714285714285,0.0,0.0,0.3076923076923077,0.4,0.5276174773289367,1,low_load
81,2,0.25075558155406064,0.2,0.06896551724137931,0.07142857142857142,0.0,0.0,0.23076923076923078,0.44,0.41220115416323166,1,low_load
81,3,0.25065808715998833,0.26659999999999995,0.2586206896551724,0.09999999999999999,0.0,0.0,0.6153846153846154,0.68,0.4451772464962904,1,low_load
81,4,0.24714828897338406,0.2,0.28448275862068967,0.06428571428571428,0.0,0.0,0.46153846153846156,0.4,0.4286892003297609,1,low_load
81,5,0.2526079750414351,0.33319999999999994,0.31896551724137934,0.0857142857142857,0.0,0.0,0.3076923076923077,0.4,0.3957131079967025,1,low_load
81,6,0.24900068246075852,0.508,0.3103448275862069,0.05714285714285714,0.0,0.0,0.8461538461538461,0.76,0.5111294311624073,1,low_load
81,7,0.250853075948133,0.26659999999999995,0.31896551724137934,0.07857142857142856,0.0,0.0,0.8461538461538461,0.48,0.6430338004946415,1,low_load
81,8,0.25329043579994154,0.26659999999999995,0.2931034482758621,0.07142857142857142,0.0,0.0,0.38461538461538464,0.24,0.5935696619950536,1,low_load
81,9,0.25056059276591597,0.26659999999999995,0.2931034482758621,0.07142857142857142,0.0,0.0,0.5384615384615384,0.56,0.6100577081615831,1,low_load
82,0,0.250853075948133,0.2,0.32758620689655177,0.04285714285714285,0.0,0.0,0.3076923076923077,0.4,0.5276174773289367,1,low_load
82,1,0.25075558155406064,0.2,0.06896551724137931,0.07142857142857142,0.0,0.0,0.23076923076923078,0.44,0.41220115416323166,1,low_load
82,2,0.25065808715998833,0.26659999999999995,0.2586206896551724,0.09999999999999999,0.0,0.0,0.6153846153846154,0.68,0.4451772464962904,1,low_load
82,3,0.24714828897338406,0.2,0.28448275862068967,0.06428571428571428,0.0,0.0,0.46153846153846156,0.4,0.4286892003297609,1,low_load
82,4,0.2526079750414351,0.33319999999999994,0.31896551724137934,0.0857142857142857,0.0,0.0,0.3076923076923077,0.4,0.3957131079967025,1,low_load
82,5,0.24900068246075852,0.508,0.3103448275862069,0.05714285714285714,0.0,0.0,0.8461538461538461,0.76,0.5111294311624073,1,low_load
82,6,0.250853075948133,0.26659999999999995,0.31896551724137934,0.07857142857142856,0.0,0.0,0.8461538461538461,0.48,0.6430338004946415,1,low_load
82,7,0.25329043579994154,0.26659999999999995,0.2931034482758621,0.07142857142857142,0.0,0.0,0.38461538461538464,0.24,0.5935696619950536,1,low_load
82,8,0.25056059276591597,0.26659999999999995,0.2931034482758621,0.07142857142857142,0.0,0.0,0.5384615384615384,0.56,0.6100577081615831,1,low_load
82,9,0.25143804231256706,0.26659999999999995,0.3362068965517241,0.07857142857142856,0.0,0.0,0.6153846153846154,0.52,0.6760098928277,1,low_load
83,0,0.24714828897338406,0.2,0.28448275862068967,0.06428571428571428,0.0,0.0,0.46153846153846156,0.4,0.4286892003297609,1,low_load
83,1,0.2526079750414351,0.33319999999999994,0.31896551724137934,0.0857142857142857,0.0,0.0,0.3076923076923077,0.4,0.3957131079967025,1,low_load
83,2,0.24900068246075852,0.508,0.3103448275862069,0.05714285714285714,0.0,0.0,0.8461538461538461,0.76,0.5111294311624073,1,low_load
83,3,0.250853075948133,0.26659999999999995,0.31896551724137934,0.07857142857142856,0.0,0.0,0.8461538461538461,0.48,0.6430338004946415,1,low_load
83,4,0.25329043579994154,0.26659999999999995,0.2931034482758621,0.07142857142857142,0.0,0.0,0.38461538461538464,0.24,0.5935696619950536,1,low_load
83,5,0.25056059276591597,0.26659999999999995,0.2931034482758621,0.07142857142857142,0.0,0.0,0.5384615384615384,0.56,0.6100577081615831,1,low_load
83,6,0.25143804231256706,0.26659999999999995,0.3362068965517241,0.07857142857142856,0.0,0.0,0.6153846153846154,0.52,0.6760098928277,1,low_load
83,7,0.24958564882519257,0.26659999999999995,0.2586206896551724,0.049999999999999996,0.0,0.0,0.15384615384615385,0.24,0.5276174773289367,1,low_load
83,8,0.24987813200740958,0.2,0.28448275862068967,0.07142857142857142,0.0,0.0,0.5384615384615384,0.68,0.46166529266281964,1,low_load
83,9,0.24978063761333727,0.5331999999999999,0.32758620689655177,0.04285714285714285,0.0,0.0,0.9230769230769231,0.68,0.5770816158285244,1,low_load
84,0,0.2526079750414351,0.33319999999999994,0.31896551724137934,0.0857142857142857,0.0,0.0,0.3076923076923077,0.4,0.3957131079967025,1,low_load
84,1,0.24900068246075852,0.508,0.3103448275862069,0.05714285714285714,0.0,0.0,0.8461538461538461,0.76,0.5111294311624073,1,low_load
84,2,0.250853075948133,0.26659999999999995,0.31896551724137934,0.07857142857142856,0.0,0.0,0.8461538461538461,0.48,0.6430338004946415,1,low_load
84,3,0.25329043579994154,0.26659999999999995,0.2931034482758621,0.07142857142857142,0.0,0.0,0.38461538461538464,0.24,0.5935696619950536,1,low_load
84,4,0.25056059276591597,0.26659999999999995,0.2931034482758621,0.07142857142857142,0.0,0.0,0.5384615384615384,0.56,0.6100577081615831,1,low_load
84,5,0.25143804231256706,0.26659999999999995,0.3362068965517241,0.07857142857142856,0.0,0.0,0.6153846153846154,0.52,0.6760098928277,1,low_load
84,6,0.24958564882519257,0.26659999999999995,0.2586206896551724,0.049999999999999996,0.0,0.0,0.15384615384615385,0.24,0.5276174773289367,1,low_load
84,7,0.24987813200740958,0.2,0.28448275862068967,0.07142857142857142,0.0,0.0,0.5384615384615384,0.68,0.46166529266281964,1,low_load
84,8,0.24978063761333727,0.5331999999999999,0.32758620689655177,0.04285714285714285,0.0,0.0,0.9230769230769231,0.68,0.5770816158285244,1,low_load
84,9,0.2509505703422053,0.46659999999999996,0.3017241379310345,0.07857142857142856,0.0,0.0,0.38461538461538464,0.2,0.5441055234954659,1,low_load
85,0,0.24900068246075852,0.508,0.3103448275862069,0.05714285714285714,0.0,0.0,0.8461538461538461,0.76,0.5111294311624073,1,low_load
85,1,0.250853075948133,0.26659999999999995,0.31896551724137934,0.07857142857142856,0.0,0.0,0.8461538461538461,0.48,0.6430338004946415,1,low_load
85,2,0.25329043579994154,0.26659999999999995,0.2931034482758621,0.07142857142857142,0.0,0.0,0.38461538461538464,0.24,0.5935696619950536,1,low_load
85,3,0.25056059276591597,0.26659999999999995,0.2931034482758621,0.07142857142857142,0.0,0.0,0.5384615384615384,0.56,0.6100577081615831,1,low_load
85,4,0.25143804231256706,0.26659999999999995,0.3362068965517241,0.07857142857142856,0.0,0.0,0.6153846153846154,0.52,0.6760098928277,1,low_load
85,5,0.24958564882519257,0.26659999999999995,0.2586206896551724,0.049999999999999996,0.0,0.0,0.15384615384615385,0.24,0.5276174773289367,1,low_load
85,6,0.24987813200740958,0.2,0.28448275862068967,0.07142857142857142,0.0,0.0,0.5384615384615384,0.68,0.46166529266281964,1,low_load
85,7,0.24978063761333727,0.5331999999999999,0.32758620689655177,0.04285714285714285,0.0,0.0,0.9230769230769231,0.68,0.5770816158285244,1,low_load
85,8,0.2509505703422053,0.46659999999999996,0.3017241379310345,0.07857142857142856,0.0,0.0,0.38461538461538464,0.2,0.5441055234954659,1,low_load
85,9,0.24870819927854151,0.16319999999999993,0.32758620689655177,0.07857142857142856,0.0,0.0,0.23076923076923078,0.4,0.46166529266281964,1,low_load
86,0,0.250853075948133,0.26659999999999995,0.31896551724137934,0.07857142857142856,0.0,0.0,0.8461538461538461,0.48,0.6430338004946415,1,low_load
86,1,0.25329043579994154,0.26659999999999995,0.2931034482758621,0.07142857142857142,0.0,0.0,0.38461538461538464,0.24,0.5935696619950536,1,low_load
86,2,0.25056059276591597,0.26659999999999995,0.2931034482758621,0.07142857142857142,0.0,0.0,0.5384615384615384,0.56,0.6100577081615831,1,low_load
86,3,0.25143804231256706,0.26659999999999995,0.3362068965517241,0.07857142857142856,0.0,0.0,0.6153846153846154,0.52,0.6760098928277,1,low_load
86,4,0.24958564882519257,0.26659999999999995,0.2586206896551724,0.049999999999999996,0.0,0.0,0.15384615384615385,0.24,0.5276174773289367,1,low_load
86,5,0.24987813200740958,0.2,0.28448275862068967,0.07142857142857142,0.0,0.0,0.5384615384615384,0.68,0.46166529266281964,1,low_load
86,6,0.24978063761333727,0.5331999999999999,0.32758620689655177,0.04285714285714285,0.0,0.0,0.9230769230769231,0.68,0.5770816158285244,1,low_load
86,7,0.2509505703422053,0.46659999999999996,0.3017241379310345,0.07857142857142856,0.0,0.0,0.38461538461538464,0.2,0.5441055234954659,1,low_load
86,8,0.24870819927854151,0.16319999999999993,0.32758620689655177,0.07857142857142856,0.0,0.0,0.23076923076923078,0.4,0.46166529266281964,1,low_load
86,9,0.24978063761333727,0.2147999999999999,0.3103448275862069,0.10714285714285712,0.30434782608695654,0.30434782608695654,0.9230769230769231,0.84,0.6265457543281123,1,low_load
87,0,0.25329043579994154,0.26659999999999995,0.2931034482758621,0.07142857142857142,0.0,0.0,0.38461538461538464,0.24,0.5935696619950536,1,low_load
87,1,0.25056059276591597,0.26659999999999995,0.2931034482758621,0.07142857142857142,0.0,0.0,0.5384615384615384,0.56,0.6100577081615831,1,low_load
87,2,0.25143804231256706,0.26659999999999995,0.3362068965517241,0.07857142857142856,0.0,0.0,0.6153846153846154,0.52,0.6760098928277,1,low_load
87,3,0.24958564882519257,0.26659999999999995,0.2586206896551724,0.049999999999999996,0.0,0.0,0.15384615384615385,0.24,0.5276174773289367,1,low_load
87,4,0.24987813200740958,0.2,0.28448275862068967,0.07142857142857142,0.0,0.0,0.5384615384615384,0.68,0.46166529266281964,1,low_load
87,5,0.24978063761333727,0.5331999999999999,0.32758620689655177,0.04285714285714285,0.0,0.0,0.9230769230769231,0.68,0.5770816158285244,1,low_load
87,6,0.2509505703422053,0.46659999999999996,0.3017241379310345,0.07857142857142856,0.0,0.0,0.38461538461538464,0.2,0.5441055234954659,1,low_load
87,7,0.24870819927854151,0.16319999999999993,0.32758620689655177,0.07857142857142856,0.0,0.0,0.23076923076923078,0.4,0.46166529266281964,1,low_load
87,8,0.24978063761333727,0.2147999999999999,0.3103448275862069,0.10714285714285712,0.30434782608695654,0.30434782608695654,0.9230769230769231,0.84,0.6265457543281123,1,low_load
87,9,0.24919567124890318,0.26659999999999995,0.3103448275862069,0.02857142857142857,0.0,0.0,0.46153846153846156,0.24,0.6100577081615831,1,low_load
88,0,0.25143804231256706,0.26659999999999995,0.3362068965517241,0.07857142857142856,0.0,0.0,0.6153846153846154,0.52,0.6760098928277,1,low_load
88,1,0.24958564882519257,0.26659999999999995,0.2586206896551724,0.049999999999999996,0.0,0.0,0.15384615384615385,0.24,0.5276174773289367,1,low_load
88,2,0.24987813200740958,0.2,0.28448275862068967,0.07142857142857142,0.0,0.0,0.5384615384615384,0.68,0.46166529266281964,1,low_load
88,3,0.24978063761333727,0.5331999999999999,0.32758620689655177,0.04285714285714285,0.0,0.0,0.9230769230769231,0.68,0.5770816158285244,1,low_load
88,4,0.2509505703422053,0.46659999999999996,0.3017241379310345,0.07857142857142856,0.0,0.0,0.38461538461538464,0.2,0.5441055234954659,1,low_load
88,5,0.24870819927854151,0.16319999999999993,0.32758620689655177,0.07857142857142856,0.0,0.0,0.23076923076923078,0.4,0.46166529266281964,1,low_load
88,6,0.24978063761333727,0.2147999999999999,0.3103448275862069,0.10714285714285712,0.30434782608695654,0.30434782608695654,0.9230769230769231,0.84,0.6265457543281123,1,low_load
88,7,0.24919567124890318,0.26659999999999995,0.3103448275862069,0.02857142857142857,0.0,0.0,0.46153846153846156,0.24,0.6100577081615831,1,low_load
88,8,0.2517305254947841,0.33319999999999994,0.3103448275862069,0.04285714285714285,0.0,0.0,0.9230769230769231,0.72,0.6100577081615831,1,low_load
88,9,0.24987813200740958,0.26659999999999995,0.2241379310344827,0.06428571428571428,0.0,0.0,0.9230769230769231,0.48,0.7254740313272878,1,low_load
89,0,0.24958564882519257,0.26659999999999995,0.2586206896551724,0.049999999999999996,0.0,0.0,0.15384615384615385,0.24,0.5276174773289367,1,low_load
89,1,0.24987813200740958,0.2,0.28448275862068967,0.07142857142857142,0.0,0.0,0.5384615384615384,0.68,0.46166529266281964,1,low_load
89,2,0.24978063761333727,0.5331999999999999,0.32758620689655177,0.04285714285714285,0.0,0.0,0.9230769230769231,0.68,0.5770816158285244,1,low_load
89,3,0.2509505703422053,0.46659999999999996,0.3017241379310345,0.07857142857142856,0.0,0.0,0.38461538461538464,0.2,0.5441055234954659,1,low_load
89,4,0.24870819927854151,0.16319999999999993,0.32758620689655177,0.07857142857142856,0.0,0.0,0.23076923076923078,0.4,0.46166529266281964,1,low_load
89,5,0.24978063761333727,0.2147999999999999,0.3103448275862069,0.10714285714285712,0.30434782608695654,0.30434782608695654,0.9230769230769231,0.84,0.6265457543281123,1,low_load
89,6,0.24919567124890318,0.26659999999999995,0.3103448275862069,0.02857142857142857,0.0,0.0,0.46153846153846156,0.24,0.6100577081615831,1,low_load
89,7,0.2517305254947841,0.33319999999999994,0.3103448275862069,0.04285714285714285,0.0,0.0,0.9230769230769231,0.72,0.6100577081615831,1,low_load
89,8,0.24987813200740958,0.26659999999999995,0.2241379310344827,0.06428571428571428,0.0,0.0,0.9230769230769231,0.48,0.7254740313272878,1,low_load
89,9,0.24997562640148194,0.37,0.34482758620689646,0.014285714285714285,0.0,0.0,0.9230769230769231,0.48,0.8738664468260513,1,low_load
90,0,0.24987813200740958,0.2,0.28448275862068967,0.07142857142857142,0.0,0.0,0.5384615384615384,0.68,0.46166529266281964,1,low_load
90,1,0.24978063761333727,0.5331999999999999,0.32758620689655177,0.04285714285714285,0.0,0.0,0.9230769230769231,0.68,0.5770816158285244,1,low_load
90,2,0.2509505703422053,0.46659999999999996,0.3017241379310345,0.07857142857142856,0.0,0.0,0.38461538461538464,0.2,0.5441055234954659,1,low_load
90,3,0.24870819927854151,0.16319999999999993,0.32758620689655177,0.07857142857142856,0.0,0.0,0.23076923076923078,0.4,0.46166529266281964,1,low_load
90,4,0.24978063761333727,0.2147999999999999,0.3103448275862069,0.10714285714285712,0.30434782608695654,0.30434782608695654,0.9230769230769231,0.84,0.6265457543281123,1,low_load
90,5,0.24919567124890318,0.26659999999999995,0.3103448275862069,0.02857142857142857,0.0,0.0,0.46153846153846156,0.24,0.6100577081615831,1,low_load
90,6,0.2517305254947841,0.33319999999999994,0.3103448275862069,0.04285714285714285,0.0,0.0,0.9230769230769231,0.72,0.6100577081615831,1,low_load
90,7,0.24987813200740958,0.26659999999999995,0.2241379310344827,0.06428571428571428,0.0,0.0,0.9230769230769231,0.48,0.7254740313272878,1,low_load
90,8,0.24997562640148194,0.37,0.34482758620689646,0.014285714285714285,0.0,0.0,0.9230769230769231,0.48,0.8738664468260513,1,low_load
90,9,0.25075558155406064,0.3184,0.31896551724137934,0.0857142857142857,0.0,0.0,0.38461538461538464,0.2,0.7584501236603463,1,low_load
91,0,0.2509505703422053,0.46659999999999996,0.3017241379310345,0.07857142857142856,0.0,0.0,0.38461538461538464,0.2,0.5441055234954659,1,low_load
91,1,0.24870819927854151,0.16319999999999993,0.32758620689655177,0.07857142857142856,0.0,0.0,0.23076923076923078,0.4,0.46166529266281964,1,low_load
91,2,0.24978063761333727,0.2147999999999999,0.3103448275862069,0.10714285714285712,0.30434782608695654,0.30434782608695654,0.9230769230769231,0.84,0.6265457543281123,1,low_load
91,3,0.24919567124890318,0.26659999999999995,0.3103448275862069,0.02857142857142857,0.0,0.0,0.46153846153846156,0.24,0.6100577081615831,1,low_load
91,4,0.2517305254947841,0.33319999999999994,0.3103448275862069,0.04285714285714285,0.0,0.0,0.9230769230769231,0.72,0.6100577081615831,1,low_load
91,5,0.24987813200740958,0.26659999999999995,0.2241379310344827,0.06428571428571428,0.0,0.0,0.9230769230769231,0.48,0.7254740313272878,1,low_load
91,6,0.24997562640148194,0.37,0.34482758620689646,0.014285714285714285,0.0,0.0,0.9230769230769231,0.48,0.8738664468260513,1,low_load
91,7,0.25075558155406064,0.3184,0.31896551724137934,0.0857142857142857,0.0,0.0,0.38461538461538464,0.2,0.7584501236603463,1,low_load
91,8,0.2496831432192649,0.26659999999999995,0.37068965517241376,0.06428571428571428,0.0,0.0,0.3076923076923077,0.44,0.7254740313272878,1,low_load
91,9,0.24919567124890318,0.26659999999999995,0.3534482758620689,0.049999999999999996,0.0,0.0,0.38461538461538464,0.52,0.6100577081615831,1,low_load
92,0,0.24870819927854151,0.16319999999999993,0.32758620689655177,0.07857142857142856,0.0,0.0,0.23076923076923078,0.4,0.46166529266281964,1,low_load
92,1,0.24978063761333727,0.2147999999999999,0.3103448275862069,0.10714285714285712,0.30434782608695654,0.30434782608695654,0.9230769230769231,0.84,0.6265457543281123,1,low_load
92,2,0.24919567124890318,0.26659999999999995,0.3103448275862069,0.02857142857142857,0.0,0.0,0.46153846153846156,0.24,0.6100577081615831,1,low_load
92,3,0.2517305254947841,0.33319999999999994,0.3103448275862069,0.04285714285714285,0.0,0.0,0.9230769230769231,0.72,0.6100577081615831,1,low_load
92,4,0.24987813200740958,0.26659999999999995,0.2241379310344827,0.06428571428571428,0.0,0.0,0.9230769230769231,0.48,0.7254740313272878,1,low_load
92,5,0.24997562640148194,0.37,0.34482758620689646,0.014285714285714285,0.0,0.0,0.9230769230769231,0.48,0.8738664468260513,1,low_load
92,6,0.25075558155406064,0.3184,0.31896551724137934,0.0857142857142857,0.0,0.0,0.38461538461538464,0.2,0.7584501236603463,1,low_load
92,7,0.2496831432192649,0.26659999999999995,0.37068965517241376,0.06428571428571428,0.0,0.0,0.3076923076923077,0.44,0.7254740313272878,1,low_load
92,8,0.24919567124890318,0.26659999999999995,0.3534482758620689,0.049999999999999996,0.0,0.0,0.38461538461538464,0.52,0.6100577081615831,1,low_load
92,9,0.24890318806668618,0.26659999999999995,0.27586206896551724,0.07142857142857142,0.0,0.0,0.6923076923076923,0.64,0.5605935696619951,1,low_load
93,0,0.24978063761333727,0.2147999999999999,0.3103448275862069,0.10714285714285712,0.30434782608695654,0.30434782608695654,0.9230769230769231,0.84,0.6265457543281123,1,low_load
93,1,0.24919567124890318,0.26659999999999995,0.3103448275862069,0.02857142857142857,0.0,0.0,0.46153846153846156,0.24,0.6100577081615831,1,low_load
93,2,0.2517305254947841,0.33319999999999994,0.3103448275862069,0.04285714285714285,0.0,0.0,0.9230769230769231,0.72,0.6100577081615831,1,low_load
93,3,0.24987813200740958,0.26659999999999995,0.2241379310344827,0.06428571428571428,0.0,0.0,0.9230769230769231,0.48,0.7254740313272878,1,low_load
93,4,0.24997562640148194,0.37,0.34482758620689646,0.014285714285714285,0.0,0.0,0.9230769230769231,0.48,0.8738664468260513,1,low_load
93,5,0.25075558155406064,0.3184,0.31896551724137934,0.0857142857142857,0.0,0.0,0.38461538461538464,0.2,0.7584501236603463,1,low_load
93,6,0.2496831432192649,0.26659999999999995,0.37068965517241376,0.06428571428571428,0.0,0.0,0.3076923076923077,0.44,0.7254740313272878,1,low_load
93,7,0.24919567124890318,0.26659999999999995,0.3534482758620689,0.049999999999999996,0.0,0.0,0.38461538461538464,0.52,0.6100577081615831,1,low_load
93,8,0.24890318806668618,0.26659999999999995,0.27586206896551724,0.07142857142857142,0.0,0.0,0.6923076923076923,0.64,0.5605935696619951,1,low_load
93,9,0.2509505703422053,0.4,0.3362068965517241,0.09285714285714285,0.0,0.0,0.8461538461538461,0.56,0.5441055234954659,1,low_load
94,0,0.24919567124890318,0.26659999999999995,0.3103448275862069,0.02857142857142857,0.0,0.0,0.46153846153846156,0.24,0.6100577081615831,1,low_load
94,1,0.2517305254947841,0.33319999999999994,0.3103448275862069,0.04285714285714285,0.0,0.0,0.9230769230769231,0.72,0.6100577081615831,1,low_load
94,2,0.24987813200740958,0.26659999999999995,0.2241379310344827,0.06428571428571428,0.0,0.0,0.9230769230769231,0.48,0.7254740313272878,1,low_load
94,3,0.24997562640148194,0.37,0.34482758620689646,0.014285714285714285,0.0,0.0,0.9230769230769231,0.48,0.8738664468260513,1,low_load
94,4,0.25075558155406064,0.3184,0.31896551724137934,0.0857142857142857,0.0,0.0,0.38461538461538464,0.2,0.7584501236603463,1,low_load
94,5,0.2496831432192649,0.26659999999999995,0.37068965517241376,0.06428571428571428,0.0,0.0,0.3076923076923077,0.44,0.7254740313272878,1,low_load
94,6,0.24919567124890318,0.26659999999999995,0.3534482758620689,0.049999999999999996,0.0,0.0,0.38461538461538464,0.52,0.6100577081615831,1,low_load
94,7,0.24890318806668618,0.26659999999999995,0.27586206896551724,0.07142857142857142,0.0,0.0,0.6923076923076923,0.64,0.5605935696619951,1,low_load
94,8,0.2509505703422053,0.4,0.3362068965517241,0.09285714285714285,0.0,0.0,0.8461538461538461,0.56,0.5441055234954659,1,low_load
94,9,0.2470507945793117,0.26659999999999995,0.2931034482758621,0.07857142857142856,0.0,0.0,0.9230769230769231,0.52,0.6595218466611708,1,low_load
95,0,0.2517305254947841,0.33319999999999994,0.3103448275862069,0.04285714285714285,0.0,0.0,0.9230769230769231,0.72,0.6100577081615831,1,low_load
95,1,0.24987813200740958,0.26659999999999995,0.2241379310344827,0.06428571428571428,0.0,0.0,0.9230769230769231,0.48,0.7254740313272878,1,low_load
95,2,0.24997562640148194,0.37,0.34482758620689646,0.014285714285714285,0.0,0.0,0.9230769230769231,0.48,0.8738664468260513,1,low_load
95,3,0.25075558155406064,0.3184,0.31896551724137934,0.0857142857142857,0.0,0.0,0.38461538461538464,0.2,0.7584501236603463,1,low_load
95,4,0.2496831432192649,0.26659999999999995,0.37068965517241376,0.06428571428571428,0.0,0.0,0.3076923076923077,0.44,0.7254740313272878,1,low_load
95,5,0.24919567124890318,0.26659999999999995,0.3534482758620689,0.049999999999999996,0.0,0.0,0.38461538461538464,0.52,0.6100577081615831,1,low_load
95,6,0.24890318806668618,0.26659999999999995,0.27586206896551724,0.07142857142857142,0.0,0.0,0.6923076923076923,0.64,0.5605935696619951,1,low_load
95,7,0.2509505703422053,0.4,0.3362068965517241,0.09285714285714285,0.0,0.0,0.8461538461538461,0.56,0.5441055234954659,1,low_load
95,8,0.2470507945793117,0.26659999999999995,0.2931034482758621,0.07857142857142856,0.0,0.0,0.9230769230769231,0.52,0.6595218466611708,1,low_load
95,9,0.25124305352442233,0.4389999999999999,0.31896551724137934,0.10714285714285712,0.0,0.0,0.3076923076923077,0.16,0.6595218466611708,1,low_load
96,0,0.24987813200740958,0.26659999999999995,0.2241379310344827,0.06428571428571428,0.0,0.0,0.9230769230769231,0.48,0.7254740313272878,1,low_load
96,1,0.24997562640148194,0.37,0.34482758620689646,0.014285714285714285,0.0,0.0,0.9230769230769231,0.48,0.8738664468260513,1,low_load
96,2,0.25075558155406064,0.3184,0.31896551724137934,0.0857142857142857,0.0,0.0,0.38461538461538464,0.2,0.7584501236603463,1,low_load
96,3,0.2496831432192649,0.26659999999999995,0.37068965517241376,0.06428571428571428,0.0,0.0,0.3076923076923077,0.44,0.7254740313272878,1,low_load
96,4,0.24919567124890318,0.26659999999999995,0.3534482758620689,0.049999999999999996,0.0,0.0,0.38461538461538464,0.52,0.6100577081615831,1,low_load
96,5,0.24890318806668618,0.26659999999999995,0.27586206896551724,0.07142857142857142,0.0,0.0,0.6923076923076923,0.64,0.5605935696619951,1,low_load
96,6,0.2509505703422053,0.4,0.3362068965517241,0.09285714285714285,0.0,0.0,0.8461538461538461,0.56,0.5441055234954659,1,low_load
96,7,0.2470507945793117,0.26659999999999995,0.2931034482758621,0.07857142857142856,0.0,0.0,0.9230769230769231,0.52,0.6595218466611708,1,low_load
96,8,0.25124305352442233,0.4389999999999999,0.31896551724137934,0.10714285714285712,0.0,0.0,0.3076923076923077,0.16,0.6595218466611708,1,low_load
96,9,0.24861070488446915,0.26659999999999995,0.2931034482758621,0.06428571428571428,0.0,0.0,0.5384615384615384,0.6,0.6924979389942294,1,low_load
97,0,0.25075558155406064,0.3184,0.31896551724137934,0.0857142857142857,0.0,0.0,0.38461538461538464,0.2,0.7584501236603463,1,low_load
97,1,0.2496831432192649,0.26659999999999995,0.37068965517241376,0.06428571428571428,0.0,0.0,0.3076923076923077,0.44,0.7254740313272878,1,low_load
97,2,0.24919567124890318,0.26659999999999995,0.3534482758620689,0.049999999999999996,0.0,0.0,0.38461538461538464,0.52,0.6100577081615831,1,low_load
97,3,0.24890318806668618,0.26659999999999995,0.27586206896551724,0.07142857142857142,0.0,0.0,0.6923076923076923,0.64,0.5605935696619951,1,low_load
97,4,0.2509505703422053,0.4,0.3362068965517241,0.09285714285714285,0.0,0.0,0.8461538461538461,0.56,0.5441055234954659,1,low_load
97,5,0.2470507945793117,0.26659999999999995,0.2931034482758621,0.07857142857142856,0.0,0.0,0.9230769230769231,0.52,0.6595218466611708,1,low_load
97,6,0.25124305352442233,0.4389999999999999,0.31896551724137934,0.10714285714285712,0.0,0.0,0.3076923076923077,0.16,0.6595218466611708,1,low_load
97,7,0.24861070488446915,0.26659999999999995,0.2931034482758621,0.06428571428571428,0.0,0.0,0.5384615384615384,0.6,0.6924979389942294,1,low_load
97,8,0.2534854245880862,0.26659999999999995,0.08620689655172414,0.06428571428571428,0.30434782608695654,0.30434782608695654,0.3076923076923077,0.36,0.6100577081615831,1,low_load
97,9,0.25065808715998833,0.26659999999999995,0.27586206896551724,0.12142857142857143,0.0,0.0,0.9230769230769231,0.8,0.6265457543281123,1,low_load
98,0,0.2496831432192649,0.26659999999999995,0.37068965517241376,0.06428571428571428,0.0,0.0,0.3076923076923077,0.44,0.7254740313272878,1,low_load
98,1,0.24919567124890318,0.26659999999999995,0.3534482758620689,0.049999999999999996,0.0,0.0,0.38461538461538464,0.52,0.6100577081615831,1,low_load
98,2,0.24890318806668618,0.26659999999999995,0.27586206896551724,0.07142857142857142,0.0,0.0,0.6923076923076923,0.64,0.5605935696619951,1,low_load
98,3,0.2509505703422053,0.4,0.3362068965517241,0.09285714285714285,0.0,0.0,0.8461538461538461,0.56,0.5441055234954659,1,low_load
98,4,0.2470507945793117,0.26659999999999995,0.2931034482758621,0.07857142857142856,0.0,0.0,0.9230769230769231,0.52,0.6595218466611708,1,low_load
98,5,0.25124305352442233,0.4389999999999999,0.31896551724137934,0.10714285714285712,0.0,0.0,0.3076923076923077,0.16,0.6595218466611708,1,low_load
98,6,0.24861070488446915,0.26659999999999995,0.2931034482758621,0.06428571428571428,0.0,0.0,0.5384615384615384,0.6,0.6924979389942294,1,low_load
98,7,0.2534854245880862,0.26659999999999995,0.08620689655172414,0.06428571428571428,0.30434782608695654,0.30434782608695654,0.3076923076923077,0.36,0.6100577081615831,1,low_load
98,8,0.25065808715998833,0.26659999999999995,0.27586206896551724,0.12142857142857143,0.0,0.0,0.9230769230769231,0.8,0.6265457543281123,1,low_load
98,9,0.25104806473627767,0.33319999999999994,0.31896551724137934,0.07857142857142856,0.0,0.0,0.38461538461538464,0.2,0.5111294311624073,1,low_load
99,0,0.24919567124890318,0.26659999999999995,0.3534482758620689,0.049999999999999996,0.0,0.0,0.38461538461538464,0.52,0.6100577081615831,1,low_load
99,1,0.24890318806668618,0.26659999999999995,0.27586206896551724,0.07142857142857142,0.0,0.0,0.6923076923076923,0.64,0.5605935696619951,1,low_load
99,2,0.2509505703422053,0.4,0.3362068965517241,0.09285714285714285,0.0,0.0,0.8461538461538461,0.56,0.5441055234954659,1,low_load
99,3,0.2470507945793117,0.26659999999999995,0.2931034482758621,0.07857142857142856,0.0,0.0,0.9230769230769231,0.52,0.6595218466611708,1,low_load
99,4,0.25124305352442233,0.4389999999999999,0.31896551724137934,0.10714285714285712,0.0,0.0,0.3076923076923077,0.16,0.6595218466611708,1,low_load
99,5,0.24861070488446915,0.26659999999999995,0.2931034482758621,0.06428571428571428,0.0,0.0,0.5384615384615384,0.6,0.6924979389942294,1,low_load
99,6,0.2534854245880862,0.26659999999999995,0.08620689655172414,0.06428571428571428,0.30434782608695654,0.30434782608695654,0.3076923076923077,0.36,0.6100577081615831,1,low_load
99,7,0.25065808715998833,0.26659999999999995,0.27586206896551724,0.12142857142857143,0.0,0.0,0.9230769230769231,0.8,0.6265457543281123,1,low_load
99,8,0.25104806473627767,0.33319999999999994,0.31896551724137934,0.07857142857142856,0.0,0.0,0.38461538461538464,0.2,0.5111294311624073,1,low_load
99,9,0.25329043579994154,0.30099999999999993,0.2586206896551724,0.07857142857142856,0.0,0.0,0.38461538461538464,0.48,0.5276174773289367,1,low_load
100,0,0.24890318806668618,0.26659999999999995,0.27586206896551724,0.07142857142857142,0.0,0.0,0.6923076923076923,0.64,0.5605935696619951,1,low_load
100,1,0.2509505703422053,0.4,0.3362068965517241,0.09285714285714285,0.0,0.0,0.8461538461538461,0.56,0.5441055234954659,1,low_load
100,2,0.2470507945793117,0.26659999999999995,0.2931034482758621,0.07857142857142856,0.0,0.0,0.9230769230769231,0.52,0.6595218466611708,1,low_load
100,3,0.25124305352442233,0.4389999999999999,0.31896551724137934,0.10714285714285712,0.0,0.0,0.3076923076923077,0.16,0.6595218466611708,1,low_load
100,4,0.24861070488446915,0.26659999999999995,0.2931034482758621,0.06428571428571428,0.0,0.0,0.5384615384615384,0.6,0.6924979389942294,1,low_load
100,5,0.2534854245880862,0.26659999999999995,0.08620689655172414,0.06428571428571428,0.30434782608695654,0.30434782608695654,0.3076923076923077,0.36,0.6100577081615831,1,low_load
100,6,0.25065808715998833,0.26659999999999995,0.27586206896551724,0.12142857142857143,0.0,0.0,0.9230769230769231,0.8,0.6265457543281123,1,low_load
100,7,0.25104806473627767,0.33319999999999994,0.31896551724137934,0.07857142857142856,0.0,0.0,0.38461538461538464,0.2,0.5111294311624073,1,low_load
100,8,0.25329043579994154,0.30099999999999993,0.2586206896551724,0.07857142857142856,0.0,0.0,0.38461538461538464,0.48,0.5276174773289367,1,low_load
100,9,0.24578336745637128,0.317,0.3793103448275862,0.021428571428571425,0.0,0.0,0.46153846153846156,0.52,0.5111294311624073,1,low_load
101,0,0.2470507945793117,0.26659999999999995,0.2931034482758621,0.07857142857142856,0.0,0.0,0.9230769230769231,0.52,0.6595218466611708,1,low_load
101,1,0.25124305352442233,0.4389999999999999,0.31896551724137934,0.10714285714285712,0.0,0.0,0.3076923076923077,0.16,0.6595218466611708,1,low_load
101,2,0.24861070488446915,0.26659999999999995,0.2931034482758621,0.06428571428571428,0.0,0.0,0.5384615384615384,0.6,0.6924979389942294,1,low_load
101,3,0.2534854245880862,0.26659999999999995,0.08620689655172414,0.06428571428571428,0.30434782608695654,0.30434782608695654,0.3076923076923077,0.36,0.6100577081615831,1,low_load
101,4,0.25065808715998833,0.26659999999999995,0.27586206896551724,0.12142857142857143,0.0,0.0,0.9230769230769231,0.8,0.6265457543281123,1,low_load
101,5,0.25104806473627767,0.33319999999999994,0.31896551724137934,0.07857142857142856,0.0,0.0,0.38461538461538464,0.2,0.5111294311624073,1,low_load
101,6,0.25329043579994154,0.30099999999999993,0.2586206896551724,0.07857142857142856,0.0,0.0,0.38461538461538464,0.48,0.5276174773289367,1,low_load
101,7,0.24578336745637128,0.317,0.3793103448275862,0.021428571428571425,0.0,0.0,0.46153846153846156,0.52,0.5111294311624073,1,low_load
101,8,0.2539728965584479,0.33319999999999994,0.24137931034482754,0.06428571428571428,0.0,0.0,0.15384615384615385,0.32,0.4781533388293488,1,low_load
101,9,0.24978063761333727,0.33319999999999994,0.2672413793103448,0.07857142857142856,0.0,0.0,0.7692307692307693,0.8,0.4451772464962904,1,low_load
102,0,0.25124305352442233,0.4389999999999999,0.31896551724137934,0.10714285714285712,0.0,0.0,0.3076923076923077,0.16,0.6595218466611708,1,low_load
102,1,0.24861070488446915,0.26659999999999995,0.2931034482758621,0.06428571428571428,0.0,0.0,0.5384615384615384,0.6,0.6924979389942294,1,low_load
102,2,0.2534854245880862,0.26659999999999995,0.08620689655172414,0.06428571428571428,0.30434782608695654,0.30434782608695654,0.3076923076923077,0.36,0.6100577081615831,1,low_load
102,3,0.25065808715998833,0.26659999999999995,0.27586206896551724,0.12142857142857143,0.0,0.0,0.9230769230769231,0.8,0.6265457543281123,1,low_load
102,4,0.25104806473627767,0.33319999999999994,0.31896551724137934,0.07857142857142856,0.0,0.0,0.38461538461538464,0.2,0.5111294311624073,1,low_load
102,5,0.25329043579994154,0.30099999999999993,0.2586206896551724,0.07857142857142856,0.0,0.0,0.38461538461538464,0.48,0.5276174773289367,1,low_load
102,6,0.24578336745637128,0.317,0.3793103448275862,0.021428571428571425,0.0,0.0,0.46153846153846156,0.52,0.5111294311624073,1,low_load
102,7,0.2539728965584479,0.33319999999999994,0.24137931034482754,0.06428571428571428,0.0,0.0,0.15384615384615385,0.32,0.4781533388293488,1,low_load
102,8,0.24978063761333727,0.33319999999999994,0.2672413793103448,0.07857142857142856,0.0,0.0,0.7692307692307693,0.8,0.4451772464962904,1,low_load
102,9,0.2463683338208053,0.37,0.32758620689655177,0.06428571428571428,0.0,0.0,0.15384615384615385,0.16,0.3957131079967025,1,low_load
103,0,0.24861070488446915,0.26659999999999995,0.2931034482758621,0.06428571428571428,0.0,0.0,0.5384615384615384,0.6,0.6924979389942294,1,low_load
103,1,0.2534854245880862,0.26659999999999995,0.08620689655172414,0.06428571428571428,0.30434782608695654,0.30434782608695654,0.3076923076923077,0.36,0.6100577081615831,1,low_load
103,2,0.25065808715998833,0.26659999999999995,0.27586206896551724,0.12142857142857143,0.0,0.0,0.9230769230769231,0.8,0.6265457543281123,1,low_load
103,3,0.25104806473627767,0.33319999999999994,0.31896551724137934,0.07857142857142856,0.0,0.0,0.38461538461538464,0.2,0.5111294311624073,1,low_load
103,4,0.25329043579994154,0.30099999999999993,0.2586206896551724,0.07857142857142856,0.0,0.0,0.38461538461538464,0.48,0.5276174773289367,1,low_load
103,5,0.24578336745637128,0.317,0.3793103448275862,0.021428571428571425,0.0,0.0,0.46153846153846156,0.52,0.5111294311624073,1,low_load
103,6,0.2539728965584479,0.33319999999999994,0.24137931034482754,0.06428571428571428,0.0,0.0,0.15384615384615385,0.32,0.4781533388293488,1,low_load
103,7,0.24978063761333727,0.33319999999999994,0.2672413793103448,0.07857142857142856,0.0,0.0,0.7692307692307693,0.8,0.4451772464962904,1,low_load
103,8,0.2463683338208053,0.37,0.32758620689655177,0.06428571428571428,0.0,0.0,0.15384615384615385,0.16,0.3957131079967025,1,low_load
103,9,0.254850346105099,0.3184,0.2931034482758621,0.07142857142857142,0.0,0.0,0.38461538461538464,0.6,0.3957131079967025,1,low_load
104,0,0.2534854245880862,0.26659999999999995,0.08620689655172414,0.06428571428571428,0.30434782608695654,0.30434782608695654,0.3076923076923077,0.36,0.6100577081615831,1,low_load
104,1,0.25065808715998833,0.26659999999999995,0.27586206896551724,0.12142857142857143,0.0,0.0,0.9230769230769231,0.8,0.6265457543281123,1,low_load
104,2,0.25104806473627767,0.33319999999999994,0.31896551724137934,0.07857142857142856,0.0,0.0,0.38461538461538464,0.2,0.5111294311624073,1,low_load
104,3,0.25329043579994154,0.30099999999999993,0.2586206896551724,0.07857142857142856,0.0,0.0,0.38461538461538464,0.48,0.5276174773289367,1,low_load
104,4,0.24578336745637128,0.317,0.3793103448275862,0.021428571428571425,0.0,0.0,0.46153846153846156,0.52,0.5111294311624073,1,low_load
104,5,0.2539728965584479,0.33319999999999994,0.24137931034482754,0.06428571428571428,0.0,0.0,0.15384615384615385,0.32,0.4781533388293488,1,low_load
104,6,0.24978063761333727,0.33319999999999994,0.2672413793103448,0.07857142857142856,0.0,0.0,0.7692307692307693,0.8,0.4451772464962904,1,low_load
104,7,0.2463683338208053,0.37,0.32758620689655177,0.06428571428571428,0.0,0.0,0.15384615384615385,0.16,0.3957131079967025,1,low_load
104,8,0.254850346105099,0.3184,0.2931034482758621,0.07142857142857142,0.0,0.0,0.38461538461538464,0.6,0.3957131079967025,1,low_load
104,9,0.25007312079555427,0.26659999999999995,0.396551724137931,0.02857142857142857,0.0,0.0,0.38461538461538464,0.48,0.3792250618301733,1,low_load
105,0,0.25065808715998833,0.26659999999999995,0.27586206896551724,0.12142857142857143,0.0,0.0,0.9230769230769231,0.8,0.6265457543281123,1,low_load
105,1,0.25104806473627767,0.33319999999999994,0.31896551724137934,0.07857142857142856,0.0,0.0,0.38461538461538464,0.2,0.5111294311624073,1,low_load
105,2,0.25329043579994154,0.30099999999999993,0.2586206896551724,0.07857142857142856,0.0,0.0,0.38461538461538464,0.48,0.5276174773289367,1,low_load
105,3,0.24578336745637128,0.317,0.3793103448275862,0.021428571428571425,0.0,0.0,0.46153846153846156,0.52,0.5111294311624073,1,low_load
105,4,0.2539728965584479,0.33319999999999994,0.24137931034482754,0.06428571428571428,0.0,0.0,0.15384615384615385,0.32,0.4781533388293488,1,low_load
105,5,0.24978063761333727,0.33319999999999994,0.2672413793103448,0.07857142857142856,0.0,0.0,0.7692307692307693,0.8,0.4451772464962904,1,low_load
105,6,0.2463683338208053,0.37,0.32758620689655177,0.06428571428571428,0.0,0.0,0.15384615384615385,0.16,0.3957131079967025,1,low_load
105,7,0.254850346105099,0.3184,0.2931034482758621,0.07142857142857142,0.0,0.0,0.38461538461538464,0.6,0.3957131079967025,1,low_load
105,8,0.25007312079555427,0.26659999999999995,0.396551724137931,0.02857142857142857,0.0,0.0,0.38461538461538464,0.48,0.3792250618301733,1,low_load
105,9,0.2515355367066394,0.33319999999999994,0.2241379310344827,0.04285714285714285,0.0,0.0,0.3076923076923077,0.44,0.41220115416323166,1,low_load
106,0,0.25104806473627767,0.33319999999999994,0.31896551724137934,0.07857142857142856,0.0,0.0,0.38461538461538464,0.2,0.5111294311624073,1,low_load
106,1,0.25329043579994154,0.30099999999999993,0.2586206896551724,0.07857142857142856,0.0,0.0,0.38461538461538464,0.48,0.5276174773289367,1,low_load
106,2,0.24578336745637128,0.317,0.3793103448275862,0.021428571428571425,0.0,0.0,0.46153846153846156,0.52,0.5111294311624073,1,low_load
106,3,0.2539728965584479,0.33319999999999994,0.24137931034482754,0.06428571428571428,0.0,0.0,0.15384615384615385,0.32,0.4781533388293488,1,low_load
106,4,0.24978063761333727,0.33319999999999994,0.2672413793103448,0.07857142857142856,0.0,0.0,0.7692307692307693,0.8,0.4451772464962904,1,low_load
106,5,0.2463683338208053,0.37,0.32758620689655177,0.06428571428571428,0.0,0.0,0.15384615384615385,0.16,0.3957131079967025,1,low_load
106,6,0.254850346105099,0.3184,0.2931034482758621,0.07142857142857142,0.0,0.0,0.38461538461538464,0.6,0.3957131079967025,1,low_load
106,7,0.25007312079555427,0.26659999999999995,0.396551724137931,0.02857142857142857,0.0,0.0,0.38461538461538464,0.48,0.3792250618301733,1,low_load
106,8,0.2515355367066394,0.33319999999999994,0.2241379310344827,0.04285714285714285,0.0,0.0,0.3076923076923077,0.44,0.41220115416323166,1,low_load
106,9,0.24978063761333727,0.33319999999999994,0.31896551724137934,0.06428571428571428,0.0,0.0,0.6153846153846154,0.64,0.3792250618301733,1,low_load
107,0,0.25329043579994154,0.30099999999999993,0.2586206896551724,0.07857142857142856,0.0,0.0,0.38461538461538464,0.48,0.5276174773289367,1,low_load
107,1,0.24578336745637128,0.317,0.3793103448275862,0.021428571428571425,0.0,0.0,0.46153846153846156,0.52,0.5111294311624073,1,low_load
107,2,0.2539728965584479,0.33319999999999994,0.24137931034482754,0.06428571428571428,0.0,0.0,0.15384615384615385,0.32,0.4781533388293488,1,low_load
107,3,0.24978063761333727,0.33319999999999994,0.2672413793103448,0.07857142857142856,0.0,0.0,0.7692307692307693,0.8,0.4451772464962904,1,low_load
107,4,0.2463683338208053,0.37,0.32758620689655177,0.06428571428571428,0.0,0.0,0.15384615384615385,0.16,0.3957131079967025,1,low_load
107,5,0.254850346105099,0.3184,0.2931034482758621,0.07142857142857142,0.0,0.0,0.38461538461538464,0.6,0.3957131079967025,1,low_load
107,6,0.25007312079555427,0.26659999999999995,0.396551724137931,0.02857142857142857,0.0,0.0,0.38461538461538464,0.48,0.3792250618301733,1,low_load
107,7,0.2515355367066394,0.33319999999999994,0.2241379310344827,0.04285714285714285,0.0,0.0,0.3076923076923077,0.44,0.41220115416323166,1,low_load
107,8,0.24978063761333727,0.33319999999999994,0.31896551724137934,0.06428571428571428,0.0,0.0,0.6153846153846154,0.64,0.3792250618301733,1,low_load
107,9,0.24822072730817982,0.26659999999999995,0.060344827586206885,0.014285714285714285,0.0,0.0,0.6923076923076923,0.52,0.494641384995878,1,low_load
108,0,0.2539728965584479,0.33319999999999994,0.24137931034482754,0.06428571428571428,0.0,0.0,0.15384615384615385,0.32,0.4781533388293488,1,low_load
108,1,0.24978063761333727,0.33319999999999994,0.2672413793103448,0.07857142857142856,0.0,0.0,0.7692307692307693,0.8,0.4451772464962904,1,low_load
108,2,0.2463683338208053,0.37,0.32758620689655177,0.06428571428571428,0.0,0.0,0.15384615384615385,0.16,0.3957131079967025,1,low_load
108,3,0.254850346105099,0.3184,0.2931034482758621,0.07142857142857142,0.0,0.0,0.38461538461538464,0.6,0.3957131079967025,1,low_load
108,4,0.25007312079555427,0.26659999999999995,0.396551724137931,0.02857142857142857,0.0,0.0,0.38461538461538464,0.48,0.3792250618301733,1,low_load
108,5,0.2515355367066394,0.33319999999999994,0.2241379310344827,0.04285714285714285,0.0,0.0,0.3076923076923077,0.44,0.41220115416323166,1,low_load
108,6,0.24978063761333727,0.33319999999999994,0.31896551724137934,0.06428571428571428,0.0,0.0,0.6153846153846154,0.64,0.3792250618301733,1,low_load
108,7,0.24822072730817982,0.26659999999999995,0.060344827586206885,0.014285714285714285,0.0,0.0,0.6923076923076923,0.52,0.494641384995878,1,low_load
108,8,0.25572779565175,0.26659999999999995,0.2672413793103448,0.12857142857142856,0.0,0.0,0.15384615384615385,0.2,0.4451772464962904,1,low_load
108,9,0.24666081700302234,0.26659999999999995,0.3103448275862069,0.06428571428571428,0.0,0.0,0.8461538461538461,0.84,0.5441055234954659,1,low_load
109,0,0.24978063761333727,0.33319999999999994,0.2672413793103448,0.07857142857142856,0.0,0.0,0.7692307692307693,0.8,0.4451772464962904,1,low_load
109,1,0.2463683338208053,0.37,0.32758620689655177,0.06428571428571428,0.0,0.0,0.15384615384615385,0.16,0.3957131079967025,1,low_load
109,2,0.254850346105099,0.3184,0.2931034482758621,0.07142857142857142,0.0,0.0,0.38461538461538464,0.6,0.3957131079967025,1,low_load
109,3,0.25007312079555427,0.26659999999999995,0.396551724137931,0.02857142857142857,0.0,0.0,0.38461538461538464,0.48,0.3792250618301733,1,low_load
109,4,0.2515355367066394,0.33319999999999994,0.2241379310344827,0.04285714285714285,0.0,0.0,0.3076923076923077,0.44,0.41220115416323166,1,low_load
109,5,0.24978063761333727,0.33319999999999994,0.31896551724137934,0.06428571428571428,0.0,0.0,0.6153846153846154,0.64,0.3792250618301733,1,low_load
109,6,0.24822072730817982,0.26659999999999995,0.060344827586206885,0.014285714285714285,0.0,0.0,0.6923076923076923,0.52,0.494641384995878,1,low_load
109,7,0.25572779565175,0.26659999999999995,0.2672413793103448,0.12857142857142856,0.0,0.0,0.15384615384615385,0.2,0.4451772464962904,1,low_load
109,8,0.24666081700302234,0.26659999999999995,0.3103448275862069,0.06428571428571428,0.0,0.0,0.8461538461538461,0.84,0.5441055234954659,1,low_load
109,9,0.25290045822365215,0.26659999999999995,0.27586206896551724,0.03571428571428571,0.0,0.0,0.9230769230769231,0.52,0.6760098928277,1,low_load
110,0,0.254850346105099,0.3184,0.2931034482758621,0.07142857142857142,0.0,0.0,0.38461538461538464,0.6,0.3957131079967025,1,low_load
110,1,0.25007312079555427,0.26659999999999995,0.396551724137931,0.02857142857142857,0.0,0.0,0.38461538461538464,0.48,0.3792250618301733,1,low_load
110,2,0.2515355367066394,0.33319999999999994,0.2241379310344827,0.04285714285714285,0.0,0.0,0.3076923076923077,0.44,0.41220115416323166,1,low_load
110,3,0.24978063761333727,0.33319999999999994,0.31896551724137934,0.06428571428571428,0.0,0.0,0.6153846153846154,0.64,0.3792250618301733,1,low_load
110,4,0.24822072730817982,0.26659999999999995,0.060344827586206885,0.014285714285714285,0.0,0.0,0.6923076923076923,0.52,0.494641384995878,1,low_load
110,5,0.25572779565175,0.26659999999999995,0.2672413793103448,0.12857142857142856,0.0,0.0,0.15384615384615385,0.2,0.4451772464962904,1,low_load
110,6,0.24666081700302234,0.26659999999999995,0.3103448275862069,0.06428571428571428,0.0,0.0,0.8461538461538461,0.84,0.5441055234954659,1,low_load
110,7,0.25290045822365215,0.26659999999999995,0.27586206896551724,0.03571428571428571,0.0,0.0,0.9230769230769231,0.52,0.6760098928277,1,low_load
110,8,0.25056059276591597,0.26659999999999995,0.1293103448275862,0.05714285714285714,0.0,0.0,0.6923076923076923,0.36,0.6924979389942294,1,low_load
110,9,0.25075558155406064,0.30099999999999993,0.2586206896551724,0.10714285714285712,0.0,0.0,0.38461538461538464,0.32,0.6265457543281123,1,low_load
111,0,0.25007312079555427,0.26659999999999995,0.396551724137931,0.02857142857142857,0.0,0.0,0.38461538461538464,0.48,0.3792250618301733,1,low_load
111,1,0.2515355367066394,0.33319999999999994,0.2241379310344827,0.04285714285714285,0.0,0.0,0.3076923076923077,0.44,0.41220115416323166,1,low_load
111,2,0.24978063761333727,0.33319999999999994,0.31896551724137934,0.06428571428571428,0.0,0.0,0.6153846153846154,0.64,0.3792250618301733,1,low_load
111,3,0.24822072730817982,0.26659999999999995,0.060344827586206885,0.014285714285714285,0.0,0.0,0.6923076923076923,0.52,0.494641384995878,1,low_load
111,4,0.25572779565175,0.26659999999999995,0.2672413793103448,0.12857142857142856,0.0,0.0,0.15384615384615385,0.2,0.4451772464962904,1,low_load
111,5,0.24666081700302234,0.26659999999999995,0.3103448275862069,0.06428571428571428,0.0,0.0,0.8461538461538461,0.84,0.5441055234954659,1,low_load
111,6,0.25290045822365215,0.26659999999999995,0.27586206896551724,0.03571428571428571,0.0,0.0,0.9230769230769231,0.52,0.6760098928277,1,low_load
111,7,0.25056059276591597,0.26659999999999995,0.1293103448275862,0.05714285714285714,0.0,0.0,0.6923076923076923,0.36,0.6924979389942294,1,low_load
111,8,0.25075558155406064,0.30099999999999993,0.2586206896551724,0.10714285714285712,0.0,0.0,0.38461538461538464,0.32,0.6265457543281123,1,low_load
111,9,0.24685580579116703,0.28379999999999994,0.2586206896551724,0.049999999999999996,0.0,0.0,0.7692307692307693,0.68,0.7584501236603463,1,low_load
112,0,0.2515355367066394,0.33319999999999994,0.2241379310344827,0.04285714285714285,0.0,0.0,0.3076923076923077,0.44,0.41220115416323166,1,low_load
112,1,0.24978063761333727,0.33319999999999994,0.31896551724137934,0.06428571428571428,0.0,0.0,0.6153846153846154,0.64,0.3792250618301733,1,low_load
112,2,0.24822072730817982,0.26659999999999995,0.060344827586206885,0.014285714285714285,0.0,0.0,0.6923076923076923,0.52,0.494641384995878,1,low_load
112,3,0.25572779565175,0.26659999999999995,0.2672413793103448,0.12857142857142856,0.0,0.0,0.15384615384615385,0.2,0.4451772464962904,1,low_load
112,4,0.24666081700302234,0.26659999999999995,0.3103448275862069,0.06428571428571428,0.0,0.0,0.8461538461538461,0.84,0.5441055234954659,1,low_load
112,5,0.25290045822365215,0.26659999999999995,0.27586206896551724,0.03571428571428571,0.0,0.0,0.9230769230769231,0.52,0.6760098928277,1,low_load
112,6,0.25056059276591597,0.26659999999999995,0.1293103448275862,0.05714285714285714,0.0,0.0,0.6923076923076923,0.36,0.6924979389942294,1,low_load
112,7,0.25075558155406064,0.30099999999999993,0.2586206896551724,0.10714285714285712,0.0,0.0,0.38461538461538464,0.32,0.6265457543281123,1,low_load
112,8,0.24685580579116703,0.28379999999999994,0.2586206896551724,0.049999999999999996,0.0,0.0,0.7692307692307693,0.68,0.7584501236603463,1,low_load
112,9,0.25192551428292875,0.26659999999999995,0.06896551724137931,0.007142857142857143,0.0,0.0,0.5384615384615384,0.36,0.6924979389942294,1,low_load
113,0,0.24978063761333727,0.33319999999999994,0.31896551724137934,0.06428571428571428,0.0,0.0,0.6153846153846154,0.64,0.3792250618301733,1,low_load
113,1,0.24822072730817982,0.26659999999999995,0.060344827586206885,0.014285714285714285,0.0,0.0,0.6923076923076923,0.52,0.494641384995878,1,low_load
113,2,0.25572779565175,0.26659999999999995,0.2672413793103448,0.12857142857142856,0.0,0.0,0.15384615384615385,0.2,0.4451772464962904,1,low_load
113,3,0.24666081700302234,0.26659999999999995,0.3103448275862069,0.06428571428571428,0.0,0.0,0.8461538461538461,0.84,0.5441055234954659,1,low_load
113,4,0.25290045822365215,0.26659999999999995,0.27586206896551724,0.03571428571428571,0.0,0.0,0.9230769230769231,0.52,0.6760098928277,1,low_load
113,5,0.25056059276591597,0.26659999999999995,0.1293103448275862,0.05714285714285714,0.0,0.0,0.6923076923076923,0.36,0.6924979389942294,1,low_load
113,6,0.25075558155406064,0.30099999999999993,0.2586206896551724,0.10714285714285712,0.0,0.0,0.38461538461538464,0.32,0.6265457543281123,1,low_load
113,7,0.24685580579116703,0.28379999999999994,0.2586206896551724,0.049999999999999996,0.0,0.0,0.7692307692307693,0.68,0.7584501236603463,1,low_load
113,8,0.25192551428292875,0.26659999999999995,0.06896551724137931,0.007142857142857143,0.0,0.0,0.5384615384615384,0.36,0.6924979389942294,1,low_load
113,9,0.2485132104903968,0.26659999999999995,0.21551724137931028,0.09999999999999999,0.0,0.0,0.07692307692307693,0.24,0.5111294311624073,1,low_load
114,0,0.24822072730817982,0.26659999999999995,0.060344827586206885,0.014285714285714285,0.0,0.0,0.6923076923076923,0.52,0.494641384995878,1,low_load
114,1,0.25572779565175,0.26659999999999995,0.2672413793103448,0.12857142857142856,0.0,0.0,0.15384615384615385,0.2,0.4451772464962904,1,low_load
114,2,0.24666081700302234,0.26659999999999995,0.3103448275862069,0.06428571428571428,0.0,0.0,0.8461538461538461,0.84,0.5441055234954659,1,low_load
114,3,0.25290045822365215,0.26659999999999995,0.27586206896551724,0.03571428571428571,0.0,0.0,0.9230769230769231,0.52,0.6760098928277,1,low_load
114,4,0.25056059276591597,0.26659999999999995,0.1293103448275862,0.05714285714285714,0.0,0.0,0.6923076923076923,0.36,0.6924979389942294,1,low_load
114,5,0.25075558155406064,0.30099999999999993,0.2586206896551724,0.10714285714285712,0.0,0.0,0.38461538461538464,0.32,0.6265457543281123,1,low_load
114,6,0.24685580579116703,0.28379999999999994,0.2586206896551724,0.049999999999999996,0.0,0.0,0.7692307692307693,0.68,0.7584501236603463,1,low_load
114,7,0.25192551428292875,0.26659999999999995,0.06896551724137931,0.007142857142857143,0.0,0.0,0.5384615384615384,0.36,0.6924979389942294,1,low_load
114,8,0.2485132104903968,0.26659999999999995,0.21551724137931028,0.09999999999999999,0.0,0.0,0.07692307692307693,0.24,0.5111294311624073,1,low_load
114,9,0.2485132104903968,0.33319999999999994,0.28448275862068967,0.03571428571428571,0.0,0.0,0.38461538461538464,0.64,0.4451772464962904,1,low_load
115,0,0.25572779565175,0.26659999999999995,0.2672413793103448,0.12857142857142856,0.0,0.0,0.15384615384615385,0.2,0.4451772464962904,1,low_load
115,1,0.24666081700302234,0.26659999999999995,0.3103448275862069,0.06428571428571428,0.0,0.0,0.8461538461538461,0.84,0.5441055234954659,1,low_load
115,2,0.25290045822365215,0.26659999999999995,0.27586206896551724,0.03571428571428571,0.0,0.0,0.9230769230769231,0.52,0.6760098928277,1,low_load
115,3,0.25056059276591597,0.26659999999999995,0.1293103448275862,0.05714285714285714,0.0,0.0,0.6923076923076923,0.36,0.6924979389942294,1,low_load
115,4,0.25075558155406064,0.30099999999999993,0.2586206896551724,0.10714285714285712,0.0,0.0,0.38461538461538464,0.32,0.6265457543281123,1,low_load
115,5,0.24685580579116703,0.28379999999999994,0.2586206896551724,0.049999999999999996,0.0,0.0,0.7692307692307693,0.68,0.7584501236603463,1,low_load
115,6,0.25192551428292875,0.26659999999999995,0.06896551724137931,0.007142857142857143,0.0,0.0,0.5384615384615384,0.36,0.6924979389942294,1,low_load
115,7,0.2485132104903968,0.26659999999999995,0.21551724137931028,0.09999999999999999,0.0,0.0,0.07692307692307693,0.24,0.5111294311624073,1,low_load
115,8,0.2485132104903968,0.33319999999999994,0.28448275862068967,0.03571428571428571,0.0,0.0,0.38461538461538464,0.64,0.4451772464962904,1,low_load
115,9,0.24997562640148194,0.26659999999999995,0.3017241379310345,0.021428571428571425,0.0,0.0,0.6153846153846154,0.6,0.494641384995878,1,low_load
116,0,0.24666081700302234,0.26659999999999995,0.3103448275862069,0.06428571428571428,0.0,0.0,0.8461538461538461,0.84,0.5441055234954659,1,low_load
116,1,0.25290045822365215,0.26659999999999995,0.27586206896551724,0.03571428571428571,0.0,0.0,0.9230769230769231,0.52,0.6760098928277,1,low_load
116,2,0.25056059276591597,0.26659999999999995,0.1293103448275862,0.05714285714285714,0.0,0.0,0.6923076923076923,0.36,0.6924979389942294,1,low_load
116,3,0.25075558155406064,0.30099999999999993,0.2586206896551724,0.10714285714285712,0.0,0.0,0.38461538461538464,0.32,0.6265457543281123,1,low_load
116,4,0.24685580579116703,0.28379999999999994,0.2586206896551724,0.049999999999999996,0.0,0.0,0.7692307692307693,0.68,0.7584501236603463,1,low_load
116,5,0.25192551428292875,0.26659999999999995,0.06896551724137931,0.007142857142857143,0.0,0.0,0.5384615384615384,0.36,0.6924979389942294,1,low_load
116,6,0.2485132104903968,0.26659999999999995,0.21551724137931028,0.09999999999999999,0.0,0.0,0.07692307692307693,0.24,0.5111294311624073,1,low_load
116,7,0.2485132104903968,0.33319999999999994,0.28448275862068967,0.03571428571428571,0.0,0.0,0.38461538461538464,0.64,0.4451772464962904,1,low_load
116,8,0.24997562640148194,0.26659999999999995,0.3017241379310345,0.021428571428571425,0.0,0.0,0.6153846153846154,0.6,0.494641384995878,1,low_load
116,9,0.24978063761333727,0.33319999999999994,0.31896551724137934,0.09285714285714285,0.0,0.0,0.6153846153846154,0.48,0.46166529266281964,1,low_load
117,0,0.25290045822365215,0.26659999999999995,0.27586206896551724,0.03571428571428571,0.0,0.0,0.9230769230769231,0.52,0.6760098928277,1,low_load
117,1,0.25056059276591597,0.26659999999999995,0.1293103448275862,0.05714285714285714,0.0,0.0,0.6923076923076923,0.36,0.6924979389942294,1,low_load
117,2,0.25075558155406064,0.30099999999999993,0.2586206896551724,0.10714285714285712,0.0,0.0,0.38461538461538464,0.32,0.6265457543281123,1,low_load
117,3,0.24685580579116703,0.28379999999999994,0.2586206896551724,0.049999999999999996,0.0,0.0,0.7692307692307693,0.68,0.7584501236603463,1,low_load
117,4,0.25192551428292875,0.26659999999999995,0.06896551724137931,0.007142857142857143,0.0,0.0,0.5384615384615384,0.36,0.6924979389942294,1,low_load
117,5,0.2485132104903968,0.26659999999999995,0.21551724137931028,0.09999999999999999,0.0,0.0,0.07692307692307693,0.24,0.5111294311624073,1,low_load
117,6,0.2485132104903968,0.33319999999999994,0.28448275862068967,0.03571428571428571,0.0,0.0,0.38461538461538464,0.64,0.4451772464962904,1,low_load
117,7,0.24997562640148194,0.26659999999999995,0.3017241379310345,0.021428571428571425,0.0,0.0,0.6153846153846154,0.6,0.494641384995878,1,low_load
117,8,0.24978063761333727,0.33319999999999994,0.31896551724137934,0.09285714285714285,0.0,0.0,0.6153846153846154,0.48,0.46166529266281964,1,low_load
117,9,0.250853075948133,0.26659999999999995,0.3017241379310345,0.0857142857142857,0.0,0.0,0.38461538461538464,0.36,0.4286892003297609,1,low_load
118,0,0.25056059276591597,0.26659999999999995,0.1293103448275862,0.05714285714285714,0.0,0.0,0.6923076923076923,0.36,0.6924979389942294,1,low_load
118,1,0.25075558155406064,0.30099999999999993,0.2586206896551724,0.10714285714285712,0.0,0.0,0.38461538461538464,0.32,0.6265457543281123,1,low_load
118,2,0.24685580579116703,0.28379999999999994,0.2586206896551724,0.049999999999999996,0.0,0.0,0.7692307692307693,0.68,0.7584501236603463,1,low_load
118,3,0.25192551428292875,0.26659999999999995,0.06896551724137931,0.007142857142857143,0.0,0.0,0.5384615384615384,0.36,0.6924979389942294,1,low_load
118,4,0.2485132104903968,0.26659999999999995,0.21551724137931028,0.09999999999999999,0.0,0.0,0.07692307692307693,0.24,0.5111294311624073,1,low_load
118,5,0.2485132104903968,0.33319999999999994,0.28448275862068967,0.03571428571428571,0.0,0.0,0.38461538461538464,0.64,0.4451772464962904,1,low_load
118,6,0.24997562640148194,0.26659999999999995,0.3017241379310345,0.021428571428571425,0.0,0.0,0.6153846153846154,0.6,0.494641384995878,1,low_load
118,7,0.24978063761333727,0.33319999999999994,0.31896551724137934,0.09285714285714285,0.0,0.0,0.6153846153846154,0.48,0.46166529266281964,1,low_load
118,8,0.250853075948133,0.26659999999999995,0.3017241379310345,0.0857142857142857,0.0,0.0,0.38461538461538464,0.36,0.4286892003297609,1,low_load
118,9,0.24812323291410746,0.26659999999999995,0.01724137931034484,0.014285714285714285,0.0,0.0,0.6153846153846154,0.6,0.5441055234954659,1,low_load
119,0,0.25075558155406064,0.30099999999999993,0.2586206896551724,0.10714285714285712,0.0,0.0,0.38461538461538464,0.32,0.6265457543281123,1,low_load
119,1,0.24685580579116703,0.28379999999999994,0.2586206896551724,0.049999999999999996,0.0,0.0,0.7692307692307693,0.68,0.7584501236603463,1,low_load
119,2,0.25192551428292875,0.26659999999999995,0.06896551724137931,0.007142857142857143,0.0,0.0,0.5384615384615384,0.36,0.6924979389942294,1,low_load
119,3,0.2485132104903968,0.26659999999999995,0.21551724137931028,0.09999999999999999,0.0,0.0,0.07692307692307693,0.24,0.5111294311624073,1,low_load
119,4,0.2485132104903968,0.33319999999999994,0.28448275862068967,0.03571428571428571,0.0,0.0,0.38461538461538464,0.64,0.4451772464962904,1,low_load
119,5,0.24997562640148194,0.26659999999999995,0.3017241379310345,0.021428571428571425,0.0,0.0,0.6153846153846154,0.6,0.494641384995878,1,low_load
119,6,0.24978063761333727,0.33319999999999994,0.31896551724137934,0.09285714285714285,0.0,0.0,0.6153846153846154,0.48,0.46166529266281964,1,low_load
119,7,0.250853075948133,0.26659999999999995,0.3017241379310345,0.0857142857142857,0.0,0.0,0.38461538461538464,0.36,0.4286892003297609,1,low_load
119,8,0.24812323291410746,0.26659999999999995,0.01724137931034484,0.014285714285714285,0.0,0.0,0.6153846153846154,0.6,0.5441055234954659,1,low_load
119,9,0.25124305352442233,0.30099999999999993,0.2586206896551724,0.03571428571428571,0.0,0.0,0.6923076923076923,0.52,0.6100577081615831,1,low_load
120,0,0.24685580579116703,0.28379999999999994,0.2586206896551724,0.049999999999999996,0.0,0.0,0.7692307692307693,0.68,0.7584501236603463,1,low_load
120,1,0.25192551428292875,0.26659999999999995,0.06896551724137931,0.007142857142857143,0.0,0.0,0.5384615384615384,0.36,0.6924979389942294,1,low_load
120,2,0.2485132104903968,0.26659999999999995,0.21551724137931028,0.09999999999999999,0.0,0.0,0.07692307692307693,0.24,0.5111294311624073,1,low_load
120,3,0.2485132104903968,0.33319999999999994,0.28448275862068967,0.03571428571428571,0.0,0.0,0.38461538461538464,0.64,0.4451772464962904,1,low_load
120,4,0.24997562640148194,0.26659999999999995,0.3017241379310345,0.021428571428571425,0.0,0.0,0.6153846153846154,0.6,0.494641384995878,1,low_load
120,5,0.24978063761333727,0.33319999999999994,0.31896551724137934,0.09285714285714285,0.0,0.0,0.6153846153846154,0.48,0.46166529266281964,1,low_load
120,6,0.250853075948133,0.26659999999999995,0.3017241379310345,0.0857142857142857,0.0,0.0,0.38461538461538464,0.36,0.4286892003297609,1,low_load
120,7,0.24812323291410746,0.26659999999999995,0.01724137931034484,0.014285714285714285,0.0,0.0,0.6153846153846154,0.6,0.5441055234954659,1,low_load
120,8,0.25124305352442233,0.30099999999999993,0.2586206896551724,0.03571428571428571,0.0,0.0,0.6923076923076923,0.52,0.6100577081615831,1,low_load
120,9,0.25358291898215857,0.25060000000000004,0.2931034482758621,0.07857142857142856,0.0,0.0,0.9230769230769231,0.6,0.6760098928277,1,low_load
121,0,0.2485132104903968,0.26659999999999995,0.21551724137931028,0.09999999999999999,0.0,0.0,0.07692307692307693,0.24,0.5111294311624073,1,low_load
121,1,0.2485132104903968,0.33319999999999994,0.28448275862068967,0.03571428571428571,0.0,0.0,0.38461538461538464,0.64,0.4451772464962904,1,low_load
121,2,0.24997562640148194,0.26659999999999995,0.3017241379310345,0.021428571428571425,0.0,0.0,0.6153846153846154,0.6,0.494641384995878,1,low_load
121,3,0.24978063761333727,0.33319999999999994,0.31896551724137934,0.09285714285714285,0.0,0.0,0.6153846153846154,0.48,0.46166529266281964,1,low_load
121,4,0.250853075948133,0.26659999999999995,0.3017241379310345,0.0857142857142857,0.0,0.0,0.38461538461538464,0.36,0.4286892003297609,1,low_load
121,5,0.24812323291410746,0.26659999999999995,0.01724137931034484,0.014285714285714285,0.0,0.0,0.6153846153846154,0.6,0.5441055234954659,1,low_load
121,6,0.25124305352442233,0.30099999999999993,0.2586206896551724,0.03571428571428571,0.0,0.0,0.6923076923076923,0.52,0.6100577081615831,1,low_load
121,7,0.25358291898215857,0.25060000000000004,0.2931034482758621,0.07857142857142856,0.0,0.0,0.9230769230769231,0.6,0.6760098928277,1,low_load
121,8,0.250268109583699,0.2,0.2672413793103448,0.04285714285714285,0.0,0.0,0.6153846153846154,0.32,0.6760098928277,1,low_load
121,9,0.25065808715998833,0.2,0.31896551724137934,0.06428571428571428,0.0,0.0,0.23076923076923078,0.28,0.6430338004946415,1,low_load
122,0,0.2485132104903968,0.33319999999999994,0.28448275862068967,0.03571428571428571,0.0,0.0,0.38461538461538464,0.64,0.4451772464962904,1,low_load
122,1,0.24997562640148194,0.26659999999999995,0.3017241379310345,0.021428571428571425,0.0,0.0,0.6153846153846154,0.6,0.494641384995878,1,low_load
122,2,0.24978063761333727,0.33319999999999994,0.31896551724137934,0.09285714285714285,0.0,0.0,0.6153846153846154,0.48,0.46166529266281964,1,low_load
122,3,0.250853075948133,0.26659999999999995,0.3017241379310345,0.0857142857142857,0.0,0.0,0.38461538461538464,0.36,0.4286892003297609,1,low_load
122,4,0.24812323291410746,0.26659999999999995,0.01724137931034484,0.014285714285714285,0.0,0.0,0.6153846153846154,0.6,0.5441055234954659,1,low_load
122,5,0.25124305352442233,0.30099999999999993,0.2586206896551724,0.03571428571428571,0.0,0.0,0.6923076923076923,0.52,0.6100577081615831,1,low_load
122,6,0.25358291898215857,0.25060000000000004,0.2931034482758621,0.07857142857142856,0.0,0.0,0.9230769230769231,0.6,0.6760098928277,1,low_load
122,7,0.250268109583699,0.2,0.2672413793103448,0.04285714285714285,0.0,0.0,0.6153846153846154,0.32,0.6760098928277,1,low_load
122,8,0.25065808715998833,0.2,0.31896551724137934,0.06428571428571428,0.0,0.0,0.23076923076923078,0.28,0.6430338004946415,1,low_load
122,9,0.2503656039777713,0.2,0.28448275862068967,0.09999999999999999,0.0,0.0,0.3076923076923077,0.52,0.5770816158285244,1,low_load
123,0,0.24997562640148194,0.26659999999999995,0.3017241379310345,0.021428571428571425,0.0,0.0,0.6153846153846154,0.6,0.494641384995878,1,low_load
123,1,0.24978063761333727,0.33319999999999994,0.31896551724137934,0.09285714285714285,0.0,0.0,0.6153846153846154,0.48,0.46166529266281964,1,low_load
123,2,0.250853075948133,0.26659999999999995,0.3017241379310345,0.0857142857142857,0.0,0.0,0.38461538461538464,0.36,0.4286892003297609,1,low_load
123,3,0.24812323291410746,0.26659999999999995,0.01724137931034484,0.014285714285714285,0.0,0.0,0.6153846153846154,0.6,0.5441055234954659,1,low_load
123,4,0.25124305352442233,0.30099999999999993,0.2586206896551724,0.03571428571428571,0.0,0.0,0.6923076923076923,0.52,0.6100577081615831,1,low_load
123,5,0.25358291898215857,0.25060000000000004,0.2931034482758621,0.07857142857142856,0.0,0.0,0.9230769230769231,0.6,0.6760098928277,1,low_load
123,6,0.250268109583699,0.2,0.2672413793103448,0.04285714285714285,0.0,0.0,0.6153846153846154,0.32,0.6760098928277,1,low_load
123,7,0.25065808715998833,0.2,0.31896551724137934,0.06428571428571428,0.0,0.0,0.23076923076923078,0.28,0.6430338004946415,1,low_load
123,8,0.2503656039777713,0.2,0.28448275862068967,0.09999999999999999,0.0,0.0,0.3076923076923077,0.52,0.5770816158285244,1,low_load
123,9,0.24822072730817982,0.2,0.32758620689655177,0.049999999999999996,0.0,0.0,0.15384615384615385,0.4,0.46166529266281964,1,low_load
124,0,0.24978063761333727,0.33319999999999994,0.31896551724137934,0.09285714285714285,0.0,0.0,0.6153846153846154,0.48,0.46166529266281964,1,low_load
124,1,0.250853075948133,0.26659999999999995,0.3017241379310345,0.0857142857142857,0.0,0.0,0.38461538461538464,0.36,0.4286892003297609,1,low_load
124,2,0.24812323291410746,0.26659999999999995,0.01724137931034484,0.014285714285714285,0.0,0.0,0.6153846153846154,0.6,0.5441055234954659,1,low_load
124,3,0.25124305352442233,0.30099999999999993,0.2586206896551724,0.03571428571428571,0.0,0.0,0.6923076923076923,0.52,0.6100577081615831,1,low_load
124,4,0.25358291898215857,0.25060000000000004,0.2931034482758621,0.07857142857142856,0.0,0.0,0.9230769230769231,0.6,0.6760098928277,1,low_load
124,5,0.250268109583699,0.2,0.2672413793103448,0.04285714285714285,0.0,0.0,0.6153846153846154,0.32,0.6760098928277,1,low_load
124,6,0.25065808715998833,0.2,0.31896551724137934,0.06428571428571428,0.0,0.0,0.23076923076923078,0.28,0.6430338004946415,1,low_load
124,7,0.2503656039777713,0.2,0.28448275862068967,0.09999999999999999,0.0,0.0,0.3076923076923077,0.52,0.5770816158285244,1,low_load
124,8,0.24822072730817982,0.2,0.32758620689655177,0.049999999999999996,0.0,0.0,0.15384615384615385,0.4,0.46166529266281964,1,low_load
124,9,0.250268109583699,0.2,0.13793103448275862,0.03571428571428571,0.0,0.0,0.07692307692307693,0.44,0.28029678483099774,1,low_load
125,0,0.25358291898215857,0.25060000000000004,0.2931034482758621,0.07857142857142856,0.0,0.0,0.9230769230769231,0.6,0.6760098928277,1,low_load
125,1,0.250268109583699,0.2,0.2672413793103448,0.04285714285714285,0.0,0.0,0.6153846153846154,0.32,0.6760098928277,1,low_load
125,2,0.25065808715998833,0.2,0.31896551724137934,0.06428571428571428,0.0,0.0,0.23076923076923078,0.28,0.6430338004946415,1,low_load
125,3,0.2503656039777713,0.2,0.28448275862068967,0.09999999999999999,0.0,0.0,0.3076923076923077,0.52,0.5770816158285244,1,low_load
125,4,0.24822072730817982,0.2,0.32758620689655177,0.049999999999999996,0.0,0.0,0.15384615384615385,0.4,0.46166529266281964,1,low_load
125,5,0.250268109583699,0.2,0.13793103448275862,0.03571428571428571,0.0,0.0,0.07692307692307693,0.44,0.28029678483099774,1,low_load
125,6,0.24919567124890318,0.26659999999999995,0.3103448275862069,0.049999999999999996,0.0,0.0,0.3076923076923077,0.6,0.2143446001648806,1,low_load
125,7,0.2522179974651458,0.2,0.2672413793103448,0.07142857142857142,0.0,0.0,0.07692307692307693,0.36,0.18136850783182187,1,low_load
125,8,0.2477332553378181,0.2,0.28448275862068967,0.05714285714285714,0.0,0.0,0.07692307692307693,0.48,0.13190436933223426,1,low_load
125,9,0.24978063761333727,0.13319999999999993,0.3103448275862069,0.049999999999999996,0.0,0.0,0.46153846153846156,0.68,0.1978565539983514,1,low_load
126,0,0.25065808715998833,0.2,0.31896551724137934,0.06428571428571428,0.0,0.0,0.23076923076923078,0.28,0.6430338004946415,1,low_load
126,1,0.2503656039777713,0.2,0.28448275862068967,0.09999999999999999,0.0,0.0,0.3076923076923077,0.52,0.5770816158285244,1,low_load
126,2,0.24822072730817982,0.2,0.32758620689655177,0.049999999999999996,0.0,0.0,0.15384615384615385,0.4,0.46166529266281964,1,low_load
126,3,0.250268109583699,0.2,0.13793103448275862,0.03571428571428571,0.0,0.0,0.07692307692307693,0.44,0.28029678483099774,1,low_load
126,4,0.24919567124890318,0.26659999999999995,0.3103448275862069,0.049999999999999996,0.0,0.0,0.3076923076923077,0.6,0.2143446001648806,1,low_load
126,5,0.2522179974651458,0.2,0.2672413793103448,0.07142857142857142,0.0,0.0,0.07692307692307693,0.36,0.18136850783182187,1,low_load
126,6,0.2477332553378181,0.2,0.28448275862068967,0.05714285714285714,0.0,0.0,0.07692307692307693,0.48,0.13190436933223426,1,low_load
126,7,0.24978063761333727,0.13319999999999993,0.3103448275862069,0.049999999999999996,0.0,0.0,0.46153846153846156,0.68,0.1978565539983514,1,low_load
126,8,0.24958564882519257,0.2322,0.3017241379310345,0.05714285714285714,0.0,0.0,0.5384615384615384,0.52,0.29678483099752695,1,low_load
126,9,0.24744077215560106,0.2322,0.27586206896551724,0.07142857142857142,0.0,0.0,0.23076923076923078,0.32,0.28029678483099774,1,low_load
127,0,0.24822072730817982,0.2,0.32758620689655177,0.049999999999999996,0.0,0.0,0.15384615384615385,0.4,0.46166529266281964,1,low_load
127,1,0.250268109583699,0.2,0.13793103448275862,0.03571428571428571,0.0,0.0,0.07692307692307693,0.44,0.28029678483099774,1,low_load
127,2,0.24919567124890318,0.26659999999999995,0.3103448275862069,0.049999999999999996,0.0,0.0,0.3076923076923077,0.6,0.2143446001648806,1,low_load
127,3,0.2522179974651458,0.2,0.2672413793103448,0.07142857142857142,0.0,0.0,0.07692307692307693,0.36,0.18136850783182187,1,low_load
127,4,0.2477332553378181,0.2,0.28448275862068967,0.05714285714285714,0.0,0.0,0.07692307692307693,0.48,0.13190436933223426,1,low_load
127,5,0.24978063761333727,0.13319999999999993,0.3103448275862069,0.049999999999999996,0.0,0.0,0.46153846153846156,0.68,0.1978565539983514,1,low_load
127,6,0.24958564882519257,0.2322,0.3017241379310345,0.05714285714285714,0.0,0.0,0.5384615384615384,0.52,0.29678483099752695,1,low_load
127,7,0.24744077215560106,0.2322,0.27586206896551724,0.07142857142857142,0.0,0.0,0.23076923076923078,0.32,0.28029678483099774,1,low_load
127,8,0.24958564882519257,0.2322,0.3017241379310345,0.05714285714285714,0.0,0.0,0.5384615384615384,0.64,0.3792250618301733,1,low_load
127,9,0.25056059276591597,0.2161999999999999,0.32758620689655177,0.014285714285714285,0.0,0.0,0.6153846153846154,0.52,0.494641384995878,1,low_load
128,0,0.250268109583699,0.2,0.13793103448275862,0.03571428571428571,0.0,0.0,0.07692307692307693,0.44,0.28029678483099774,1,low_load
128,1,0.24919567124890318,0.26659999999999995,0.3103448275862069,0.049999999999999996,0.0,0.0,0.3076923076923077,0.6,0.2143446001648806,1,low_load
128,2,0.2522179974651458,0.2,0.2672413793103448,0.07142857142857142,0.0,0.0,0.07692307692307693,0.36,0.18136850783182187,1,low_load
128,3,0.2477332553378181,0.2,0.28448275862068967,0.05714285714285714,0.0,0.0,0.07692307692307693,0.48,0.13190436933223426,1,low_load
128,4,0.24978063761333727,0.13319999999999993,0.3103448275862069,0.049999999999999996,0.0,0.0,0.46153846153846156,0.68,0.1978565539983514,1,low_load
128,5,0.24958564882519257,0.2322,0.3017241379310345,0.05714285714285714,0.0,0.0,0.5384615384615384,0.52,0.29678483099752695,1,low_load
128,6,0.24744077215560106,0.2322,0.27586206896551724,0.07142857142857142,0.0,0.0,0.23076923076923078,0.32,0.28029678483099774,1,low_load
128,7,0.24958564882519257,0.2322,0.3017241379310345,0.05714285714285714,0.0,0.0,0.5384615384615384,0.64,0.3792250618301733,1,low_load
128,8,0.25056059276591597,0.2161999999999999,0.32758620689655177,0.014285714285714285,0.0,0.0,0.6153846153846154,0.52,0.494641384995878,1,low_load
128,9,0.24987813200740958,0.2,0.3017241379310345,0.06428571428571428,0.0,0.0,0.15384615384615385,0.24,0.4286892003297609,1,low_load
129,0,0.2522179974651458,0.2,0.2672413793103448,0.07142857142857142,0.0,0.0,0.07692307692307693,0.36,0.18136850783182187,1,low_load
129,1,0.2477332553378181,0.2,0.28448275862068967,0.05714285714285714,0.0,0.0,0.07692307692307693,0.48,0.13190436933223426,1,low_load
129,2,0.24978063761333727,0.13319999999999993,0.3103448275862069,0.049999999999999996,0.0,0.0,0.46153846153846156,0.68,0.1978565539983514,1,low_load
129,3,0.24958564882519257,0.2322,0.3017241379310345,0.05714285714285714,0.0,0.0,0.5384615384615384,0.52,0.29678483099752695,1,low_load
129,4,0.24744077215560106,0.2322,0.27586206896551724,0.07142857142857142,0.0,0.0,0.23076923076923078,0.32,0.28029678483099774,1,low_load
129,5,0.24958564882519257,0.2322,0.3017241379310345,0.05714285714285714,0.0,0.0,0.5384615384615384,0.64,0.3792250618301733,1,low_load
129,6,0.25056059276591597,0.2161999999999999,0.32758620689655177,0.014285714285714285,0.0,0.0,0.6153846153846154,0.52,0.494641384995878,1,low_load
129,7,0.24987813200740958,0.2,0.3017241379310345,0.06428571428571428,0.0,0.0,0.15384615384615385,0.24,0.4286892003297609,1,low_load
129,8,0.25007312079555427,0.26659999999999995,0.31896551724137934,0.09285714285714285,0.0,0.0,0.7692307692307693,0.8,0.4781533388293488,1,low_load
129,9,0.24900068246075852,0.33319999999999994,0.3620689655172413,0.014285714285714285,0.0,0.0,0.07692307692307693,0.12,0.4451772464962904,1,low_load
130,0,0.24978063761333727,0.13319999999999993,0.3103448275862069,0.049999999999999996,0.0,0.0,0.46153846153846156,0.68,0.1978565539983514,1,low_load
130,1,0.24958564882519257,0.2322,0.3017241379310345,0.05714285714285714,0.0,0.0,0.5384615384615384,0.52,0.29678483099752695,1,low_load
130,2,0.24744077215560106,0.2322,0.27586206896551724,0.07142857142857142,0.0,0.0,0.23076923076923078,0.32,0.28029678483099774,1,low_load
130,3,0.24958564882519257,0.2322,0.3017241379310345,0.05714285714285714,0.0,0.0,0.5384615384615384,0.64,0.3792250618301733,1,low_load
130,4,0.25056059276591597,0.2161999999999999,0.32758620689655177,0.014285714285714285,0.0,0.0,0.6153846153846154,0.52,0.494641384995878,1,low_load
130,5,0.24987813200740958,0.2,0.3017241379310345,0.06428571428571428,0.0,0.0,0.15384615384615385,0.24,0.4286892003297609,1,low_load
130,6,0.25007312079555427,0.26659999999999995,0.31896551724137934,0.09285714285714285,0.0,0.0,0.7692307692307693,0.8,0.4781533388293488,1,low_load
130,7,0.24900068246075852,0.33319999999999994,0.3620689655172413,0.014285714285714285,0.0,0.0,0.07692307692307693,0.12,0.4451772464962904,1,low_load
130,8,0.2521205030710734,0.26659999999999995,0.31896551724137934,0.07142857142857142,0.0,0.0,1.0,0.96,0.5441055234954659,1,low_load
130,9,0.24870819927854151,0.2,0.31896551724137934,0.07142857142857142,0.0,0.0,0.6153846153846154,0.28,0.5441055234954659,1,low_load
131,0,0.25056059276591597,0.2161999999999999,0.32758620689655177,0.014285714285714285,0.0,0.0,0.6153846153846154,0.52,0.494641384995878,1,low_load
131,1,0.24987813200740958,0.2,0.3017241379310345,0.06428571428571428,0.0,0.0,0.15384615384615385,0.24,0.4286892003297609,1,low_load
131,2,0.25007312079555427,0.26659999999999995,0.31896551724137934,0.09285714285714285,0.0,0.0,0.7692307692307693,0.8,0.4781533388293488,1,low_load
131,3,0.24900068246075852,0.33319999999999994,0.3620689655172413,0.014285714285714285,0.0,0.0,0.07692307692307693,0.12,0.4451772464962904,1,low_load
131,4,0.2521205030710734,0.26659999999999995,0.31896551724137934,0.07142857142857142,0.0,0.0,1.0,0.96,0.5441055234954659,1,low_load
131,5,0.24870819927854151,0.2,0.31896551724137934,0.07142857142857142,0.0,0.0,0.6153846153846154,0.28,0.5441055234954659,1,low_load
131,6,0.2522179974651458,0.26659999999999995,0.3017241379310345,0.07857142857142856,0.0,0.0,0.38461538461538464,0.36,0.5935696619950536,1,low_load
131,7,0.25338793019401384,0.2,0.27586206896551724,0.07857142857142856,0.0,0.0,0.15384615384615385,0.36,0.46166529266281964,1,low_load
131,8,0.2477332553378181,0.2,0.28448275862068967,0.0857142857142857,0.0,0.0,0.7692307692307693,0.8,0.6100577081615831,1,low_load
131,9,0.24841571609632448,0.26659999999999995,0.23275862068965514,0.02857142857142857,0.0,0.0,0.23076923076923078,0.2,0.4451772464962904,1,low_load
132,0,0.24987813200740958,0.2,0.3017241379310345,0.06428571428571428,0.0,0.0,0.15384615384615385,0.24,0.4286892003297609,1,low_load
132,1,0.25007312079555427,0.26659999999999995,0.31896551724137934,0.09285714285714285,0.0,0.0,0.7692307692307693,0.8,0.4781533388293488,1,low_load
132,2,0.24900068246075852,0.33319999999999994,0.3620689655172413,0.014285714285714285,0.0,0.0,0.07692307692307693,0.12,0.4451772464962904,1,low_load
132,3,0.2521205030710734,0.26659999999999995,0.31896551724137934,0.07142857142857142,0.0,0.0,1.0,0.96,0.5441055234954659,1,low_load
132,4,0.24870819927854151,0.2,0.31896551724137934,0.07142857142857142,0.0,0.0,0.6153846153846154,0.28,0.5441055234954659,1,low_load
132,5,0.2522179974651458,0.26659999999999995,0.3017241379310345,0.07857142857142856,0.0,0.0,0.38461538461538464,0.36,0.5935696619950536,1,low_load
132,6,0.25338793019401384,0.2,0.27586206896551724,0.07857142857142856,0.0,0.0,0.15384615384615385,0.36,0.46166529266281964,1,low_load
132,7,0.2477332553378181,0.2,0.28448275862068967,0.0857142857142857,0.0,0.0,0.7692307692307693,0.8,0.6100577081615831,1,low_load
132,8,0.24841571609632448,0.26659999999999995,0.23275862068965514,0.02857142857142857,0.0,0.0,0.23076923076923078,0.2,0.4451772464962904,1,low_load
132,9,0.24919567124890318,0.2,0.2931034482758621,0.06428571428571428,0.0,0.0,0.38461538461538464,0.56,0.3957131079967025,1,low_load
133,0,0.25007312079555427,0.26659999999999995,0.31896551724137934,0.09285714285714285,0.0,0.0,0.7692307692307693,0.8,0.4781533388293488,1,low_load
133,1,0.24900068246075852,0.33319999999999994,0.3620689655172413,0.014285714285714285,0.0,0.0,0.07692307692307693,0.12,0.4451772464962904,1,low_load
133,2,0.2521205030710734,0.26659999999999995,0.31896551724137934,0.07142857142857142,0.0,0.0,1.0,0.96,0.5441055234954659,1,low_load
133,3,0.24870819927854151,0.2,0.31896551724137934,0.07142857142857142,0.0,0.0,0.6153846153846154,0.28,0.5441055234954659,1,low_load
133,4,0.2522179974651458,0.26659999999999995,0.3017241379310345,0.07857142857142856,0.0,0.0,0.38461538461538464,0.36,0.5935696619950536,1,low_load
133,5,0.25338793019401384,0.2,0.27586206896551724,0.07857142857142856,0.0,0.0,0.15384615384615385,0.36,0.46166529266281964,1,low_load
133,6,0.2477332553378181,0.2,0.28448275862068967,0.0857142857142857,0.0,0.0,0.7692307692307693,0.8,0.6100577081615831,1,low_load
133,7,0.24841571609632448,0.26659999999999995,0.23275862068965514,0.02857142857142857,0.0,0.0,0.23076923076923078,0.2,0.4451772464962904,1,low_load
133,8,0.24919567124890318,0.2,0.2931034482758621,0.06428571428571428,0.0,0.0,0.38461538461538464,0.56,0.3957131079967025,1,low_load
133,9,0.2496831432192649,0.2,0.32758620689655177,0.09285714285714285,0.0,0.0,0.07692307692307693,0.32,0.3297609233305854,1,low_load
134,0,0.2521205030710734,0.26659999999999995,0.31896551724137934,0.07142857142857142,0.0,0.0,1.0,0.96,0.5441055234954659,1,low_load
134,1,0.24870819927854151,0.2,0.31896551724137934,0.07142857142857142,0.0,0.0,0.6153846153846154,0.28,0.5441055234954659,1,low_load
134,2,0.2522179974651458,0.26659999999999995,0.3017241379310345,0.07857142857142856,0.0,0.0,0.38461538461538464,0.36,0.5935696619950536,1,low_load
134,3,0.25338793019401384,0.2,0.27586206896551724,0.07857142857142856,0.0,0.0,0.15384615384615385,0.36,0.46166529266281964,1,low_load
134,4,0.2477332553378181,0.2,0.28448275862068967,0.0857142857142857,0.0,0.0,0.7692307692307693,0.8,0.6100577081615831,1,low_load
134,5,0.24841571609632448,0.26659999999999995,0.23275862068965514,0.02857142857142857,0.0,0.0,0.23076923076923078,0.2,0.4451772464962904,1,low_load
134,6,0.24919567124890318,0.2,0.2931034482758621,0.06428571428571428,0.0,0.0,0.38461538461538464,0.56,0.3957131079967025,1,low_load
134,7,0.2496831432192649,0.2,0.32758620689655177,0.09285714285714285,0.0,0.0,0.07692307692307693,0.32,0.3297609233305854,1,low_load
134,8,0.2515355367066394,0.26659999999999995,0.3017241379310345,0.09285714285714285,0.0,0.0,0.5384615384615384,0.72,0.41220115416323166,1,low_load
134,9,0.24919567124890318,0.26659999999999995,0.3534482758620689,0.014285714285714285,0.0,0.0,0.6923076923076923,0.56,0.3957131079967025,1,low_load
135,0,0.25338793019401384,0.2,0.27586206896551724,0.07857142857142856,0.0,0.0,0.15384615384615385,0.36,0.46166529266281964,1,low_load
135,1,0.2477332553378181,0.2,0.28448275862068967,0.0857142857142857,0.0,0.0,0.7692307692307693,0.8,0.6100577081615831,1,low_load
135,2,0.24841571609632448,0.26659999999999995,0.23275862068965514,0.02857142857142857,0.0,0.0,0.23076923076923078,0.2,0.4451772464962904,1,low_load
135,3,0.24919567124890318,0.2,0.2931034482758621,0.06428571428571428,0.0,0.0,0.38461538461538464,0.56,0.3957131079967025,1,low_load
135,4,0.2496831432192649,0.2,0.32758620689655177,0.09285714285714285,0.0,0.0,0.07692307692307693,0.32,0.3297609233305854,1,low_load
135,5,0.2515355367066394,0.26659999999999995,0.3017241379310345,0.09285714285714285,0.0,0.0,0.5384615384615384,0.72,0.41220115416323166,1,low_load
135,6,0.24919567124890318,0.26659999999999995,0.3534482758620689,0.014285714285714285,0.0,0.0,0.6923076923076923,0.56,0.3957131079967025,1,low_load
135,7,0.2517305254947841,0.2,0.38793103448275856,0.049999999999999996,0.0,0.0,0.9230769230769231,0.6,0.5441055234954659,1,low_load
135,8,0.24783074973189045,0.2,0.31896551724137934,0.09285714285714285,0.17391304347826086,0.17391304347826086,0.6923076923076923,0.36,0.6100577081615831,1,low_load
135,9,0.24909817685483088,0.2,0.37068965517241376,0.07857142857142856,0.0,0.0,0.6923076923076923,0.48,0.741962077493817,1,low_load
136,0,0.2477332553378181,0.2,0.28448275862068967,0.0857142857142857,0.0,0.0,0.7692307692307693,0.8,0.6100577081615831,1,low_load
136,1,0.24841571609632448,0.26659999999999995,0.23275862068965514,0.02857142857142857,0.0,0.0,0.23076923076923078,0.2,0.4451772464962904,1,low_load
136,2,0.24919567124890318,0.2,0.2931034482758621,0.06428571428571428,0.0,0.0,0.38461538461538464,0.56,0.3957131079967025,1,low_load
136,3,0.2496831432192649,0.2,0.32758620689655177,0.09285714285714285,0.0,0.0,0.07692307692307693,0.32,0.3297609233305854,1,low_load
136,4,0.2515355367066394,0.26659999999999995,0.3017241379310345,0.09285714285714285,0.0,0.0,0.5384615384615384,0.72,0.41220115416323166,1,low_load
136,5,0.24919567124890318,0.26659999999999995,0.3534482758620689,0.014285714285714285,0.0,0.0,0.6923076923076923,0.56,0.3957131079967025,1,low_load
136,6,0.2517305254947841,0.2,0.38793103448275856,0.049999999999999996,0.0,0.0,0.9230769230769231,0.6,0.5441055234954659,1,low_load
136,7,0.24783074973189045,0.2,0.31896551724137934,0.09285714285714285,0.17391304347826086,0.17391304347826086,0.6923076923076923,0.36,0.6100577081615831,1,low_load
136,8,0.24909817685483088,0.2,0.37068965517241376,0.07857142857142856,0.0,0.0,0.6923076923076923,0.48,0.741962077493817,1,low_load
136,9,0.24909817685483088,0.26659999999999995,0.37068965517241376,0.1714285714285714,0.0,0.0,0.6923076923076923,0.48,0.7749381698268758,1,low_load
137,0,0.24841571609632448,0.26659999999999995,0.23275862068965514,0.02857142857142857,0.0,0.0,0.23076923076923078,0.2,0.4451772464962904,1,low_load
137,1,0.24919567124890318,0.2,0.2931034482758621,0.06428571428571428,0.0,0.0,0.38461538461538464,0.56,0.3957131079967025,1,low_load
137,2,0.2496831432192649,0.2,0.32758620689655177,0.09285714285714285,0.0,0.0,0.07692307692307693,0.32,0.3297609233305854,1,low_load
137,3,0.2515355367066394,0.26659999999999995,0.3017241379310345,0.09285714285714285,0.0,0.0,0.5384615384615384,0.72,0.41220115416323166,1,low_load
137,4,0.24919567124890318,0.26659999999999995,0.3534482758620689,0.014285714285714285,0.0,0.0,0.6923076923076923,0.56,0.3957131079967025,1,low_load
137,5,0.2517305254947841,0.2,0.38793103448275856,0.049999999999999996,0.0,0.0,0.9230769230769231,0.6,0.5441055234954659,1,low_load
137,6,0.24783074973189045,0.2,0.31896551724137934,0.09285714285714285,0.17391304347826086,0.17391304347826086,0.6923076923076923,0.36,0.6100577081615831,1,low_load
137,7,0.24909817685483088,0.2,0.37068965517241376,0.07857142857142856,0.0,0.0,0.6923076923076923,0.48,0.741962077493817,1,low_load
137,8,0.24909817685483088,0.26659999999999995,0.37068965517241376,0.1714285714285714,0.0,0.0,0.6923076923076923,0.48,0.7749381698268758,1,low_load
137,9,0.24841571609632448,0.26659999999999995,0.2586206896551724,0.07857142857142856,0.0,0.0,0.6923076923076923,0.48,0.7749381698268758,1,low_load
138,0,0.24919567124890318,0.2,0.2931034482758621,0.06428571428571428,0.0,0.0,0.38461538461538464,0.56,0.3957131079967025,1,low_load
138,1,0.2496831432192649,0.2,0.32758620689655177,0.09285714285714285,0.0,0.0,0.07692307692307693,0.32,0.3297609233305854,1,low_load
138,2,0.2515355367066394,0.26659999999999995,0.3017241379310345,0.09285714285714285,0.0,0.0,0.5384615384615384,0.72,0.41220115416323166,1,low_load
138,3,0.24919567124890318,0.26659999999999995,0.3534482758620689,0.014285714285714285,0.0,0.0,0.6923076923076923,0.56,0.3957131079967025,1,low_load
138,4,0.2517305254947841,0.2,0.38793103448275856,0.049999999999999996,0.0,0.0,0.9230769230769231,0.6,0.5441055234954659,1,low_load
138,5,0.24783074973189045,0.2,0.31896551724137934,0.09285714285714285,0.17391304347826086,0.17391304347826086,0.6923076923076923,0.36,0.6100577081615831,1,low_load
138,6,0.24909817685483088,0.2,0.37068965517241376,0.07857142857142856,0.0,0.0,0.6923076923076923,0.48,0.741962077493817,1,low_load
138,7,0.24909817685483088,0.26659999999999995,0.37068965517241376,0.1714285714285714,0.0,0.0,0.6923076923076923,0.48,0.7749381698268758,1,low_load
138,8,0.24841571609632448,0.26659999999999995,0.2586206896551724,0.07857142857142856,0.0,0.0,0.6923076923076923,0.48,0.7749381698268758,1,low_load
138,9,0.24919567124890318,0.26659999999999995,0.3534482758620689,0.021428571428571425,0.0,0.0,0.6923076923076923,0.48,0.7254740313272878,1,low_load
139,0,0.2496831432192649,0.2,0.32758620689655177,0.09285714285714285,0.0,0.0,0.07692307692307693,0.32,0.3297609233305854,1,low_load
139,1,0.2515355367066394,0.26659999999999995,0.3017241379310345,0.09285714285714285,0.0,0.0,0.5384615384615384,0.72,0.41220115416323166,1,low_load
139,2,0.24919567124890318,0.26659999999999995,0.3534482758620689,0.014285714285714285,0.0,0.0,0.6923076923076923,0.56,0.3957131079967025,1,low_load
139,3,0.2517305254947841,0.2,0.38793103448275856,0.049999999999999996,0.0,0.0,0.9230769230769231,0.6,0.5441055234954659,1,low_load
139,4,0.24783074973189045,0.2,0.31896551724137934,0.09285714285714285,0.17391304347826086,0.17391304347826086,0.6923076923076923,0.36,0.6100577081615831,1,low_load
139,5,0.24909817685483088,0.2,0.37068965517241376,0.07857142857142856,0.0,0.0,0.6923076923076923,0.48,0.741962077493817,1,low_load
139,6,0.24909817685483088,0.26659999999999995,0.37068965517241376,0.1714285714285714,0.0,0.0,0.6923076923076923,0.48,0.7749381698268758,1,low_load
139,7,0.24841571609632448,0.26659999999999995,0.2586206896551724,0.07857142857142856,0.0,0.0,0.6923076923076923,0.48,0.7749381698268758,1,low_load
139,8,0.24919567124890318,0.26659999999999995,0.3534482758620689,0.021428571428571425,0.0,0.0,0.6923076923076923,0.48,0.7254740313272878,1,low_load
139,9,0.24870819927854151,0.26659999999999995,0.3103448275862069,0.04285714285714285,0.0,0.0,0.6923076923076923,0.48,0.7254740313272878,1,low_load
140,0,0.2515355367066394,0.26659999999999995,0.3017241379310345,0.09285714285714285,0.0,0.0,0.5384615384615384,0.72,0.41220115416323166,1,low_load
140,1,0.24919567124890318,0.26659999999999995,0.3534482758620689,0.014285714285714285,0.0,0.0,0.6923076923076923,0.56,0.3957131079967025,1,low_load
140,2,0.2517305254947841,0.2,0.38793103448275856,0.049999999999999996,0.0,0.0,0.9230769230769231,0.6,0.5441055234954659,1,low_load
140,3,0.24783074973189045,0.2,0.31896551724137934,0.09285714285714285,0.17391304347826086,0.17391304347826086,0.6923076923076923,0.36,0.6100577081615831,1,low_load
140,4,0.24909817685483088,0.2,0.37068965517241376,0.07857142857142856,0.0,0.0,0.6923076923076923,0.48,0.741962077493817,1,low_load
140,5,0.24909817685483088,0.26659999999999995,0.37068965517241376,0.1714285714285714,0.0,0.0,0.6923076923076923,0.48,0.7749381698268758,1,low_load
140,6,0.24841571609632448,0.26659999999999995,0.2586206896551724,0.07857142857142856,0.0,0.0,0.6923076923076923,0.48,0.7749381698268758,1,low_load
140,7,0.24919567124890318,0.26659999999999995,0.3534482758620689,0.021428571428571425,0.0,0.0,0.6923076923076923,0.48,0.7254740313272878,1,low_load
140,8,0.24870819927854151,0.26659999999999995,0.3103448275862069,0.04285714285714285,0.0,0.0,0.6923076923076923,0.48,0.7254740313272878,1,low_load
140,9,0.2494881544311202,0.2,0.3103448275862069,0.03571428571428571,0.0,0.0,0.5384615384615384,0.4,0.6924979389942294,1,low_load
141,0,0.24919567124890318,0.26659999999999995,0.3534482758620689,0.014285714285714285,0.0,0.0,0.6923076923076923,0.56,0.3957131079967025,1,low_load
141,1,0.2517305254947841,0.2,0.38793103448275856,0.049999999999999996,0.0,0.0,0.9230769230769231,0.6,0.5441055234954659,1,low_load
141,2,0.24783074973189045,0.2,0.31896551724137934,0.09285714285714285,0.17391304347826086,0.17391304347826086,0.6923076923076923,0.36,0.6100577081615831,1,low_load
141,3,0.24909817685483088,0.2,0.37068965517241376,0.07857142857142856,0.0,0.0,0.6923076923076923,0.48,0.741962077493817,1,low_load
141,4,0.24909817685483088,0.26659999999999995,0.37068965517241376,0.1714285714285714,0.0,0.0,0.6923076923076923,0.48,0.7749381698268758,1,low_load
141,5,0.24841571609632448,0.26659999999999995,0.2586206896551724,0.07857142857142856,0.0,0.0,0.6923076923076923,0.48,0.7749381698268758,1,low_load
141,6,0.24919567124890318,0.26659999999999995,0.3534482758620689,0.021428571428571425,0.0,0.0,0.6923076923076923,0.48,0.7254740313272878,1,low_load
141,7,0.24870819927854151,0.26659999999999995,0.3103448275862069,0.04285714285714285,0.0,0.0,0.6923076923076923,0.48,0.7254740313272878,1,low_load
141,8,0.2494881544311202,0.2,0.3103448275862069,0.03571428571428571,0.0,0.0,0.5384615384615384,0.4,0.6924979389942294,1,low_load
141,9,0.24480842351564785,0.26659999999999995,0.3103448275862069,0.03571428571428571,0.0,0.0,0.46153846153846156,0.44,0.6430338004946415,1,low_load
142,0,0.2517305254947841,0.2,0.38793103448275856,0.049999999999999996,0.0,0.0,0.9230769230769231,0.6,0.5441055234954659,1,low_load
142,1,0.24783074973189045,0.2,0.31896551724137934,0.09285714285714285,0.17391304347826086,0.17391304347826086,0.6923076923076923,0.36,0.6100577081615831,1,low_load
142,2,0.24909817685483088,0.2,0.37068965517241376,0.07857142857142856,0.0,0.0,0.6923076923076923,0.48,0.741962077493817,1,low_load
142,3,0.24909817685483088,0.26659999999999995,0.37068965517241376,0.1714285714285714,0.0,0.0,0.6923076923076923,0.48,0.7749381698268758,1,low_load
142,4,0.24841571609632448,0.26659999999999995,0.2586206896551724,0.07857142857142856,0.0,0.0,0.6923076923076923,0.48,0.7749381698268758,1,low_load
142,5,0.24919567124890318,0.26659999999999995,0.3534482758620689,0.021428571428571425,0.0,0.0,0.6923076923076923,0.48,0.7254740313272878,1,low_load
142,6,0.24870819927854151,0.26659999999999995,0.3103448275862069,0.04285714285714285,0.0,0.0,0.6923076923076923,0.48,0.7254740313272878,1,low_load
142,7,0.2494881544311202,0.2,0.3103448275862069,0.03571428571428571,0.0,0.0,0.5384615384615384,0.4,0.6924979389942294,1,low_load
142,8,0.24480842351564785,0.26659999999999995,0.3103448275862069,0.03571428571428571,0.0,0.0,0.46153846153846156,0.44,0.6430338004946415,1,low_load
142,9,0.2543628741347373,0.33319999999999994,0.28448275862068967,0.07857142857142856,0.0,0.0,0.38461538461538464,0.44,0.5770816158285244,1,low_load
143,0,0.24909817685483088,0.2,0.37068965517241376,0.07857142857142856,0.0,0.0,0.6923076923076923,0.48,0.741962077493817,1,low_load
143,1,0.24909817685483088,0.26659999999999995,0.37068965517241376,0.1714285714285714,0.0,0.0,0.6923076923076923,0.48,0.7749381698268758,1,low_load
143,2,0.24841571609632448,0.26659999999999995,0.2586206896551724,0.07857142857142856,0.0,0.0,0.6923076923076923,0.48,0.7749381698268758,1,low_load
143,3,0.24919567124890318,0.26659999999999995,0.3534482758620689,0.021428571428571425,0.0,0.0,0.6923076923076923,0.48,0.7254740313272878,1,low_load
143,4,0.24870819927854151,0.26659999999999995,0.3103448275862069,0.04285714285714285,0.0,0.0,0.6923076923076923,0.48,0.7254740313272878,1,low_load
143,5,0.2494881544311202,0.2,0.3103448275862069,0.03571428571428571,0.0,0.0,0.5384615384615384,0.4,0.6924979389942294,1,low_load
143,6,0.24480842351564785,0.26659999999999995,0.3103448275862069,0.03571428571428571,0.0,0.0,0.46153846153846156,0.44,0.6430338004946415,1,low_load
143,7,0.2543628741347373,0.33319999999999994,0.28448275862068967,0.07857142857142856,0.0,0.0,0.38461538461538464,0.44,0.5770816158285244,1,low_load
143,8,0.24958564882519257,0.26659999999999995,0.3103448275862069,0.07857142857142856,0.0,0.0,0.6923076923076923,0.64,0.5770816158285244,1,low_load
143,9,0.25056059276591597,0.30099999999999993,0.3017241379310345,0.04285714285714285,0.0,0.0,0.6923076923076923,0.48,0.5770816158285244,1,low_load
144,0,0.24919567124890318,0.26659999999999995,0.3534482758620689,0.021428571428571425,0.0,0.0,0.6923076923076923,0.48,0.7254740313272878,1,low_load
144,1,0.24870819927854151,0.26659999999999995,0.3103448275862069,0.04285714285714285,0.0,0.0,0.6923076923076923,0.48,0.7254740313272878,1,low_load
144,2,0.2494881544311202,0.2,0.3103448275862069,0.03571428571428571,0.0,0.0,0.5384615384615384,0.4,0.6924979389942294,1,low_load
144,3,0.24480842351564785,0.26659999999999995,0.3103448275862069,0.03571428571428571,0.0,0.0,0.46153846153846156,0.44,0.6430338004946415,1,low_load
144,4,0.2543628741347373,0.33319999999999994,0.28448275862068967,0.07857142857142856,0.0,0.0,0.38461538461538464,0.44,0.5770816158285244,1,low_load
144,5,0.24958564882519257,0.26659999999999995,0.3103448275862069,0.07857142857142856,0.0,0.0,0.6923076923076923,0.64,0.5770816158285244,1,low_load
144,6,0.25056059276591597,0.30099999999999993,0.3017241379310345,0.04285714285714285,0.0,0.0,0.6923076923076923,0.48,0.5770816158285244,1,low_load
144,7,0.2503656039777713,0.28379999999999994,0.27586206896551724,0.05714285714285714,0.0,0.0,0.6923076923076923,0.48,0.6100577081615831,1,low_load
144,8,0.24880569367261385,0.26659999999999995,0.31896551724137934,0.06428571428571428,0.0,0.0,0.46153846153846156,0.36,0.6100577081615831,1,low_load
144,9,0.2494881544311202,0.26659999999999995,0.2931034482758621,0.049999999999999996,0.0,0.0,0.6923076923076923,0.6,0.6760098928277,1,low_load
145,0,0.2494881544311202,0.2,0.3103448275862069,0.03571428571428571,0.0,0.0,0.5384615384615384,0.4,0.6924979389942294,1,low_load
145,1,0.24480842351564785,0.26659999999999995,0.3103448275862069,0.03571428571428571,0.0,0.0,0.46153846153846156,0.44,0.6430338004946415,1,low_load
145,2,0.2543628741347373,0.33319999999999994,0.28448275862068967,0.07857142857142856,0.0,0.0,0.38461538461538464,0.44,0.5770816158285244,1,low_load
145,3,0.24958564882519257,0.26659999999999995,0.3103448275862069,0.07857142857142856,0.0,0.0,0.6923076923076923,0.64,0.5770816158285244,1,low_load
145,4,0.25056059276591597,0.30099999999999993,0.3017241379310345,0.04285714285714285,0.0,0.0,0.6923076923076923,0.48,0.5770816158285244,1,low_load
145,5,0.2503656039777713,0.28379999999999994,0.27586206896551724,0.05714285714285714,0.0,0.0,0.6923076923076923,0.48,0.6100577081615831,1,low_load
145,6,0.24880569367261385,0.26659999999999995,0.31896551724137934,0.06428571428571428,0.0,0.0,0.46153846153846156,0.36,0.6100577081615831,1,low_load
145,7,0.2494881544311202,0.26659999999999995,0.2931034482758621,0.049999999999999996,0.0,0.0,0.6923076923076923,0.6,0.6760098928277,1,low_load
145,8,0.2494881544311202,0.26659999999999995,0.32758620689655177,0.06428571428571428,0.0,0.0,0.6923076923076923,0.48,0.6760098928277,1,low_load
145,9,0.2503656039777713,0.26659999999999995,0.3103448275862069,0.04285714285714285,0.0,0.0,0.6923076923076923,0.48,0.6760098928277,1,low_load
146,0,0.24480842351564785,0.26659999999999995,0.3103448275862069,0.03571428571428571,0.0,0.0,0.46153846153846156,0.44,0.6430338004946415,1,low_load
146,1,0.2543628741347373,0.33319999999999994,0.28448275862068967,0.07857142857142856,0.0,0.0,0.38461538461538464,0.44,0.5770816158285244,1,low_load
146,2,0.24958564882519257,0.26659999999999995,0.3103448275862069,0.07857142857142856,0.0,0.0,0.6923076923076923,0.64,0.5770816158285244,1,low_load
146,3,0.25056059276591597,0.30099999999999993,0.3017241379310345,0.04285714285714285,0.0,0.0,0.6923076923076923,0.48,0.5770816158285244,1,low_load
146,4,0.2503656039777713,0.28379999999999994,0.27586206896551724,0.05714285714285714,0.0,0.0,0.6923076923076923,0.48,0.6100577081615831,1,low_load
146,5,0.24880569367261385,0.26659999999999995,0.31896551724137934,0.06428571428571428,0.0,0.0,0.46153846153846156,0.36,0.6100577081615831,1,low_load
146,6,0.2494881544311202,0.26659999999999995,0.2931034482758621,0.049999999999999996,0.0,0.0,0.6923076923076923,0.6,0.6760098928277,1,low_load
146,7,0.2494881544311202,0.26659999999999995,0.32758620689655177,0.06428571428571428,0.0,0.0,0.6923076923076923,0.48,0.6760098928277,1,low_load
146,8,0.2503656039777713,0.26659999999999995,0.3103448275862069,0.04285714285714285,0.0,0.0,0.6923076923076923,0.48,0.6760098928277,1,low_load
146,9,0.2503656039777713,0.4,0.21551724137931028,0.07142857142857142,0.0,0.0,0.6923076923076923,0.48,0.6760098928277,1,low_load
147,0,0.2543628741347373,0.33319999999999994,0.28448275862068967,0.07857142857142856,0.0,0.0,0.38461538461538464,0.44,0.5770816158285244,1,low_load
147,1,0.24958564882519257,0.26659999999999995,0.3103448275862069,0.07857142857142856,0.0,0.0,0.6923076923076923,0.64,0.5770816158285244,1,low_load
147,2,0.25056059276591597,0.30099999999999993,0.3017241379310345,0.04285714285714285,0.0,0.0,0.6923076923076923,0.48,0.5770816158285244,1,low_load
147,3,0.2503656039777713,0.28379999999999994,0.27586206896551724,0.05714285714285714,0.0,0.0,0.6923076923076923,0.48,0.6100577081615831,1,low_load
147,4,0.24880569367261385,0.26659999999999995,0.31896551724137934,0.06428571428571428,0.0,0.0,0.46153846153846156,0.36,0.6100577081615831,1,low_load
147,5,0.2494881544311202,0.26659999999999995,0.2931034482758621,0.049999999999999996,0.0,0.0,0.6923076923076923,0.6,0.6760098928277,1,low_load
147,6,0.2494881544311202,0.26659999999999995,0.32758620689655177,0.06428571428571428,0.0,0.0,0.6923076923076923,0.48,0.6760098928277,1,low_load
147,7,0.2503656039777713,0.26659999999999995,0.3103448275862069,0.04285714285714285,0.0,0.0,0.6923076923076923,0.48,0.6760098928277,1,low_load
147,8,0.2503656039777713,0.4,0.21551724137931028,0.07142857142857142,0.0,0.0,0.6923076923076923,0.48,0.6760098928277,1,low_load
147,9,0.25075558155406064,0.33319999999999994,0.27586206896551724,0.06428571428571428,0.0,0.0,0.6923076923076923,0.48,0.7254740313272878,1,low_load
148,0,0.0008774495466510676,0.06659999999999996,0.3620689655172413,0.05714285714285714,0.0,0.0,0.8461538461538461,0.44,0.9315746084089037,1,medium_load
148,1,0.000584966364434045,0.0,0.24137931034482754,0.03571428571428571,0.0,0.0,0.8461538461538461,0.48,0.9175597691673537,1,medium_load
148,2,0.40557667934093794,0.4,0.32758620689655177,0.07142857142857142,0.0,0.0,0.6153846153846154,0.36,0.8491343775762573,1,medium_load
148,3,0.5023886126547724,0.9331999999999999,0.2931034482758621,0.06428571428571428,0.0,0.0,0.5384615384615384,0.44,0.791426215993405,1,medium_load
148,4,0.4990738032563128,0.6666,0.24999999999999997,0.05714285714285714,0.0,0.0,0.7692307692307693,0.6,0.7584501236603463,1,medium_load
148,5,0.4953690162815639,0.46659999999999996,0.19827586206896555,0.04285714285714285,0.0,0.0,0.5384615384615384,0.36,0.6924979389942294,1,medium_load
148,6,0.5046309837184362,0.46659999999999996,0.3620689655172413,0.02857142857142857,0.0,0.0,0.3076923076923077,0.36,0.5770816158285244,1,medium_load
148,7,0.4972214097689383,0.508,0.24999999999999997,0.04285714285714285,0.0,0.0,0.6923076923076923,0.68,0.5935696619950536,1,medium_load
148,8,0.5020961294725553,0.508,0.3103448275862069,0.06428571428571428,0.0,0.0,0.6923076923076923,0.48,0.6265457543281123,1,medium_load
148,9,0.49800136492151703,0.5206000000000001,0.2672413793103448,0.03571428571428571,0.0,0.0,0.15384615384615385,0.2,0.494641384995878,1,medium_load
149,0,0.5023886126547724,0.9331999999999999,0.2931034482758621,0.06428571428571428,0.0,0.0,0.5384615384615384,0.44,0.791426215993405,1,medium_load
149,1,0.4990738032563128,0.6666,0.24999999999999997,0.05714285714285714,0.0,0.0,0.7692307692307693,0.6,0.7584501236603463,1,medium_load
149,2,0.4953690162815639,0.46659999999999996,0.19827586206896555,0.04285714285714285,0.0,0.0,0.5384615384615384,0.36,0.6924979389942294,1,medium_load
149,3,0.5046309837184362,0.46659999999999996,0.3620689655172413,0.02857142857142857,0.0,0.0,0.3076923076923077,0.36,0.5770816158285244,1,medium_load
149,4,0.4972214097689383,0.508,0.24999999999999997,0.04285714285714285,0.0,0.0,0.6923076923076923,0.68,0.5935696619950536,1,medium_load
149,5,0.5020961294725553,0.508,0.3103448275862069,0.06428571428571428,0.0,0.0,0.6923076923076923,0.48,0.6265457543281123,1,medium_load
149,6,0.49800136492151703,0.5206000000000001,0.2672413793103448,0.03571428571428571,0.0,0.0,0.15384615384615385,0.2,0.494641384995878,1,medium_load
149,7,0.49975626401481915,0.5331999999999999,0.2931034482758621,0.03571428571428571,0.0,0.0,0.46153846153846156,0.64,0.4781533388293488,1,medium_load
149,8,0.49956127522667454,0.5331999999999999,0.2672413793103448,0.05714285714285714,0.0,0.0,0.8461538461538461,0.68,0.5935696619950536,1,medium_load
149,9,0.5013161743199767,0.5331999999999999,0.27586206896551724,0.021428571428571425,0.0,0.0,0.07692307692307693,0.08,0.46166529266281964,1,medium_load
150,0,0.4990738032563128,0.6666,0.24999999999999997,0.05714285714285714,0.0,0.0,0.7692307692307693,0.6,0.7584501236603463,1,medium_load
150,1,0.4953690162815639,0.46659999999999996,0.19827586206896555,0.04285714285714285,0.0,0.0,0.5384615384615384,0.36,0.6924979389942294,1,medium_load
150,2,0.5046309837184362,0.46659999999999996,0.3620689655172413,0.02857142857142857,0.0,0.0,0.3076923076923077,0.36,0.5770816158285244,1,medium_load
150,3,0.4972214097689383,0.508,0.24999999999999997,0.04285714285714285,0.0,0.0,0.6923076923076923,0.68,0.5935696619950536,1,medium_load
150,4,0.5020961294725553,0.508,0.3103448275862069,0.06428571428571428,0.0,0.0,0.6923076923076923,0.48,0.6265457543281123,1,medium_load
150,5,0.49800136492151703,0.5206000000000001,0.2672413793103448,0.03571428571428571,0.0,0.0,0.15384615384615385,0.2,0.494641384995878,1,medium_load
150,6,0.49975626401481915,0.5331999999999999,0.2931034482758621,0.03571428571428571,0.0,0.0,0.46153846153846156,0.64,0.4781533388293488,1,medium_load
150,7,0.49956127522667454,0.5331999999999999,0.2672413793103448,0.05714285714285714,0.0,0.0,0.8461538461538461,0.68,0.5935696619950536,1,medium_load
150,8,0.5013161743199767,0.5331999999999999,0.27586206896551724,0.021428571428571425,0.0,0.0,0.07692307692307693,0.08,0.46166529266281964,1,medium_load
150,9,0.5044359949302916,0.508,0.23275862068965514,0.049999999999999996,0.0,0.0,0.46153846153846156,0.68,0.41220115416323166,1,medium_load
151,0,0.4953690162815639,0.46659999999999996,0.19827586206896555,0.04285714285714285,0.0,0.0,0.5384615384615384,0.36,0.6924979389942294,2,medium_load
151,1,0.5046309837184362,0.46659999999999996,0.3620689655172413,0.02857142857142857,0.0,0.0,0.3076923076923077,0.36,0.5770816158285244,2,medium_load
151,2,0.4972214097689383,0.508,0.24999999999999997,0.04285714285714285,0.0,0.0,0.6923076923076923,0.68,0.5935696619950536,2,medium_load
151,3,0.5020961294725553,0.508,0.3103448275862069,0.06428571428571428,0.0,0.0,0.6923076923076923,0.48,0.6265457543281123,2,medium_load
151,4,0.49800136492151703,0.5206000000000001,0.2672413793103448,0.03571428571428571,0.0,0.0,0.15384615384615385,0.2,0.494641384995878,2,medium_load
151,5,0.49975626401481915,0.5331999999999999,0.2931034482758621,0.03571428571428571,0.0,0.0,0.46153846153846156,0.64,0.4781533388293488,2,medium_load
151,6,0.49956127522667454,0.5331999999999999,0.2672413793103448,0.05714285714285714,0.0,0.0,0.8461538461538461,0.68,0.5935696619950536,2,medium_load
151,7,0.5013161743199767,0.5331999999999999,0.27586206896551724,0.021428571428571425,0.0,0.0,0.07692307692307693,0.08,0.46166529266281964,2,medium_load
151,8,0.5044359949302916,0.508,0.23275862068965514,0.049999999999999996,0.0,0.0,0.46153846153846156,0.68,0.41220115416323166,2,medium_load
151,9,0.4994637808326021,0.48719999999999997,0.2586206896551724,0.06428571428571428,0.17391304347826086,0.17391304347826086,0.07692307692307693,0.28,0.3957131079967025,2,medium_load
152,0,0.5046309837184362,0.46659999999999996,0.3620689655172413,0.02857142857142857,0.0,0.0,0.3076923076923077,0.36,0.5770816158285244,1,medium_load
152,1,0.4972214097689383,0.508,0.24999999999999997,0.04285714285714285,0.0,0.0,0.6923076923076923,0.68,0.5935696619950536,1,medium_load
152,2,0.5020961294725553,0.508,0.3103448275862069,0.06428571428571428,0.0,0.0,0.6923076923076923,0.48,0.6265457543281123,1,medium_load
152,3,0.49800136492151703,0.5206000000000001,0.2672413793103448,0.03571428571428571,0.0,0.0,0.15384615384615385,0.2,0.494641384995878,1,medium_load
152,4,0.49975626401481915,0.5331999999999999,0.2931034482758621,0.03571428571428571,0.0,0.0,0.46153846153846156,0.64,0.4781533388293488,1,medium_load
152,5,0.49956127522667454,0.5331999999999999,0.2672413793103448,0.05714285714285714,0.0,0.0,0.8461538461538461,0.68,0.5935696619950536,1,medium_load
152,6,0.5013161743199767,0.5331999999999999,0.27586206896551724,0.021428571428571425,0.0,0.0,0.07692307692307693,0.08,0.46166529266281964,1,medium_load
152,7,0.5044359949302916,0.508,0.23275862068965514,0.049999999999999996,0.0,0.0,0.46153846153846156,0.68,0.41220115416323166,1,medium_load
152,8,0.4994637808326021,0.48719999999999997,0.2586206896551724,0.06428571428571428,0.17391304347826086,0.17391304347826086,0.07692307692307693,0.28,0.3957131079967025,1,medium_load
152,9,0.49614897143414255,0.46659999999999996,0.24137931034482754,0.04285714285714285,0.0,0.0,0.15384615384615385,0.52,0.3297609233305854,1,medium_load
153,0,0.4972214097689383,0.508,0.24999999999999997,0.04285714285714285,0.0,0.0,0.6923076923076923,0.68,0.5935696619950536,1,medium_load
153,1,0.5020961294725553,0.508,0.3103448275862069,0.06428571428571428,0.0,0.0,0.6923076923076923,0.48,0.6265457543281123,1,medium_load
153,2,0.49800136492151703,0.5206000000000001,0.2672413793103448,0.03571428571428571,0.0,0.0,0.15384615384615385,0.2,0.494641384995878,1,medium_load
153,3,0.49975626401481915,0.5331999999999999,0.2931034482758621,0.03571428571428571,0.0,0.0,0.46153846153846156,0.64,0.4781533388293488,1,medium_load
153,4,0.49956127522667454,0.5331999999999999,0.2672413793103448,0.05714285714285714,0.0,0.0,0.8461538461538461,0.68,0.5935696619950536,1,medium_load
153,5,0.5013161743199767,0.5331999999999999,0.27586206896551724,0.021428571428571425,0.0,0.0,0.07692307692307693,0.08,0.46166529266281964,1,medium_load
153,6,0.5044359949302916,0.508,0.23275862068965514,0.049999999999999996,0.0,0.0,0.46153846153846156,0.68,0.41220115416323166,1,medium_load
153,7,0.4994637808326021,0.48719999999999997,0.2586206896551724,0.06428571428571428,0.17391304347826086,0.17391304347826086,0.07692307692307693,0.28,0.3957131079967025,1,medium_load
153,8,0.49614897143414255,0.46659999999999996,0.24137931034482754,0.04285714285714285,0.0,0.0,0.15384615384615385,0.52,0.3297609233305854,1,medium_load
153,9,0.5019986350784831,0.5331999999999999,0.2672413793103448,0.07142857142857142,0.0,0.0,0.38461538461538464,0.6,0.23083264633140982,1,medium_load
154,0,0.5020961294725553,0.508,0.3103448275862069,0.06428571428571428,0.0,0.0,0.6923076923076923,0.48,0.6265457543281123,2,medium_load
154,1,0.49800136492151703,0.5206000000000001,0.2672413793103448,0.03571428571428571,0.0,0.0,0.15384615384615385,0.2,0.494641384995878,2,medium_load
154,2,0.49975626401481915,0.5331999999999999,0.2931034482758621,0.03571428571428571,0.0,0.0,0.46153846153846156,0.64,0.4781533388293488,2,medium_load
154,3,0.49956127522667454,0.5331999999999999,0.2672413793103448,0.05714285714285714,0.0,0.0,0.8461538461538461,0.68,0.5935696619950536,2,medium_load
154,4,0.5013161743199767,0.5331999999999999,0.27586206896551724,0.021428571428571425,0.0,0.0,0.07692307692307693,0.08,0.46166529266281964,2,medium_load
154,5,0.5044359949302916,0.508,0.23275862068965514,0.049999999999999996,0.0,0.0,0.46153846153846156,0.68,0.41220115416323166,2,medium_load
154,6,0.4994637808326021,0.48719999999999997,0.2586206896551724,0.06428571428571428,0.17391304347826086,0.17391304347826086,0.07692307692307693,0.28,0.3957131079967025,2,medium_load
154,7,0.49614897143414255,0.46659999999999996,0.24137931034482754,0.04285714285714285,0.0,0.0,0.15384615384615385,0.52,0.3297609233305854,2,medium_load
154,8,0.5019986350784831,0.5331999999999999,0.2672413793103448,0.07142857142857142,0.0,0.0,0.38461538461538464,0.6,0.23083264633140982,2,medium_load
154,9,0.4994637808326021,0.6,0.24137931034482754,0.049999999999999996,0.0,0.0,0.6153846153846154,0.6,0.3462489694971146,2,medium_load
155,0,0.49800136492151703,0.5206000000000001,0.2672413793103448,0.03571428571428571,0.0,0.0,0.15384615384615385,0.2,0.494641384995878,2,medium_load
155,1,0.49975626401481915,0.5331999999999999,0.2931034482758621,0.03571428571428571,0.0,0.0,0.46153846153846156,0.64,0.4781533388293488,2,medium_load
155,2,0.49956127522667454,0.5331999999999999,0.2672413793103448,0.05714285714285714,0.0,0.0,0.8461538461538461,0.68,0.5935696619950536,2,medium_load
155,3,0.5013161743199767,0.5331999999999999,0.27586206896551724,0.021428571428571425,0.0,0.0,0.07692307692307693,0.08,0.46166529266281964,2,medium_load
155,4,0.5044359949302916,0.508,0.23275862068965514,0.049999999999999996,0.0,0.0,0.46153846153846156,0.68,0.41220115416323166,2,medium_load
155,5,0.4994637808326021,0.48719999999999997,0.2586206896551724,0.06428571428571428,0.17391304347826086,0.17391304347826086,0.07692307692307693,0.28,0.3957131079967025,2,medium_load
155,6,0.49614897143414255,0.46659999999999996,0.24137931034482754,0.04285714285714285,0.0,0.0,0.15384615384615385,0.52,0.3297609233305854,2,medium_load
155,7,0.5019986350784831,0.5331999999999999,0.2672413793103448,0.07142857142857142,0.0,0.0,0.38461538461538464,0.6,0.23083264633140982,2,medium_load
155,8,0.4994637808326021,0.6,0.24137931034482754,0.049999999999999996,0.0,0.0,0.6153846153846154,0.6,0.3462489694971146,2,medium_load
155,9,0.5006337135614702,0.6,0.3017241379310345,0.03571428571428571,0.0,0.0,0.5384615384615384,0.44,0.3627370156636441,2,medium_load
156,0,0.49975626401481915,0.5331999999999999,0.2931034482758621,0.03571428571428571,0.0,0.0,0.46153846153846156,0.64,0.4781533388293488,1,medium_load
156,1,0.49956127522667454,0.5331999999999999,0.2672413793103448,0.05714285714285714,0.0,0.0,0.8461538461538461,0.68,0.5935696619950536,1,medium_load
156,2,0.5013161743199767,0.5331999999999999,0.27586206896551724,0.021428571428571425,0.0,0.0,0.07692307692307693,0.08,0.46166529266281964,1,medium_load
156,3,0.5044359949302916,0.508,0.23275862068965514,0.049999999999999996,0.0,0.0,0.46153846153846156,0.68,0.41220115416323166,1,medium_load
156,4,0.4994637808326021,0.48719999999999997,0.2586206896551724,0.06428571428571428,0.17391304347826086,0.17391304347826086,0.07692307692307693,0.28,0.3957131079967025,1,medium_load
156,5,0.49614897143414255,0.46659999999999996,0.24137931034482754,0.04285714285714285,0.0,0.0,0.15384615384615385,0.52,0.3297609233305854,1,medium_load
156,6,0.5019986350784831,0.5331999999999999,0.2672413793103448,0.07142857142857142,0.0,0.0,0.38461538461538464,0.6,0.23083264633140982,1,medium_load
156,7,0.4994637808326021,0.6,0.24137931034482754,0.049999999999999996,0.0,0.0,0.6153846153846154,0.6,0.3462489694971146,1,medium_load
156,8,0.5006337135614702,0.6,0.3017241379310345,0.03571428571428571,0.0,0.0,0.5384615384615384,0.44,0.3627370156636441,1,medium_load
156,9,0.4999512528029639,0.508,0.24137931034482754,0.049999999999999996,0.0,0.0,0.46153846153846156,0.44,0.4451772464962904,1,medium_load
157,0,0.49614897143414255,0.46659999999999996,0.24137931034482754,0.04285714285714285,0.0,0.0,0.15384615384615385,0.52,0.3297609233305854,1,medium_load
157,1,0.5019986350784831,0.5331999999999999,0.2672413793103448,0.07142857142857142,0.0,0.0,0.38461538461538464,0.6,0.23083264633140982,1,medium_load
157,2,0.4994637808326021,0.6,0.24137931034482754,0.049999999999999996,0.0,0.0,0.6153846153846154,0.6,0.3462489694971146,1,medium_load
157,3,0.5006337135614702,0.6,0.3017241379310345,0.03571428571428571,0.0,0.0,0.5384615384615384,0.44,0.3627370156636441,1,medium_load
157,4,0.4999512528029639,0.508,0.24137931034482754,0.049999999999999996,0.0,0.0,0.46153846153846156,0.44,0.4451772464962904,1,medium_load
157,5,0.49731890416301067,0.554,0.24999999999999997,0.049999999999999996,0.0,0.0,0.15384615384615385,0.32,0.4451772464962904,1,medium_load
157,6,0.4955640050697085,0.6,0.27586206896551724,0.07142857142857142,0.0,0.0,0.7692307692307693,0.8,0.5276174773289367,1,medium_load
157,7,0.5018036462903384,0.5331999999999999,0.27586206896551724,0.06428571428571428,0.0,0.0,0.38461538461538464,0.28,0.4781533388293488,1,medium_load
157,8,0.5007312079555426,0.5331999999999999,0.3017241379310345,0.05714285714285714,0.0,0.0,0.38461538461538464,0.48,0.4451772464962904,1,medium_load
157,9,0.4969289265867213,0.5331999999999999,0.27586206896551724,0.05714285714285714,0.0,0.0,0.6923076923076923,0.64,0.494641384995878,1,medium_load
158,0,0.4994637808326021,0.6,0.24137931034482754,0.049999999999999996,0.0,0.0,0.6153846153846154,0.6,0.3462489694971146,2,medium_load
158,1,0.5006337135614702,0.6,0.3017241379310345,0.03571428571428571,0.0,0.0,0.5384615384615384,0.44,0.3627370156636441,2,medium_load
158,2,0.4999512528029639,0.508,0.24137931034482754,0.049999999999999996,0.0,0.0,0.46153846153846156,0.44,0.4451772464962904,2,medium_load
158,3,0.49731890416301067,0.554,0.24999999999999997,0.049999999999999996,0.0,0.0,0.15384615384615385,0.32,0.4451772464962904,2,medium_load
158,4,0.4955640050697085,0.6,0.27586206896551724,0.07142857142857142,0.0,0.0,0.7692307692307693,0.8,0.5276174773289367,2,medium_load
158,5,0.5018036462903384,0.5331999999999999,0.27586206896551724,0.06428571428571428,0.0,0.0,0.38461538461538464,0.28,0.4781533388293488,2,medium_load
158,6,0.5007312079555426,0.5331999999999999,0.3017241379310345,0.05714285714285714,0.0,0.0,0.38461538461538464,0.48,0.4451772464962904,2,medium_load
158,7,0.4969289265867213,0.5331999999999999,0.27586206896551724,0.05714285714285714,0.0,0.0,0.6923076923076923,0.64,0.494641384995878,2,medium_load
158,8,0.4954665106756362,0.5769999999999998,0.24137931034482754,0.05714285714285714,0.0,0.0,0.38461538461538464,0.32,0.5441055234954659,2,medium_load
158,9,0.5055084332650873,0.5769999999999998,0.27586206896551724,0.049999999999999996,0.0,0.0,0.38461538461538464,0.48,0.46166529266281964,2,medium_load
159,0,0.4999512528029639,0.508,0.24137931034482754,0.049999999999999996,0.0,0.0,0.46153846153846156,0.44,0.4451772464962904,1,medium_load
159,1,0.49731890416301067,0.554,0.24999999999999997,0.049999999999999996,0.0,0.0,0.15384615384615385,0.32,0.4451772464962904,1,medium_load
159,2,0.4955640050697085,0.6,0.27586206896551724,0.07142857142857142,0.0,0.0,0.7692307692307693,0.8,0.5276174773289367,1,medium_load
159,3,0.5018036462903384,0.5331999999999999,0.27586206896551724,0.06428571428571428,0.0,0.0,0.38461538461538464,0.28,0.4781533388293488,1,medium_load
159,4,0.5007312079555426,0.5331999999999999,0.3017241379310345,0.05714285714285714,0.0,0.0,0.38461538461538464,0.48,0.4451772464962904,1,medium_load
159,5,0.4969289265867213,0.5331999999999999,0.27586206896551724,0.05714285714285714,0.0,0.0,0.6923076923076923,0.64,0.494641384995878,1,medium_load
159,6,0.4954665106756362,0.5769999999999998,0.24137931034482754,0.05714285714285714,0.0,0.0,0.38461538461538464,0.32,0.5441055234954659,1,medium_load
159,7,0.5055084332650873,0.5769999999999998,0.27586206896551724,0.049999999999999996,0.0,0.0,0.38461538461538464,0.48,0.46166529266281964,1,medium_load
159,8,0.501706151896266,0.555,0.24999999999999997,0.05714285714285714,0.0,0.0,0.46153846153846156,0.52,0.4781533388293488,1,medium_load
159,9,0.5010236911377596,0.5331999999999999,0.27586206896551724,0.06428571428571428,0.0,0.0,0.8461538461538461,0.68,0.5770816158285244,1,medium_load
160,0,0.49731890416301067,0.554,0.24999999999999997,0.049999999999999996,0.0,0.0,0.15384615384615385,0.32,0.4451772464962904,2,medium_load
160,1,0.4955640050697085,0.6,0.27586206896551724,0.07142857142857142,0.0,0.0,0.7692307692307693,0.8,0.5276174773289367,2,medium_load
160,2,0.5018036462903384,0.5331999999999999,0.27586206896551724,0.06428571428571428,0.0,0.0,0.38461538461538464,0.28,0.4781533388293488,2,medium_load
160,3,0.5007312079555426,0.5331999999999999,0.3017241379310345,0.05714285714285714,0.0,0.0,0.38461538461538464,0.48,0.4451772464962904,2,medium_load
160,4,0.4969289265867213,0.5331999999999999,0.27586206896551724,0.05714285714285714,0.0,0.0,0.6923076923076923,0.64,0.494641384995878,2,medium_load
160,5,0.4954665106756362,0.5769999999999998,0.24137931034482754,0.05714285714285714,0.0,0.0,0.38461538461538464,0.32,0.5441055234954659,2,medium_load
160,6,0.5055084332650873,0.5769999999999998,0.27586206896551724,0.049999999999999996,0.0,0.0,0.38461538461538464,0.48,0.46166529266281964,2,medium_load
160,7,0.501706151896266,0.555,0.24999999999999997,0.05714285714285714,0.0,0.0,0.46153846153846156,0.52,0.4781533388293488,2,medium_load
160,8,0.5010236911377596,0.5331999999999999,0.27586206896551724,0.06428571428571428,0.0,0.0,0.8461538461538461,0.68,0.5770816158285244,2,medium_load
160,9,0.49780637613337236,0.6,0.27586206896551724,0.06428571428571428,0.0,0.0,0.46153846153846156,0.28,0.5276174773289367,2,medium_load
161,0,0.4955640050697085,0.6,0.27586206896551724,0.07142857142857142,0.0,0.0,0.7692307692307693,0.8,0.5276174773289367,1,medium_load
161,1,0.5018036462903384,0.5331999999999999,0.27586206896551724,0.06428571428571428,0.0,0.0,0.38461538461538464,0.28,0.4781533388293488,1,medium_load
161,2,0.5007312079555426,0.5331999999999999,0.3017241379310345,0.05714285714285714,0.0,0.0,0.38461538461538464,0.48,0.4451772464962904,1,medium_load
161,3,0.4969289265867213,0.5331999999999999,0.27586206896551724,0.05714285714285714,0.0,0.0,0.6923076923076923,0.64,0.494641384995878,1,medium_load
161,4,0.4954665106756362,0.5769999999999998,0.24137931034482754,0.05714285714285714,0.0,0.0,0.38461538461538464,0.32,0.5441055234954659,1,medium_load
161,5,0.5055084332650873,0.5769999999999998,0.27586206896551724,0.049999999999999996,0.0,0.0,0.38461538461538464,0.48,0.46166529266281964,1,medium_load
161,6,0.501706151896266,0.555,0.24999999999999997,0.05714285714285714,0.0,0.0,0.46153846153846156,0.52,0.4781533388293488,1,medium_load
161,7,0.5010236911377596,0.5331999999999999,0.27586206896551724,0.06428571428571428,0.0,0.0,0.8461538461538461,0.68,0.5770816158285244,1,medium_load
161,8,0.49780637613337236,0.6,0.27586206896551724,0.06428571428571428,0.0,0.0,0.46153846153846156,0.28,0.5276174773289367,1,medium_load
161,9,0.4954665106756362,0.5331999999999999,0.32758620689655177,0.04285714285714285,0.0,0.0,0.38461538461538464,0.44,0.5276174773289367,1,medium_load
162,0,0.5007312079555426,0.5331999999999999,0.3017241379310345,0.05714285714285714,0.0,0.0,0.38461538461538464,0.48,0.4451772464962904,2,medium_load
162,1,0.4969289265867213,0.5331999999999999,0.27586206896551724,0.05714285714285714,0.0,0.0,0.6923076923076923,0.64,0.494641384995878,2,medium_load
162,2,0.4954665106756362,0.5769999999999998,0.24137931034482754,0.05714285714285714,0.0,0.0,0.38461538461538464,0.32,0.5441055234954659,2,medium_load
162,3,0.5055084332650873,0.5769999999999998,0.27586206896551724,0.049999999999999996,0.0,0.0,0.38461538461538464,0.48,0.46166529266281964,2,medium_load
162,4,0.501706151896266,0.555,0.24999999999999997,0.05714285714285714,0.0,0.0,0.46153846153846156,0.52,0.4781533388293488,2,medium_load
162,5,0.5010236911377596,0.5331999999999999,0.27586206896551724,0.06428571428571428,0.0,0.0,0.8461538461538461,0.68,0.5770816158285244,2,medium_load
162,6,0.49780637613337236,0.6,0.27586206896551724,0.06428571428571428,0.0,0.0,0.46153846153846156,0.28,0.5276174773289367,2,medium_load
162,7,0.4954665106756362,0.5331999999999999,0.32758620689655177,0.04285714285714285,0.0,0.0,0.38461538461538464,0.44,0.5276174773289367,2,medium_load
162,8,0.5028760846251341,0.5331999999999999,0.21551724137931028,0.05714285714285714,0.0,0.0,0.38461538461538464,0.48,0.5276174773289367,2,medium_load
162,9,0.5026810958369894,0.5769999999999998,0.2672413793103448,0.05714285714285714,0.0,0.0,0.6153846153846154,0.6,0.5605935696619951,2,medium_load
163,0,0.5055084332650873,0.5769999999999998,0.27586206896551724,0.049999999999999996,0.0,0.0,0.38461538461538464,0.48,0.46166529266281964,1,medium_load
163,1,0.501706151896266,0.555,0.24999999999999997,0.05714285714285714,0.0,0.0,0.46153846153846156,0.52,0.4781533388293488,1,medium_load
163,2,0.5010236911377596,0.5331999999999999,0.27586206896551724,0.06428571428571428,0.0,0.0,0.8461538461538461,0.68,0.5770816158285244,1,medium_load
163,3,0.49780637613337236,0.6,0.27586206896551724,0.06428571428571428,0.0,0.0,0.46153846153846156,0.28,0.5276174773289367,1,medium_load
163,4,0.4954665106756362,0.5331999999999999,0.32758620689655177,0.04285714285714285,0.0,0.0,0.38461538461538464,0.44,0.5276174773289367,1,medium_load
163,5,0.5028760846251341,0.5331999999999999,0.21551724137931028,0.05714285714285714,0.0,0.0,0.38461538461538464,0.48,0.5276174773289367,1,medium_load
163,6,0.5026810958369894,0.5769999999999998,0.2672413793103448,0.05714285714285714,0.0,0.0,0.6153846153846154,0.6,0.5605935696619951,1,medium_load
163,7,0.5009261967436873,0.555,0.24999999999999997,0.03571428571428571,0.0,0.0,0.46153846153846156,0.4,0.4781533388293488,1,medium_load
163,8,0.49644145461635963,0.5331999999999999,0.27586206896551724,0.007142857142857143,0.0,0.0,0.07692307692307693,0.28,0.3957131079967025,1,medium_load
163,9,0.4994637808326021,0.5331999999999999,0.2586206896551724,0.06428571428571428,0.0,0.0,0.5384615384615384,0.72,0.4286892003297609,1,medium_load
164,0,0.501706151896266,0.555,0.24999999999999997,0.05714285714285714,0.0,0.0,0.46153846153846156,0.52,0.4781533388293488,1,medium_load
164,1,0.5010236911377596,0.5331999999999999,0.27586206896551724,0.06428571428571428,0.0,0.0,0.8461538461538461,0.68,0.5770816158285244,1,medium_load
164,2,0.49780637613337236,0.6,0.27586206896551724,0.06428571428571428,0.0,0.0,0.46153846153846156,0.28,0.5276174773289367,1,medium_load
164,3,0.4954665106756362,0.5331999999999999,0.32758620689655177,0.04285714285714285,0.0,0.0,0.38461538461538464,0.44,0.5276174773289367,1,medium_load
164,4,0.5028760846251341,0.5331999999999999,0.21551724137931028,0.05714285714285714,0.0,0.0,0.38461538461538464,0.48,0.5276174773289367,1,medium_load
164,5,0.5026810958369894,0.5769999999999998,0.2672413793103448,0.05714285714285714,0.0,0.0,0.6153846153846154,0.6,0.5605935696619951,1,medium_load
164,6,0.5009261967436873,0.555,0.24999999999999997,0.03571428571428571,0.0,0.0,0.46153846153846156,0.4,0.4781533388293488,1,medium_load
164,7,0.49644145461635963,0.5331999999999999,0.27586206896551724,0.007142857142857143,0.0,0.0,0.07692307692307693,0.28,0.3957131079967025,1,medium_load
164,8,0.4994637808326021,0.5331999999999999,0.2586206896551724,0.06428571428571428,0.0,0.0,0.5384615384615384,0.72,0.4286892003297609,1,medium_load
164,9,0.501413668714049,0.5331999999999999,0.32758620689655177,0.02857142857142857,0.0,0.0,0.15384615384615385,0.28,0.3792250618301733,1,medium_load
165,0,0.5010236911377596,0.5331999999999999,0.27586206896551724,0.06428571428571428,0.0,0.0,0.8461538461538461,0.68,0.5770816158285244,2,medium_load
165,1,0.49780637613337236,0.6,0.27586206896551724,0.06428571428571428,0.0,0.0,0.46153846153846156,0.28,0.5276174773289367,2,medium_load
165,2,0.4954665106756362,0.5331999999999999,0.32758620689655177,0.04285714285714285,0.0,0.0,0.38461538461538464,0.44,0.5276174773289367,2,medium_load
165,3,0.5028760846251341,0.5331999999999999,0.21551724137931028,0.05714285714285714,0.0,0.0,0.38461538461538464,0.48,0.5276174773289367,2,medium_load
165,4,0.5026810958369894,0.5769999999999998,0.2672413793103448,0.05714285714285714,0.0,0.0,0.6153846153846154,0.6,0.5605935696619951,2,medium_load
165,5,0.5009261967436873,0.555,0.24999999999999997,0.03571428571428571,0.0,0.0,0.46153846153846156,0.4,0.4781533388293488,2,medium_load
165,6,0.49644145461635963,0.5331999999999999,0.27586206896551724,0.007142857142857143,0.0,0.0,0.07692307692307693,0.28,0.3957131079967025,2,medium_load
165,7,0.4994637808326021,0.5331999999999999,0.2586206896551724,0.06428571428571428,0.0,0.0,0.5384615384615384,0.72,0.4286892003297609,2,medium_load
165,8,0.501413668714049,0.5331999999999999,0.32758620689655177,0.02857142857142857,0.0,0.0,0.15384615384615385,0.28,0.3792250618301733,2,medium_load
165,9,0.49439407234084043,0.6,0.2672413793103448,0.04285714285714285,0.0,0.0,0.15384615384615385,0.48,0.28029678483099774,2,medium_load
166,0,0.4954665106756362,0.5331999999999999,0.32758620689655177,0.04285714285714285,0.0,0.0,0.38461538461538464,0.44,0.5276174773289367,1,medium_load
166,1,0.5028760846251341,0.5331999999999999,0.21551724137931028,0.05714285714285714,0.0,0.0,0.38461538461538464,0.48,0.5276174773289367,1,medium_load
166,2,0.5026810958369894,0.5769999999999998,0.2672413793103448,0.05714285714285714,0.0,0.0,0.6153846153846154,0.6,0.5605935696619951,1,medium_load
166,3,0.5009261967436873,0.555,0.24999999999999997,0.03571428571428571,0.0,0.0,0.46153846153846156,0.4,0.4781533388293488,1,medium_load
166,4,0.49644145461635963,0.5331999999999999,0.27586206896551724,0.007142857142857143,0.0,0.0,0.07692307692307693,0.28,0.3957131079967025,1,medium_load
166,5,0.4994637808326021,0.5331999999999999,0.2586206896551724,0.06428571428571428,0.0,0.0,0.5384615384615384,0.72,0.4286892003297609,1,medium_load
166,6,0.501413668714049,0.5331999999999999,0.32758620689655177,0.02857142857142857,0.0,0.0,0.15384615384615385,0.28,0.3792250618301733,1,medium_load
166,7,0.49439407234084043,0.6,0.2672413793103448,0.04285714285714285,0.0,0.0,0.15384615384615385,0.48,0.28029678483099774,1,medium_load
166,8,0.49965876962074685,0.5331999999999999,0.23275862068965514,0.049999999999999996,0.0,0.0,0.23076923076923078,0.52,0.23083264633140982,1,medium_load
166,9,0.5050209612947255,0.5331999999999999,0.3103448275862069,0.0,0.0,0.0,0.7692307692307693,0.76,0.3792250618301733,1,medium_load
167,0,0.5028760846251341,0.5331999999999999,0.21551724137931028,0.05714285714285714,0.0,0.0,0.38461538461538464,0.48,0.5276174773289367,1,medium_load
167,1,0.5026810958369894,0.5769999999999998,0.2672413793103448,0.05714285714285714,0.0,0.0,0.6153846153846154,0.6,0.5605935696619951,1,medium_load
167,2,0.5009261967436873,0.555,0.24999999999999997,0.03571428571428571,0.0,0.0,0.46153846153846156,0.4,0.4781533388293488,1,medium_load
167,3,0.49644145461635963,0.5331999999999999,0.27586206896551724,0.007142857142857143,0.0,0.0,0.07692307692307693,0.28,0.3957131079967025,1,medium_load
167,4,0.4994637808326021,0.5331999999999999,0.2586206896551724,0.06428571428571428,0.0,0.0,0.5384615384615384,0.72,0.4286892003297609,1,medium_load
167,5,0.501413668714049,0.5331999999999999,0.32758620689655177,0.02857142857142857,0.0,0.0,0.15384615384615385,0.28,0.3792250618301733,1,medium_load
167,6,0.49439407234084043,0.6,0.2672413793103448,0.04285714285714285,0.0,0.0,0.15384615384615385,0.48,0.28029678483099774,1,medium_load
167,7,0.49965876962074685,0.5331999999999999,0.23275862068965514,0.049999999999999996,0.0,0.0,0.23076923076923078,0.52,0.23083264633140982,1,medium_load
167,8,0.5050209612947255,0.5331999999999999,0.3103448275862069,0.0,0.0,0.0,0.7692307692307693,0.76,0.3792250618301733,1,medium_load
167,9,0.49829384810373406,0.5331999999999999,0.2931034482758621,0.021428571428571425,0.0,0.0,0.6153846153846154,0.4,0.3957131079967025,1,medium_load
168,0,0.5026810958369894,0.5769999999999998,0.2672413793103448,0.05714285714285714,0.0,0.0,0.6153846153846154,0.6,0.5605935696619951,1,medium_load
168,1,0.5009261967436873,0.555,0.24999999999999997,0.03571428571428571,0.0,0.0,0.46153846153846156,0.4,0.4781533388293488,1,medium_load
168,2,0.49644145461635963,0.5331999999999999,0.27586206896551724,0.007142857142857143,0.0,0.0,0.07692307692307693,0.28,0.3957131079967025,1,medium_load
168,3,0.4994637808326021,0.5331999999999999,0.2586206896551724,0.06428571428571428,0.0,0.0,0.5384615384615384,0.72,0.4286892003297609,1,medium_load
168,4,0.501413668714049,0.5331999999999999,0.32758620689655177,0.02857142857142857,0.0,0.0,0.15384615384615385,0.28,0.3792250618301733,1,medium_load
168,5,0.49439407234084043,0.6,0.2672413793103448,0.04285714285714285,0.0,0.0,0.15384615384615385,0.48,0.28029678483099774,1,medium_load
168,6,0.49965876962074685,0.5331999999999999,0.23275862068965514,0.049999999999999996,0.0,0.0,0.23076923076923078,0.52,0.23083264633140982,1,medium_load
168,7,0.5050209612947255,0.5331999999999999,0.3103448275862069,0.0,0.0,0.0,0.7692307692307693,0.76,0.3792250618301733,1,medium_load
168,8,0.49829384810373406,0.5331999999999999,0.2931034482758621,0.021428571428571425,0.0,0.0,0.6153846153846154,0.4,0.3957131079967025,1,medium_load
168,9,0.49965876962074685,0.5331999999999999,0.3103448275862069,0.05714285714285714,0.0,0.0,0.38461538461538464,0.36,0.4451772464962904,1,medium_load
169,0,0.5009261967436873,0.555,0.24999999999999997,0.03571428571428571,0.0,0.0,0.46153846153846156,0.4,0.4781533388293488,1,medium_load
169,1,0.49644145461635963,0.5331999999999999,0.27586206896551724,0.007142857142857143,0.0,0.0,0.07692307692307693,0.28,0.3957131079967025,1,medium_load
169,2,0.4994637808326021,0.5331999999999999,0.2586206896551724,0.06428571428571428,0.0,0.0,0.5384615384615384,0.72,0.4286892003297609,1,medium_load
169,3,0.501413668714049,0.5331999999999999,0.32758620689655177,0.02857142857142857,0.0,0.0,0.15384615384615385,0.28,0.3792250618301733,1,medium_load
169,4,0.49439407234084043,0.6,0.2672413793103448,0.04285714285714285,0.0,0.0,0.15384615384615385,0.48,0.28029678483099774,1,medium_load
169,5,0.49965876962074685,0.5331999999999999,0.23275862068965514,0.049999999999999996,0.0,0.0,0.23076923076923078,0.52,0.23083264633140982,1,medium_load
169,6,0.5050209612947255,0.5331999999999999,0.3103448275862069,0.0,0.0,0.0,0.7692307692307693,0.76,0.3792250618301733,1,medium_load
169,7,0.49829384810373406,0.5331999999999999,0.2931034482758621,0.021428571428571425,0.0,0.0,0.6153846153846154,0.4,0.3957131079967025,1,medium_load
169,8,0.49965876962074685,0.5331999999999999,0.3103448275862069,0.05714285714285714,0.0,0.0,0.38461538461538464,0.36,0.4451772464962904,1,medium_load
169,9,0.4969289265867213,0.5769999999999998,0.2672413793103448,0.03571428571428571,0.0,0.0,0.07692307692307693,0.32,0.4286892003297609,1,medium_load
170,0,0.49644145461635963,0.5331999999999999,0.27586206896551724,0.007142857142857143,0.0,0.0,0.07692307692307693,0.28,0.3957131079967025,1,medium_load
170,1,0.4994637808326021,0.5331999999999999,0.2586206896551724,0.06428571428571428,0.0,0.0,0.5384615384615384,0.72,0.4286892003297609,1,medium_load
170,2,0.501413668714049,0.5331999999999999,0.32758620689655177,0.02857142857142857,0.0,0.0,0.15384615384615385,0.28,0.3792250618301733,1,medium_load
170,3,0.49439407234084043,0.6,0.2672413793103448,0.04285714285714285,0.0,0.0,0.15384615384615385,0.48,0.28029678483099774,1,medium_load
170,4,0.49965876962074685,0.5331999999999999,0.23275862068965514,0.049999999999999996,0.0,0.0,0.23076923076923078,0.52,0.23083264633140982,1,medium_load
170,5,0.5050209612947255,0.5331999999999999,0.3103448275862069,0.0,0.0,0.0,0.7692307692307693,0.76,0.3792250618301733,1,medium_load
170,6,0.49829384810373406,0.5331999999999999,0.2931034482758621,0.021428571428571425,0.0,0.0,0.6153846153846154,0.4,0.3957131079967025,1,medium_load
170,7,0.49965876962074685,0.5331999999999999,0.3103448275862069,0.05714285714285714,0.0,0.0,0.38461538461538464,0.36,0.4451772464962904,1,medium_load
170,8,0.4969289265867213,0.5769999999999998,0.2672413793103448,0.03571428571428571,0.0,0.0,0.07692307692307693,0.32,0.4286892003297609,1,medium_load
170,9,0.4962464658282149,0.5217999999999999,0.2241379310344827,0.05714285714285714,0.0,0.0,0.38461538461538464,0.64,0.46166529266281964,1,medium_load
171,0,0.4994637808326021,0.5331999999999999,0.2586206896551724,0.06428571428571428,0.0,0.0,0.5384615384615384,0.72,0.4286892003297609,1,medium_load
171,1,0.501413668714049,0.5331999999999999,0.32758620689655177,0.02857142857142857,0.0,0.0,0.15384615384615385,0.28,0.3792250618301733,1,medium_load
171,2,0.49439407234084043,0.6,0.2672413793103448,0.04285714285714285,0.0,0.0,0.15384615384615385,0.48,0.28029678483099774,1,medium_load
171,3,0.49965876962074685,0.5331999999999999,0.23275862068965514,0.049999999999999996,0.0,0.0,0.23076923076923078,0.52,0.23083264633140982,1,medium_load
171,4,0.5050209612947255,0.5331999999999999,0.3103448275862069,0.0,0.0,0.0,0.7692307692307693,0.76,0.3792250618301733,1,medium_load
171,5,0.49829384810373406,0.5331999999999999,0.2931034482758621,0.021428571428571425,0.0,0.0,0.6153846153846154,0.4,0.3957131079967025,1,medium_load
171,6,0.49965876962074685,0.5331999999999999,0.3103448275862069,0.05714285714285714,0.0,0.0,0.38461538461538464,0.36,0.4451772464962904,1,medium_load
171,7,0.4969289265867213,0.5769999999999998,0.2672413793103448,0.03571428571428571,0.0,0.0,0.07692307692307693,0.32,0.4286892003297609,1,medium_load
171,8,0.4962464658282149,0.5217999999999999,0.2241379310344827,0.05714285714285714,0.0,0.0,0.38461538461538464,0.64,0.46166529266281964,1,medium_load
171,9,0.49917129765038515,0.46659999999999996,0.2586206896551724,0.0,0.0,0.0,0.38461538461538464,0.48,0.3792250618301733,1,medium_load
172,0,0.49965876962074685,0.5331999999999999,0.23275862068965514,0.049999999999999996,0.0,0.0,0.23076923076923078,0.52,0.23083264633140982,1,medium_load
172,1,0.5050209612947255,0.5331999999999999,0.3103448275862069,0.0,0.0,0.0,0.7692307692307693,0.76,0.3792250618301733,1,medium_load
172,2,0.49829384810373406,0.5331999999999999,0.2931034482758621,0.021428571428571425,0.0,0.0,0.6153846153846154,0.4,0.3957131079967025,1,medium_load
172,3,0.49965876962074685,0.5331999999999999,0.3103448275862069,0.05714285714285714,0.0,0.0,0.38461538461538464,0.36,0.4451772464962904,1,medium_load
172,4,0.4969289265867213,0.5769999999999998,0.2672413793103448,0.03571428571428571,0.0,0.0,0.07692307692307693,0.32,0.4286892003297609,1,medium_load
172,5,0.4962464658282149,0.5217999999999999,0.2241379310344827,0.05714285714285714,0.0,0.0,0.38461538461538464,0.64,0.46166529266281964,1,medium_load
172,6,0.49917129765038515,0.46659999999999996,0.2586206896551724,0.0,0.0,0.0,0.38461538461538464,0.48,0.3792250618301733,1,medium_load
172,7,0.5065808715998831,0.508,0.34482758620689646,0.049999999999999996,0.0,0.0,0.38461538461538464,0.48,0.3297609233305854,1,medium_load
172,8,0.4999512528029639,0.48719999999999997,0.24137931034482754,0.06428571428571428,0.0,0.0,0.8461538461538461,0.72,0.4286892003297609,1,medium_load
172,9,0.5016086575021936,0.46659999999999996,0.24137931034482754,0.05714285714285714,0.0,0.0,0.38461538461538464,0.24,0.494641384995878,1,medium_load
173,0,0.5050209612947255,0.5331999999999999,0.3103448275862069,0.0,0.0,0.0,0.7692307692307693,0.76,0.3792250618301733,2,medium_load
173,1,0.49829384810373406,0.5331999999999999,0.2931034482758621,0.021428571428571425,0.0,0.0,0.6153846153846154,0.4,0.3957131079967025,2,medium_load
173,2,0.49965876962074685,0.5331999999999999,0.3103448275862069,0.05714285714285714,0.0,0.0,0.38461538461538464,0.36,0.4451772464962904,2,medium_load
173,3,0.4969289265867213,0.5769999999999998,0.2672413793103448,0.03571428571428571,0.0,0.0,0.07692307692307693,0.32,0.4286892003297609,2,medium_load
173,4,0.4962464658282149,0.5217999999999999,0.2241379310344827,0.05714285714285714,0.0,0.0,0.38461538461538464,0.64,0.46166529266281964,2,medium_load
173,5,0.49917129765038515,0.46659999999999996,0.2586206896551724,0.0,0.0,0.0,0.38461538461538464,0.48,0.3792250618301733,2,medium_load
173,6,0.5065808715998831,0.508,0.34482758620689646,0.049999999999999996,0.0,0.0,0.38461538461538464,0.48,0.3297609233305854,2,medium_load
173,7,0.4999512528029639,0.48719999999999997,0.24137931034482754,0.06428571428571428,0.0,0.0,0.8461538461538461,0.72,0.4286892003297609,2,medium_load
173,8,0.5016086575021936,0.46659999999999996,0.24137931034482754,0.05714285714285714,0.0,0.0,0.38461538461538464,0.24,0.494641384995878,2,medium_load
173,9,0.4979038705274447,0.7147999999999999,0.2586206896551724,0.03571428571428571,0.0,0.0,1.0,0.8,0.6265457543281123,2,medium_load
174,0,0.49829384810373406,0.5331999999999999,0.2931034482758621,0.021428571428571425,0.0,0.0,0.6153846153846154,0.4,0.3957131079967025,2,medium_load
174,1,0.49965876962074685,0.5331999999999999,0.3103448275862069,0.05714285714285714,0.0,0.0,0.38461538461538464,0.36,0.4451772464962904,2,medium_load
174,2,0.4969289265867213,0.5769999999999998,0.2672413793103448,0.03571428571428571,0.0,0.0,0.07692307692307693,0.32,0.4286892003297609,2,medium_load
174,3,0.4962464658282149,0.5217999999999999,0.2241379310344827,0.05714285714285714,0.0,0.0,0.38461538461538464,0.64,0.46166529266281964,2,medium_load
174,4,0.49917129765038515,0.46659999999999996,0.2586206896551724,0.0,0.0,0.0,0.38461538461538464,0.48,0.3792250618301733,2,medium_load
174,5,0.5065808715998831,0.508,0.34482758620689646,0.049999999999999996,0.0,0.0,0.38461538461538464,0.48,0.3297609233305854,2,medium_load
174,6,0.4999512528029639,0.48719999999999997,0.24137931034482754,0.06428571428571428,0.0,0.0,0.8461538461538461,0.72,0.4286892003297609,2,medium_load
174,7,0.5016086575021936,0.46659999999999996,0.24137931034482754,0.05714285714285714,0.0,0.0,0.38461538461538464,0.24,0.494641384995878,2,medium_load
174,8,0.4979038705274447,0.7147999999999999,0.2586206896551724,0.03571428571428571,0.0,0.0,1.0,0.8,0.6265457543281123,2,medium_load
174,9,0.5019986350784831,0.5769999999999998,0.27586206896551724,0.0857142857142857,0.0,0.0,0.9230769230769231,0.44,0.741962077493817,2,medium_load
175,0,0.4962464658282149,0.5217999999999999,0.2241379310344827,0.05714285714285714,0.0,0.0,0.38461538461538464,0.64,0.46166529266281964,1,medium_load
175,1,0.49917129765038515,0.46659999999999996,0.2586206896551724,0.0,0.0,0.0,0.38461538461538464,0.48,0.3792250618301733,1,medium_load
175,2,0.5065808715998831,0.508,0.34482758620689646,0.049999999999999996,0.0,0.0,0.38461538461538464,0.48,0.3297609233305854,1,medium_load
175,3,0.4999512528029639,0.48719999999999997,0.24137931034482754,0.06428571428571428,0.0,0.0,0.8461538461538461,0.72,0.4286892003297609,1,medium_load
175,4,0.5016086575021936,0.46659999999999996,0.24137931034482754,0.05714285714285714,0.0,0.0,0.38461538461538464,0.24,0.494641384995878,1,medium_load
175,5,0.4979038705274447,0.7147999999999999,0.2586206896551724,0.03571428571428571,0.0,0.0,1.0,0.8,0.6265457543281123,1,medium_load
175,6,0.5019986350784831,0.5769999999999998,0.27586206896551724,0.0857142857142857,0.0,0.0,0.9230769230769231,0.44,0.741962077493817,1,medium_load
175,7,0.49878132007409576,0.6218,0.24999999999999997,0.03571428571428571,0.0,0.0,0.07692307692307693,0.04,0.6760098928277,1,medium_load
175,8,0.49985375840889157,0.6666,0.28448275862068967,0.05714285714285714,0.0,0.0,0.23076923076923078,0.56,0.5441055234954659,1,medium_load
175,9,0.5047284781125086,0.46659999999999996,0.2586206896551724,0.049999999999999996,0.0,0.0,0.23076923076923078,0.48,0.5111294311624073,1,medium_load
176,0,0.49917129765038515,0.46659999999999996,0.2586206896551724,0.0,0.0,0.0,0.38461538461538464,0.48,0.3792250618301733,1,medium_load
176,1,0.5065808715998831,0.508,0.34482758620689646,0.049999999999999996,0.0,0.0,0.38461538461538464,0.48,0.3297609233305854,1,medium_load
176,2,0.4999512528029639,0.48719999999999997,0.24137931034482754,0.06428571428571428,0.0,0.0,0.8461538461538461,0.72,0.4286892003297609,1,medium_load
176,3,0.5016086575021936,0.46659999999999996,0.24137931034482754,0.05714285714285714,0.0,0.0,0.38461538461538464,0.24,0.494641384995878,1,medium_load
176,4,0.4979038705274447,0.7147999999999999,0.2586206896551724,0.03571428571428571,0.0,0.0,1.0,0.8,0.6265457543281123,1,medium_load
176,5,0.5019986350784831,0.5769999999999998,0.27586206896551724,0.0857142857142857,0.0,0.0,0.9230769230769231,0.44,0.741962077493817,1,medium_load
176,6,0.49878132007409576,0.6218,0.24999999999999997,0.03571428571428571,0.0,0.0,0.07692307692307693,0.04,0.6760098928277,1,medium_load
176,7,0.49985375840889157,0.6666,0.28448275862068967,0.05714285714285714,0.0,0.0,0.23076923076923078,0.56,0.5441055234954659,1,medium_load
176,8,0.5047284781125086,0.46659999999999996,0.2586206896551724,0.049999999999999996,0.0,0.0,0.23076923076923078,0.48,0.5111294311624073,1,medium_load
176,9,0.49829384810373406,0.5331999999999999,0.3017241379310345,0.014285714285714285,0.0,0.0,0.46153846153846156,0.6,0.3957131079967025,1,medium_load
177,0,0.5065808715998831,0.508,0.34482758620689646,0.049999999999999996,0.0,0.0,0.38461538461538464,0.48,0.3297609233305854,1,medium_load
177,1,0.4999512528029639,0.48719999999999997,0.24137931034482754,0.06428571428571428,0.0,0.0,0.8461538461538461,0.72,0.4286892003297609,1,medium_load
177,2,0.5016086575021936,0.46659999999999996,0.24137931034482754,0.05714285714285714,0.0,0.0,0.38461538461538464,0.24,0.494641384995878,1,medium_load
177,3,0.4979038705274447,0.7147999999999999,0.2586206896551724,0.03571428571428571,0.0,0.0,1.0,0.8,0.6265457543281123,1,medium_load
177,4,0.5019986350784831,0.5769999999999998,0.27586206896551724,0.0857142857142857,0.0,0.0,0.9230769230769231,0.44,0.741962077493817,1,medium_load
177,5,0.49878132007409576,0.6218,0.24999999999999997,0.03571428571428571,0.0,0.0,0.07692307692307693,0.04,0.6760098928277,1,medium_load
177,6,0.49985375840889157,0.6666,0.28448275862068967,0.05714285714285714,0.0,0.0,0.23076923076923078,0.56,0.5441055234954659,1,medium_load
177,7,0.5047284781125086,0.46659999999999996,0.2586206896551724,0.049999999999999996,0.0,0.0,0.23076923076923078,0.48,0.5111294311624073,1,medium_load
177,8,0.49829384810373406,0.5331999999999999,0.3017241379310345,0.014285714285714285,0.0,0.0,0.46153846153846156,0.6,0.3957131079967025,1,medium_load
177,9,0.4994637808326021,0.46659999999999996,0.24137931034482754,0.04285714285714285,0.0,0.0,0.23076923076923078,0.36,0.247320692497939,1,medium_load
178,0,0.4999512528029639,0.48719999999999997,0.24137931034482754,0.06428571428571428,0.0,0.0,0.8461538461538461,0.72,0.4286892003297609,1,medium_load
178,1,0.5016086575021936,0.46659999999999996,0.24137931034482754,0.05714285714285714,0.0,0.0,0.38461538461538464,0.24,0.494641384995878,1,medium_load
178,2,0.4979038705274447,0.7147999999999999,0.2586206896551724,0.03571428571428571,0.0,0.0,1.0,0.8,0.6265457543281123,1,medium_load
178,3,0.5019986350784831,0.5769999999999998,0.27586206896551724,0.0857142857142857,0.0,0.0,0.9230769230769231,0.44,0.741962077493817,1,medium_load
178,4,0.49878132007409576,0.6218,0.24999999999999997,0.03571428571428571,0.0,0.0,0.07692307692307693,0.04,0.6760098928277,1,medium_load
178,5,0.49985375840889157,0.6666,0.28448275862068967,0.05714285714285714,0.0,0.0,0.23076923076923078,0.56,0.5441055234954659,1,medium_load
178,6,0.5047284781125086,0.46659999999999996,0.2586206896551724,0.049999999999999996,0.0,0.0,0.23076923076923078,0.48,0.5111294311624073,1,medium_load
178,7,0.49829384810373406,0.5331999999999999,0.3017241379310345,0.014285714285714285,0.0,0.0,0.46153846153846156,0.6,0.3957131079967025,1,medium_load
178,8,0.4994637808326021,0.46659999999999996,0.24137931034482754,0.04285714285714285,0.0,0.0,0.23076923076923078,0.36,0.247320692497939,1,medium_load
178,9,0.49965876962074685,0.46659999999999996,0.21551724137931028,0.05714285714285714,0.0,0.0,0.15384615384615385,0.44,0.26380873866446825,1,medium_load
179,0,0.4979038705274447,0.7147999999999999,0.2586206896551724,0.03571428571428571,0.0,0.0,1.0,0.8,0.6265457543281123,1,medium_load
179,1,0.5019986350784831,0.5769999999999998,0.27586206896551724,0.0857142857142857,0.0,0.0,0.9230769230769231,0.44,0.741962077493817,1,medium_load
179,2,0.49878132007409576,0.6218,0.24999999999999997,0.03571428571428571,0.0,0.0,0.07692307692307693,0.04,0.6760098928277,1,medium_load
179,3,0.49985375840889157,0.6666,0.28448275862068967,0.05714285714285714,0.0,0.0,0.23076923076923078,0.56,0.5441055234954659,1,medium_load
179,4,0.5047284781125086,0.46659999999999996,0.2586206896551724,0.049999999999999996,0.0,0.0,0.23076923076923078,0.48,0.5111294311624073,1,medium_load
179,5,0.49829384810373406,0.5331999999999999,0.3017241379310345,0.014285714285714285,0.0,0.0,0.46153846153846156,0.6,0.3957131079967025,1,medium_load
179,6,0.4994637808326021,0.46659999999999996,0.24137931034482754,0.04285714285714285,0.0,0.0,0.23076923076923078,0.36,0.247320692497939,1,medium_load
179,7,0.49965876962074685,0.46659999999999996,0.21551724137931028,0.05714285714285714,0.0,0.0,0.15384615384615385,0.44,0.26380873866446825,1,medium_load
179,8,0.4992687920444575,0.508,0.2586206896551724,0.05714285714285714,0.0,0.0,0.07692307692307693,0.44,0.23083264633140982,1,medium_load
179,9,0.5022911182607,0.508,0.2931034482758621,0.021428571428571425,0.0,0.0,0.07692307692307693,0.48,0.1978565539983514,1,medium_load
180,0,0.5019986350784831,0.5769999999999998,0.27586206896551724,0.0857142857142857,0.0,0.0,0.9230769230769231,0.44,0.741962077493817,1,medium_load
180,1,0.49878132007409576,0.6218,0.24999999999999997,0.03571428571428571,0.0,0.0,0.07692307692307693,0.04,0.6760098928277,1,medium_load
180,2,0.49985375840889157,0.6666,0.28448275862068967,0.05714285714285714,0.0,0.0,0.23076923076923078,0.56,0.5441055234954659,1,medium_load
180,3,0.5047284781125086,0.46659999999999996,0.2586206896551724,0.049999999999999996,0.0,0.0,0.23076923076923078,0.48,0.5111294311624073,1,medium_load
180,4,0.49829384810373406,0.5331999999999999,0.3017241379310345,0.014285714285714285,0.0,0.0,0.46153846153846156,0.6,0.3957131079967025,1,medium_load
180,5,0.4994637808326021,0.46659999999999996,0.24137931034482754,0.04285714285714285,0.0,0.0,0.23076923076923078,0.36,0.247320692497939,1,medium_load
180,6,0.49965876962074685,0.46659999999999996,0.21551724137931028,0.05714285714285714,0.0,0.0,0.15384615384615385,0.44,0.26380873866446825,1,medium_load
180,7,0.4992687920444575,0.508,0.2586206896551724,0.05714285714285714,0.0,0.0,0.07692307692307693,0.44,0.23083264633140982,1,medium_load
180,8,0.5022911182607,0.508,0.2931034482758621,0.021428571428571425,0.0,0.0,0.07692307692307693,0.48,0.1978565539983514,1,medium_load
180,9,0.5031685678073511,0.508,0.24137931034482754,0.04285714285714285,0.0,0.0,0.7692307692307693,0.84,0.26380873866446825,1,medium_load
181,0,0.49878132007409576,0.6218,0.24999999999999997,0.03571428571428571,0.0,0.0,0.07692307692307693,0.04,0.6760098928277,1,medium_load
181,1,0.49985375840889157,0.6666,0.28448275862068967,0.05714285714285714,0.0,0.0,0.23076923076923078,0.56,0.5441055234954659,1,medium_load
181,2,0.5047284781125086,0.46659999999999996,0.2586206896551724,0.049999999999999996,0.0,0.0,0.23076923076923078,0.48,0.5111294311624073,1,medium_load
181,3,0.49829384810373406,0.5331999999999999,0.3017241379310345,0.014285714285714285,0.0,0.0,0.46153846153846156,0.6,0.3957131079967025,1,medium_load
181,4,0.4994637808326021,0.46659999999999996,0.24137931034482754,0.04285714285714285,0.0,0.0,0.23076923076923078,0.36,0.247320692497939,1,medium_load
181,5,0.49965876962074685,0.46659999999999996,0.21551724137931028,0.05714285714285714,0.0,0.0,0.15384615384615385,0.44,0.26380873866446825,1,medium_load
181,6,0.4992687920444575,0.508,0.2586206896551724,0.05714285714285714,0.0,0.0,0.07692307692307693,0.44,0.23083264633140982,1,medium_load
181,7,0.5022911182607,0.508,0.2931034482758621,0.021428571428571425,0.0,0.0,0.07692307692307693,0.48,0.1978565539983514,1,medium_load
181,8,0.5031685678073511,0.508,0.24137931034482754,0.04285714285714285,0.0,0.0,0.7692307692307693,0.84,0.26380873866446825,1,medium_load
181,9,0.4956614994637809,0.5206000000000001,0.3017241379310345,0.03571428571428571,0.0,0.0,0.7692307692307693,0.48,0.3792250618301733,1,medium_load
182,0,0.49985375840889157,0.6666,0.28448275862068967,0.05714285714285714,0.0,0.0,0.23076923076923078,0.56,0.5441055234954659,1,medium_load
182,1,0.5047284781125086,0.46659999999999996,0.2586206896551724,0.049999999999999996,0.0,0.0,0.23076923076923078,0.48,0.5111294311624073,1,medium_load
182,2,0.49829384810373406,0.5331999999999999,0.3017241379310345,0.014285714285714285,0.0,0.0,0.46153846153846156,0.6,0.3957131079967025,1,medium_load
182,3,0.4994637808326021,0.46659999999999996,0.24137931034482754,0.04285714285714285,0.0,0.0,0.23076923076923078,0.36,0.247320692497939,1,medium_load
182,4,0.49965876962074685,0.46659999999999996,0.21551724137931028,0.05714285714285714,0.0,0.0,0.15384615384615385,0.44,0.26380873866446825,1,medium_load
182,5,0.4992687920444575,0.508,0.2586206896551724,0.05714285714285714,0.0,0.0,0.07692307692307693,0.44,0.23083264633140982,1,medium_load
182,6,0.5022911182607,0.508,0.2931034482758621,0.021428571428571425,0.0,0.0,0.07692307692307693,0.48,0.1978565539983514,1,medium_load
182,7,0.5031685678073511,0.508,0.24137931034482754,0.04285714285714285,0.0,0.0,0.7692307692307693,0.84,0.26380873866446825,1,medium_load
182,8,0.4956614994637809,0.5206000000000001,0.3017241379310345,0.03571428571428571,0.0,0.0,0.7692307692307693,0.48,0.3792250618301733,1,medium_load
182,9,0.5050209612947255,0.5331999999999999,0.24137931034482754,0.04285714285714285,0.0,0.0,0.5384615384615384,0.36,0.46166529266281964,1,medium_load
183,0,0.5047284781125086,0.46659999999999996,0.2586206896551724,0.049999999999999996,0.0,0.0,0.23076923076923078,0.48,0.5111294311624073,1,medium_load
183,1,0.49829384810373406,0.5331999999999999,0.3017241379310345,0.014285714285714285,0.0,0.0,0.46153846153846156,0.6,0.3957131079967025,1,medium_load
183,2,0.4994637808326021,0.46659999999999996,0.24137931034482754,0.04285714285714285,0.0,0.0,0.23076923076923078,0.36,0.247320692497939,1,medium_load
183,3,0.49965876962074685,0.46659999999999996,0.21551724137931028,0.05714285714285714,0.0,0.0,0.15384615384615385,0.44,0.26380873866446825,1,medium_load
183,4,0.4992687920444575,0.508,0.2586206896551724,0.05714285714285714,0.0,0.0,0.07692307692307693,0.44,0.23083264633140982,1,medium_load
183,5,0.5022911182607,0.508,0.2931034482758621,0.021428571428571425,0.0,0.0,0.07692307692307693,0.48,0.1978565539983514,1,medium_load
183,6,0.5031685678073511,0.508,0.24137931034482754,0.04285714285714285,0.0,0.0,0.7692307692307693,0.84,0.26380873866446825,1,medium_load
183,7,0.4956614994637809,0.5206000000000001,0.3017241379310345,0.03571428571428571,0.0,0.0,0.7692307692307693,0.48,0.3792250618301733,1,medium_load
183,8,0.5050209612947255,0.5331999999999999,0.24137931034482754,0.04285714285714285,0.0,0.0,0.5384615384615384,0.36,0.46166529266281964,1,medium_load
183,9,0.497123915374866,0.5331999999999999,0.20689655172413787,0.04285714285714285,0.0,0.0,0.15384615384615385,0.28,0.4781533388293488,1,medium_load
184,0,0.49829384810373406,0.5331999999999999,0.3017241379310345,0.014285714285714285,0.0,0.0,0.46153846153846156,0.6,0.3957131079967025,2,medium_load
184,1,0.4994637808326021,0.46659999999999996,0.24137931034482754,0.04285714285714285,0.0,0.0,0.23076923076923078,0.36,0.247320692497939,2,medium_load
184,2,0.49965876962074685,0.46659999999999996,0.21551724137931028,0.05714285714285714,0.0,0.0,0.15384615384615385,0.44,0.26380873866446825,2,medium_load
184,3,0.4992687920444575,0.508,0.2586206896551724,0.05714285714285714,0.0,0.0,0.07692307692307693,0.44,0.23083264633140982,2,medium_load
184,4,0.5022911182607,0.508,0.2931034482758621,0.021428571428571425,0.0,0.0,0.07692307692307693,0.48,0.1978565539983514,2,medium_load
184,5,0.5031685678073511,0.508,0.24137931034482754,0.04285714285714285,0.0,0.0,0.7692307692307693,0.84,0.26380873866446825,2,medium_load
184,6,0.4956614994637809,0.5206000000000001,0.3017241379310345,0.03571428571428571,0.0,0.0,0.7692307692307693,0.48,0.3792250618301733,2,medium_load
184,7,0.5050209612947255,0.5331999999999999,0.24137931034482754,0.04285714285714285,0.0,0.0,0.5384615384615384,0.36,0.46166529266281964,2,medium_load
184,8,0.497123915374866,0.5331999999999999,0.20689655172413787,0.04285714285714285,0.0,0.0,0.15384615384615385,0.28,0.4781533388293488,2,medium_load
184,9,0.501413668714049,0.5769999999999998,0.12068965517241377,0.049999999999999996,0.0,0.0,0.6923076923076923,0.76,0.6100577081615831,2,medium_load
185,0,0.4994637808326021,0.46659999999999996,0.24137931034482754,0.04285714285714285,0.0,0.0,0.23076923076923078,0.36,0.247320692497939,1,medium_load
185,1,0.49965876962074685,0.46659999999999996,0.21551724137931028,0.05714285714285714,0.0,0.0,0.15384615384615385,0.44,0.26380873866446825,1,medium_load
185,2,0.4992687920444575,0.508,0.2586206896551724,0.05714285714285714,0.0,0.0,0.07692307692307693,0.44,0.23083264633140982,1,medium_load
185,3,0.5022911182607,0.508,0.2931034482758621,0.021428571428571425,0.0,0.0,0.07692307692307693,0.48,0.1978565539983514,1,medium_load
185,4,0.5031685678073511,0.508,0.24137931034482754,0.04285714285714285,0.0,0.0,0.7692307692307693,0.84,0.26380873866446825,1,medium_load
185,5,0.4956614994637809,0.5206000000000001,0.3017241379310345,0.03571428571428571,0.0,0.0,0.7692307692307693,0.48,0.3792250618301733,1,medium_load
185,6,0.5050209612947255,0.5331999999999999,0.24137931034482754,0.04285714285714285,0.0,0.0,0.5384615384615384,0.36,0.46166529266281964,1,medium_load
185,7,0.497123915374866,0.5331999999999999,0.20689655172413787,0.04285714285714285,0.0,0.0,0.15384615384615385,0.28,0.4781533388293488,1,medium_load
185,8,0.501413668714049,0.5769999999999998,0.12068965517241377,0.049999999999999996,0.0,0.0,0.6923076923076923,0.76,0.6100577081615831,1,medium_load
185,9,0.5003412303792533,0.4,0.2672413793103448,0.07857142857142856,0.0,0.0,0.0,0.12,0.4451772464962904,1,medium_load
186,0,0.49965876962074685,0.46659999999999996,0.21551724137931028,0.05714285714285714,0.0,0.0,0.15384615384615385,0.44,0.26380873866446825,2,medium_load
186,1,0.4992687920444575,0.508,0.2586206896551724,0.05714285714285714,0.0,0.0,0.07692307692307693,0.44,0.23083264633140982,2,medium_load
186,2,0.5022911182607,0.508,0.2931034482758621,0.021428571428571425,0.0,0.0,0.07692307692307693,0.48,0.1978565539983514,2,medium_load
186,3,0.5031685678073511,0.508,0.24137931034482754,0.04285714285714285,0.0,0.0,0.7692307692307693,0.84,0.26380873866446825,2,medium_load
186,4,0.4956614994637809,0.5206000000000001,0.3017241379310345,0.03571428571428571,0.0,0.0,0.7692307692307693,0.48,0.3792250618301733,2,medium_load
186,5,0.5050209612947255,0.5331999999999999,0.24137931034482754,0.04285714285714285,0.0,0.0,0.5384615384615384,0.36,0.46166529266281964,2,medium_load
186,6,0.497123915374866,0.5331999999999999,0.20689655172413787,0.04285714285714285,0.0,0.0,0.15384615384615385,0.28,0.4781533388293488,2,medium_load
186,7,0.501413668714049,0.5769999999999998,0.12068965517241377,0.049999999999999996,0.0,0.0,0.6923076923076923,0.76,0.6100577081615831,2,medium_load
186,8,0.5003412303792533,0.4,0.2672413793103448,0.07857142857142856,0.0,0.0,0.0,0.12,0.4451772464962904,2,medium_load
186,9,0.49956127522667454,0.5331999999999999,0.3103448275862069,0.05714285714285714,0.13043478260869565,0.13043478260869565,0.7692307692307693,0.88,0.4451772464962904,2,medium_load
187,0,0.5022911182607,0.508,0.2931034482758621,0.021428571428571425,0.0,0.0,0.07692307692307693,0.48,0.1978565539983514,1,medium_load
187,1,0.5031685678073511,0.508,0.24137931034482754,0.04285714285714285,0.0,0.0,0.7692307692307693,0.84,0.26380873866446825,1,medium_load
187,2,0.4956614994637809,0.5206000000000001,0.3017241379310345,0.03571428571428571,0.0,0.0,0.7692307692307693,0.48,0.3792250618301733,1,medium_load
187,3,0.5050209612947255,0.5331999999999999,0.24137931034482754,0.04285714285714285,0.0,0.0,0.5384615384615384,0.36,0.46166529266281964,1,medium_load
187,4,0.497123915374866,0.5331999999999999,0.20689655172413787,0.04285714285714285,0.0,0.0,0.15384615384615385,0.28,0.4781533388293488,1,medium_load
187,5,0.501413668714049,0.5769999999999998,0.12068965517241377,0.049999999999999996,0.0,0.0,0.6923076923076923,0.76,0.6100577081615831,1,medium_load
187,6,0.5003412303792533,0.4,0.2672413793103448,0.07857142857142856,0.0,0.0,0.0,0.12,0.4451772464962904,1,medium_load
187,7,0.49956127522667454,0.5331999999999999,0.3103448275862069,0.05714285714285714,0.13043478260869565,0.13043478260869565,0.7692307692307693,0.88,0.4451772464962904,1,medium_load
187,8,0.4977088817393,0.5769999999999998,0.03448275862068963,0.021428571428571425,0.0,0.0,0.6923076923076923,0.44,0.4781533388293488,1,medium_load
187,9,0.49975626401481915,0.5769999999999998,0.21551724137931028,0.07142857142857142,0.0,0.0,0.6923076923076923,0.48,0.5935696619950536,1,medium_load
188,0,0.5031685678073511,0.508,0.24137931034482754,0.04285714285714285,0.0,0.0,0.7692307692307693,0.84,0.26380873866446825,1,medium_load
188,1,0.4956614994637809,0.5206000000000001,0.3017241379310345,0.03571428571428571,0.0,0.0,0.7692307692307693,0.48,0.3792250618301733,1,medium_load
188,2,0.5050209612947255,0.5331999999999999,0.24137931034482754,0.04285714285714285,0.0,0.0,0.5384615384615384,0.36,0.46166529266281964,1,medium_load
188,3,0.497123915374866,0.5331999999999999,0.20689655172413787,0.04285714285714285,0.0,0.0,0.15384615384615385,0.28,0.4781533388293488,1,medium_load
188,4,0.501413668714049,0.5769999999999998,0.12068965517241377,0.049999999999999996,0.0,0.0,0.6923076923076923,0.76,0.6100577081615831,1,medium_load
188,5,0.5003412303792533,0.4,0.2672413793103448,0.07857142857142856,0.0,0.0,0.0,0.12,0.4451772464962904,1,medium_load
188,6,0.49956127522667454,0.5331999999999999,0.3103448275862069,0.05714285714285714,0.13043478260869565,0.13043478260869565,0.7692307692307693,0.88,0.4451772464962904,1,medium_load
188,7,0.4977088817393,0.5769999999999998,0.03448275862068963,0.021428571428571425,0.0,0.0,0.6923076923076923,0.44,0.4781533388293488,1,medium_load
188,8,0.49975626401481915,0.5769999999999998,0.21551724137931028,0.07142857142857142,0.0,0.0,0.6923076923076923,0.48,0.5935696619950536,1,medium_load
188,9,0.4985863312859511,0.5769999999999998,0.24137931034482754,0.07142857142857142,0.0,0.0,0.8461538461538461,0.56,0.6265457543281123,1,medium_load
189,0,0.497123915374866,0.5331999999999999,0.20689655172413787,0.04285714285714285,0.0,0.0,0.15384615384615385,0.28,0.4781533388293488,1,medium_load
189,1,0.501413668714049,0.5769999999999998,0.12068965517241377,0.049999999999999996,0.0,0.0,0.6923076923076923,0.76,0.6100577081615831,1,medium_load
189,2,0.5003412303792533,0.4,0.2672413793103448,0.07857142857142856,0.0,0.0,0.0,0.12,0.4451772464962904,1,medium_load
189,3,0.49956127522667454,0.5331999999999999,0.3103448275862069,0.05714285714285714,0.13043478260869565,0.13043478260869565,0.7692307692307693,0.88,0.4451772464962904,1,medium_load
189,4,0.4977088817393,0.5769999999999998,0.03448275862068963,0.021428571428571425,0.0,0.0,0.6923076923076923,0.44,0.4781533388293488,1,medium_load
189,5,0.49975626401481915,0.5769999999999998,0.21551724137931028,0.07142857142857142,0.0,0.0,0.6923076923076923,0.48,0.5935696619950536,1,medium_load
189,6,0.4985863312859511,0.5769999999999998,0.24137931034482754,0.07142857142857142,0.0,0.0,0.8461538461538461,0.56,0.6265457543281123,1,medium_load
189,7,0.4992687920444575,0.46659999999999996,0.3362068965517241,0.021428571428571425,0.0,0.0,0.5384615384615384,0.32,0.741962077493817,1,medium_load
189,8,0.5022911182607,0.5331999999999999,0.24137931034482754,0.03571428571428571,0.0,0.0,0.23076923076923078,0.32,0.6265457543281123,1,medium_load
189,9,0.5016086575021936,0.46659999999999996,0.2672413793103448,0.05714285714285714,0.0,0.0,0.8461538461538461,0.8,0.6595218466611708,1,medium_load
190,0,0.5003412303792533,0.4,0.2672413793103448,0.07857142857142856,0.0,0.0,0.0,0.12,0.4451772464962904,1,medium_load
190,1,0.49956127522667454,0.5331999999999999,0.3103448275862069,0.05714285714285714,0.13043478260869565,0.13043478260869565,0.7692307692307693,0.88,0.4451772464962904,1,medium_load
190,2,0.4977088817393,0.5769999999999998,0.03448275862068963,0.021428571428571425,0.0,0.0,0.6923076923076923,0.44,0.4781533388293488,1,medium_load
190,3,0.49975626401481915,0.5769999999999998,0.21551724137931028,0.07142857142857142,0.0,0.0,0.6923076923076923,0.48,0.5935696619950536,1,medium_load
190,4,0.4985863312859511,0.5769999999999998,0.24137931034482754,0.07142857142857142,0.0,0.0,0.8461538461538461,0.56,0.6265457543281123,1,medium_load
190,5,0.4992687920444575,0.46659999999999996,0.3362068965517241,0.021428571428571425,0.0,0.0,0.5384615384615384,0.32,0.741962077493817,1,medium_load
190,6,0.5022911182607,0.5331999999999999,0.24137931034482754,0.03571428571428571,0.0,0.0,0.23076923076923078,0.32,0.6265457543281123,1,medium_load
190,7,0.5016086575021936,0.46659999999999996,0.2672413793103448,0.05714285714285714,0.0,0.0,0.8461538461538461,0.8,0.6595218466611708,1,medium_load
190,8,0.4992687920444575,0.5331999999999999,0.24137931034482754,0.02857142857142857,0.0,0.0,0.38461538461538464,0.24,0.5935696619950536,1,medium_load
190,9,0.4994637808326021,0.5331999999999999,0.3534482758620689,0.07142857142857142,0.0,0.0,0.15384615384615385,0.36,0.4451772464962904,1,medium_load
191,0,0.49956127522667454,0.5331999999999999,0.3103448275862069,0.05714285714285714,0.13043478260869565,0.13043478260869565,0.7692307692307693,0.88,0.4451772464962904,1,medium_load
191,1,0.4977088817393,0.5769999999999998,0.03448275862068963,0.021428571428571425,0.0,0.0,0.6923076923076923,0.44,0.4781533388293488,1,medium_load
191,2,0.49975626401481915,0.5769999999999998,0.21551724137931028,0.07142857142857142,0.0,0.0,0.6923076923076923,0.48,0.5935696619950536,1,medium_load
191,3,0.4985863312859511,0.5769999999999998,0.24137931034482754,0.07142857142857142,0.0,0.0,0.8461538461538461,0.56,0.6265457543281123,1,medium_load
191,4,0.4992687920444575,0.46659999999999996,0.3362068965517241,0.021428571428571425,0.0,0.0,0.5384615384615384,0.32,0.741962077493817,1,medium_load
191,5,0.5022911182607,0.5331999999999999,0.24137931034482754,0.03571428571428571,0.0,0.0,0.23076923076923078,0.32,0.6265457543281123,1,medium_load
191,6,0.5016086575021936,0.46659999999999996,0.2672413793103448,0.05714285714285714,0.0,0.0,0.8461538461538461,0.8,0.6595218466611708,1,medium_load
191,7,0.4992687920444575,0.5331999999999999,0.24137931034482754,0.02857142857142857,0.0,0.0,0.38461538461538464,0.24,0.5935696619950536,1,medium_load
191,8,0.4994637808326021,0.5331999999999999,0.3534482758620689,0.07142857142857142,0.0,0.0,0.15384615384615385,0.36,0.4451772464962904,1,medium_load
191,9,0.49839134249780637,0.46659999999999996,0.2241379310344827,0.03571428571428571,0.0,0.0,0.3076923076923077,0.56,0.3957131079967025,1,medium_load
192,0,0.4977088817393,0.5769999999999998,0.03448275862068963,0.021428571428571425,0.0,0.0,0.6923076923076923,0.44,0.4781533388293488,1,medium_load
192,1,0.49975626401481915,0.5769999999999998,0.21551724137931028,0.07142857142857142,0.0,0.0,0.6923076923076923,0.48,0.5935696619950536,1,medium_load
192,2,0.4985863312859511,0.5769999999999998,0.24137931034482754,0.07142857142857142,0.0,0.0,0.8461538461538461,0.56,0.6265457543281123,1,medium_load
192,3,0.4992687920444575,0.46659999999999996,0.3362068965517241,0.021428571428571425,0.0,0.0,0.5384615384615384,0.32,0.741962077493817,1,medium_load
192,4,0.5022911182607,0.5331999999999999,0.24137931034482754,0.03571428571428571,0.0,0.0,0.23076923076923078,0.32,0.6265457543281123,1,medium_load
192,5,0.5016086575021936,0.46659999999999996,0.2672413793103448,0.05714285714285714,0.0,0.0,0.8461538461538461,0.8,0.6595218466611708,1,medium_load
192,6,0.4992687920444575,0.5331999999999999,0.24137931034482754,0.02857142857142857,0.0,0.0,0.38461538461538464,0.24,0.5935696619950536,1,medium_load
192,7,0.4994637808326021,0.5331999999999999,0.3534482758620689,0.07142857142857142,0.0,0.0,0.15384615384615385,0.36,0.4451772464962904,1,medium_load
192,8,0.49839134249780637,0.46659999999999996,0.2241379310344827,0.03571428571428571,0.0,0.0,0.3076923076923077,0.56,0.3957131079967025,1,medium_load
192,9,0.49663644340450425,0.5331999999999999,0.3017241379310345,0.049999999999999996,0.08695652173913043,0.08695652173913043,0.8461538461538461,0.76,0.5276174773289367,1,medium_load
193,0,0.4985863312859511,0.5769999999999998,0.24137931034482754,0.07142857142857142,0.0,0.0,0.8461538461538461,0.56,0.6265457543281123,1,medium_load
193,1,0.4992687920444575,0.46659999999999996,0.3362068965517241,0.021428571428571425,0.0,0.0,0.5384615384615384,0.32,0.741962077493817,1,medium_load
193,2,0.5022911182607,0.5331999999999999,0.24137931034482754,0.03571428571428571,0.0,0.0,0.23076923076923078,0.32,0.6265457543281123,1,medium_load
193,3,0.5016086575021936,0.46659999999999996,0.2672413793103448,0.05714285714285714,0.0,0.0,0.8461538461538461,0.8,0.6595218466611708,1,medium_load
193,4,0.4992687920444575,0.5331999999999999,0.24137931034482754,0.02857142857142857,0.0,0.0,0.38461538461538464,0.24,0.5935696619950536,1,medium_load
193,5,0.4994637808326021,0.5331999999999999,0.3534482758620689,0.07142857142857142,0.0,0.0,0.15384615384615385,0.36,0.4451772464962904,1,medium_load
193,6,0.49839134249780637,0.46659999999999996,0.2241379310344827,0.03571428571428571,0.0,0.0,0.3076923076923077,0.56,0.3957131079967025,1,medium_load
193,7,0.49663644340450425,0.5331999999999999,0.3017241379310345,0.049999999999999996,0.08695652173913043,0.08695652173913043,0.8461538461538461,0.76,0.5276174773289367,1,medium_load
193,8,0.5011211855318319,0.5331999999999999,0.23275862068965514,0.06428571428571428,0.0,0.0,0.7692307692307693,0.44,0.5111294311624073,1,medium_load
193,9,0.49751389295115533,0.5331999999999999,0.21551724137931028,0.049999999999999996,0.0,0.0,0.07692307692307693,0.12,0.4451772464962904,1,medium_load
194,0,0.4992687920444575,0.46659999999999996,0.3362068965517241,0.021428571428571425,0.0,0.0,0.5384615384615384,0.32,0.741962077493817,1,medium_load
194,1,0.5022911182607,0.5331999999999999,0.24137931034482754,0.03571428571428571,0.0,0.0,0.23076923076923078,0.32,0.6265457543281123,1,medium_load
194,2,0.5016086575021936,0.46659999999999996,0.2672413793103448,0.05714285714285714,0.0,0.0,0.8461538461538461,0.8,0.6595218466611708,1,medium_load
194,3,0.4992687920444575,0.5331999999999999,0.24137931034482754,0.02857142857142857,0.0,0.0,0.38461538461538464,0.24,0.5935696619950536,1,medium_load
194,4,0.4994637808326021,0.5331999999999999,0.3534482758620689,0.07142857142857142,0.0,0.0,0.15384615384615385,0.36,0.4451772464962904,1,medium_load
194,5,0.49839134249780637,0.46659999999999996,0.2241379310344827,0.03571428571428571,0.0,0.0,0.3076923076923077,0.56,0.3957131079967025,1,medium_load
194,6,0.49663644340450425,0.5331999999999999,0.3017241379310345,0.049999999999999996,0.08695652173913043,0.08695652173913043,0.8461538461538461,0.76,0.5276174773289367,1,medium_load
194,7,0.5011211855318319,0.5331999999999999,0.23275862068965514,0.06428571428571428,0.0,0.0,0.7692307692307693,0.44,0.5111294311624073,1,medium_load
194,8,0.49751389295115533,0.5331999999999999,0.21551724137931028,0.049999999999999996,0.0,0.0,0.07692307692307693,0.12,0.4451772464962904,1,medium_load
194,9,0.5066783659939553,0.5331999999999999,0.3017241379310345,0.049999999999999996,0.0,0.0,0.6153846153846154,0.76,0.5441055234954659,1,medium_load
195,0,0.5022911182607,0.5331999999999999,0.24137931034482754,0.03571428571428571,0.0,0.0,0.23076923076923078,0.32,0.6265457543281123,1,medium_load
195,1,0.5016086575021936,0.46659999999999996,0.2672413793103448,0.05714285714285714,0.0,0.0,0.8461538461538461,0.8,0.6595218466611708,1,medium_load
195,2,0.4992687920444575,0.5331999999999999,0.24137931034482754,0.02857142857142857,0.0,0.0,0.38461538461538464,0.24,0.5935696619950536,1,medium_load
195,3,0.4994637808326021,0.5331999999999999,0.3534482758620689,0.07142857142857142,0.0,0.0,0.15384615384615385,0.36,0.4451772464962904,1,medium_load
195,4,0.49839134249780637,0.46659999999999996,0.2241379310344827,0.03571428571428571,0.0,0.0,0.3076923076923077,0.56,0.3957131079967025,1,medium_load
195,5,0.49663644340450425,0.5331999999999999,0.3017241379310345,0.049999999999999996,0.08695652173913043,0.08695652173913043,0.8461538461538461,0.76,0.5276174773289367,1,medium_load
195,6,0.5011211855318319,0.5331999999999999,0.23275862068965514,0.06428571428571428,0.0,0.0,0.7692307692307693,0.44,0.5111294311624073,1,medium_load
195,7,0.49751389295115533,0.5331999999999999,0.21551724137931028,0.049999999999999996,0.0,0.0,0.07692307692307693,0.12,0.4451772464962904,1,medium_load
195,8,0.5066783659939553,0.5331999999999999,0.3017241379310345,0.049999999999999996,0.0,0.0,0.6153846153846154,0.76,0.5441055234954659,1,medium_load
195,9,0.49663644340450425,0.5331999999999999,0.21551724137931028,0.049999999999999996,0.0,0.0,0.23076923076923078,0.28,0.5276174773289367,1,medium_load
196,0,0.5016086575021936,0.46659999999999996,0.2672413793103448,0.05714285714285714,0.0,0.0,0.8461538461538461,0.8,0.6595218466611708,1,medium_load
196,1,0.4992687920444575,0.5331999999999999,0.24137931034482754,0.02857142857142857,0.0,0.0,0.38461538461538464,0.24,0.5935696619950536,1,medium_load
196,2,0.4994637808326021,0.5331999999999999,0.3534482758620689,0.07142857142857142,0.0,0.0,0.15384615384615385,0.36,0.4451772464962904,1,medium_load
196,3,0.49839134249780637,0.46659999999999996,0.2241379310344827,0.03571428571428571,0.0,0.0,0.3076923076923077,0.56,0.3957131079967025,1,medium_load
196,4,0.49663644340450425,0.5331999999999999,0.3017241379310345,0.049999999999999996,0.08695652173913043,0.08695652173913043,0.8461538461538461,0.76,0.5276174773289367,1,medium_load
196,5,0.5011211855318319,0.5331999999999999,0.23275862068965514,0.06428571428571428,0.0,0.0,0.7692307692307693,0.44,0.5111294311624073,1,medium_load
196,6,0.49751389295115533,0.5331999999999999,0.21551724137931028,0.049999999999999996,0.0,0.0,0.07692307692307693,0.12,0.4451772464962904,1,medium_load
196,7,0.5066783659939553,0.5331999999999999,0.3017241379310345,0.049999999999999996,0.0,0.0,0.6153846153846154,0.76,0.5441055234954659,1,medium_load
196,8,0.49663644340450425,0.5331999999999999,0.21551724137931028,0.049999999999999996,0.0,0.0,0.23076923076923078,0.28,0.5276174773289367,1,medium_load
196,9,0.4958564882519255,0.5331999999999999,0.2931034482758621,0.06428571428571428,0.0,0.0,0.46153846153846156,0.6,0.4451772464962904,1,medium_load
197,0,0.4992687920444575,0.5331999999999999,0.24137931034482754,0.02857142857142857,0.0,0.0,0.38461538461538464,0.24,0.5935696619950536,1,medium_load
197,1,0.4994637808326021,0.5331999999999999,0.3534482758620689,0.07142857142857142,0.0,0.0,0.15384615384615385,0.36,0.4451772464962904,1,medium_load
197,2,0.49839134249780637,0.46659999999999996,0.2241379310344827,0.03571428571428571,0.0,0.0,0.3076923076923077,0.56,0.3957131079967025,1,medium_load
197,3,0.49663644340450425,0.5331999999999999,0.3017241379310345,0.049999999999999996,0.08695652173913043,0.08695652173913043,0.8461538461538461,0.76,0.5276174773289367,1,medium_load
197,4,0.5011211855318319,0.5331999999999999,0.23275862068965514,0.06428571428571428,0.0,0.0,0.7692307692307693,0.44,0.5111294311624073,1,medium_load
197,5,0.49751389295115533,0.5331999999999999,0.21551724137931028,0.049999999999999996,0.0,0.0,0.07692307692307693,0.12,0.4451772464962904,1,medium_load
197,6,0.5066783659939553,0.5331999999999999,0.3017241379310345,0.049999999999999996,0.0,0.0,0.6153846153846154,0.76,0.5441055234954659,1,medium_load
197,7,0.49663644340450425,0.5331999999999999,0.21551724137931028,0.049999999999999996,0.0,0.0,0.23076923076923078,0.28,0.5276174773289367,1,medium_load
197,8,0.4958564882519255,0.5331999999999999,0.2931034482758621,0.06428571428571428,0.0,0.0,0.46153846153846156,0.6,0.4451772464962904,1,medium_load
197,9,0.41376620844301454,0.5331999999999999,0.23275862068965514,0.049999999999999996,0.0,0.0,0.8461538461538461,0.68,0.46166529266281964,1,medium_load
198,0,0.49839134249780637,0.46659999999999996,0.2241379310344827,0.03571428571428571,0.0,0.0,0.3076923076923077,0.56,0.3957131079967025,1,medium_load
198,1,0.49663644340450425,0.5331999999999999,0.3017241379310345,0.049999999999999996,0.08695652173913043,0.08695652173913043,0.8461538461538461,0.76,0.5276174773289367,1,medium_load
198,2,0.5011211855318319,0.5331999999999999,0.23275862068965514,0.06428571428571428,0.0,0.0,0.7692307692307693,0.44,0.5111294311624073,1,medium_load
198,3,0.49751389295115533,0.5331999999999999,0.21551724137931028,0.049999999999999996,0.0,0.0,0.07692307692307693,0.12,0.4451772464962904,1,medium_load
198,4,0.5066783659939553,0.5331999999999999,0.3017241379310345,0.049999999999999996,0.0,0.0,0.6153846153846154,0.76,0.5441055234954659,1,medium_load
198,5,0.49663644340450425,0.5331999999999999,0.21551724137931028,0.049999999999999996,0.0,0.0,0.23076923076923078,0.28,0.5276174773289367,1,medium_load
198,6,0.4958564882519255,0.5331999999999999,0.2931034482758621,0.06428571428571428,0.0,0.0,0.46153846153846156,0.6,0.4451772464962904,1,medium_load
198,7,0.41376620844301454,0.5331999999999999,0.23275862068965514,0.049999999999999996,0.0,0.0,0.8461538461538461,0.68,0.46166529266281964,1,medium_load
198,8,0.5842839036755387,0.46659999999999996,0.24137931034482754,0.05714285714285714,0.0,0.0,0.0,0.04,0.4451772464962904,1,medium_load
198,9,0.4994637808326021,0.46659999999999996,0.2672413793103448,0.06428571428571428,0.0,0.0,0.0,0.48,0.31327287716405616,1,medium_load
199,0,0.49663644340450425,0.5331999999999999,0.3017241379310345,0.049999999999999996,0.08695652173913043,0.08695652173913043,0.8461538461538461,0.76,0.5276174773289367,1,medium_load
199,1,0.5011211855318319,0.5331999999999999,0.23275862068965514,0.06428571428571428,0.0,0.0,0.7692307692307693,0.44,0.5111294311624073,1,medium_load
199,2,0.49751389295115533,0.5331999999999999,0.21551724137931028,0.049999999999999996,0.0,0.0,0.07692307692307693,0.12,0.4451772464962904,1,medium_load
199,3,0.5066783659939553,0.5331999999999999,0.3017241379310345,0.049999999999999996,0.0,0.0,0.6153846153846154,0.76,0.5441055234954659,1,medium_load
199,4,0.49663644340450425,0.5331999999999999,0.21551724137931028,0.049999999999999996,0.0,0.0,0.23076923076923078,0.28,0.5276174773289367,1,medium_load
199,5,0.4958564882519255,0.5331999999999999,0.2931034482758621,0.06428571428571428,0.0,0.0,0.46153846153846156,0.6,0.4451772464962904,1,medium_load
199,6,0.41376620844301454,0.5331999999999999,0.23275862068965514,0.049999999999999996,0.0,0.0,0.8461538461538461,0.68,0.46166529266281964,1,medium_load
199,7,0.5842839036755387,0.46659999999999996,0.24137931034482754,0.05714285714285714,0.0,0.0,0.0,0.04,0.4451772464962904,1,medium_load
199,8,0.4994637808326021,0.46659999999999996,0.2672413793103448,0.06428571428571428,0.0,0.0,0.0,0.48,0.31327287716405616,1,medium_load
199,9,0.501706151896266,0.508,0.24137931034482754,0.049999999999999996,0.0,0.0,0.5384615384615384,0.76,0.3792250618301733,1,medium_load
200,0,0.5011211855318319,0.5331999999999999,0.23275862068965514,0.06428571428571428,0.0,0.0,0.7692307692307693,0.44,0.5111294311624073,1,medium_load
200,1,0.49751389295115533,0.5331999999999999,0.21551724137931028,0.049999999999999996,0.0,0.0,0.07692307692307693,0.12,0.4451772464962904,1,medium_load
200,2,0.5066783659939553,0.5331999999999999,0.3017241379310345,0.049999999999999996,0.0,0.0,0.6153846153846154,0.76,0.5441055234954659,1,medium_load
200,3,0.49663644340450425,0.5331999999999999,0.21551724137931028,0.049999999999999996,0.0,0.0,0.23076923076923078,0.28,0.5276174773289367,1,medium_load
200,4,0.4958564882519255,0.5331999999999999,0.2931034482758621,0.06428571428571428,0.0,0.0,0.46153846153846156,0.6,0.4451772464962904,1,medium_load
200,5,0.41376620844301454,0.5331999999999999,0.23275862068965514,0.049999999999999996,0.0,0.0,0.8461538461538461,0.68,0.46166529266281964,1,medium_load
200,6,0.5842839036755387,0.46659999999999996,0.24137931034482754,0.05714285714285714,0.0,0.0,0.0,0.04,0.4451772464962904,1,medium_load
200,7,0.4994637808326021,0.46659999999999996,0.2672413793103448,0.06428571428571428,0.0,0.0,0.0,0.48,0.31327287716405616,1,medium_load
200,8,0.501706151896266,0.508,0.24137931034482754,0.049999999999999996,0.0,0.0,0.5384615384615384,0.76,0.3792250618301733,1,medium_load
200,9,0.49965876962074685,0.48719999999999997,0.23275862068965514,0.04285714285714285,0.0,0.0,0.0,0.2,0.28029678483099774,1,medium_load
201,0,0.49751389295115533,0.5331999999999999,0.21551724137931028,0.049999999999999996,0.0,0.0,0.07692307692307693,0.12,0.4451772464962904,1,medium_load
201,1,0.5066783659939553,0.5331999999999999,0.3017241379310345,0.049999999999999996,0.0,0.0,0.6153846153846154,0.76,0.5441055234954659,1,medium_load
201,2,0.49663644340450425,0.5331999999999999,0.21551724137931028,0.049999999999999996,0.0,0.0,0.23076923076923078,0.28,0.5276174773289367,1,medium_load
201,3,0.4958564882519255,0.5331999999999999,0.2931034482758621,0.06428571428571428,0.0,0.0,0.46153846153846156,0.6,0.4451772464962904,1,medium_load
201,4,0.41376620844301454,0.5331999999999999,0.23275862068965514,0.049999999999999996,0.0,0.0,0.8461538461538461,0.68,0.46166529266281964,1,medium_load
201,5,0.5842839036755387,0.46659999999999996,0.24137931034482754,0.05714285714285714,0.0,0.0,0.0,0.04,0.4451772464962904,1,medium_load
201,6,0.4994637808326021,0.46659999999999996,0.2672413793103448,0.06428571428571428,0.0,0.0,0.0,0.48,0.31327287716405616,1,medium_load
201,7,0.501706151896266,0.508,0.24137931034482754,0.049999999999999996,0.0,0.0,0.5384615384615384,0.76,0.3792250618301733,1,medium_load
201,8,0.49965876962074685,0.48719999999999997,0.23275862068965514,0.04285714285714285,0.0,0.0,0.0,0.2,0.28029678483099774,1,medium_load
201,9,0.4957589938578532,0.46659999999999996,0.28448275862068967,0.049999999999999996,0.0,0.0,0.8461538461538461,0.92,0.28029678483099774,1,medium_load
202,0,0.5066783659939553,0.5331999999999999,0.3017241379310345,0.049999999999999996,0.0,0.0,0.6153846153846154,0.76,0.5441055234954659,1,medium_load
202,1,0.49663644340450425,0.5331999999999999,0.21551724137931028,0.049999999999999996,0.0,0.0,0.23076923076923078,0.28,0.5276174773289367,1,medium_load
202,2,0.4958564882519255,0.5331999999999999,0.2931034482758621,0.06428571428571428,0.0,0.0,0.46153846153846156,0.6,0.4451772464962904,1,medium_load
202,3,0.41376620844301454,0.5331999999999999,0.23275862068965514,0.049999999999999996,0.0,0.0,0.8461538461538461,0.68,0.46166529266281964,1,medium_load
202,4,0.5842839036755387,0.46659999999999996,0.24137931034482754,0.05714285714285714,0.0,0.0,0.0,0.04,0.4451772464962904,1,medium_load
202,5,0.4994637808326021,0.46659999999999996,0.2672413793103448,0.06428571428571428,0.0,0.0,0.0,0.48,0.31327287716405616,1,medium_load
202,6,0.501706151896266,0.508,0.24137931034482754,0.049999999999999996,0.0,0.0,0.5384615384615384,0.76,0.3792250618301733,1,medium_load
202,7,0.49965876962074685,0.48719999999999997,0.23275862068965514,0.04285714285714285,0.0,0.0,0.0,0.2,0.28029678483099774,1,medium_load
202,8,0.4957589938578532,0.46659999999999996,0.28448275862068967,0.049999999999999996,0.0,0.0,0.8461538461538461,0.92,0.28029678483099774,1,medium_load
202,9,0.5000487471970362,0.508,0.28448275862068967,0.07857142857142856,0.0,0.0,0.0,0.04,0.28029678483099774,1,medium_load
203,0,0.5842839036755387,0.46659999999999996,0.24137931034482754,0.05714285714285714,0.0,0.0,0.0,0.04,0.4451772464962904,1,medium_load
203,1,0.4994637808326021,0.46659999999999996,0.2672413793103448,0.06428571428571428,0.0,0.0,0.0,0.48,0.31327287716405616,1,medium_load
203,2,0.501706151896266,0.508,0.24137931034482754,0.049999999999999996,0.0,0.0,0.5384615384615384,0.76,0.3792250618301733,1,medium_load
203,3,0.49965876962074685,0.48719999999999997,0.23275862068965514,0.04285714285714285,0.0,0.0,0.0,0.2,0.28029678483099774,1,medium_load
203,4,0.4957589938578532,0.46659999999999996,0.28448275862068967,0.049999999999999996,0.0,0.0,0.8461538461538461,0.92,0.28029678483099774,1,medium_load
203,5,0.5000487471970362,0.508,0.28448275862068967,0.07857142857142856,0.0,0.0,0.0,0.04,0.28029678483099774,1,medium_load
203,6,0.49985375840889157,0.4,0.21551724137931028,0.049999999999999996,0.0,0.0,0.23076923076923078,0.6,0.3297609233305854,1,medium_load
203,7,0.5035585453836404,0.5331999999999999,0.2586206896551724,0.06428571428571428,0.0,0.0,0.07692307692307693,0.4,0.23083264633140982,1,medium_load
203,8,0.49965876962074685,0.46659999999999996,0.24999999999999997,0.049999999999999996,0.0,0.0,0.46153846153846156,0.68,0.3297609233305854,1,medium_load
203,9,0.4999512528029639,0.5769999999999998,0.2586206896551724,0.05714285714285714,0.0,0.0,0.5384615384615384,0.52,0.26380873866446825,1,medium_load
204,0,0.4994637808326021,0.46659999999999996,0.2672413793103448,0.06428571428571428,0.0,0.0,0.0,0.48,0.31327287716405616,1,medium_load
204,1,0.501706151896266,0.508,0.24137931034482754,0.049999999999999996,0.0,0.0,0.5384615384615384,0.76,0.3792250618301733,1,medium_load
204,2,0.49965876962074685,0.48719999999999997,0.23275862068965514,0.04285714285714285,0.0,0.0,0.0,0.2,0.28029678483099774,1,medium_load
204,3,0.4957589938578532,0.46659999999999996,0.28448275862068967,0.049999999999999996,0.0,0.0,0.8461538461538461,0.92,0.28029678483099774,1,medium_load
204,4,0.5000487471970362,0.508,0.28448275862068967,0.07857142857142856,0.0,0.0,0.0,0.04,0.28029678483099774,1,medium_load
204,5,0.49985375840889157,0.4,0.21551724137931028,0.049999999999999996,0.0,0.0,0.23076923076923078,0.6,0.3297609233305854,1,medium_load
204,6,0.5035585453836404,0.5331999999999999,0.2586206896551724,0.06428571428571428,0.0,0.0,0.07692307692307693,0.4,0.23083264633140982,1,medium_load
204,7,0.49965876962074685,0.46659999999999996,0.24999999999999997,0.049999999999999996,0.0,0.0,0.46153846153846156,0.68,0.3297609233305854,1,medium_load
204,8,0.4999512528029639,0.5769999999999998,0.2586206896551724,0.05714285714285714,0.0,0.0,0.5384615384615384,0.52,0.26380873866446825,1,medium_load
204,9,0.5015111631081213,0.5425999999999999,0.28448275862068967,0.07142857142857142,0.0,0.0,0.38461538461538464,0.4,0.3462489694971146,1,medium_load
205,0,0.49965876962074685,0.48719999999999997,0.23275862068965514,0.04285714285714285,0.0,0.0,0.0,0.2,0.28029678483099774,2,medium_load
205,1,0.4957589938578532,0.46659999999999996,0.28448275862068967,0.049999999999999996,0.0,0.0,0.8461538461538461,0.92,0.28029678483099774,2,medium_load
205,2,0.5000487471970362,0.508,0.28448275862068967,0.07857142857142856,0.0,0.0,0.0,0.04,0.28029678483099774,2,medium_load
205,3,0.49985375840889157,0.4,0.21551724137931028,0.049999999999999996,0.0,0.0,0.23076923076923078,0.6,0.3297609233305854,2,medium_load
205,4,0.5035585453836404,0.5331999999999999,0.2586206896551724,0.06428571428571428,0.0,0.0,0.07692307692307693,0.4,0.23083264633140982,2,medium_load
205,5,0.49965876962074685,0.46659999999999996,0.24999999999999997,0.049999999999999996,0.0,0.0,0.46153846153846156,0.68,0.3297609233305854,2,medium_load
205,6,0.4999512528029639,0.5769999999999998,0.2586206896551724,0.05714285714285714,0.0,0.0,0.5384615384615384,0.52,0.26380873866446825,2,medium_load
205,7,0.5015111631081213,0.5425999999999999,0.28448275862068967,0.07142857142857142,0.0,0.0,0.38461538461538464,0.4,0.3462489694971146,2,medium_load
205,8,0.4976113873452277,0.508,0.24137931034482754,0.05714285714285714,0.0,0.0,0.3076923076923077,0.44,0.3627370156636441,2,medium_load
205,9,0.5052159500828702,0.654,0.23275862068965514,0.05714285714285714,0.0,0.0,0.8461538461538461,0.76,0.5276174773289367,2,medium_load
206,0,0.49985375840889157,0.4,0.21551724137931028,0.049999999999999996,0.0,0.0,0.23076923076923078,0.6,0.3297609233305854,1,medium_load
206,1,0.5035585453836404,0.5331999999999999,0.2586206896551724,0.06428571428571428,0.0,0.0,0.07692307692307693,0.4,0.23083264633140982,1,medium_load
206,2,0.49965876962074685,0.46659999999999996,0.24999999999999997,0.049999999999999996,0.0,0.0,0.46153846153846156,0.68,0.3297609233305854,1,medium_load
206,3,0.4999512528029639,0.5769999999999998,0.2586206896551724,0.05714285714285714,0.0,0.0,0.5384615384615384,0.52,0.26380873866446825,1,medium_load
206,4,0.5015111631081213,0.5425999999999999,0.28448275862068967,0.07142857142857142,0.0,0.0,0.38461538461538464,0.4,0.3462489694971146,1,medium_load
206,5,0.4976113873452277,0.508,0.24137931034482754,0.05714285714285714,0.0,0.0,0.3076923076923077,0.44,0.3627370156636441,1,medium_load
206,6,0.5052159500828702,0.654,0.23275862068965514,0.05714285714285714,0.0,0.0,0.8461538461538461,0.76,0.5276174773289367,1,medium_load
206,7,0.49985375840889157,0.8,0.4655172413793104,0.25,0.0,0.0,0.6923076923076923,0.4,0.5770816158285244,1,medium_load
206,8,0.49975626401481915,0.46659999999999996,0.2586206896551724,0.07857142857142856,0.0,0.0,0.8461538461538461,0.56,0.6430338004946415,1,medium_load
206,9,0.5032660622014234,0.46659999999999996,0.24999999999999997,0.049999999999999996,0.0,0.0,0.0,0.04,0.5605935696619951,1,medium_load
207,0,0.5035585453836404,0.5331999999999999,0.2586206896551724,0.06428571428571428,0.0,0.0,0.07692307692307693,0.4,0.23083264633140982,1,medium_load
207,1,0.49965876962074685,0.46659999999999996,0.24999999999999997,0.049999999999999996,0.0,0.0,0.46153846153846156,0.68,0.3297609233305854,1,medium_load
207,2,0.4999512528029639,0.5769999999999998,0.2586206896551724,0.05714285714285714,0.0,0.0,0.5384615384615384,0.52,0.26380873866446825,1,medium_load
207,3,0.5015111631081213,0.5425999999999999,0.28448275862068967,0.07142857142857142,0.0,0.0,0.38461538461538464,0.4,0.3462489694971146,1,medium_load
207,4,0.4976113873452277,0.508,0.24137931034482754,0.05714285714285714,0.0,0.0,0.3076923076923077,0.44,0.3627370156636441,1,medium_load
207,5,0.5052159500828702,0.654,0.23275862068965514,0.05714285714285714,0.0,0.0,0.8461538461538461,0.76,0.5276174773289367,1,medium_load
207,6,0.49985375840889157,0.8,0.4655172413793104,0.25,0.0,0.0,0.6923076923076923,0.4,0.5770816158285244,1,medium_load
207,7,0.49975626401481915,0.46659999999999996,0.2586206896551724,0.07857142857142856,0.0,0.0,0.8461538461538461,0.56,0.6430338004946415,1,medium_load
207,8,0.5032660622014234,0.46659999999999996,0.24999999999999997,0.049999999999999996,0.0,0.0,0.0,0.04,0.5605935696619951,1,medium_load
207,9,0.49917129765038515,0.5331999999999999,0.3534482758620689,0.02857142857142857,0.0,0.0,0.6153846153846154,0.8,0.6265457543281123,1,medium_load
208,0,0.4999512528029639,0.5769999999999998,0.2586206896551724,0.05714285714285714,0.0,0.0,0.5384615384615384,0.52,0.26380873866446825,1,medium_load
208,1,0.5015111631081213,0.5425999999999999,0.28448275862068967,0.07142857142857142,0.0,0.0,0.38461538461538464,0.4,0.3462489694971146,1,medium_load
208,2,0.4976113873452277,0.508,0.24137931034482754,0.05714285714285714,0.0,0.0,0.3076923076923077,0.44,0.3627370156636441,1,medium_load
208,3,0.5052159500828702,0.654,0.23275862068965514,0.05714285714285714,0.0,0.0,0.8461538461538461,0.76,0.5276174773289367,1,medium_load
208,4,0.49985375840889157,0.8,0.4655172413793104,0.25,0.0,0.0,0.6923076923076923,0.4,0.5770816158285244,1,medium_load
208,5,0.49975626401481915,0.46659999999999996,0.2586206896551724,0.07857142857142856,0.0,0.0,0.8461538461538461,0.56,0.6430338004946415,1,medium_load
208,6,0.5032660622014234,0.46659999999999996,0.24999999999999997,0.049999999999999996,0.0,0.0,0.0,0.04,0.5605935696619951,1,medium_load
208,7,0.49917129765038515,0.5331999999999999,0.3534482758620689,0.02857142857142857,0.0,0.0,0.6153846153846154,0.8,0.6265457543281123,1,medium_load
208,8,0.49731890416301067,0.6,0.2931034482758621,0.049999999999999996,0.0,0.0,0.9230769230769231,0.64,0.6430338004946415,1,medium_load
208,9,0.5007312079555426,0.5331999999999999,0.23275862068965514,0.06428571428571428,0.0,0.0,0.9230769230769231,0.48,0.6924979389942294,1,medium_load
209,0,0.5015111631081213,0.5425999999999999,0.28448275862068967,0.07142857142857142,0.0,0.0,0.38461538461538464,0.4,0.3462489694971146,1,medium_load
209,1,0.4976113873452277,0.508,0.24137931034482754,0.05714285714285714,0.0,0.0,0.3076923076923077,0.44,0.3627370156636441,1,medium_load
209,2,0.5052159500828702,0.654,0.23275862068965514,0.05714285714285714,0.0,0.0,0.8461538461538461,0.76,0.5276174773289367,1,medium_load
209,3,0.49985375840889157,0.8,0.4655172413793104,0.25,0.0,0.0,0.6923076923076923,0.4,0.5770816158285244,1,medium_load
209,4,0.49975626401481915,0.46659999999999996,0.2586206896551724,0.07857142857142856,0.0,0.0,0.8461538461538461,0.56,0.6430338004946415,1,medium_load
209,5,0.5032660622014234,0.46659999999999996,0.24999999999999997,0.049999999999999996,0.0,0.0,0.0,0.04,0.5605935696619951,1,medium_load
209,6,0.49917129765038515,0.5331999999999999,0.3534482758620689,0.02857142857142857,0.0,0.0,0.6153846153846154,0.8,0.6265457543281123,1,medium_load
209,7,0.49731890416301067,0.6,0.2931034482758621,0.049999999999999996,0.0,0.0,0.9230769230769231,0.64,0.6430338004946415,1,medium_load
209,8,0.5007312079555426,0.5331999999999999,0.23275862068965514,0.06428571428571428,0.0,0.0,0.9230769230769231,0.48,0.6924979389942294,1,medium_load
209,9,0.49751389295115533,0.5331999999999999,0.4827586206896551,0.3714285714285714,0.0,0.0,0.0,0.0,0.5111294311624073,1,medium_load
210,0,0.49985375840889157,0.8,0.4655172413793104,0.25,0.0,0.0,0.6923076923076923,0.4,0.5770816158285244,1,medium_load
210,1,0.49975626401481915,0.46659999999999996,0.2586206896551724,0.07857142857142856,0.0,0.0,0.8461538461538461,0.56,0.6430338004946415,1,medium_load
210,2,0.5032660622014234,0.46659999999999996,0.24999999999999997,0.049999999999999996,0.0,0.0,0.0,0.04,0.5605935696619951,1,medium_load
210,3,0.49917129765038515,0.5331999999999999,0.3534482758620689,0.02857142857142857,0.0,0.0,0.6153846153846154,0.8,0.6265457543281123,1,medium_load
210,4,0.49731890416301067,0.6,0.2931034482758621,0.049999999999999996,0.0,0.0,0.9230769230769231,0.64,0.6430338004946415,1,medium_load
210,5,0.5007312079555426,0.5331999999999999,0.23275862068965514,0.06428571428571428,0.0,0.0,0.9230769230769231,0.48,0.6924979389942294,1,medium_load
210,6,0.49751389295115533,0.5331999999999999,0.4827586206896551,0.3714285714285714,0.0,0.0,0.0,0.0,0.5111294311624073,1,medium_load
210,7,0.49527152188749146,0.46659999999999996,0.34482758620689646,0.09285714285714285,0.0,0.0,0.23076923076923078,0.6,0.5605935696619951,1,medium_load
210,8,0.5016086575021936,0.46659999999999996,0.2586206896551724,0.02857142857142857,0.0,0.0,0.07692307692307693,0.4,0.4451772464962904,1,medium_load
210,9,0.5008287023496149,0.46659999999999996,0.27586206896551724,0.04285714285714285,0.0,0.0,0.7692307692307693,0.84,0.41220115416323166,1,medium_load
211,0,0.5032660622014234,0.46659999999999996,0.24999999999999997,0.049999999999999996,0.0,0.0,0.0,0.04,0.5605935696619951,2,medium_load
211,1,0.49917129765038515,0.5331999999999999,0.3534482758620689,0.02857142857142857,0.0,0.0,0.6153846153846154,0.8,0.6265457543281123,2,medium_load
211,2,0.49731890416301067,0.6,0.2931034482758621,0.049999999999999996,0.0,0.0,0.9230769230769231,0.64,0.6430338004946415,2,medium_load
211,3,0.5007312079555426,0.5331999999999999,0.23275862068965514,0.06428571428571428,0.0,0.0,0.9230769230769231,0.48,0.6924979389942294,2,medium_load
211,4,0.49751389295115533,0.5331999999999999,0.4827586206896551,0.3714285714285714,0.0,0.0,0.0,0.0,0.5111294311624073,2,medium_load
211,5,0.49527152188749146,0.46659999999999996,0.34482758620689646,0.09285714285714285,0.0,0.0,0.23076923076923078,0.6,0.5605935696619951,2,medium_load
211,6,0.5016086575021936,0.46659999999999996,0.2586206896551724,0.02857142857142857,0.0,0.0,0.07692307692307693,0.4,0.4451772464962904,2,medium_load
211,7,0.5008287023496149,0.46659999999999996,0.27586206896551724,0.04285714285714285,0.0,0.0,0.7692307692307693,0.84,0.41220115416323166,2,medium_load
211,8,0.4038217802476358,0.33319999999999994,0.24999999999999997,0.0857142857142857,0.0,0.0,0.15384615384615385,0.16,0.247320692497939,2,medium_load
211,9,0.59266842156576,0.8665999999999999,0.3017241379310345,0.007142857142857143,0.0,0.0,0.7692307692307693,0.8,0.41220115416323166,2,medium_load
212,0,0.49917129765038515,0.5331999999999999,0.3534482758620689,0.02857142857142857,0.0,0.0,0.6153846153846154,0.8,0.6265457543281123,1,medium_load
212,1,0.49731890416301067,0.6,0.2931034482758621,0.049999999999999996,0.0,0.0,0.9230769230769231,0.64,0.6430338004946415,1,medium_load
212,2,0.5007312079555426,0.5331999999999999,0.23275862068965514,0.06428571428571428,0.0,0.0,0.9230769230769231,0.48,0.6924979389942294,1,medium_load
212,3,0.49751389295115533,0.5331999999999999,0.4827586206896551,0.3714285714285714,0.0,0.0,0.0,0.0,0.5111294311624073,1,medium_load
212,4,0.49527152188749146,0.46659999999999996,0.34482758620689646,0.09285714285714285,0.0,0.0,0.23076923076923078,0.6,0.5605935696619951,1,medium_load
212,5,0.5016086575021936,0.46659999999999996,0.2586206896551724,0.02857142857142857,0.0,0.0,0.07692307692307693,0.4,0.4451772464962904,1,medium_load
212,6,0.5008287023496149,0.46659999999999996,0.27586206896551724,0.04285714285714285,0.0,0.0,0.7692307692307693,0.84,0.41220115416323166,1,medium_load
212,7,0.4038217802476358,0.33319999999999994,0.24999999999999997,0.0857142857142857,0.0,0.0,0.15384615384615385,0.16,0.247320692497939,1,medium_load
212,8,0.59266842156576,0.8665999999999999,0.3017241379310345,0.007142857142857143,0.0,0.0,0.7692307692307693,0.8,0.41220115416323166,1,medium_load
212,9,0.4992687920444575,0.46659999999999996,0.2241379310344827,0.049999999999999996,0.0,0.0,0.5384615384615384,0.36,0.4781533388293488,1,medium_load
213,0,0.49731890416301067,0.6,0.2931034482758621,0.049999999999999996,0.0,0.0,0.9230769230769231,0.64,0.6430338004946415,1,medium_load
213,1,0.5007312079555426,0.5331999999999999,0.23275862068965514,0.06428571428571428,0.0,0.0,0.9230769230769231,0.48,0.6924979389942294,1,medium_load
213,2,0.49751389295115533,0.5331999999999999,0.4827586206896551,0.3714285714285714,0.0,0.0,0.0,0.0,0.5111294311624073,1,medium_load
213,3,0.49527152188749146,0.46659999999999996,0.34482758620689646,0.09285714285714285,0.0,0.0,0.23076923076923078,0.6,0.5605935696619951,1,medium_load
213,4,0.5016086575021936,0.46659999999999996,0.2586206896551724,0.02857142857142857,0.0,0.0,0.07692307692307693,0.4,0.4451772464962904,1,medium_load
213,5,0.5008287023496149,0.46659999999999996,0.27586206896551724,0.04285714285714285,0.0,0.0,0.7692307692307693,0.84,0.41220115416323166,1,medium_load
213,6,0.4038217802476358,0.33319999999999994,0.24999999999999997,0.0857142857142857,0.0,0.0,0.15384615384615385,0.16,0.247320692497939,1,medium_load
213,7,0.59266842156576,0.8665999999999999,0.3017241379310345,0.007142857142857143,0.0,0.0,0.7692307692307693,0.8,0.41220115416323166,1,medium_load
213,8,0.4992687920444575,0.46659999999999996,0.2241379310344827,0.049999999999999996,0.0,0.0,0.5384615384615384,0.36,0.4781533388293488,1,medium_load
213,9,0.5024861070488447,0.508,0.043103448275862044,0.049999999999999996,0.0,0.0,0.3076923076923077,0.36,0.5276174773289367,1,medium_load
214,0,0.49751389295115533,0.5331999999999999,0.4827586206896551,0.3714285714285714,0.0,0.0,0.0,0.0,0.5111294311624073,1,medium_load
214,1,0.49527152188749146,0.46659999999999996,0.34482758620689646,0.09285714285714285,0.0,0.0,0.23076923076923078,0.6,0.5605935696619951,1,medium_load
214,2,0.5016086575021936,0.46659999999999996,0.2586206896551724,0.02857142857142857,0.0,0.0,0.07692307692307693,0.4,0.4451772464962904,1,medium_load
214,3,0.5008287023496149,0.46659999999999996,0.27586206896551724,0.04285714285714285,0.0,0.0,0.7692307692307693,0.84,0.41220115416323166,1,medium_load
214,4,0.4038217802476358,0.33319999999999994,0.24999999999999997,0.0857142857142857,0.0,0.0,0.15384615384615385,0.16,0.247320692497939,1,medium_load
214,5,0.59266842156576,0.8665999999999999,0.3017241379310345,0.007142857142857143,0.0,0.0,0.7692307692307693,0.8,0.41220115416323166,1,medium_load
214,6,0.4992687920444575,0.46659999999999996,0.2241379310344827,0.049999999999999996,0.0,0.0,0.5384615384615384,0.36,0.4781533388293488,1,medium_load
214,7,0.5024861070488447,0.508,0.043103448275862044,0.049999999999999996,0.0,0.0,0.3076923076923077,0.36,0.5276174773289367,1,medium_load
214,8,0.5008287023496149,0.508,0.19827586206896555,0.07857142857142856,0.0,0.0,0.07692307692307693,0.36,0.3792250618301733,1,medium_load
214,9,0.5022911182607,0.5206000000000001,0.24137931034482754,0.04285714285714285,0.0,0.0,0.3076923076923077,0.6,0.41220115416323166,1,medium_load
215,0,0.5016086575021936,0.46659999999999996,0.2586206896551724,0.02857142857142857,0.0,0.0,0.07692307692307693,0.4,0.4451772464962904,1,medium_load
215,1,0.5008287023496149,0.46659999999999996,0.27586206896551724,0.04285714285714285,0.0,0.0,0.7692307692307693,0.84,0.41220115416323166,1,medium_load
215,2,0.4038217802476358,0.33319999999999994,0.24999999999999997,0.0857142857142857,0.0,0.0,0.15384615384615385,0.16,0.247320692497939,1,medium_load
215,3,0.59266842156576,0.8665999999999999,0.3017241379310345,0.007142857142857143,0.0,0.0,0.7692307692307693,0.8,0.41220115416323166,1,medium_load
215,4,0.4992687920444575,0.46659999999999996,0.2241379310344827,0.049999999999999996,0.0,0.0,0.5384615384615384,0.36,0.4781533388293488,1,medium_load
215,5,0.5024861070488447,0.508,0.043103448275862044,0.049999999999999996,0.0,0.0,0.3076923076923077,0.36,0.5276174773289367,1,medium_load
215,6,0.5008287023496149,0.508,0.19827586206896555,0.07857142857142856,0.0,0.0,0.07692307692307693,0.36,0.3792250618301733,1,medium_load
215,7,0.5022911182607,0.5206000000000001,0.24137931034482754,0.04285714285714285,0.0,0.0,0.3076923076923077,0.6,0.41220115416323166,1,medium_load
215,8,0.49780637613337236,0.5331999999999999,0.47413793103448265,0.24285714285714285,0.08695652173913043,0.08695652173913043,0.7692307692307693,0.72,0.41220115416323166,1,medium_load
215,9,0.49819635370966175,0.5331999999999999,0.28448275862068967,0.04285714285714285,0.0,0.0,0.07692307692307693,0.12,0.31327287716405616,1,medium_load
216,0,0.5008287023496149,0.46659999999999996,0.27586206896551724,0.04285714285714285,0.0,0.0,0.7692307692307693,0.84,0.41220115416323166,1,medium_load
216,1,0.4038217802476358,0.33319999999999994,0.24999999999999997,0.0857142857142857,0.0,0.0,0.15384615384615385,0.16,0.247320692497939,1,medium_load
216,2,0.59266842156576,0.8665999999999999,0.3017241379310345,0.007142857142857143,0.0,0.0,0.7692307692307693,0.8,0.41220115416323166,1,medium_load
216,3,0.4992687920444575,0.46659999999999996,0.2241379310344827,0.049999999999999996,0.0,0.0,0.5384615384615384,0.36,0.4781533388293488,1,medium_load
216,4,0.5024861070488447,0.508,0.043103448275862044,0.049999999999999996,0.0,0.0,0.3076923076923077,0.36,0.5276174773289367,1,medium_load
216,5,0.5008287023496149,0.508,0.19827586206896555,0.07857142857142856,0.0,0.0,0.07692307692307693,0.36,0.3792250618301733,1,medium_load
216,6,0.5022911182607,0.5206000000000001,0.24137931034482754,0.04285714285714285,0.0,0.0,0.3076923076923077,0.6,0.41220115416323166,1,medium_load
216,7,0.49780637613337236,0.5331999999999999,0.47413793103448265,0.24285714285714285,0.08695652173913043,0.08695652173913043,0.7692307692307693,0.72,0.41220115416323166,1,medium_load
216,8,0.49819635370966175,0.5331999999999999,0.28448275862068967,0.04285714285714285,0.0,0.0,0.07692307692307693,0.12,0.31327287716405616,1,medium_load
216,9,0.5000487471970362,0.46659999999999996,0.2672413793103448,0.04285714285714285,0.0,0.0,0.3076923076923077,0.6,0.31327287716405616,1,medium_load
217,0,0.4038217802476358,0.33319999999999994,0.24999999999999997,0.0857142857142857,0.0,0.0,0.15384615384615385,0.16,0.247320692497939,2,medium_load
217,1,0.59266842156576,0.8665999999999999,0.3017241379310345,0.007142857142857143,0.0,0.0,0.7692307692307693,0.8,0.41220115416323166,2,medium_load
217,2,0.4992687920444575,0.46659999999999996,0.2241379310344827,0.049999999999999996,0.0,0.0,0.5384615384615384,0.36,0.4781533388293488,2,medium_load
217,3,0.5024861070488447,0.508,0.043103448275862044,0.049999999999999996,0.0,0.0,0.3076923076923077,0.36,0.5276174773289367,2,medium_load
217,4,0.5008287023496149,0.508,0.19827586206896555,0.07857142857142856,0.0,0.0,0.07692307692307693,0.36,0.3792250618301733,2,medium_load
217,5,0.5022911182607,0.5206000000000001,0.24137931034482754,0.04285714285714285,0.0,0.0,0.3076923076923077,0.6,0.41220115416323166,2,medium_load
217,6,0.49780637613337236,0.5331999999999999,0.47413793103448265,0.24285714285714285,0.08695652173913043,0.08695652173913043,0.7692307692307693,0.72,0.41220115416323166,2,medium_load
217,7,0.49819635370966175,0.5331999999999999,0.28448275862068967,0.04285714285714285,0.0,0.0,0.07692307692307693,0.12,0.31327287716405616,2,medium_load
217,8,0.5000487471970362,0.46659999999999996,0.2672413793103448,0.04285714285714285,0.0,0.0,0.3076923076923077,0.6,0.31327287716405616,2,medium_load
217,9,0.5057034220532319,0.46659999999999996,0.34482758620689646,0.049999999999999996,1.0,1.0,0.3076923076923077,0.48,0.3627370156636441,2,medium_load
218,0,0.59266842156576,0.8665999999999999,0.3017241379310345,0.007142857142857143,0.0,0.0,0.7692307692307693,0.8,0.41220115416323166,2,medium_load
218,1,0.4992687920444575,0.46659999999999996,0.2241379310344827,0.049999999999999996,0.0,0.0,0.5384615384615384,0.36,0.4781533388293488,2,medium_load
218,2,0.5024861070488447,0.508,0.043103448275862044,0.049999999999999996,0.0,0.0,0.3076923076923077,0.36,0.5276174773289367,2,medium_load
218,3,0.5008287023496149,0.508,0.19827586206896555,0.07857142857142856,0.0,0.0,0.07692307692307693,0.36,0.3792250618301733,2,medium_load
218,4,0.5022911182607,0.5206000000000001,0.24137931034482754,0.04285714285714285,0.0,0.0,0.3076923076923077,0.6,0.41220115416323166,2,medium_load
218,5,0.49780637613337236,0.5331999999999999,0.47413793103448265,0.24285714285714285,0.08695652173913043,0.08695652173913043,0.7692307692307693,0.72,0.41220115416323166,2,medium_load
218,6,0.49819635370966175,0.5331999999999999,0.28448275862068967,0.04285714285714285,0.0,0.0,0.07692307692307693,0.12,0.31327287716405616,2,medium_load
218,7,0.5000487471970362,0.46659999999999996,0.2672413793103448,0.04285714285714285,0.0,0.0,0.3076923076923077,0.6,0.31327287716405616,2,medium_load
218,8,0.5057034220532319,0.46659999999999996,0.34482758620689646,0.049999999999999996,1.0,1.0,0.3076923076923077,0.48,0.3627370156636441,2,medium_load
218,9,0.5057034220532319,0.5331999999999999,0.24999999999999997,0.049999999999999996,0.5652173913043478,0.5652173913043478,0.0,0.32,0.29678483099752695,2,medium_load
219,0,0.4992687920444575,0.46659999999999996,0.2241379310344827,0.049999999999999996,0.0,0.0,0.5384615384615384,0.36,0.4781533388293488,1,medium_load
219,1,0.5024861070488447,0.508,0.043103448275862044,0.049999999999999996,0.0,0.0,0.3076923076923077,0.36,0.5276174773289367,1,medium_load
219,2,0.5008287023496149,0.508,0.19827586206896555,0.07857142857142856,0.0,0.0,0.07692307692307693,0.36,0.3792250618301733,1,medium_load
219,3,0.5022911182607,0.5206000000000001,0.24137931034482754,0.04285714285714285,0.0,0.0,0.3076923076923077,0.6,0.41220115416323166,1,medium_load
219,4,0.49780637613337236,0.5331999999999999,0.47413793103448265,0.24285714285714285,0.08695652173913043,0.08695652173913043,0.7692307692307693,0.72,0.41220115416323166,1,medium_load
219,5,0.49819635370966175,0.5331999999999999,0.28448275862068967,0.04285714285714285,0.0,0.0,0.07692307692307693,0.12,0.31327287716405616,1,medium_load
219,6,0.5000487471970362,0.46659999999999996,0.2672413793103448,0.04285714285714285,0.0,0.0,0.3076923076923077,0.6,0.31327287716405616,1,medium_load
219,7,0.5057034220532319,0.46659999999999996,0.34482758620689646,0.049999999999999996,1.0,1.0,0.3076923076923077,0.48,0.3627370156636441,1,medium_load
219,8,0.5057034220532319,0.5331999999999999,0.24999999999999997,0.049999999999999996,0.5652173913043478,0.5652173913043478,0.0,0.32,0.29678483099752695,1,medium_load
219,9,0.5063858828117384,0.46659999999999996,0.21551724137931028,0.04285714285714285,0.0,0.0,0.07692307692307693,0.52,0.14839241549876347,1,medium_load
220,0,0.5024861070488447,0.508,0.043103448275862044,0.049999999999999996,0.0,0.0,0.3076923076923077,0.36,0.5276174773289367,1,medium_load
220,1,0.5008287023496149,0.508,0.19827586206896555,0.07857142857142856,0.0,0.0,0.07692307692307693,0.36,0.3792250618301733,1,medium_load
220,2,0.5022911182607,0.5206000000000001,0.24137931034482754,0.04285714285714285,0.0,0.0,0.3076923076923077,0.6,0.41220115416323166,1,medium_load
220,3,0.49780637613337236,0.5331999999999999,0.47413793103448265,0.24285714285714285,0.08695652173913043,0.08695652173913043,0.7692307692307693,0.72,0.41220115416323166,1,medium_load
220,4,0.49819635370966175,0.5331999999999999,0.28448275862068967,0.04285714285714285,0.0,0.0,0.07692307692307693,0.12,0.31327287716405616,1,medium_load
220,5,0.5000487471970362,0.46659999999999996,0.2672413793103448,0.04285714285714285,0.0,0.0,0.3076923076923077,0.6,0.31327287716405616,1,medium_load
220,6,0.5057034220532319,0.46659999999999996,0.34482758620689646,0.049999999999999996,1.0,1.0,0.3076923076923077,0.48,0.3627370156636441,1,medium_load
220,7,0.5057034220532319,0.5331999999999999,0.24999999999999997,0.049999999999999996,0.5652173913043478,0.5652173913043478,0.0,0.32,0.29678483099752695,1,medium_load
220,8,0.5063858828117384,0.46659999999999996,0.21551724137931028,0.04285714285714285,0.0,0.0,0.07692307692307693,0.52,0.14839241549876347,1,medium_load
220,9,0.5023886126547724,0.508,0.27586206896551724,0.05714285714285714,0.0,0.0,0.07692307692307693,0.48,0.14839241549876347,1,medium_load
221,0,0.5008287023496149,0.508,0.19827586206896555,0.07857142857142856,0.0,0.0,0.07692307692307693,0.36,0.3792250618301733,2,medium_load
221,1,0.5022911182607,0.5206000000000001,0.24137931034482754,0.04285714285714285,0.0,0.0,0.3076923076923077,0.6,0.41220115416323166,2,medium_load
221,2,0.49780637613337236,0.5331999999999999,0.47413793103448265,0.24285714285714285,0.08695652173913043,0.08695652173913043,0.7692307692307693,0.72,0.41220115416323166,2,medium_load
221,3,0.49819635370966175,0.5331999999999999,0.28448275862068967,0.04285714285714285,0.0,0.0,0.07692307692307693,0.12,0.31327287716405616,2,medium_load
221,4,0.5000487471970362,0.46659999999999996,0.2672413793103448,0.04285714285714285,0.0,0.0,0.3076923076923077,0.6,0.31327287716405616,2,medium_load
221,5,0.5057034220532319,0.46659999999999996,0.34482758620689646,0.049999999999999996,1.0,1.0,0.3076923076923077,0.48,0.3627370156636441,2,medium_load
221,6,0.5057034220532319,0.5331999999999999,0.24999999999999997,0.049999999999999996,0.5652173913043478,0.5652173913043478,0.0,0.32,0.29678483099752695,2,medium_load
221,7,0.5063858828117384,0.46659999999999996,0.21551724137931028,0.04285714285714285,0.0,0.0,0.07692307692307693,0.52,0.14839241549876347,2,medium_load
221,8,0.5023886126547724,0.508,0.27586206896551724,0.05714285714285714,0.0,0.0,0.07692307692307693,0.48,0.14839241549876347,2,medium_load
221,9,0.4959539826459979,0.654,0.37068965517241376,0.07142857142857142,0.0,0.0,0.07692307692307693,0.48,0.09892827699917554,2,medium_load
222,0,0.5022911182607,0.5206000000000001,0.24137931034482754,0.04285714285714285,0.0,0.0,0.3076923076923077,0.6,0.41220115416323166,2,medium_load
222,1,0.49780637613337236,0.5331999999999999,0.47413793103448265,0.24285714285714285,0.08695652173913043,0.08695652173913043,0.7692307692307693,0.72,0.41220115416323166,2,medium_load
222,2,0.49819635370966175,0.5331999999999999,0.28448275862068967,0.04285714285714285,0.0,0.0,0.07692307692307693,0.12,0.31327287716405616,2,medium_load
222,3,0.5000487471970362,0.46659999999999996,0.2672413793103448,0.04285714285714285,0.0,0.0,0.3076923076923077,0.6,0.31327287716405616,2,medium_load
222,4,0.5057034220532319,0.46659999999999996,0.34482758620689646,0.049999999999999996,1.0,1.0,0.3076923076923077,0.48,0.3627370156636441,2,medium_load
222,5,0.5057034220532319,0.5331999999999999,0.24999999999999997,0.049999999999999996,0.5652173913043478,0.5652173913043478,0.0,0.32,0.29678483099752695,2,medium_load
222,6,0.5063858828117384,0.46659999999999996,0.21551724137931028,0.04285714285714285,0.0,0.0,0.07692307692307693,0.52,0.14839241549876347,2,medium_load
222,7,0.5023886126547724,0.508,0.27586206896551724,0.05714285714285714,0.0,0.0,0.07692307692307693,0.48,0.14839241549876347,2,medium_load
222,8,0.4959539826459979,0.654,0.37068965517241376,0.07142857142857142,0.0,0.0,0.07692307692307693,0.48,0.09892827699917554,2,medium_load
222,9,0.5046309837184362,0.8,0.28448275862068967,0.04285714285714285,0.2608695652173913,0.2608695652173913,0.8461538461538461,0.88,0.2143446001648806,2,medium_load
223,0,0.04250755581554061,0.13319999999999993,0.23275862068965514,0.06428571428571428,0.0,0.0,1.0,0.52,1.0,2,high_load
223,1,0.7739105001462416,0.6666,0.2241379310344827,0.07142857142857142,0.0,0.0,0.46153846153846156,0.2,0.8697444352844189,2,high_load
223,2,0.7461245978356245,0.7147999999999999,0.24999999999999997,0.04285714285714285,0.0,0.0,0.07692307692307693,0.28,0.7089859851607586,2,high_load
223,3,0.74885444086965,0.7240000000000001,0.21551724137931028,0.05714285714285714,0.0,0.0,0.07692307692307693,0.48,0.5276174773289367,2,high_load
223,4,0.7470020473822756,0.7332,0.24999999999999997,0.049999999999999996,0.0,0.0,0.46153846153846156,0.68,0.4286892003297609,2,high_load
223,5,0.7498293848103734,0.6666,0.2931034482758621,0.07857142857142856,0.0,0.0,0.5384615384615384,0.52,0.3297609233305854,2,high_load
223,6,0.7470995417763479,0.7332,0.24137931034482754,0.04285714285714285,0.0,0.0,0.15384615384615385,0.28,0.26380873866446825,2,high_load
223,7,0.7606512625524032,0.7332,0.24999999999999997,0.07142857142857142,0.0,0.0,0.38461538461538464,0.6,0.3297609233305854,2,high_load
223,8,0.753144194208833,0.7332,0.21551724137931028,0.06428571428571428,0.21739130434782608,0.21739130434782608,0.07692307692307693,0.32,0.3297609233305854,2,high_load
223,9,0.7550940820902798,0.7332,0.24137931034482754,0.049999999999999996,0.0,0.0,0.5384615384615384,0.72,0.3462489694971146,2,high_load
224,0,0.7739105001462416,0.6666,0.2241379310344827,0.07142857142857142,0.0,0.0,0.46153846153846156,0.2,0.8697444352844189,2,high_load
224,1,0.7461245978356245,0.7147999999999999,0.24999999999999997,0.04285714285714285,0.0,0.0,0.07692307692307693,0.28,0.7089859851607586,2,high_load
224,2,0.74885444086965,0.7240000000000001,0.21551724137931028,0.05714285714285714,0.0,0.0,0.07692307692307693,0.48,0.5276174773289367,2,high_load
224,3,0.7470020473822756,0.7332,0.24999999999999997,0.049999999999999996,0.0,0.0,0.46153846153846156,0.68,0.4286892003297609,2,high_load
224,4,0.7498293848103734,0.6666,0.2931034482758621,0.07857142857142856,0.0,0.0,0.5384615384615384,0.52,0.3297609233305854,2,high_load
224,5,0.7470995417763479,0.7332,0.24137931034482754,0.04285714285714285,0.0,0.0,0.15384615384615385,0.28,0.26380873866446825,2,high_load
224,6,0.7606512625524032,0.7332,0.24999999999999997,0.07142857142857142,0.0,0.0,0.38461538461538464,0.6,0.3297609233305854,2,high_load
224,7,0.753144194208833,0.7332,0.21551724137931028,0.06428571428571428,0.21739130434782608,0.21739130434782608,0.07692307692307693,0.32,0.3297609233305854,2,high_load
224,8,0.7550940820902798,0.7332,0.24137931034482754,0.049999999999999996,0.0,0.0,0.5384615384615384,0.72,0.3462489694971146,2,high_load
224,9,0.7461245978356245,0.7332,0.2241379310344827,0.06428571428571428,0.0,0.0,1.0,0.72,0.4451772464962904,2,high_load
225,0,0.74885444086965,0.7240000000000001,0.21551724137931028,0.05714285714285714,0.0,0.0,0.07692307692307693,0.48,0.5276174773289367,2,high_load
225,1,0.7470020473822756,0.7332,0.24999999999999997,0.049999999999999996,0.0,0.0,0.46153846153846156,0.68,0.4286892003297609,2,high_load
225,2,0.7498293848103734,0.6666,0.2931034482758621,0.07857142857142856,0.0,0.0,0.5384615384615384,0.52,0.3297609233305854,2,high_load
225,3,0.7470995417763479,0.7332,0.24137931034482754,0.04285714285714285,0.0,0.0,0.15384615384615385,0.28,0.26380873866446825,2,high_load
225,4,0.7606512625524032,0.7332,0.24999999999999997,0.07142857142857142,0.0,0.0,0.38461538461538464,0.6,0.3297609233305854,2,high_load
225,5,0.753144194208833,0.7332,0.21551724137931028,0.06428571428571428,0.21739130434782608,0.21739130434782608,0.07692307692307693,0.32,0.3297609233305854,2,high_load
225,6,0.7550940820902798,0.7332,0.24137931034482754,0.049999999999999996,0.0,0.0,0.5384615384615384,0.72,0.3462489694971146,2,high_load
225,7,0.7461245978356245,0.7332,0.2241379310344827,0.06428571428571428,0.0,0.0,1.0,0.72,0.4451772464962904,2,high_load
225,8,0.7518767670858927,0.8528,0.3017241379310345,0.007142857142857143,0.17391304347826086,0.17391304347826086,0.6153846153846154,0.28,0.5441055234954659,2,high_load
225,9,0.7472945305644927,0.7332,0.3017241379310345,0.02857142857142857,0.0,0.0,1.0,0.68,0.6760098928277,2,high_load
226,0,0.7470995417763479,0.7332,0.24137931034482754,0.04285714285714285,0.0,0.0,0.15384615384615385,0.28,0.26380873866446825,2,high_load
226,1,0.7606512625524032,0.7332,0.24999999999999997,0.07142857142857142,0.0,0.0,0.38461538461538464,0.6,0.3297609233305854,2,high_load
226,2,0.753144194208833,0.7332,0.21551724137931028,0.06428571428571428,0.21739130434782608,0.21739130434782608,0.07692307692307693,0.32,0.3297609233305854,2,high_load
226,3,0.7550940820902798,0.7332,0.24137931034482754,0.049999999999999996,0.0,0.0,0.5384615384615384,0.72,0.3462489694971146,2,high_load
226,4,0.7461245978356245,0.7332,0.2241379310344827,0.06428571428571428,0.0,0.0,1.0,0.72,0.4451772464962904,2,high_load
226,5,0.7518767670858927,0.8528,0.3017241379310345,0.007142857142857143,0.17391304347826086,0.17391304347826086,0.6153846153846154,0.28,0.5441055234954659,2,high_load
226,6,0.7472945305644927,0.7332,0.3017241379310345,0.02857142857142857,0.0,0.0,1.0,0.68,0.6760098928277,2,high_load
226,7,0.7529492054206884,0.8,0.18103448275862072,0.03571428571428571,0.0,0.0,0.6923076923076923,0.32,0.8079142621599342,2,high_load
226,8,0.7563615092132203,0.8,0.27586206896551724,0.02857142857142857,0.0,0.0,0.9230769230769231,0.6,0.8903544929925805,2,high_load
226,9,0.7529492054206884,0.7837999999999999,0.07758620689655173,0.014285714285714285,0.0,0.0,0.9230769230769231,0.48,0.8738664468260513,2,high_load
227,0,0.7606512625524032,0.7332,0.24999999999999997,0.07142857142857142,0.0,0.0,0.38461538461538464,0.6,0.3297609233305854,2,high_load
227,1,0.753144194208833,0.7332,0.21551724137931028,0.06428571428571428,0.21739130434782608,0.21739130434782608,0.07692307692307693,0.32,0.3297609233305854,2,high_load
227,2,0.7550940820902798,0.7332,0.24137931034482754,0.049999999999999996,0.0,0.0,0.5384615384615384,0.72,0.3462489694971146,2,high_load
227,3,0.7461245978356245,0.7332,0.2241379310344827,0.06428571428571428,0.0,0.0,1.0,0.72,0.4451772464962904,2,high_load
227,4,0.7518767670858927,0.8528,0.3017241379310345,0.007142857142857143,0.17391304347826086,0.17391304347826086,0.6153846153846154,0.28,0.5441055234954659,2,high_load
227,5,0.7472945305644927,0.7332,0.3017241379310345,0.02857142857142857,0.0,0.0,1.0,0.68,0.6760098928277,2,high_load
227,6,0.7529492054206884,0.8,0.18103448275862072,0.03571428571428571,0.0,0.0,0.6923076923076923,0.32,0.8079142621599342,2,high_load
227,7,0.7563615092132203,0.8,0.27586206896551724,0.02857142857142857,0.0,0.0,0.9230769230769231,0.6,0.8903544929925805,2,high_load
227,8,0.7529492054206884,0.7837999999999999,0.07758620689655173,0.014285714285714285,0.0,0.0,0.9230769230769231,0.48,0.8738664468260513,2,high_load
227,9,0.755971531636931,0.7837999999999999,0.19827586206896555,0.07142857142857142,0.0,0.0,0.46153846153846156,0.24,0.8408903544929925,2,high_load
228,0,0.753144194208833,0.7332,0.21551724137931028,0.06428571428571428,0.21739130434782608,0.21739130434782608,0.07692307692307693,0.32,0.3297609233305854,2,high_load
228,1,0.7550940820902798,0.7332,0.24137931034482754,0.049999999999999996,0.0,0.0,0.5384615384615384,0.72,0.3462489694971146,2,high_load
228,2,0.7461245978356245,0.7332,0.2241379310344827,0.06428571428571428,0.0,0.0,1.0,0.72,0.4451772464962904,2,high_load
228,3,0.7518767670858927,0.8528,0.3017241379310345,0.007142857142857143,0.17391304347826086,0.17391304347826086,0.6153846153846154,0.28,0.5441055234954659,2,high_load
228,4,0.7472945305644927,0.7332,0.3017241379310345,0.02857142857142857,0.0,0.0,1.0,0.68,0.6760098928277,2,high_load
228,5,0.7529492054206884,0.8,0.18103448275862072,0.03571428571428571,0.0,0.0,0.6923076923076923,0.32,0.8079142621599342,2,high_load
228,6,0.7563615092132203,0.8,0.27586206896551724,0.02857142857142857,0.0,0.0,0.9230769230769231,0.6,0.8903544929925805,2,high_load
228,7,0.7529492054206884,0.7837999999999999,0.07758620689655173,0.014285714285714285,0.0,0.0,0.9230769230769231,0.48,0.8738664468260513,2,high_load
228,8,0.755971531636931,0.7837999999999999,0.19827586206896555,0.07142857142857142,0.0,0.0,0.46153846153846156,0.24,0.8408903544929925,2,high_load
228,9,0.7585063858828117,0.7584000000000001,0.27586206896551724,0.02857142857142857,0.0,0.0,1.0,0.76,0.8408903544929925,2,high_load
229,0,0.7461245978356245,0.7332,0.2241379310344827,0.06428571428571428,0.0,0.0,1.0,0.72,0.4451772464962904,2,high_load
229,1,0.7518767670858927,0.8528,0.3017241379310345,0.007142857142857143,0.17391304347826086,0.17391304347826086,0.6153846153846154,0.28,0.5441055234954659,2,high_load
229,2,0.7472945305644927,0.7332,0.3017241379310345,0.02857142857142857,0.0,0.0,1.0,0.68,0.6760098928277,2,high_load
229,3,0.7529492054206884,0.8,0.18103448275862072,0.03571428571428571,0.0,0.0,0.6923076923076923,0.32,0.8079142621599342,2,high_load
229,4,0.7563615092132203,0.8,0.27586206896551724,0.02857142857142857,0.0,0.0,0.9230769230769231,0.6,0.8903544929925805,2,high_load
229,5,0.7529492054206884,0.7837999999999999,0.07758620689655173,0.014285714285714285,0.0,0.0,0.9230769230769231,0.48,0.8738664468260513,2,high_load
229,6,0.755971531636931,0.7837999999999999,0.19827586206896555,0.07142857142857142,0.0,0.0,0.46153846153846156,0.24,0.8408903544929925,2,high_load
229,7,0.7585063858828117,0.7584000000000001,0.27586206896551724,0.02857142857142857,0.0,0.0,1.0,0.76,0.8408903544929925,2,high_load
229,8,0.7504143511748075,0.7332,0.23275862068965514,0.049999999999999996,0.0,0.0,0.9230769230769231,0.44,0.8903544929925805,2,high_load
229,9,0.7412498781320075,0.7332,0.23275862068965514,0.07857142857142856,0.0,0.0,1.0,0.52,0.9068425391591097,2,high_load
230,0,0.7518767670858927,0.8528,0.3017241379310345,0.007142857142857143,0.17391304347826086,0.17391304347826086,0.6153846153846154,0.28,0.5441055234954659,2,high_load
230,1,0.7472945305644927,0.7332,0.3017241379310345,0.02857142857142857,0.0,0.0,1.0,0.68,0.6760098928277,2,high_load
230,2,0.7529492054206884,0.8,0.18103448275862072,0.03571428571428571,0.0,0.0,0.6923076923076923,0.32,0.8079142621599342,2,high_load
230,3,0.7563615092132203,0.8,0.27586206896551724,0.02857142857142857,0.0,0.0,0.9230769230769231,0.6,0.8903544929925805,2,high_load
230,4,0.7529492054206884,0.7837999999999999,0.07758620689655173,0.014285714285714285,0.0,0.0,0.9230769230769231,0.48,0.8738664468260513,2,high_load
230,5,0.755971531636931,0.7837999999999999,0.19827586206896555,0.07142857142857142,0.0,0.0,0.46153846153846156,0.24,0.8408903544929925,2,high_load
230,6,0.7585063858828117,0.7584000000000001,0.27586206896551724,0.02857142857142857,0.0,0.0,1.0,0.76,0.8408903544929925,2,high_load
230,7,0.7504143511748075,0.7332,0.23275862068965514,0.049999999999999996,0.0,0.0,0.9230769230769231,0.44,0.8903544929925805,2,high_load
230,8,0.7412498781320075,0.7332,0.23275862068965514,0.07857142857142856,0.0,0.0,1.0,0.52,0.9068425391591097,2,high_load
230,9,0.7698157355952032,0.7332,0.2241379310344827,0.05714285714285714,0.0,0.0,1.0,0.48,0.9233305853256389,2,high_load
231,0,0.7472945305644927,0.7332,0.3017241379310345,0.02857142857142857,0.0,0.0,1.0,0.68,0.6760098928277,2,high_load
231,1,0.7529492054206884,0.8,0.18103448275862072,0.03571428571428571,0.0,0.0,0.6923076923076923,0.32,0.8079142621599342,2,high_load
231,2,0.7563615092132203,0.8,0.27586206896551724,0.02857142857142857,0.0,0.0,0.9230769230769231,0.6,0.8903544929925805,2,high_load
231,3,0.7529492054206884,0.7837999999999999,0.07758620689655173,0.014285714285714285,0.0,0.0,0.9230769230769231,0.48,0.8738664468260513,2,high_load
231,4,0.755971531636931,0.7837999999999999,0.19827586206896555,0.07142857142857142,0.0,0.0,0.46153846153846156,0.24,0.8408903544929925,2,high_load
231,5,0.7585063858828117,0.7584000000000001,0.27586206896551724,0.02857142857142857,0.0,0.0,1.0,0.76,0.8408903544929925,2,high_load
231,6,0.7504143511748075,0.7332,0.23275862068965514,0.049999999999999996,0.0,0.0,0.9230769230769231,0.44,0.8903544929925805,2,high_load
231,7,0.7412498781320075,0.7332,0.23275862068965514,0.07857142857142856,0.0,0.0,1.0,0.52,0.9068425391591097,2,high_load
231,8,0.7698157355952032,0.7332,0.2241379310344827,0.05714285714285714,0.0,0.0,1.0,0.48,0.9233305853256389,2,high_load
231,9,0.7512918007214586,0.7837999999999999,0.24137931034482754,0.02857142857142857,0.0,0.0,0.46153846153846156,0.2,0.9233305853256389,2,high_load
232,0,0.7529492054206884,0.8,0.18103448275862072,0.03571428571428571,0.0,0.0,0.6923076923076923,0.32,0.8079142621599342,2,high_load
232,1,0.7563615092132203,0.8,0.27586206896551724,0.02857142857142857,0.0,0.0,0.9230769230769231,0.6,0.8903544929925805,2,high_load
232,2,0.7529492054206884,0.7837999999999999,0.07758620689655173,0.014285714285714285,0.0,0.0,0.9230769230769231,0.48,0.8738664468260513,2,high_load
232,3,0.755971531636931,0.7837999999999999,0.19827586206896555,0.07142857142857142,0.0,0.0,0.46153846153846156,0.24,0.8408903544929925,2,high_load
232,4,0.7585063858828117,0.7584000000000001,0.27586206896551724,0.02857142857142857,0.0,0.0,1.0,0.76,0.8408903544929925,2,high_load
232,5,0.7504143511748075,0.7332,0.23275862068965514,0.049999999999999996,0.0,0.0,0.9230769230769231,0.44,0.8903544929925805,2,high_load
232,6,0.7412498781320075,0.7332,0.23275862068965514,0.07857142857142856,0.0,0.0,1.0,0.52,0.9068425391591097,2,high_load
232,7,0.7698157355952032,0.7332,0.2241379310344827,0.05714285714285714,0.0,0.0,1.0,0.48,0.9233305853256389,2,high_load
232,8,0.7512918007214586,0.7837999999999999,0.24137931034482754,0.02857142857142857,0.0,0.0,0.46153846153846156,0.2,0.9233305853256389,2,high_load
232,9,0.7440772155601053,0.7837999999999999,0.2586206896551724,0.07142857142857142,0.0,0.0,0.5384615384615384,0.52,0.8244023083264633,2,high_load
233,0,0.7563615092132203,0.8,0.27586206896551724,0.02857142857142857,0.0,0.0,0.9230769230769231,0.6,0.8903544929925805,2,high_load
233,1,0.7529492054206884,0.7837999999999999,0.07758620689655173,0.014285714285714285,0.0,0.0,0.9230769230769231,0.48,0.8738664468260513,2,high_load
233,2,0.755971531636931,0.7837999999999999,0.19827586206896555,0.07142857142857142,0.0,0.0,0.46153846153846156,0.24,0.8408903544929925,2,high_load
233,3,0.7585063858828117,0.7584000000000001,0.27586206896551724,0.02857142857142857,0.0,0.0,1.0,0.76,0.8408903544929925,2,high_load
233,4,0.7504143511748075,0.7332,0.23275862068965514,0.049999999999999996,0.0,0.0,0.9230769230769231,0.44,0.8903544929925805,2,high_load
233,5,0.7412498781320075,0.7332,0.23275862068965514,0.07857142857142856,0.0,0.0,1.0,0.52,0.9068425391591097,2,high_load
233,6,0.7698157355952032,0.7332,0.2241379310344827,0.05714285714285714,0.0,0.0,1.0,0.48,0.9233305853256389,2,high_load
233,7,0.7512918007214586,0.7837999999999999,0.24137931034482754,0.02857142857142857,0.0,0.0,0.46153846153846156,0.2,0.9233305853256389,2,high_load
233,8,0.7440772155601053,0.7837999999999999,0.2586206896551724,0.07142857142857142,0.0,0.0,0.5384615384615384,0.52,0.8244023083264633,2,high_load
233,9,0.7587013746709564,0.7837999999999999,0.24137931034482754,0.05714285714285714,0.0,0.0,0.15384615384615385,0.28,0.6595218466611708,2,high_load
234,0,0.7529492054206884,0.7837999999999999,0.07758620689655173,0.014285714285714285,0.0,0.0,0.9230769230769231,0.48,0.8738664468260513,2,high_load
234,1,0.755971531636931,0.7837999999999999,0.19827586206896555,0.07142857142857142,0.0,0.0,0.46153846153846156,0.24,0.8408903544929925,2,high_load
234,2,0.7585063858828117,0.7584000000000001,0.27586206896551724,0.02857142857142857,0.0,0.0,1.0,0.76,0.8408903544929925,2,high_load
234,3,0.7504143511748075,0.7332,0.23275862068965514,0.049999999999999996,0.0,0.0,0.9230769230769231,0.44,0.8903544929925805,2,high_load
234,4,0.7412498781320075,0.7332,0.23275862068965514,0.07857142857142856,0.0,0.0,1.0,0.52,0.9068425391591097,2,high_load
234,5,0.7698157355952032,0.7332,0.2241379310344827,0.05714285714285714,0.0,0.0,1.0,0.48,0.9233305853256389,2,high_load
234,6,0.7512918007214586,0.7837999999999999,0.24137931034482754,0.02857142857142857,0.0,0.0,0.46153846153846156,0.2,0.9233305853256389,2,high_load
234,7,0.7440772155601053,0.7837999999999999,0.2586206896551724,0.07142857142857142,0.0,0.0,0.5384615384615384,0.52,0.8244023083264633,2,high_load
234,8,0.7587013746709564,0.7837999999999999,0.24137931034482754,0.05714285714285714,0.0,0.0,0.15384615384615385,0.28,0.6595218466611708,2,high_load
234,9,0.74427220434825,0.7837999999999999,0.21551724137931028,0.06428571428571428,0.0,0.0,0.3076923076923077,0.56,0.5111294311624073,2,high_load
235,0,0.7504143511748075,0.7332,0.23275862068965514,0.049999999999999996,0.0,0.0,0.9230769230769231,0.44,0.8903544929925805,2,high_load
235,1,0.7412498781320075,0.7332,0.23275862068965514,0.07857142857142856,0.0,0.0,1.0,0.52,0.9068425391591097,2,high_load
235,2,0.7698157355952032,0.7332,0.2241379310344827,0.05714285714285714,0.0,0.0,1.0,0.48,0.9233305853256389,2,high_load
235,3,0.7512918007214586,0.7837999999999999,0.24137931034482754,0.02857142857142857,0.0,0.0,0.46153846153846156,0.2,0.9233305853256389,2,high_load
235,4,0.7440772155601053,0.7837999999999999,0.2586206896551724,0.07142857142857142,0.0,0.0,0.5384615384615384,0.52,0.8244023083264633,2,high_load
235,5,0.7587013746709564,0.7837999999999999,0.24137931034482754,0.05714285714285714,0.0,0.0,0.15384615384615385,0.28,0.6595218466611708,2,high_load
235,6,0.74427220434825,0.7837999999999999,0.21551724137931028,0.06428571428571428,0.0,0.0,0.3076923076923077,0.56,0.5111294311624073,2,high_load
235,7,0.7579214195183777,0.7584000000000001,0.2586206896551724,0.04285714285714285,0.0,0.0,0.23076923076923078,0.44,0.3462489694971146,2,high_load
235,8,0.753144194208833,0.7332,0.21551724137931028,0.02857142857142857,0.0,0.0,0.23076923076923078,0.48,0.29678483099752695,2,high_load
235,9,0.7515842839036756,0.6666,0.32758620689655177,0.03571428571428571,0.0,0.0,0.38461538461538464,0.56,0.26380873866446825,2,high_load
236,0,0.7412498781320075,0.7332,0.23275862068965514,0.07857142857142856,0.0,0.0,1.0,0.52,0.9068425391591097,2,high_load
236,1,0.7698157355952032,0.7332,0.2241379310344827,0.05714285714285714,0.0,0.0,1.0,0.48,0.9233305853256389,2,high_load
236,2,0.7512918007214586,0.7837999999999999,0.24137931034482754,0.02857142857142857,0.0,0.0,0.46153846153846156,0.2,0.9233305853256389,2,high_load
236,3,0.7440772155601053,0.7837999999999999,0.2586206896551724,0.07142857142857142,0.0,0.0,0.5384615384615384,0.52,0.8244023083264633,2,high_load
236,4,0.7587013746709564,0.7837999999999999,0.24137931034482754,0.05714285714285714,0.0,0.0,0.15384615384615385,0.28,0.6595218466611708,2,high_load
236,5,0.74427220434825,0.7837999999999999,0.21551724137931028,0.06428571428571428,0.0,0.0,0.3076923076923077,0.56,0.5111294311624073,2,high_load
236,6,0.7579214195183777,0.7584000000000001,0.2586206896551724,0.04285714285714285,0.0,0.0,0.23076923076923078,0.44,0.3462489694971146,2,high_load
236,7,0.753144194208833,0.7332,0.21551724137931028,0.02857142857142857,0.0,0.0,0.23076923076923078,0.48,0.29678483099752695,2,high_load
236,8,0.7515842839036756,0.6666,0.32758620689655177,0.03571428571428571,0.0,0.0,0.38461538461538464,0.56,0.26380873866446825,2,high_load
236,9,0.7475870137467097,0.6666,0.2672413793103448,0.07142857142857142,0.0,0.0,0.15384615384615385,0.36,0.26380873866446825,2,high_load
237,0,0.7698157355952032,0.7332,0.2241379310344827,0.05714285714285714,0.0,0.0,1.0,0.48,0.9233305853256389,2,high_load
237,1,0.7512918007214586,0.7837999999999999,0.24137931034482754,0.02857142857142857,0.0,0.0,0.46153846153846156,0.2,0.9233305853256389,2,high_load
237,2,0.7440772155601053,0.7837999999999999,0.2586206896551724,0.07142857142857142,0.0,0.0,0.5384615384615384,0.52,0.8244023083264633,2,high_load
237,3,0.7587013746709564,0.7837999999999999,0.24137931034482754,0.05714285714285714,0.0,0.0,0.15384615384615385,0.28,0.6595218466611708,2,high_load
237,4,0.74427220434825,0.7837999999999999,0.21551724137931028,0.06428571428571428,0.0,0.0,0.3076923076923077,0.56,0.5111294311624073,2,high_load
237,5,0.7579214195183777,0.7584000000000001,0.2586206896551724,0.04285714285714285,0.0,0.0,0.23076923076923078,0.44,0.3462489694971146,2,high_load
237,6,0.753144194208833,0.7332,0.21551724137931028,0.02857142857142857,0.0,0.0,0.23076923076923078,0.48,0.29678483099752695,2,high_load
237,7,0.7515842839036756,0.6666,0.32758620689655177,0.03571428571428571,0.0,0.0,0.38461538461538464,0.56,0.26380873866446825,2,high_load
237,8,0.7475870137467097,0.6666,0.2672413793103448,0.07142857142857142,0.0,0.0,0.15384615384615385,0.36,0.26380873866446825,2,high_load
237,9,0.7513892951155309,0.7837999999999999,0.2241379310344827,0.05714285714285714,0.0,0.0,0.15384615384615385,0.48,0.23083264633140982,2,high_load
238,0,0.7512918007214586,0.7837999999999999,0.24137931034482754,0.02857142857142857,0.0,0.0,0.46153846153846156,0.2,0.9233305853256389,2,high_load
238,1,0.7440772155601053,0.7837999999999999,0.2586206896551724,0.07142857142857142,0.0,0.0,0.5384615384615384,0.52,0.8244023083264633,2,high_load
238,2,0.7587013746709564,0.7837999999999999,0.24137931034482754,0.05714285714285714,0.0,0.0,0.15384615384615385,0.28,0.6595218466611708,2,high_load
238,3,0.74427220434825,0.7837999999999999,0.21551724137931028,0.06428571428571428,0.0,0.0,0.3076923076923077,0.56,0.5111294311624073,2,high_load
238,4,0.7579214195183777,0.7584000000000001,0.2586206896551724,0.04285714285714285,0.0,0.0,0.23076923076923078,0.44,0.3462489694971146,2,high_load
238,5,0.753144194208833,0.7332,0.21551724137931028,0.02857142857142857,0.0,0.0,0.23076923076923078,0.48,0.29678483099752695,2,high_load
238,6,0.7515842839036756,0.6666,0.32758620689655177,0.03571428571428571,0.0,0.0,0.38461538461538464,0.56,0.26380873866446825,2,high_load
238,7,0.7475870137467097,0.6666,0.2672413793103448,0.07142857142857142,0.0,0.0,0.15384615384615385,0.36,0.26380873866446825,2,high_load
238,8,0.7513892951155309,0.7837999999999999,0.2241379310344827,0.05714285714285714,0.0,0.0,0.15384615384615385,0.48,0.23083264633140982,2,high_load
238,9,0.7506093399629521,0.7584000000000001,0.18103448275862072,0.02857142857142857,0.0,0.0,0.15384615384615385,0.48,0.2143446001648806,2,high_load
239,0,0.7587013746709564,0.7837999999999999,0.24137931034482754,0.05714285714285714,0.0,0.0,0.15384615384615385,0.28,0.6595218466611708,2,high_load
239,1,0.74427220434825,0.7837999999999999,0.21551724137931028,0.06428571428571428,0.0,0.0,0.3076923076923077,0.56,0.5111294311624073,2,high_load
239,2,0.7579214195183777,0.7584000000000001,0.2586206896551724,0.04285714285714285,0.0,0.0,0.23076923076923078,0.44,0.3462489694971146,2,high_load
239,3,0.753144194208833,0.7332,0.21551724137931028,0.02857142857142857,0.0,0.0,0.23076923076923078,0.48,0.29678483099752695,2,high_load
239,4,0.7515842839036756,0.6666,0.32758620689655177,0.03571428571428571,0.0,0.0,0.38461538461538464,0.56,0.26380873866446825,2,high_load
239,5,0.7475870137467097,0.6666,0.2672413793103448,0.07142857142857142,0.0,0.0,0.15384615384615385,0.36,0.26380873866446825,2,high_load
239,6,0.7513892951155309,0.7837999999999999,0.2241379310344827,0.05714285714285714,0.0,0.0,0.15384615384615385,0.48,0.23083264633140982,2,high_load
239,7,0.7506093399629521,0.7584000000000001,0.18103448275862072,0.02857142857142857,0.0,0.0,0.15384615384615385,0.48,0.2143446001648806,2,high_load
239,8,0.7469045529882032,0.7332,0.2241379310344827,0.049999999999999996,0.0,0.0,0.15384615384615385,0.48,0.1978565539983514,2,high_load
239,9,0.7573364531539437,0.7332,0.2586206896551724,0.014285714285714285,0.0,0.0,0.15384615384615385,0.48,0.14839241549876347,2,high_load
240,0,0.74427220434825,0.7837999999999999,0.21551724137931028,0.06428571428571428,0.0,0.0,0.3076923076923077,0.56,0.5111294311624073,2,high_load
240,1,0.7579214195183777,0.7584000000000001,0.2586206896551724,0.04285714285714285,0.0,0.0,0.23076923076923078,0.44,0.3462489694971146,2,high_load
240,2,0.753144194208833,0.7332,0.21551724137931028,0.02857142857142857,0.0,0.0,0.23076923076923078,0.48,0.29678483099752695,2,high_load
240,3,0.7515842839036756,0.6666,0.32758620689655177,0.03571428571428571,0.0,0.0,0.38461538461538464,0.56,0.26380873866446825,2,high_load
240,4,0.7475870137467097,0.6666,0.2672413793103448,0.07142857142857142,0.0,0.0,0.15384615384615385,0.36,0.26380873866446825,2,high_load
240,5,0.7513892951155309,0.7837999999999999,0.2241379310344827,0.05714285714285714,0.0,0.0,0.15384615384615385,0.48,0.23083264633140982,2,high_load
240,6,0.7506093399629521,0.7584000000000001,0.18103448275862072,0.02857142857142857,0.0,0.0,0.15384615384615385,0.48,0.2143446001648806,2,high_load
240,7,0.7469045529882032,0.7332,0.2241379310344827,0.049999999999999996,0.0,0.0,0.15384615384615385,0.48,0.1978565539983514,2,high_load
240,8,0.7573364531539437,0.7332,0.2586206896551724,0.014285714285714285,0.0,0.0,0.15384615384615385,0.48,0.14839241549876347,2,high_load
240,9,0.7458321146534075,0.8528,0.2586206896551724,0.06428571428571428,0.0,0.0,0.38461538461538464,0.6,0.1978565539983514,2,high_load
241,0,0.7579214195183777,0.7584000000000001,0.2586206896551724,0.04285714285714285,0.0,0.0,0.23076923076923078,0.44,0.3462489694971146,2,high_load
241,1,0.753144194208833,0.7332,0.21551724137931028,0.02857142857142857,0.0,0.0,0.23076923076923078,0.48,0.29678483099752695,2,high_load
241,2,0.7515842839036756,0.6666,0.32758620689655177,0.03571428571428571,0.0,0.0,0.38461538461538464,0.56,0.26380873866446825,2,high_load
241,3,0.7475870137467097,0.6666,0.2672413793103448,0.07142857142857142,0.0,0.0,0.15384615384615385,0.36,0.26380873866446825,2,high_load
241,4,0.7513892951155309,0.7837999999999999,0.2241379310344827,0.05714285714285714,0.0,0.0,0.15384615384615385,0.48,0.23083264633140982,2,high_load
241,5,0.7506093399629521,0.7584000000000001,0.18103448275862072,0.02857142857142857,0.0,0.0,0.15384615384615385,0.48,0.2143446001648806,2,high_load
241,6,0.7469045529882032,0.7332,0.2241379310344827,0.049999999999999996,0.0,0.0,0.15384615384615385,0.48,0.1978565539983514,2,high_load
241,7,0.7573364531539437,0.7332,0.2586206896551724,0.014285714285714285,0.0,0.0,0.15384615384615385,0.48,0.14839241549876347,2,high_load
241,8,0.7458321146534075,0.8528,0.2586206896551724,0.06428571428571428,0.0,0.0,0.38461538461538464,0.6,0.1978565539983514,2,high_load
241,9,0.7603587793701863,0.6666,0.2241379310344827,0.03571428571428571,0.0,0.0,0.15384615384615385,0.36,0.1978565539983514,2,high_load
242,0,0.753144194208833,0.7332,0.21551724137931028,0.02857142857142857,0.0,0.0,0.23076923076923078,0.48,0.29678483099752695,2,high_load
242,1,0.7515842839036756,0.6666,0.32758620689655177,0.03571428571428571,0.0,0.0,0.38461538461538464,0.56,0.26380873866446825,2,high_load
242,2,0.7475870137467097,0.6666,0.2672413793103448,0.07142857142857142,0.0,0.0,0.15384615384615385,0.36,0.26380873866446825,2,high_load
242,3,0.7513892951155309,0.7837999999999999,0.2241379310344827,0.05714285714285714,0.0,0.0,0.15384615384615385,0.48,0.23083264633140982,2,high_load
242,4,0.7506093399629521,0.7584000000000001,0.18103448275862072,0.02857142857142857,0.0,0.0,0.15384615384615385,0.48,0.2143446001648806,2,high_load
242,5,0.7469045529882032,0.7332,0.2241379310344827,0.049999999999999996,0.0,0.0,0.15384615384615385,0.48,0.1978565539983514,2,high_load
242,6,0.7573364531539437,0.7332,0.2586206896551724,0.014285714285714285,0.0,0.0,0.15384615384615385,0.48,0.14839241549876347,2,high_load
242,7,0.7458321146534075,0.8528,0.2586206896551724,0.06428571428571428,0.0,0.0,0.38461538461538464,0.6,0.1978565539983514,2,high_load
242,8,0.7603587793701863,0.6666,0.2241379310344827,0.03571428571428571,0.0,0.0,0.15384615384615385,0.36,0.1978565539983514,2,high_load
242,9,0.7439797211660331,0.7332,0.3362068965517241,0.049999999999999996,0.0,0.0,0.23076923076923078,0.52,0.2143446001648806,2,high_load
243,0,0.7475870137467097,0.6666,0.2672413793103448,0.07142857142857142,0.0,0.0,0.15384615384615385,0.36,0.26380873866446825,2,high_load
243,1,0.7513892951155309,0.7837999999999999,0.2241379310344827,0.05714285714285714,0.0,0.0,0.15384615384615385,0.48,0.23083264633140982,2,high_load
243,2,0.7506093399629521,0.7584000000000001,0.18103448275862072,0.02857142857142857,0.0,0.0,0.15384615384615385,0.48,0.2143446001648806,2,high_load
243,3,0.7469045529882032,0.7332,0.2241379310344827,0.049999999999999996,0.0,0.0,0.15384615384615385,0.48,0.1978565539983514,2,high_load
243,4,0.7573364531539437,0.7332,0.2586206896551724,0.014285714285714285,0.0,0.0,0.15384615384615385,0.48,0.14839241549876347,2,high_load
243,5,0.7458321146534075,0.8528,0.2586206896551724,0.06428571428571428,0.0,0.0,0.38461538461538464,0.6,0.1978565539983514,2,high_load
243,6,0.7603587793701863,0.6666,0.2241379310344827,0.03571428571428571,0.0,0.0,0.15384615384615385,0.36,0.1978565539983514,2,high_load
243,7,0.7439797211660331,0.7332,0.3362068965517241,0.049999999999999996,0.0,0.0,0.23076923076923078,0.52,0.2143446001648806,2,high_load
243,8,0.7541191381495564,0.7332,0.2241379310344827,0.049999999999999996,0.0,0.0,0.15384615384615385,0.44,0.2143446001648806,2,high_load
243,9,0.7535341717851225,0.8,0.3362068965517241,0.10714285714285712,0.17391304347826086,0.17391304347826086,1.0,0.92,0.3957131079967025,2,high_load
244,0,0.7513892951155309,0.7837999999999999,0.2241379310344827,0.05714285714285714,0.0,0.0,0.15384615384615385,0.48,0.23083264633140982,2,high_load
244,1,0.7506093399629521,0.7584000000000001,0.18103448275862072,0.02857142857142857,0.0,0.0,0.15384615384615385,0.48,0.2143446001648806,2,high_load
244,2,0.7469045529882032,0.7332,0.2241379310344827,0.049999999999999996,0.0,0.0,0.15384615384615385,0.48,0.1978565539983514,2,high_load
244,3,0.7573364531539437,0.7332,0.2586206896551724,0.014285714285714285,0.0,0.0,0.15384615384615385,0.48,0.14839241549876347,2,high_load
244,4,0.7458321146534075,0.8528,0.2586206896551724,0.06428571428571428,0.0,0.0,0.38461538461538464,0.6,0.1978565539983514,2,high_load
244,5,0.7603587793701863,0.6666,0.2241379310344827,0.03571428571428571,0.0,0.0,0.15384615384615385,0.36,0.1978565539983514,2,high_load
244,6,0.7439797211660331,0.7332,0.3362068965517241,0.049999999999999996,0.0,0.0,0.23076923076923078,0.52,0.2143446001648806,2,high_load
244,7,0.7541191381495564,0.7332,0.2241379310344827,0.049999999999999996,0.0,0.0,0.15384615384615385,0.44,0.2143446001648806,2,high_load
244,8,0.7535341717851225,0.8,0.3362068965517241,0.10714285714285712,0.17391304347826086,0.17391304347826086,1.0,0.92,0.3957131079967025,2,high_load
244,9,0.7473920249585649,0.6666,0.21551724137931028,0.04285714285714285,0.0,0.0,0.38461538461538464,0.16,0.3957131079967025,2,high_load
245,0,0.7506093399629521,0.7584000000000001,0.18103448275862072,0.02857142857142857,0.0,0.0,0.15384615384615385,0.48,0.2143446001648806,2,high_load
245,1,0.7469045529882032,0.7332,0.2241379310344827,0.049999999999999996,0.0,0.0,0.15384615384615385,0.48,0.1978565539983514,2,high_load
245,2,0.7573364531539437,0.7332,0.2586206896551724,0.014285714285714285,0.0,0.0,0.15384615384615385,0.48,0.14839241549876347,2,high_load
245,3,0.7458321146534075,0.8528,0.2586206896551724,0.06428571428571428,0.0,0.0,0.38461538461538464,0.6,0.1978565539983514,2,high_load
245,4,0.7603587793701863,0.6666,0.2241379310344827,0.03571428571428571,0.0,0.0,0.15384615384615385,0.36,0.1978565539983514,2,high_load
245,5,0.7439797211660331,0.7332,0.3362068965517241,0.049999999999999996,0.0,0.0,0.23076923076923078,0.52,0.2143446001648806,2,high_load
245,6,0.7541191381495564,0.7332,0.2241379310344827,0.049999999999999996,0.0,0.0,0.15384615384615385,0.44,0.2143446001648806,2,high_load
245,7,0.7535341717851225,0.8,0.3362068965517241,0.10714285714285712,0.17391304347826086,0.17391304347826086,1.0,0.92,0.3957131079967025,2,high_load
245,8,0.7473920249585649,0.6666,0.21551724137931028,0.04285714285714285,0.0,0.0,0.38461538461538464,0.16,0.3957131079967025,2,high_load
245,9,0.7585063858828117,0.6666,0.34482758620689646,0.06428571428571428,0.0,0.0,0.23076923076923078,0.4,0.41220115416323166,2,high_load
246,0,0.7573364531539437,0.7332,0.2586206896551724,0.014285714285714285,0.0,0.0,0.15384615384615385,0.48,0.14839241549876347,2,high_load
246,1,0.7458321146534075,0.8528,0.2586206896551724,0.06428571428571428,0.0,0.0,0.38461538461538464,0.6,0.1978565539983514,2,high_load
246,2,0.7603587793701863,0.6666,0.2241379310344827,0.03571428571428571,0.0,0.0,0.15384615384615385,0.36,0.1978565539983514,2,high_load
246,3,0.7439797211660331,0.7332,0.3362068965517241,0.049999999999999996,0.0,0.0,0.23076923076923078,0.52,0.2143446001648806,2,high_load
246,4,0.7541191381495564,0.7332,0.2241379310344827,0.049999999999999996,0.0,0.0,0.15384615384615385,0.44,0.2143446001648806,2,high_load
246,5,0.7535341717851225,0.8,0.3362068965517241,0.10714285714285712,0.17391304347826086,0.17391304347826086,1.0,0.92,0.3957131079967025,2,high_load
246,6,0.7473920249585649,0.6666,0.21551724137931028,0.04285714285714285,0.0,0.0,0.38461538461538464,0.16,0.3957131079967025,2,high_load
246,7,0.7585063858828117,0.6666,0.34482758620689646,0.06428571428571428,0.0,0.0,0.23076923076923078,0.4,0.41220115416323166,2,high_load
246,8,0.7474895193526373,0.7332,0.3103448275862069,0.02857142857142857,0.0,0.0,0.9230769230769231,0.84,0.5605935696619951,2,high_load
246,9,0.7549965876962075,0.7837999999999999,0.19827586206896555,0.04285714285714285,0.0,0.0,0.38461538461538464,0.2,0.6100577081615831,2,high_load
247,0,0.7458321146534075,0.8528,0.2586206896551724,0.06428571428571428,0.0,0.0,0.38461538461538464,0.6,0.1978565539983514,2,high_load
247,1,0.7603587793701863,0.6666,0.2241379310344827,0.03571428571428571,0.0,0.0,0.15384615384615385,0.36,0.1978565539983514,2,high_load
247,2,0.7439797211660331,0.7332,0.3362068965517241,0.049999999999999996,0.0,0.0,0.23076923076923078,0.52,0.2143446001648806,2,high_load
247,3,0.7541191381495564,0.7332,0.2241379310344827,0.049999999999999996,0.0,0.0,0.15384615384615385,0.44,0.2143446001648806,2,high_load
247,4,0.7535341717851225,0.8,0.3362068965517241,0.10714285714285712,0.17391304347826086,0.17391304347826086,1.0,0.92,0.3957131079967025,2,high_load
247,5,0.7473920249585649,0.6666,0.21551724137931028,0.04285714285714285,0.0,0.0,0.38461538461538464,0.16,0.3957131079967025,2,high_load
247,6,0.7585063858828117,0.6666,0.34482758620689646,0.06428571428571428,0.0,0.0,0.23076923076923078,0.4,0.41220115416323166,2,high_load
247,7,0.7474895193526373,0.7332,0.3103448275862069,0.02857142857142857,0.0,0.0,0.9230769230769231,0.84,0.5605935696619951,2,high_load
247,8,0.7549965876962075,0.7837999999999999,0.19827586206896555,0.04285714285714285,0.0,0.0,0.38461538461538464,0.2,0.6100577081615831,2,high_load
247,9,0.757141464365799,0.7837999999999999,0.2586206896551724,0.05714285714285714,0.0,0.0,0.15384615384615385,0.36,0.4286892003297609,2,high_load
248,0,0.7541191381495564,0.7332,0.2241379310344827,0.049999999999999996,0.0,0.0,0.15384615384615385,0.44,0.2143446001648806,2,high_load
248,1,0.7535341717851225,0.8,0.3362068965517241,0.10714285714285712,0.17391304347826086,0.17391304347826086,1.0,0.92,0.3957131079967025,2,high_load
248,2,0.7473920249585649,0.6666,0.21551724137931028,0.04285714285714285,0.0,0.0,0.38461538461538464,0.16,0.3957131079967025,2,high_load
248,3,0.7585063858828117,0.6666,0.34482758620689646,0.06428571428571428,0.0,0.0,0.23076923076923078,0.4,0.41220115416323166,2,high_load
248,4,0.7474895193526373,0.7332,0.3103448275862069,0.02857142857142857,0.0,0.0,0.9230769230769231,0.84,0.5605935696619951,2,high_load
248,5,0.7549965876962075,0.7837999999999999,0.19827586206896555,0.04285714285714285,0.0,0.0,0.38461538461538464,0.2,0.6100577081615831,2,high_load
248,6,0.757141464365799,0.7837999999999999,0.2586206896551724,0.05714285714285714,0.0,0.0,0.15384615384615385,0.36,0.4286892003297609,2,high_load
248,7,0.7506093399629521,0.7837999999999999,0.24999999999999997,0.05714285714285714,0.0,0.0,0.46153846153846156,0.64,0.4451772464962904,2,high_load
248,8,0.7466120698059862,0.7837999999999999,0.5775862068965517,0.40714285714285714,0.0,0.0,1.0,0.76,0.6100577081615831,2,high_load
248,9,0.7624061616457054,0.7837999999999999,0.3103448275862069,0.03571428571428571,0.0,0.0,1.0,0.48,0.6265457543281123,2,high_load
249,0,0.7473920249585649,0.6666,0.21551724137931028,0.04285714285714285,0.0,0.0,0.38461538461538464,0.16,0.3957131079967025,2,high_load
249,1,0.7585063858828117,0.6666,0.34482758620689646,0.06428571428571428,0.0,0.0,0.23076923076923078,0.4,0.41220115416323166,2,high_load
249,2,0.7474895193526373,0.7332,0.3103448275862069,0.02857142857142857,0.0,0.0,0.9230769230769231,0.84,0.5605935696619951,2,high_load
249,3,0.7549965876962075,0.7837999999999999,0.19827586206896555,0.04285714285714285,0.0,0.0,0.38461538461538464,0.2,0.6100577081615831,2,high_load
249,4,0.757141464365799,0.7837999999999999,0.2586206896551724,0.05714285714285714,0.0,0.0,0.15384615384615385,0.36,0.4286892003297609,2,high_load
249,5,0.7506093399629521,0.7837999999999999,0.24999999999999997,0.05714285714285714,0.0,0.0,0.46153846153846156,0.64,0.4451772464962904,2,high_load
249,6,0.7466120698059862,0.7837999999999999,0.5775862068965517,0.40714285714285714,0.0,0.0,1.0,0.76,0.6100577081615831,2,high_load
249,7,0.7624061616457054,0.7837999999999999,0.3103448275862069,0.03571428571428571,0.0,0.0,1.0,0.48,0.6265457543281123,2,high_load
249,8,0.7519742614799649,0.7919999999999999,0.23275862068965514,0.04285714285714285,0.0,0.0,0.46153846153846156,0.2,0.6430338004946415,2,high_load
249,9,0.7414448669201521,0.8,0.2586206896551724,0.04285714285714285,0.0,0.0,0.8461538461538461,0.68,0.791426215993405,2,high_load
250,0,0.7585063858828117,0.6666,0.34482758620689646,0.06428571428571428,0.0,0.0,0.23076923076923078,0.4,0.41220115416323166,2,high_load
250,1,0.7474895193526373,0.7332,0.3103448275862069,0.02857142857142857,0.0,0.0,0.9230769230769231,0.84,0.5605935696619951,2,high_load
250,2,0.7549965876962075,0.7837999999999999,0.19827586206896555,0.04285714285714285,0.0,0.0,0.38461538461538464,0.2,0.6100577081615831,2,high_load
250,3,0.757141464365799,0.7837999999999999,0.2586206896551724,0.05714285714285714,0.0,0.0,0.15384615384615385,0.36,0.4286892003297609,2,high_load
250,4,0.7506093399629521,0.7837999999999999,0.24999999999999997,0.05714285714285714,0.0,0.0,0.46153846153846156,0.64,0.4451772464962904,2,high_load
250,5,0.7466120698059862,0.7837999999999999,0.5775862068965517,0.40714285714285714,0.0,0.0,1.0,0.76,0.6100577081615831,2,high_load
250,6,0.7624061616457054,0.7837999999999999,0.3103448275862069,0.03571428571428571,0.0,0.0,1.0,0.48,0.6265457543281123,2,high_load
250,7,0.7519742614799649,0.7919999999999999,0.23275862068965514,0.04285714285714285,0.0,0.0,0.46153846153846156,0.2,0.6430338004946415,2,high_load
250,8,0.7414448669201521,0.8,0.2586206896551724,0.04285714285714285,0.0,0.0,0.8461538461538461,0.68,0.791426215993405,2,high_load
250,9,0.7569464755776544,0.7332,0.28448275862068967,0.021428571428571425,0.0,0.0,0.46153846153846156,0.28,0.791426215993405,2,high_load
251,0,0.757141464365799,0.7837999999999999,0.2586206896551724,0.05714285714285714,0.0,0.0,0.15384615384615385,0.36,0.4286892003297609,2,high_load
251,1,0.7506093399629521,0.7837999999999999,0.24999999999999997,0.05714285714285714,0.0,0.0,0.46153846153846156,0.64,0.4451772464962904,2,high_load
251,2,0.7466120698059862,0.7837999999999999,0.5775862068965517,0.40714285714285714,0.0,0.0,1.0,0.76,0.6100577081615831,2,high_load
251,3,0.7624061616457054,0.7837999999999999,0.3103448275862069,0.03571428571428571,0.0,0.0,1.0,0.48,0.6265457543281123,2,high_load
251,4,0.7519742614799649,0.7919999999999999,0.23275862068965514,0.04285714285714285,0.0,0.0,0.46153846153846156,0.2,0.6430338004946415,2,high_load
251,5,0.7414448669201521,0.8,0.2586206896551724,0.04285714285714285,0.0,0.0,0.8461538461538461,0.68,0.791426215993405,2,high_load
251,6,0.7569464755776544,0.7332,0.28448275862068967,0.021428571428571425,0.0,0.0,0.46153846153846156,0.28,0.791426215993405,2,high_load
251,7,0.7447596763186117,0.7332,0.24137931034482754,0.07142857142857142,0.0,0.0,0.6923076923076923,0.6,0.7254740313272878,2,high_load
251,8,0.7597738130057523,0.7332,0.27586206896551724,0.049999999999999996,0.0,0.0,1.0,0.64,0.7254740313272878,2,high_load
251,9,0.7503168567807351,0.8528,0.23275862068965514,0.049999999999999996,0.17391304347826086,0.17391304347826086,0.9230769230769231,0.44,0.8244023083264633,2,high_load
252,0,0.7519742614799649,0.7919999999999999,0.23275862068965514,0.04285714285714285,0.0,0.0,0.46153846153846156,0.2,0.6430338004946415,2,high_load
252,1,0.7414448669201521,0.8,0.2586206896551724,0.04285714285714285,0.0,0.0,0.8461538461538461,0.68,0.791426215993405,2,high_load
252,2,0.7569464755776544,0.7332,0.28448275862068967,0.021428571428571425,0.0,0.0,0.46153846153846156,0.28,0.791426215993405,2,high_load
252,3,0.7447596763186117,0.7332,0.24137931034482754,0.07142857142857142,0.0,0.0,0.6923076923076923,0.6,0.7254740313272878,2,high_load
252,4,0.7597738130057523,0.7332,0.27586206896551724,0.049999999999999996,0.0,0.0,1.0,0.64,0.7254740313272878,2,high_load
252,5,0.7503168567807351,0.8528,0.23275862068965514,0.049999999999999996,0.17391304347826086,0.17391304347826086,0.9230769230769231,0.44,0.8244023083264633,2,high_load
252,6,0.7480744857170714,0.7332,0.32758620689655177,0.021428571428571425,0.0,0.0,0.6923076923076923,0.36,0.791426215993405,2,high_load
252,7,0.7502193623866629,0.7332,0.24999999999999997,0.05714285714285714,0.0,0.0,0.7692307692307693,0.52,0.8573784006595221,2,high_load
252,8,0.7484644632933607,0.7332,0.28448275862068967,0.04285714285714285,0.0,0.0,1.0,0.6,0.9233305853256389,2,high_load
252,9,0.7558740372428586,0.7332,0.24999999999999997,0.06428571428571428,0.0,0.0,0.9230769230769231,0.44,0.9068425391591097,2,high_load
253,0,0.7414448669201521,0.8,0.2586206896551724,0.04285714285714285,0.0,0.0,0.8461538461538461,0.68,0.791426215993405,2,high_load
253,1,0.7569464755776544,0.7332,0.28448275862068967,0.021428571428571425,0.0,0.0,0.46153846153846156,0.28,0.791426215993405,2,high_load
253,2,0.7447596763186117,0.7332,0.24137931034482754,0.07142857142857142,0.0,0.0,0.6923076923076923,0.6,0.7254740313272878,2,high_load
253,3,0.7597738130057523,0.7332,0.27586206896551724,0.049999999999999996,0.0,0.0,1.0,0.64,0.7254740313272878,2,high_load
253,4,0.7503168567807351,0.8528,0.23275862068965514,0.049999999999999996,0.17391304347826086,0.17391304347826086,0.9230769230769231,0.44,0.8244023083264633,2,high_load
253,5,0.7480744857170714,0.7332,0.32758620689655177,0.021428571428571425,0.0,0.0,0.6923076923076923,0.36,0.791426215993405,2,high_load
253,6,0.7502193623866629,0.7332,0.24999999999999997,0.05714285714285714,0.0,0.0,0.7692307692307693,0.52,0.8573784006595221,2,high_load
253,7,0.7484644632933607,0.7332,0.28448275862068967,0.04285714285714285,0.0,0.0,1.0,0.6,0.9233305853256389,2,high_load
253,8,0.7558740372428586,0.7332,0.24999999999999997,0.06428571428571428,0.0,0.0,0.9230769230769231,0.44,0.9068425391591097,2,high_load
253,9,0.7439797211660331,0.7837999999999999,0.24999999999999997,0.05714285714285714,0.21739130434782608,0.21739130434782608,0.38461538461538464,0.2,0.791426215993405,2,high_load
254,0,0.7447596763186117,0.7332,0.24137931034482754,0.07142857142857142,0.0,0.0,0.6923076923076923,0.6,0.7254740313272878,2,high_load
254,1,0.7597738130057523,0.7332,0.27586206896551724,0.049999999999999996,0.0,0.0,1.0,0.64,0.7254740313272878,2,high_load
254,2,0.7503168567807351,0.8528,0.23275862068965514,0.049999999999999996,0.17391304347826086,0.17391304347826086,0.9230769230769231,0.44,0.8244023083264633,2,high_load
254,3,0.7480744857170714,0.7332,0.32758620689655177,0.021428571428571425,0.0,0.0,0.6923076923076923,0.36,0.791426215993405,2,high_load
254,4,0.7502193623866629,0.7332,0.24999999999999997,0.05714285714285714,0.0,0.0,0.7692307692307693,0.52,0.8573784006595221,2,high_load
254,5,0.7484644632933607,0.7332,0.28448275862068967,0.04285714285714285,0.0,0.0,1.0,0.6,0.9233305853256389,2,high_load
254,6,0.7558740372428586,0.7332,0.24999999999999997,0.06428571428571428,0.0,0.0,0.9230769230769231,0.44,0.9068425391591097,2,high_load
254,7,0.7439797211660331,0.7837999999999999,0.24999999999999997,0.05714285714285714,0.21739130434782608,0.21739130434782608,0.38461538461538464,0.2,0.791426215993405,2,high_load
254,8,0.7601637905820415,0.8584,0.3017241379310345,0.04285714285714285,0.08695652173913043,0.08695652173913043,0.07692307692307693,0.32,0.6595218466611708,2,high_load
254,9,0.7530466998147607,0.9331999999999999,0.24999999999999997,0.049999999999999996,0.0,0.0,0.8461538461538461,0.88,0.6760098928277,2,high_load
255,0,0.7480744857170714,0.7332,0.32758620689655177,0.021428571428571425,0.0,0.0,0.6923076923076923,0.36,0.791426215993405,2,high_load
255,1,0.7502193623866629,0.7332,0.24999999999999997,0.05714285714285714,0.0,0.0,0.7692307692307693,0.52,0.8573784006595221,2,high_load
255,2,0.7484644632933607,0.7332,0.28448275862068967,0.04285714285714285,0.0,0.0,1.0,0.6,0.9233305853256389,2,high_load
255,3,0.7558740372428586,0.7332,0.24999999999999997,0.06428571428571428,0.0,0.0,0.9230769230769231,0.44,0.9068425391591097,2,high_load
255,4,0.7439797211660331,0.7837999999999999,0.24999999999999997,0.05714285714285714,0.21739130434782608,0.21739130434782608,0.38461538461538464,0.2,0.791426215993405,2,high_load
255,5,0.7601637905820415,0.8584,0.3017241379310345,0.04285714285714285,0.08695652173913043,0.08695652173913043,0.07692307692307693,0.32,0.6595218466611708,2,high_load
255,6,0.7530466998147607,0.9331999999999999,0.24999999999999997,0.049999999999999996,0.0,0.0,0.8461538461538461,0.88,0.6760098928277,2,high_load
255,7,0.7522667446621819,0.7332,0.060344827586206885,0.05714285714285714,0.0,0.0,0.07692307692307693,0.08,0.4781533388293488,2,high_load
255,8,0.6995222774690456,0.6,0.2672413793103448,0.10714285714285712,0.0,0.0,0.8461538461538461,0.88,0.46166529266281964,2,high_load
255,9,0.5269571999610022,0.7332,0.31896551724137934,0.0857142857142857,0.0,0.0,0.8461538461538461,0.48,0.5605935696619951,2,high_load
256,0,0.7502193623866629,0.7332,0.24999999999999997,0.05714285714285714,0.0,0.0,0.7692307692307693,0.52,0.8573784006595221,1,high_load
256,1,0.7484644632933607,0.7332,0.28448275862068967,0.04285714285714285,0.0,0.0,1.0,0.6,0.9233305853256389,1,high_load
256,2,0.7558740372428586,0.7332,0.24999999999999997,0.06428571428571428,0.0,0.0,0.9230769230769231,0.44,0.9068425391591097,1,high_load
256,3,0.7439797211660331,0.7837999999999999,0.24999999999999997,0.05714285714285714,0.21739130434782608,0.21739130434782608,0.38461538461538464,0.2,0.791426215993405,1,high_load
256,4,0.7601637905820415,0.8584,0.3017241379310345,0.04285714285714285,0.08695652173913043,0.08695652173913043,0.07692307692307693,0.32,0.6595218466611708,1,high_load
256,5,0.7530466998147607,0.9331999999999999,0.24999999999999997,0.049999999999999996,0.0,0.0,0.8461538461538461,0.88,0.6760098928277,1,high_load
256,6,0.7522667446621819,0.7332,0.060344827586206885,0.05714285714285714,0.0,0.0,0.07692307692307693,0.08,0.4781533388293488,1,high_load
256,7,0.6995222774690456,0.6,0.2672413793103448,0.10714285714285712,0.0,0.0,0.8461538461538461,0.88,0.46166529266281964,1,high_load
256,8,0.5269571999610022,0.7332,0.31896551724137934,0.0857142857142857,0.0,0.0,0.8461538461538461,0.48,0.5605935696619951,1,high_load
256,9,0.36648142731792926,0.46659999999999996,0.19827586206896555,0.04285714285714285,0.0,0.0,0.8461538461538461,0.48,0.7254740313272878,1,high_load
257,0,0.7484644632933607,0.7332,0.28448275862068967,0.04285714285714285,0.0,0.0,1.0,0.6,0.9233305853256389,3,high_load
257,1,0.7558740372428586,0.7332,0.24999999999999997,0.06428571428571428,0.0,0.0,0.9230769230769231,0.44,0.9068425391591097,3,high_load
257,2,0.7439797211660331,0.7837999999999999,0.24999999999999997,0.05714285714285714,0.21739130434782608,0.21739130434782608,0.38461538461538464,0.2,0.791426215993405,3,high_load
257,3,0.7601637905820415,0.8584,0.3017241379310345,0.04285714285714285,0.08695652173913043,0.08695652173913043,0.07692307692307693,0.32,0.6595218466611708,3,high_load
257,4,0.7530466998147607,0.9331999999999999,0.24999999999999997,0.049999999999999996,0.0,0.0,0.8461538461538461,0.88,0.6760098928277,3,high_load
257,5,0.7522667446621819,0.7332,0.060344827586206885,0.05714285714285714,0.0,0.0,0.07692307692307693,0.08,0.4781533388293488,3,high_load
257,6,0.6995222774690456,0.6,0.2672413793103448,0.10714285714285712,0.0,0.0,0.8461538461538461,0.88,0.46166529266281964,3,high_load
257,7,0.5269571999610022,0.7332,0.31896551724137934,0.0857142857142857,0.0,0.0,0.8461538461538461,0.48,0.5605935696619951,3,high_load
257,8,0.36648142731792926,0.46659999999999996,0.19827586206896555,0.04285714285714285,0.0,0.0,0.8461538461538461,0.48,0.7254740313272878,3,high_load
257,9,0.8222677196061228,0.9331999999999999,0.2586206896551724,0.06428571428571428,0.13043478260869565,0.13043478260869565,0.9230769230769231,0.52,0.741962077493817,3,high_load
258,0,0.7558740372428586,0.7332,0.24999999999999997,0.06428571428571428,0.0,0.0,0.9230769230769231,0.44,0.9068425391591097,3,high_load
258,1,0.7439797211660331,0.7837999999999999,0.24999999999999997,0.05714285714285714,0.21739130434782608,0.21739130434782608,0.38461538461538464,0.2,0.791426215993405,3,high_load
258,2,0.7601637905820415,0.8584,0.3017241379310345,0.04285714285714285,0.08695652173913043,0.08695652173913043,0.07692307692307693,0.32,0.6595218466611708,3,high_load
258,3,0.7530466998147607,0.9331999999999999,0.24999999999999997,0.049999999999999996,0.0,0.0,0.8461538461538461,0.88,0.6760098928277,3,high_load
258,4,0.7522667446621819,0.7332,0.060344827586206885,0.05714285714285714,0.0,0.0,0.07692307692307693,0.08,0.4781533388293488,3,high_load
258,5,0.6995222774690456,0.6,0.2672413793103448,0.10714285714285712,0.0,0.0,0.8461538461538461,0.88,0.46166529266281964,3,high_load
258,6,0.5269571999610022,0.7332,0.31896551724137934,0.0857142857142857,0.0,0.0,0.8461538461538461,0.48,0.5605935696619951,3,high_load
258,7,0.36648142731792926,0.46659999999999996,0.19827586206896555,0.04285714285714285,0.0,0.0,0.8461538461538461,0.48,0.7254740313272878,3,high_load
258,8,0.8222677196061228,0.9331999999999999,0.2586206896551724,0.06428571428571428,0.13043478260869565,0.13043478260869565,0.9230769230769231,0.52,0.741962077493817,3,high_load
258,9,0.984498391342498,0.9331999999999999,0.21551724137931028,0.049999999999999996,0.0,0.0,0.46153846153846156,0.24,0.8244023083264633,3,high_load
259,0,0.7601637905820415,0.8584,0.3017241379310345,0.04285714285714285,0.08695652173913043,0.08695652173913043,0.07692307692307693,0.32,0.6595218466611708,2,high_load
259,1,0.7530466998147607,0.9331999999999999,0.24999999999999997,0.049999999999999996,0.0,0.0,0.8461538461538461,0.88,0.6760098928277,2,high_load
259,2,0.7522667446621819,0.7332,0.060344827586206885,0.05714285714285714,0.0,0.0,0.07692307692307693,0.08,0.4781533388293488,2,high_load
259,3,0.6995222774690456,0.6,0.2672413793103448,0.10714285714285712,0.0,0.0,0.8461538461538461,0.88,0.46166529266281964,2,high_load
259,4,0.5269571999610022,0.7332,0.31896551724137934,0.0857142857142857,0.0,0.0,0.8461538461538461,0.48,0.5605935696619951,2,high_load
259,5,0.36648142731792926,0.46659999999999996,0.19827586206896555,0.04285714285714285,0.0,0.0,0.8461538461538461,0.48,0.7254740313272878,2,high_load
259,6,0.8222677196061228,0.9331999999999999,0.2586206896551724,0.06428571428571428,0.13043478260869565,0.13043478260869565,0.9230769230769231,0.52,0.741962077493817,2,high_load
259,7,0.984498391342498,0.9331999999999999,0.21551724137931028,0.049999999999999996,0.0,0.0,0.46153846153846156,0.24,0.8244023083264633,2,high_load
259,8,0.956225017061519,0.8665999999999999,0.24137931034482754,0.05714285714285714,0.0,0.0,0.8461538461538461,0.68,0.8244023083264633,2,high_load
259,9,0.883591693477625,0.8,0.23275862068965514,0.049999999999999996,0.0,0.0,0.9230769230769231,0.52,0.8408903544929925,2,high_load
260,0,0.7530466998147607,0.9331999999999999,0.24999999999999997,0.049999999999999996,0.0,0.0,0.8461538461538461,0.88,0.6760098928277,2,high_load
260,1,0.7522667446621819,0.7332,0.060344827586206885,0.05714285714285714,0.0,0.0,0.07692307692307693,0.08,0.4781533388293488,2,high_load
260,2,0.6995222774690456,0.6,0.2672413793103448,0.10714285714285712,0.0,0.0,0.8461538461538461,0.88,0.46166529266281964,2,high_load
260,3,0.5269571999610022,0.7332,0.31896551724137934,0.0857142857142857,0.0,0.0,0.8461538461538461,0.48,0.5605935696619951,2,high_load
260,4,0.36648142731792926,0.46659999999999996,0.19827586206896555,0.04285714285714285,0.0,0.0,0.8461538461538461,0.48,0.7254740313272878,2,high_load
260,5,0.8222677196061228,0.9331999999999999,0.2586206896551724,0.06428571428571428,0.13043478260869565,0.13043478260869565,0.9230769230769231,0.52,0.741962077493817,2,high_load
260,6,0.984498391342498,0.9331999999999999,0.21551724137931028,0.049999999999999996,0.0,0.0,0.46153846153846156,0.24,0.8244023083264633,2,high_load
260,7,0.956225017061519,0.8665999999999999,0.24137931034482754,0.05714285714285714,0.0,0.0,0.8461538461538461,0.68,0.8244023083264633,2,high_load
260,8,0.883591693477625,0.8,0.23275862068965514,0.049999999999999996,0.0,0.0,0.9230769230769231,0.52,0.8408903544929925,2,high_load
260,9,0.7468070585941309,0.7332,0.28448275862068967,0.014285714285714285,0.0,0.0,0.38461538461538464,0.2,0.741962077493817,2,high_load
261,0,0.7522667446621819,0.7332,0.060344827586206885,0.05714285714285714,0.0,0.0,0.07692307692307693,0.08,0.4781533388293488,2,high_load
261,1,0.6995222774690456,0.6,0.2672413793103448,0.10714285714285712,0.0,0.0,0.8461538461538461,0.88,0.46166529266281964,2,high_load
261,2,0.5269571999610022,0.7332,0.31896551724137934,0.0857142857142857,0.0,0.0,0.8461538461538461,0.48,0.5605935696619951,2,high_load
261,3,0.36648142731792926,0.46659999999999996,0.19827586206896555,0.04285714285714285,0.0,0.0,0.8461538461538461,0.48,0.7254740313272878,2,high_load
261,4,0.8222677196061228,0.9331999999999999,0.2586206896551724,0.06428571428571428,0.13043478260869565,0.13043478260869565,0.9230769230769231,0.52,0.741962077493817,2,high_load
261,5,0.984498391342498,0.9331999999999999,0.21551724137931028,0.049999999999999996,0.0,0.0,0.46153846153846156,0.24,0.8244023083264633,2,high_load
261,6,0.956225017061519,0.8665999999999999,0.24137931034482754,0.05714285714285714,0.0,0.0,0.8461538461538461,0.68,0.8244023083264633,2,high_load
261,7,0.883591693477625,0.8,0.23275862068965514,0.049999999999999996,0.0,0.0,0.9230769230769231,0.52,0.8408903544929925,2,high_load
261,8,0.7468070585941309,0.7332,0.28448275862068967,0.014285714285714285,0.0,0.0,0.38461538461538464,0.2,0.741962077493817,2,high_load
261,9,0.7551915764843521,0.7332,0.2241379310344827,0.05714285714285714,0.0,0.0,0.8461538461538461,0.72,0.7254740313272878,2,high_load
262,0,0.6995222774690456,0.6,0.2672413793103448,0.10714285714285712,0.0,0.0,0.8461538461538461,0.88,0.46166529266281964,2,high_load
262,1,0.5269571999610022,0.7332,0.31896551724137934,0.0857142857142857,0.0,0.0,0.8461538461538461,0.48,0.5605935696619951,2,high_load
262,2,0.36648142731792926,0.46659999999999996,0.19827586206896555,0.04285714285714285,0.0,0.0,0.8461538461538461,0.48,0.7254740313272878,2,high_load
262,3,0.8222677196061228,0.9331999999999999,0.2586206896551724,0.06428571428571428,0.13043478260869565,0.13043478260869565,0.9230769230769231,0.52,0.741962077493817,2,high_load
262,4,0.984498391342498,0.9331999999999999,0.21551724137931028,0.049999999999999996,0.0,0.0,0.46153846153846156,0.24,0.8244023083264633,2,high_load
262,5,0.956225017061519,0.8665999999999999,0.24137931034482754,0.05714285714285714,0.0,0.0,0.8461538461538461,0.68,0.8244023083264633,2,high_load
262,6,0.883591693477625,0.8,0.23275862068965514,0.049999999999999996,0.0,0.0,0.9230769230769231,0.52,0.8408903544929925,2,high_load
262,7,0.7468070585941309,0.7332,0.28448275862068967,0.014285714285714285,0.0,0.0,0.38461538461538464,0.2,0.741962077493817,2,high_load
262,8,0.7551915764843521,0.7332,0.2241379310344827,0.05714285714285714,0.0,0.0,0.8461538461538461,0.72,0.7254740313272878,2,high_load
262,9,0.7456371258652629,0.7332,0.2586206896551724,0.021428571428571425,0.0,0.0,0.7692307692307693,0.44,0.791426215993405,2,high_load
263,0,0.5269571999610022,0.7332,0.31896551724137934,0.0857142857142857,0.0,0.0,0.8461538461538461,0.48,0.5605935696619951,2,high_load
263,1,0.36648142731792926,0.46659999999999996,0.19827586206896555,0.04285714285714285,0.0,0.0,0.8461538461538461,0.48,0.7254740313272878,2,high_load
263,2,0.8222677196061228,0.9331999999999999,0.2586206896551724,0.06428571428571428,0.13043478260869565,0.13043478260869565,0.9230769230769231,0.52,0.741962077493817,2,high_load
263,3,0.984498391342498,0.9331999999999999,0.21551724137931028,0.049999999999999996,0.0,0.0,0.46153846153846156,0.24,0.8244023083264633,2,high_load
263,4,0.956225017061519,0.8665999999999999,0.24137931034482754,0.05714285714285714,0.0,0.0,0.8461538461538461,0.68,0.8244023083264633,2,high_load
263,5,0.883591693477625,0.8,0.23275862068965514,0.049999999999999996,0.0,0.0,0.9230769230769231,0.52,0.8408903544929925,2,high_load
263,6,0.7468070585941309,0.7332,0.28448275862068967,0.014285714285714285,0.0,0.0,0.38461538461538464,0.2,0.741962077493817,2,high_load
263,7,0.7551915764843521,0.7332,0.2241379310344827,0.05714285714285714,0.0,0.0,0.8461538461538461,0.72,0.7254740313272878,2,high_load
263,8,0.7456371258652629,0.7332,0.2586206896551724,0.021428571428571425,0.0,0.0,0.7692307692307693,0.44,0.791426215993405,2,high_load
263,9,0.747976991322999,0.7332,0.2241379310344827,0.05714285714285714,0.0,0.0,0.8461538461538461,0.52,0.791426215993405,2,high_load
264,0,0.36648142731792926,0.46659999999999996,0.19827586206896555,0.04285714285714285,0.0,0.0,0.8461538461538461,0.48,0.7254740313272878,2,high_load
264,1,0.8222677196061228,0.9331999999999999,0.2586206896551724,0.06428571428571428,0.13043478260869565,0.13043478260869565,0.9230769230769231,0.52,0.741962077493817,2,high_load
264,2,0.984498391342498,0.9331999999999999,0.21551724137931028,0.049999999999999996,0.0,0.0,0.46153846153846156,0.24,0.8244023083264633,2,high_load
264,3,0.956225017061519,0.8665999999999999,0.24137931034482754,0.05714285714285714,0.0,0.0,0.8461538461538461,0.68,0.8244023083264633,2,high_load
264,4,0.883591693477625,0.8,0.23275862068965514,0.049999999999999996,0.0,0.0,0.9230769230769231,0.52,0.8408903544929925,2,high_load
264,5,0.7468070585941309,0.7332,0.28448275862068967,0.014285714285714285,0.0,0.0,0.38461538461538464,0.2,0.741962077493817,2,high_load
264,6,0.7551915764843521,0.7332,0.2241379310344827,0.05714285714285714,0.0,0.0,0.8461538461538461,0.72,0.7254740313272878,2,high_load
264,7,0.7456371258652629,0.7332,0.2586206896551724,0.021428571428571425,0.0,0.0,0.7692307692307693,0.44,0.791426215993405,2,high_load
264,8,0.747976991322999,0.7332,0.2241379310344827,0.05714285714285714,0.0,0.0,0.8461538461538461,0.52,0.791426215993405,2,high_load
264,9,0.7536316661791947,0.7332,0.18965517241379315,0.049999999999999996,0.0,0.0,0.5384615384615384,0.32,0.7089859851607586,2,high_load
265,0,0.8222677196061228,0.9331999999999999,0.2586206896551724,0.06428571428571428,0.13043478260869565,0.13043478260869565,0.9230769230769231,0.52,0.741962077493817,2,high_load
265,1,0.984498391342498,0.9331999999999999,0.21551724137931028,0.049999999999999996,0.0,0.0,0.46153846153846156,0.24,0.8244023083264633,2,high_load
265,2,0.956225017061519,0.8665999999999999,0.24137931034482754,0.05714285714285714,0.0,0.0,0.8461538461538461,0.68,0.8244023083264633,2,high_load
265,3,0.883591693477625,0.8,0.23275862068965514,0.049999999999999996,0.0,0.0,0.9230769230769231,0.52,0.8408903544929925,2,high_load
265,4,0.7468070585941309,0.7332,0.28448275862068967,0.014285714285714285,0.0,0.0,0.38461538461538464,0.2,0.741962077493817,2,high_load
265,5,0.7551915764843521,0.7332,0.2241379310344827,0.05714285714285714,0.0,0.0,0.8461538461538461,0.72,0.7254740313272878,2,high_load
265,6,0.7456371258652629,0.7332,0.2586206896551724,0.021428571428571425,0.0,0.0,0.7692307692307693,0.44,0.791426215993405,2,high_load
265,7,0.747976991322999,0.7332,0.2241379310344827,0.05714285714285714,0.0,0.0,0.8461538461538461,0.52,0.791426215993405,2,high_load
265,8,0.7536316661791947,0.7332,0.18965517241379315,0.049999999999999996,0.0,0.0,0.5384615384615384,0.32,0.7089859851607586,2,high_load
265,9,0.7503168567807351,0.8528,0.34482758620689646,0.07142857142857142,0.0,0.0,0.9230769230769231,0.68,0.8244023083264633,2,high_load
266,0,0.984498391342498,0.9331999999999999,0.21551724137931028,0.049999999999999996,0.0,0.0,0.46153846153846156,0.24,0.8244023083264633,2,high_load
266,1,0.956225017061519,0.8665999999999999,0.24137931034482754,0.05714285714285714,0.0,0.0,0.8461538461538461,0.68,0.8244023083264633,2,high_load
266,2,0.883591693477625,0.8,0.23275862068965514,0.049999999999999996,0.0,0.0,0.9230769230769231,0.52,0.8408903544929925,2,high_load
266,3,0.7468070585941309,0.7332,0.28448275862068967,0.014285714285714285,0.0,0.0,0.38461538461538464,0.2,0.741962077493817,2,high_load
266,4,0.7551915764843521,0.7332,0.2241379310344827,0.05714285714285714,0.0,0.0,0.8461538461538461,0.72,0.7254740313272878,2,high_load
266,5,0.7456371258652629,0.7332,0.2586206896551724,0.021428571428571425,0.0,0.0,0.7692307692307693,0.44,0.791426215993405,2,high_load
266,6,0.747976991322999,0.7332,0.2241379310344827,0.05714285714285714,0.0,0.0,0.8461538461538461,0.52,0.791426215993405,2,high_load
266,7,0.7536316661791947,0.7332,0.18965517241379315,0.049999999999999996,0.0,0.0,0.5384615384615384,0.32,0.7089859851607586,2,high_load
266,8,0.7503168567807351,0.8528,0.34482758620689646,0.07142857142857142,0.0,0.0,0.9230769230769231,0.68,0.8244023083264633,2,high_load
266,9,0.7458321146534075,0.7332,0.24999999999999997,0.05714285714285714,0.0,0.0,0.3076923076923077,0.16,0.7089859851607586,2,high_load
267,0,0.956225017061519,0.8665999999999999,0.24137931034482754,0.05714285714285714,0.0,0.0,0.8461538461538461,0.68,0.8244023083264633,2,high_load
267,1,0.883591693477625,0.8,0.23275862068965514,0.049999999999999996,0.0,0.0,0.9230769230769231,0.52,0.8408903544929925,2,high_load
267,2,0.7468070585941309,0.7332,0.28448275862068967,0.014285714285714285,0.0,0.0,0.38461538461538464,0.2,0.741962077493817,2,high_load
267,3,0.7551915764843521,0.7332,0.2241379310344827,0.05714285714285714,0.0,0.0,0.8461538461538461,0.72,0.7254740313272878,2,high_load
267,4,0.7456371258652629,0.7332,0.2586206896551724,0.021428571428571425,0.0,0.0,0.7692307692307693,0.44,0.791426215993405,2,high_load
267,5,0.747976991322999,0.7332,0.2241379310344827,0.05714285714285714,0.0,0.0,0.8461538461538461,0.52,0.791426215993405,2,high_load
267,6,0.7536316661791947,0.7332,0.18965517241379315,0.049999999999999996,0.0,0.0,0.5384615384615384,0.32,0.7089859851607586,2,high_load
267,7,0.7503168567807351,0.8528,0.34482758620689646,0.07142857142857142,0.0,0.0,0.9230769230769231,0.68,0.8244023083264633,2,high_load
267,8,0.7458321146534075,0.7332,0.24999999999999997,0.05714285714285714,0.0,0.0,0.3076923076923077,0.16,0.7089859851607586,2,high_load
267,9,0.7514867895096032,0.7332,0.2672413793103448,0.02857142857142857,0.0,0.0,0.07692307692307693,0.36,0.5605935696619951,2,high_load
268,0,0.883591693477625,0.8,0.23275862068965514,0.049999999999999996,0.0,0.0,0.9230769230769231,0.52,0.8408903544929925,2,high_load
268,1,0.7468070585941309,0.7332,0.28448275862068967,0.014285714285714285,0.0,0.0,0.38461538461538464,0.2,0.741962077493817,2,high_load
268,2,0.7551915764843521,0.7332,0.2241379310344827,0.05714285714285714,0.0,0.0,0.8461538461538461,0.72,0.7254740313272878,2,high_load
268,3,0.7456371258652629,0.7332,0.2586206896551724,0.021428571428571425,0.0,0.0,0.7692307692307693,0.44,0.791426215993405,2,high_load
268,4,0.747976991322999,0.7332,0.2241379310344827,0.05714285714285714,0.0,0.0,0.8461538461538461,0.52,0.791426215993405,2,high_load
268,5,0.7536316661791947,0.7332,0.18965517241379315,0.049999999999999996,0.0,0.0,0.5384615384615384,0.32,0.7089859851607586,2,high_load
268,6,0.7503168567807351,0.8528,0.34482758620689646,0.07142857142857142,0.0,0.0,0.9230769230769231,0.68,0.8244023083264633,2,high_load
268,7,0.7458321146534075,0.7332,0.24999999999999997,0.05714285714285714,0.0,0.0,0.3076923076923077,0.16,0.7089859851607586,2,high_load
268,8,0.7514867895096032,0.7332,0.2672413793103448,0.02857142857142857,0.0,0.0,0.07692307692307693,0.36,0.5605935696619951,2,high_load
268,9,0.7518767670858927,0.7332,0.31896551724137934,0.09285714285714285,0.0,0.0,0.7692307692307693,0.84,0.5441055234954659,2,high_load
269,0,0.7551915764843521,0.7332,0.2241379310344827,0.05714285714285714,0.0,0.0,0.8461538461538461,0.72,0.7254740313272878,2,high_load
269,1,0.7456371258652629,0.7332,0.2586206896551724,0.021428571428571425,0.0,0.0,0.7692307692307693,0.44,0.791426215993405,2,high_load
269,2,0.747976991322999,0.7332,0.2241379310344827,0.05714285714285714,0.0,0.0,0.8461538461538461,0.52,0.791426215993405,2,high_load
269,3,0.7536316661791947,0.7332,0.18965517241379315,0.049999999999999996,0.0,0.0,0.5384615384615384,0.32,0.7089859851607586,2,high_load
269,4,0.7503168567807351,0.8528,0.34482758620689646,0.07142857142857142,0.0,0.0,0.9230769230769231,0.68,0.8244023083264633,2,high_load
269,5,0.7458321146534075,0.7332,0.24999999999999997,0.05714285714285714,0.0,0.0,0.3076923076923077,0.16,0.7089859851607586,2,high_load
269,6,0.7514867895096032,0.7332,0.2672413793103448,0.02857142857142857,0.0,0.0,0.07692307692307693,0.36,0.5605935696619951,2,high_load
269,7,0.7518767670858927,0.7332,0.31896551724137934,0.09285714285714285,0.0,0.0,0.7692307692307693,0.84,0.5441055234954659,2,high_load
269,8,0.74427220434825,0.7837999999999999,0.2672413793103448,0.03571428571428571,0.0,0.0,0.0,0.08,0.4286892003297609,2,high_load
269,9,0.7538266549673394,0.7584000000000001,0.21551724137931028,0.049999999999999996,0.0,0.0,0.15384615384615385,0.56,0.26380873866446825,2,high_load
270,0,0.747976991322999,0.7332,0.2241379310344827,0.05714285714285714,0.0,0.0,0.8461538461538461,0.52,0.791426215993405,2,high_load
270,1,0.7536316661791947,0.7332,0.18965517241379315,0.049999999999999996,0.0,0.0,0.5384615384615384,0.32,0.7089859851607586,2,high_load
270,2,0.7503168567807351,0.8528,0.34482758620689646,0.07142857142857142,0.0,0.0,0.9230769230769231,0.68,0.8244023083264633,2,high_load
270,3,0.7458321146534075,0.7332,0.24999999999999997,0.05714285714285714,0.0,0.0,0.3076923076923077,0.16,0.7089859851607586,2,high_load
270,4,0.7514867895096032,0.7332,0.2672413793103448,0.02857142857142857,0.0,0.0,0.07692307692307693,0.36,0.5605935696619951,2,high_load
270,5,0.7518767670858927,0.7332,0.31896551724137934,0.09285714285714285,0.0,0.0,0.7692307692307693,0.84,0.5441055234954659,2,high_load
270,6,0.74427220434825,0.7837999999999999,0.2672413793103448,0.03571428571428571,0.0,0.0,0.0,0.08,0.4286892003297609,2,high_load
270,7,0.7538266549673394,0.7584000000000001,0.21551724137931028,0.049999999999999996,0.0,0.0,0.15384615384615385,0.56,0.26380873866446825,2,high_load
270,8,0.7431997660134543,0.7332,0.2586206896551724,0.049999999999999996,0.0,0.0,0.7692307692307693,0.8,0.3627370156636441,2,high_load
270,9,0.7567514867895097,0.7332,0.0,0.02857142857142857,0.0,0.0,0.9230769230769231,0.56,0.5441055234954659,2,high_load
271,0,0.7536316661791947,0.7332,0.18965517241379315,0.049999999999999996,0.0,0.0,0.5384615384615384,0.32,0.7089859851607586,2,high_load
271,1,0.7503168567807351,0.8528,0.34482758620689646,0.07142857142857142,0.0,0.0,0.9230769230769231,0.68,0.8244023083264633,2,high_load
271,2,0.7458321146534075,0.7332,0.24999999999999997,0.05714285714285714,0.0,0.0,0.3076923076923077,0.16,0.7089859851607586,2,high_load
271,3,0.7514867895096032,0.7332,0.2672413793103448,0.02857142857142857,0.0,0.0,0.07692307692307693,0.36,0.5605935696619951,2,high_load
271,4,0.7518767670858927,0.7332,0.31896551724137934,0.09285714285714285,0.0,0.0,0.7692307692307693,0.84,0.5441055234954659,2,high_load
271,5,0.74427220434825,0.7837999999999999,0.2672413793103448,0.03571428571428571,0.0,0.0,0.0,0.08,0.4286892003297609,2,high_load
271,6,0.7538266549673394,0.7584000000000001,0.21551724137931028,0.049999999999999996,0.0,0.0,0.15384615384615385,0.56,0.26380873866446825,2,high_load
271,7,0.7431997660134543,0.7332,0.2586206896551724,0.049999999999999996,0.0,0.0,0.7692307692307693,0.8,0.3627370156636441,2,high_load
271,8,0.7567514867895097,0.7332,0.0,0.02857142857142857,0.0,0.0,0.9230769230769231,0.56,0.5441055234954659,2,high_load
271,9,0.7487569464755777,0.7837999999999999,0.20689655172413787,0.0857142857142857,0.0,0.0,0.15384615384615385,0.08,0.41220115416323166,2,high_load
272,0,0.7503168567807351,0.8528,0.34482758620689646,0.07142857142857142,0.0,0.0,0.9230769230769231,0.68,0.8244023083264633,2,high_load
272,1,0.7458321146534075,0.7332,0.24999999999999997,0.05714285714285714,0.0,0.0,0.3076923076923077,0.16,0.7089859851607586,2,high_load
272,2,0.7514867895096032,0.7332,0.2672413793103448,0.02857142857142857,0.0,0.0,0.07692307692307693,0.36,0.5605935696619951,2,high_load
272,3,0.7518767670858927,0.7332,0.31896551724137934,0.09285714285714285,0.0,0.0,0.7692307692307693,0.84,0.5441055234954659,2,high_load
272,4,0.74427220434825,0.7837999999999999,0.2672413793103448,0.03571428571428571,0.0,0.0,0.0,0.08,0.4286892003297609,2,high_load
272,5,0.7538266549673394,0.7584000000000001,0.21551724137931028,0.049999999999999996,0.0,0.0,0.15384615384615385,0.56,0.26380873866446825,2,high_load
272,6,0.7431997660134543,0.7332,0.2586206896551724,0.049999999999999996,0.0,0.0,0.7692307692307693,0.8,0.3627370156636441,2,high_load
272,7,0.7567514867895097,0.7332,0.0,0.02857142857142857,0.0,0.0,0.9230769230769231,0.56,0.5441055234954659,2,high_load
272,8,0.7487569464755777,0.7837999999999999,0.20689655172413787,0.0857142857142857,0.0,0.0,0.15384615384615385,0.08,0.41220115416323166,2,high_load
272,9,0.7580189139124501,0.7584000000000001,0.09482758620689657,0.03571428571428571,0.0,0.0,0.3076923076923077,0.56,0.4781533388293488,2,high_load
273,0,0.7458321146534075,0.7332,0.24999999999999997,0.05714285714285714,0.0,0.0,0.3076923076923077,0.16,0.7089859851607586,2,high_load
273,1,0.7514867895096032,0.7332,0.2672413793103448,0.02857142857142857,0.0,0.0,0.07692307692307693,0.36,0.5605935696619951,2,high_load
273,2,0.7518767670858927,0.7332,0.31896551724137934,0.09285714285714285,0.0,0.0,0.7692307692307693,0.84,0.5441055234954659,2,high_load
273,3,0.74427220434825,0.7837999999999999,0.2672413793103448,0.03571428571428571,0.0,0.0,0.0,0.08,0.4286892003297609,2,high_load
273,4,0.7538266549673394,0.7584000000000001,0.21551724137931028,0.049999999999999996,0.0,0.0,0.15384615384615385,0.56,0.26380873866446825,2,high_load
273,5,0.7431997660134543,0.7332,0.2586206896551724,0.049999999999999996,0.0,0.0,0.7692307692307693,0.8,0.3627370156636441,2,high_load
273,6,0.7567514867895097,0.7332,0.0,0.02857142857142857,0.0,0.0,0.9230769230769231,0.56,0.5441055234954659,2,high_load
273,7,0.7487569464755777,0.7837999999999999,0.20689655172413787,0.0857142857142857,0.0,0.0,0.15384615384615385,0.08,0.41220115416323166,2,high_load
273,8,0.7580189139124501,0.7584000000000001,0.09482758620689657,0.03571428571428571,0.0,0.0,0.3076923076923077,0.56,0.4781533388293488,2,high_load
273,9,0.7470995417763479,0.7332,0.21551724137931028,0.09285714285714285,0.0,0.0,0.9230769230769231,0.8,0.6430338004946415,2,high_load
274,0,0.7514867895096032,0.7332,0.2672413793103448,0.02857142857142857,0.0,0.0,0.07692307692307693,0.36,0.5605935696619951,2,high_load
274,1,0.7518767670858927,0.7332,0.31896551724137934,0.09285714285714285,0.0,0.0,0.7692307692307693,0.84,0.5441055234954659,2,high_load
274,2,0.74427220434825,0.7837999999999999,0.2672413793103448,0.03571428571428571,0.0,0.0,0.0,0.08,0.4286892003297609,2,high_load
274,3,0.7538266549673394,0.7584000000000001,0.21551724137931028,0.049999999999999996,0.0,0.0,0.15384615384615385,0.56,0.26380873866446825,2,high_load
274,4,0.7431997660134543,0.7332,0.2586206896551724,0.049999999999999996,0.0,0.0,0.7692307692307693,0.8,0.3627370156636441,2,high_load
274,5,0.7567514867895097,0.7332,0.0,0.02857142857142857,0.0,0.0,0.9230769230769231,0.56,0.5441055234954659,2,high_load
274,6,0.7487569464755777,0.7837999999999999,0.20689655172413787,0.0857142857142857,0.0,0.0,0.15384615384615385,0.08,0.41220115416323166,2,high_load
274,7,0.7580189139124501,0.7584000000000001,0.09482758620689657,0.03571428571428571,0.0,0.0,0.3076923076923077,0.56,0.4781533388293488,2,high_load
274,8,0.7470995417763479,0.7332,0.21551724137931028,0.09285714285714285,0.0,0.0,0.9230769230769231,0.8,0.6430338004946415,2,high_load
274,9,0.7486594520815054,0.7332,0.20689655172413787,0.04285714285714285,0.0,0.0,0.3076923076923077,0.16,0.5441055234954659,2,high_load
275,0,0.7518767670858927,0.7332,0.31896551724137934,0.09285714285714285,0.0,0.0,0.7692307692307693,0.84,0.5441055234954659,2,high_load
275,1,0.74427220434825,0.7837999999999999,0.2672413793103448,0.03571428571428571,0.0,0.0,0.0,0.08,0.4286892003297609,2,high_load
275,2,0.7538266549673394,0.7584000000000001,0.21551724137931028,0.049999999999999996,0.0,0.0,0.15384615384615385,0.56,0.26380873866446825,2,high_load
275,3,0.7431997660134543,0.7332,0.2586206896551724,0.049999999999999996,0.0,0.0,0.7692307692307693,0.8,0.3627370156636441,2,high_load
275,4,0.7567514867895097,0.7332,0.0,0.02857142857142857,0.0,0.0,0.9230769230769231,0.56,0.5441055234954659,2,high_load
275,5,0.7487569464755777,0.7837999999999999,0.20689655172413787,0.0857142857142857,0.0,0.0,0.15384615384615385,0.08,0.41220115416323166,2,high_load
275,6,0.7580189139124501,0.7584000000000001,0.09482758620689657,0.03571428571428571,0.0,0.0,0.3076923076923077,0.56,0.4781533388293488,2,high_load
275,7,0.7470995417763479,0.7332,0.21551724137931028,0.09285714285714285,0.0,0.0,0.9230769230769231,0.8,0.6430338004946415,2,high_load
275,8,0.7486594520815054,0.7332,0.20689655172413787,0.04285714285714285,0.0,0.0,0.3076923076923077,0.16,0.5441055234954659,2,high_load
275,9,0.7523642390562544,0.6666,0.2931034482758621,0.04285714285714285,0.0,0.0,0.7692307692307693,0.72,0.5111294311624073,2,high_load
276,0,0.74427220434825,0.7837999999999999,0.2672413793103448,0.03571428571428571,0.0,0.0,0.0,0.08,0.4286892003297609,2,high_load
276,1,0.7538266549673394,0.7584000000000001,0.21551724137931028,0.049999999999999996,0.0,0.0,0.15384615384615385,0.56,0.26380873866446825,2,high_load
276,2,0.7431997660134543,0.7332,0.2586206896551724,0.049999999999999996,0.0,0.0,0.7692307692307693,0.8,0.3627370156636441,2,high_load
276,3,0.7567514867895097,0.7332,0.0,0.02857142857142857,0.0,0.0,0.9230769230769231,0.56,0.5441055234954659,2,high_load
276,4,0.7487569464755777,0.7837999999999999,0.20689655172413787,0.0857142857142857,0.0,0.0,0.15384615384615385,0.08,0.41220115416323166,2,high_load
276,5,0.7580189139124501,0.7584000000000001,0.09482758620689657,0.03571428571428571,0.0,0.0,0.3076923076923077,0.56,0.4781533388293488,2,high_load
276,6,0.7470995417763479,0.7332,0.21551724137931028,0.09285714285714285,0.0,0.0,0.9230769230769231,0.8,0.6430338004946415,2,high_load
276,7,0.7486594520815054,0.7332,0.20689655172413787,0.04285714285714285,0.0,0.0,0.3076923076923077,0.16,0.5441055234954659,2,high_load
276,8,0.7523642390562544,0.6666,0.2931034482758621,0.04285714285714285,0.0,0.0,0.7692307692307693,0.72,0.5111294311624073,2,high_load
276,9,0.7493419128400117,0.7332,0.27586206896551724,0.0857142857142857,0.0,0.0,0.3076923076923077,0.24,0.5441055234954659,2,high_load
277,0,0.7538266549673394,0.7584000000000001,0.21551724137931028,0.049999999999999996,0.0,0.0,0.15384615384615385,0.56,0.26380873866446825,2,high_load
277,1,0.7431997660134543,0.7332,0.2586206896551724,0.049999999999999996,0.0,0.0,0.7692307692307693,0.8,0.3627370156636441,2,high_load
277,2,0.7567514867895097,0.7332,0.0,0.02857142857142857,0.0,0.0,0.9230769230769231,0.56,0.5441055234954659,2,high_load
277,3,0.7487569464755777,0.7837999999999999,0.20689655172413787,0.0857142857142857,0.0,0.0,0.15384615384615385,0.08,0.41220115416323166,2,high_load
277,4,0.7580189139124501,0.7584000000000001,0.09482758620689657,0.03571428571428571,0.0,0.0,0.3076923076923077,0.56,0.4781533388293488,2,high_load
277,5,0.7470995417763479,0.7332,0.21551724137931028,0.09285714285714285,0.0,0.0,0.9230769230769231,0.8,0.6430338004946415,2,high_load
277,6,0.7486594520815054,0.7332,0.20689655172413787,0.04285714285714285,0.0,0.0,0.3076923076923077,0.16,0.5441055234954659,2,high_load
277,7,0.7523642390562544,0.6666,0.2931034482758621,0.04285714285714285,0.0,0.0,0.7692307692307693,0.72,0.5111294311624073,2,high_load
277,8,0.7493419128400117,0.7332,0.27586206896551724,0.0857142857142857,0.0,0.0,0.3076923076923077,0.24,0.5441055234954659,2,high_load
277,9,0.7478794969289265,0.7332,0.2672413793103448,0.07142857142857142,0.0,0.0,0.5384615384615384,0.6,0.5935696619950536,2,high_load
278,0,0.7487569464755777,0.7837999999999999,0.20689655172413787,0.0857142857142857,0.0,0.0,0.15384615384615385,0.08,0.41220115416323166,2,high_load
278,1,0.7580189139124501,0.7584000000000001,0.09482758620689657,0.03571428571428571,0.0,0.0,0.3076923076923077,0.56,0.4781533388293488,2,high_load
278,2,0.7470995417763479,0.7332,0.21551724137931028,0.09285714285714285,0.0,0.0,0.9230769230769231,0.8,0.6430338004946415,2,high_load
278,3,0.7486594520815054,0.7332,0.20689655172413787,0.04285714285714285,0.0,0.0,0.3076923076923077,0.16,0.5441055234954659,2,high_load
278,4,0.7523642390562544,0.6666,0.2931034482758621,0.04285714285714285,0.0,0.0,0.7692307692307693,0.72,0.5111294311624073,2,high_load
278,5,0.7493419128400117,0.7332,0.27586206896551724,0.0857142857142857,0.0,0.0,0.3076923076923077,0.24,0.5441055234954659,2,high_load
278,6,0.7478794969289265,0.7332,0.2672413793103448,0.07142857142857142,0.0,0.0,0.5384615384615384,0.6,0.5935696619950536,2,high_load
278,7,0.7533391829969777,0.8,0.3017241379310345,0.04285714285714285,0.0,0.0,0.9230769230769231,0.68,0.5935696619950536,2,high_load
278,8,0.7431022716193819,0.7332,0.20689655172413787,0.03571428571428571,0.0,0.0,0.8461538461538461,0.44,0.7089859851607586,2,high_load
278,9,0.7490494296577948,0.7332,0.3534482758620689,0.03571428571428571,0.0,0.0,0.8461538461538461,0.48,0.7254740313272878,2,high_load
279,0,0.7580189139124501,0.7584000000000001,0.09482758620689657,0.03571428571428571,0.0,0.0,0.3076923076923077,0.56,0.4781533388293488,2,high_load
279,1,0.7470995417763479,0.7332,0.21551724137931028,0.09285714285714285,0.0,0.0,0.9230769230769231,0.8,0.6430338004946415,2,high_load
279,2,0.7486594520815054,0.7332,0.20689655172413787,0.04285714285714285,0.0,0.0,0.3076923076923077,0.16,0.5441055234954659,2,high_load
279,3,0.7523642390562544,0.6666,0.2931034482758621,0.04285714285714285,0.0,0.0,0.7692307692307693,0.72,0.5111294311624073,2,high_load
279,4,0.7493419128400117,0.7332,0.27586206896551724,0.0857142857142857,0.0,0.0,0.3076923076923077,0.24,0.5441055234954659,2,high_load
279,5,0.7478794969289265,0.7332,0.2672413793103448,0.07142857142857142,0.0,0.0,0.5384615384615384,0.6,0.5935696619950536,2,high_load
279,6,0.7533391829969777,0.8,0.3017241379310345,0.04285714285714285,0.0,0.0,0.9230769230769231,0.68,0.5935696619950536,2,high_load
279,7,0.7431022716193819,0.7332,0.20689655172413787,0.03571428571428571,0.0,0.0,0.8461538461538461,0.44,0.7089859851607586,2,high_load
279,8,0.7490494296577948,0.7332,0.3534482758620689,0.03571428571428571,0.0,0.0,0.8461538461538461,0.48,0.7254740313272878,2,high_load
279,9,0.7518767670858927,0.7332,0.24137931034482754,0.07142857142857142,0.0,0.0,0.6153846153846154,0.36,0.791426215993405,2,high_load
280,0,0.7470995417763479,0.7332,0.21551724137931028,0.09285714285714285,0.0,0.0,0.9230769230769231,0.8,0.6430338004946415,2,high_load
280,1,0.7486594520815054,0.7332,0.20689655172413787,0.04285714285714285,0.0,0.0,0.3076923076923077,0.16,0.5441055234954659,2,high_load
280,2,0.7523642390562544,0.6666,0.2931034482758621,0.04285714285714285,0.0,0.0,0.7692307692307693,0.72,0.5111294311624073,2,high_load
280,3,0.7493419128400117,0.7332,0.27586206896551724,0.0857142857142857,0.0,0.0,0.3076923076923077,0.24,0.5441055234954659,2,high_load
280,4,0.7478794969289265,0.7332,0.2672413793103448,0.07142857142857142,0.0,0.0,0.5384615384615384,0.6,0.5935696619950536,2,high_load
280,5,0.7533391829969777,0.8,0.3017241379310345,0.04285714285714285,0.0,0.0,0.9230769230769231,0.68,0.5935696619950536,2,high_load
280,6,0.7431022716193819,0.7332,0.20689655172413787,0.03571428571428571,0.0,0.0,0.8461538461538461,0.44,0.7089859851607586,2,high_load
280,7,0.7490494296577948,0.7332,0.3534482758620689,0.03571428571428571,0.0,0.0,0.8461538461538461,0.48,0.7254740313272878,2,high_load
280,8,0.7518767670858927,0.7332,0.24137931034482754,0.07142857142857142,0.0,0.0,0.6153846153846154,0.36,0.791426215993405,2,high_load
280,9,0.7508043287510969,0.8,0.28448275862068967,0.007142857142857143,0.0,0.0,0.8461538461538461,0.6,0.8573784006595221,2,high_load
281,0,0.7486594520815054,0.7332,0.20689655172413787,0.04285714285714285,0.0,0.0,0.3076923076923077,0.16,0.5441055234954659,2,high_load
281,1,0.7523642390562544,0.6666,0.2931034482758621,0.04285714285714285,0.0,0.0,0.7692307692307693,0.72,0.5111294311624073,2,high_load
281,2,0.7493419128400117,0.7332,0.27586206896551724,0.0857142857142857,0.0,0.0,0.3076923076923077,0.24,0.5441055234954659,2,high_load
281,3,0.7478794969289265,0.7332,0.2672413793103448,0.07142857142857142,0.0,0.0,0.5384615384615384,0.6,0.5935696619950536,2,high_load
281,4,0.7533391829969777,0.8,0.3017241379310345,0.04285714285714285,0.0,0.0,0.9230769230769231,0.68,0.5935696619950536,2,high_load
281,5,0.7431022716193819,0.7332,0.20689655172413787,0.03571428571428571,0.0,0.0,0.8461538461538461,0.44,0.7089859851607586,2,high_load
281,6,0.7490494296577948,0.7332,0.3534482758620689,0.03571428571428571,0.0,0.0,0.8461538461538461,0.48,0.7254740313272878,2,high_load
281,7,0.7518767670858927,0.7332,0.24137931034482754,0.07142857142857142,0.0,0.0,0.6153846153846154,0.36,0.791426215993405,2,high_load
281,8,0.7508043287510969,0.8,0.28448275862068967,0.007142857142857143,0.0,0.0,0.8461538461538461,0.6,0.8573784006595221,2,high_load
281,9,0.7555815540606415,0.8528,0.2931034482758621,0.02857142857142857,0.0,0.0,0.7692307692307693,0.44,0.8244023083264633,2,high_load
282,0,0.7523642390562544,0.6666,0.2931034482758621,0.04285714285714285,0.0,0.0,0.7692307692307693,0.72,0.5111294311624073,2,high_load
282,1,0.7493419128400117,0.7332,0.27586206896551724,0.0857142857142857,0.0,0.0,0.3076923076923077,0.24,0.5441055234954659,2,high_load
282,2,0.7478794969289265,0.7332,0.2672413793103448,0.07142857142857142,0.0,0.0,0.5384615384615384,0.6,0.5935696619950536,2,high_load
282,3,0.7533391829969777,0.8,0.3017241379310345,0.04285714285714285,0.0,0.0,0.9230769230769231,0.68,0.5935696619950536,2,high_load
282,4,0.7431022716193819,0.7332,0.20689655172413787,0.03571428571428571,0.0,0.0,0.8461538461538461,0.44,0.7089859851607586,2,high_load
282,5,0.7490494296577948,0.7332,0.3534482758620689,0.03571428571428571,0.0,0.0,0.8461538461538461,0.48,0.7254740313272878,2,high_load
282,6,0.7518767670858927,0.7332,0.24137931034482754,0.07142857142857142,0.0,0.0,0.6153846153846154,0.36,0.791426215993405,2,high_load
282,7,0.7508043287510969,0.8,0.28448275862068967,0.007142857142857143,0.0,0.0,0.8461538461538461,0.6,0.8573784006595221,2,high_load
282,8,0.7555815540606415,0.8528,0.2931034482758621,0.02857142857142857,0.0,0.0,0.7692307692307693,0.44,0.8244023083264633,2,high_load
282,9,0.7484644632933607,0.7332,0.23275862068965514,0.05714285714285714,0.0,0.0,0.8461538461538461,0.52,0.8244023083264633,2,high_load
283,0,0.7493419128400117,0.7332,0.27586206896551724,0.0857142857142857,0.0,0.0,0.3076923076923077,0.24,0.5441055234954659,2,high_load
283,1,0.7478794969289265,0.7332,0.2672413793103448,0.07142857142857142,0.0,0.0,0.5384615384615384,0.6,0.5935696619950536,2,high_load
283,2,0.7533391829969777,0.8,0.3017241379310345,0.04285714285714285,0.0,0.0,0.9230769230769231,0.68,0.5935696619950536,2,high_load
283,3,0.7431022716193819,0.7332,0.20689655172413787,0.03571428571428571,0.0,0.0,0.8461538461538461,0.44,0.7089859851607586,2,high_load
283,4,0.7490494296577948,0.7332,0.3534482758620689,0.03571428571428571,0.0,0.0,0.8461538461538461,0.48,0.7254740313272878,2,high_load
283,5,0.7518767670858927,0.7332,0.24137931034482754,0.07142857142857142,0.0,0.0,0.6153846153846154,0.36,0.791426215993405,2,high_load
283,6,0.7508043287510969,0.8,0.28448275862068967,0.007142857142857143,0.0,0.0,0.8461538461538461,0.6,0.8573784006595221,2,high_load
283,7,0.7555815540606415,0.8528,0.2931034482758621,0.02857142857142857,0.0,0.0,0.7692307692307693,0.44,0.8244023083264633,2,high_load
283,8,0.7484644632933607,0.7332,0.23275862068965514,0.05714285714285714,0.0,0.0,0.8461538461538461,0.52,0.8244023083264633,2,high_load
283,9,0.7484644632933607,0.7332,0.23275862068965514,0.02857142857142857,0.0,0.0,0.6153846153846154,0.36,0.7749381698268758,2,high_load
284,0,0.7533391829969777,0.8,0.3017241379310345,0.04285714285714285,0.0,0.0,0.9230769230769231,0.68,0.5935696619950536,2,high_load
284,1,0.7431022716193819,0.7332,0.20689655172413787,0.03571428571428571,0.0,0.0,0.8461538461538461,0.44,0.7089859851607586,2,high_load
284,2,0.7490494296577948,0.7332,0.3534482758620689,0.03571428571428571,0.0,0.0,0.8461538461538461,0.48,0.7254740313272878,2,high_load
284,3,0.7518767670858927,0.7332,0.24137931034482754,0.07142857142857142,0.0,0.0,0.6153846153846154,0.36,0.791426215993405,2,high_load
284,4,0.7508043287510969,0.8,0.28448275862068967,0.007142857142857143,0.0,0.0,0.8461538461538461,0.6,0.8573784006595221,2,high_load
284,5,0.7555815540606415,0.8528,0.2931034482758621,0.02857142857142857,0.0,0.0,0.7692307692307693,0.44,0.8244023083264633,2,high_load
284,6,0.7484644632933607,0.7332,0.23275862068965514,0.05714285714285714,0.0,0.0,0.8461538461538461,0.52,0.8244023083264633,2,high_load
284,7,0.7484644632933607,0.7332,0.23275862068965514,0.02857142857142857,0.0,0.0,0.6153846153846154,0.36,0.7749381698268758,2,high_load
284,8,0.7451496538949012,0.8,0.24137931034482754,0.05714285714285714,0.0,0.0,0.6153846153846154,0.48,0.7749381698268758,2,high_load
284,9,0.7564590036072927,0.7332,0.24137931034482754,0.05714285714285714,0.0,0.0,0.15384615384615385,0.24,0.6265457543281123,2,high_load
285,0,0.7431022716193819,0.7332,0.20689655172413787,0.03571428571428571,0.0,0.0,0.8461538461538461,0.44,0.7089859851607586,2,high_load
285,1,0.7490494296577948,0.7332,0.3534482758620689,0.03571428571428571,0.0,0.0,0.8461538461538461,0.48,0.7254740313272878,2,high_load
285,2,0.7518767670858927,0.7332,0.24137931034482754,0.07142857142857142,0.0,0.0,0.6153846153846154,0.36,0.791426215993405,2,high_load
285,3,0.7508043287510969,0.8,0.28448275862068967,0.007142857142857143,0.0,0.0,0.8461538461538461,0.6,0.8573784006595221,2,high_load
285,4,0.7555815540606415,0.8528,0.2931034482758621,0.02857142857142857,0.0,0.0,0.7692307692307693,0.44,0.8244023083264633,2,high_load
285,5,0.7484644632933607,0.7332,0.23275862068965514,0.05714285714285714,0.0,0.0,0.8461538461538461,0.52,0.8244023083264633,2,high_load
285,6,0.7484644632933607,0.7332,0.23275862068965514,0.02857142857142857,0.0,0.0,0.6153846153846154,0.36,0.7749381698268758,2,high_load
285,7,0.7451496538949012,0.8,0.24137931034482754,0.05714285714285714,0.0,0.0,0.6153846153846154,0.48,0.7749381698268758,2,high_load
285,8,0.7564590036072927,0.7332,0.24137931034482754,0.05714285714285714,0.0,0.0,0.15384615384615385,0.24,0.6265457543281123,2,high_load
285,9,0.7478794969289265,0.8,0.24999999999999997,0.049999999999999996,0.0,0.0,0.8461538461538461,0.84,0.6430338004946415,2,high_load
286,0,0.7490494296577948,0.7332,0.3534482758620689,0.03571428571428571,0.0,0.0,0.8461538461538461,0.48,0.7254740313272878,2,high_load
286,1,0.7518767670858927,0.7332,0.24137931034482754,0.07142857142857142,0.0,0.0,0.6153846153846154,0.36,0.791426215993405,2,high_load
286,2,0.7508043287510969,0.8,0.28448275862068967,0.007142857142857143,0.0,0.0,0.8461538461538461,0.6,0.8573784006595221,2,high_load
286,3,0.7555815540606415,0.8528,0.2931034482758621,0.02857142857142857,0.0,0.0,0.7692307692307693,0.44,0.8244023083264633,2,high_load
286,4,0.7484644632933607,0.7332,0.23275862068965514,0.05714285714285714,0.0,0.0,0.8461538461538461,0.52,0.8244023083264633,2,high_load
286,5,0.7484644632933607,0.7332,0.23275862068965514,0.02857142857142857,0.0,0.0,0.6153846153846154,0.36,0.7749381698268758,2,high_load
286,6,0.7451496538949012,0.8,0.24137931034482754,0.05714285714285714,0.0,0.0,0.6153846153846154,0.48,0.7749381698268758,2,high_load
286,7,0.7564590036072927,0.7332,0.24137931034482754,0.05714285714285714,0.0,0.0,0.15384615384615385,0.24,0.6265457543281123,2,high_load
286,8,0.7478794969289265,0.8,0.24999999999999997,0.049999999999999996,0.0,0.0,0.8461538461538461,0.84,0.6430338004946415,2,high_load
286,9,0.6948425465535731,0.8,0.24999999999999997,0.03571428571428571,0.0,0.0,0.8461538461538461,0.48,0.6430338004946415,2,high_load
287,0,0.7508043287510969,0.8,0.28448275862068967,0.007142857142857143,0.0,0.0,0.8461538461538461,0.6,0.8573784006595221,2,high_load
287,1,0.7555815540606415,0.8528,0.2931034482758621,0.02857142857142857,0.0,0.0,0.7692307692307693,0.44,0.8244023083264633,2,high_load
287,2,0.7484644632933607,0.7332,0.23275862068965514,0.05714285714285714,0.0,0.0,0.8461538461538461,0.52,0.8244023083264633,2,high_load
287,3,0.7484644632933607,0.7332,0.23275862068965514,0.02857142857142857,0.0,0.0,0.6153846153846154,0.36,0.7749381698268758,2,high_load
287,4,0.7451496538949012,0.8,0.24137931034482754,0.05714285714285714,0.0,0.0,0.6153846153846154,0.48,0.7749381698268758,2,high_load
287,5,0.7564590036072927,0.7332,0.24137931034482754,0.05714285714285714,0.0,0.0,0.15384615384615385,0.24,0.6265457543281123,2,high_load
287,6,0.7478794969289265,0.8,0.24999999999999997,0.049999999999999996,0.0,0.0,0.8461538461538461,0.84,0.6430338004946415,2,high_load
287,7,0.6948425465535731,0.8,0.24999999999999997,0.03571428571428571,0.0,0.0,0.8461538461538461,0.48,0.6430338004946415,2,high_load
287,8,0.8108608754996588,0.7332,0.20689655172413787,0.04285714285714285,0.0,0.0,0.38461538461538464,0.24,0.5935696619950536,2,high_load
287,9,0.7483669688992884,0.7332,0.24137931034482754,0.05714285714285714,0.34782608695652173,0.34782608695652173,0.07692307692307693,0.32,0.4781533388293488,2,high_load
288,0,0.7555815540606415,0.8528,0.2931034482758621,0.02857142857142857,0.0,0.0,0.7692307692307693,0.44,0.8244023083264633,2,high_load
288,1,0.7484644632933607,0.7332,0.23275862068965514,0.05714285714285714,0.0,0.0,0.8461538461538461,0.52,0.8244023083264633,2,high_load
288,2,0.7484644632933607,0.7332,0.23275862068965514,0.02857142857142857,0.0,0.0,0.6153846153846154,0.36,0.7749381698268758,2,high_load
288,3,0.7451496538949012,0.8,0.24137931034482754,0.05714285714285714,0.0,0.0,0.6153846153846154,0.48,0.7749381698268758,2,high_load
288,4,0.7564590036072927,0.7332,0.24137931034482754,0.05714285714285714,0.0,0.0,0.15384615384615385,0.24,0.6265457543281123,2,high_load
288,5,0.7478794969289265,0.8,0.24999999999999997,0.049999999999999996,0.0,0.0,0.8461538461538461,0.84,0.6430338004946415,2,high_load
288,6,0.6948425465535731,0.8,0.24999999999999997,0.03571428571428571,0.0,0.0,0.8461538461538461,0.48,0.6430338004946415,2,high_load
288,7,0.8108608754996588,0.7332,0.20689655172413787,0.04285714285714285,0.0,0.0,0.38461538461538464,0.24,0.5935696619950536,2,high_load
288,8,0.7483669688992884,0.7332,0.24137931034482754,0.05714285714285714,0.34782608695652173,0.34782608695652173,0.07692307692307693,0.32,0.4781533388293488,2,high_load
288,9,0.7555815540606415,0.7837999999999999,0.3103448275862069,0.0857142857142857,0.0,0.0,0.8461538461538461,0.88,0.6265457543281123,2,high_load
289,0,0.7484644632933607,0.7332,0.23275862068965514,0.05714285714285714,0.0,0.0,0.8461538461538461,0.52,0.8244023083264633,2,high_load
289,1,0.7484644632933607,0.7332,0.23275862068965514,0.02857142857142857,0.0,0.0,0.6153846153846154,0.36,0.7749381698268758,2,high_load
289,2,0.7451496538949012,0.8,0.24137931034482754,0.05714285714285714,0.0,0.0,0.6153846153846154,0.48,0.7749381698268758,2,high_load
289,3,0.7564590036072927,0.7332,0.24137931034482754,0.05714285714285714,0.0,0.0,0.15384615384615385,0.24,0.6265457543281123,2,high_load
289,4,0.7478794969289265,0.8,0.24999999999999997,0.049999999999999996,0.0,0.0,0.8461538461538461,0.84,0.6430338004946415,2,high_load
289,5,0.6948425465535731,0.8,0.24999999999999997,0.03571428571428571,0.0,0.0,0.8461538461538461,0.48,0.6430338004946415,2,high_load
289,6,0.8108608754996588,0.7332,0.20689655172413787,0.04285714285714285,0.0,0.0,0.38461538461538464,0.24,0.5935696619950536,2,high_load
289,7,0.7483669688992884,0.7332,0.24137931034482754,0.05714285714285714,0.34782608695652173,0.34782608695652173,0.07692307692307693,0.32,0.4781533388293488,2,high_load
289,8,0.7555815540606415,0.7837999999999999,0.3103448275862069,0.0857142857142857,0.0,0.0,0.8461538461538461,0.88,0.6265457543281123,2,high_load
289,9,0.7524617334503267,0.7837999999999999,0.3017241379310345,0.007142857142857143,0.0,0.0,0.23076923076923078,0.16,0.494641384995878,2,high_load
290,0,0.7484644632933607,0.7332,0.23275862068965514,0.02857142857142857,0.0,0.0,0.6153846153846154,0.36,0.7749381698268758,2,high_load
290,1,0.7451496538949012,0.8,0.24137931034482754,0.05714285714285714,0.0,0.0,0.6153846153846154,0.48,0.7749381698268758,2,high_load
290,2,0.7564590036072927,0.7332,0.24137931034482754,0.05714285714285714,0.0,0.0,0.15384615384615385,0.24,0.6265457543281123,2,high_load
290,3,0.7478794969289265,0.8,0.24999999999999997,0.049999999999999996,0.0,0.0,0.8461538461538461,0.84,0.6430338004946415,2,high_load
290,4,0.6948425465535731,0.8,0.24999999999999997,0.03571428571428571,0.0,0.0,0.8461538461538461,0.48,0.6430338004946415,2,high_load
290,5,0.8108608754996588,0.7332,0.20689655172413787,0.04285714285714285,0.0,0.0,0.38461538461538464,0.24,0.5935696619950536,2,high_load
290,6,0.7483669688992884,0.7332,0.24137931034482754,0.05714285714285714,0.34782608695652173,0.34782608695652173,0.07692307692307693,0.32,0.4781533388293488,2,high_load
290,7,0.7555815540606415,0.7837999999999999,0.3103448275862069,0.0857142857142857,0.0,0.0,0.8461538461538461,0.88,0.6265457543281123,2,high_load
290,8,0.7524617334503267,0.7837999999999999,0.3017241379310345,0.007142857142857143,0.0,0.0,0.23076923076923078,0.16,0.494641384995878,2,high_load
290,9,0.7490494296577948,0.7837999999999999,0.4310344827586207,0.2928571428571428,0.0,0.0,0.0,0.36,0.31327287716405616,2,high_load
291,0,0.7564590036072927,0.7332,0.24137931034482754,0.05714285714285714,0.0,0.0,0.15384615384615385,0.24,0.6265457543281123,2,high_load
291,1,0.7478794969289265,0.8,0.24999999999999997,0.049999999999999996,0.0,0.0,0.8461538461538461,0.84,0.6430338004946415,2,high_load
291,2,0.6948425465535731,0.8,0.24999999999999997,0.03571428571428571,0.0,0.0,0.8461538461538461,0.48,0.6430338004946415,2,high_load
291,3,0.8108608754996588,0.7332,0.20689655172413787,0.04285714285714285,0.0,0.0,0.38461538461538464,0.24,0.5935696619950536,2,high_load
291,4,0.7483669688992884,0.7332,0.24137931034482754,0.05714285714285714,0.34782608695652173,0.34782608695652173,0.07692307692307693,0.32,0.4781533388293488,2,high_load
291,5,0.7555815540606415,0.7837999999999999,0.3103448275862069,0.0857142857142857,0.0,0.0,0.8461538461538461,0.88,0.6265457543281123,2,high_load
291,6,0.7524617334503267,0.7837999999999999,0.3017241379310345,0.007142857142857143,0.0,0.0,0.23076923076923078,0.16,0.494641384995878,2,high_load
291,7,0.7490494296577948,0.7837999999999999,0.4310344827586207,0.2928571428571428,0.0,0.0,0.0,0.36,0.31327287716405616,2,high_load
291,8,0.760261284976114,0.7837999999999999,0.28448275862068967,0.07857142857142856,0.0,0.0,0.7692307692307693,0.88,0.3957131079967025,2,high_load
291,9,0.7227259432582627,0.8584,0.28448275862068967,0.021428571428571425,0.0,0.0,0.9230769230769231,0.56,0.5770816158285244,2,high_load
292,0,0.6948425465535731,0.8,0.24999999999999997,0.03571428571428571,0.0,0.0,0.8461538461538461,0.48,0.6430338004946415,2,high_load
292,1,0.8108608754996588,0.7332,0.20689655172413787,0.04285714285714285,0.0,0.0,0.38461538461538464,0.24,0.5935696619950536,2,high_load
292,2,0.7483669688992884,0.7332,0.24137931034482754,0.05714285714285714,0.34782608695652173,0.34782608695652173,0.07692307692307693,0.32,0.4781533388293488,2,high_load
292,3,0.7555815540606415,0.7837999999999999,0.3103448275862069,0.0857142857142857,0.0,0.0,0.8461538461538461,0.88,0.6265457543281123,2,high_load
292,4,0.7524617334503267,0.7837999999999999,0.3017241379310345,0.007142857142857143,0.0,0.0,0.23076923076923078,0.16,0.494641384995878,2,high_load
292,5,0.7490494296577948,0.7837999999999999,0.4310344827586207,0.2928571428571428,0.0,0.0,0.0,0.36,0.31327287716405616,2,high_load
292,6,0.760261284976114,0.7837999999999999,0.28448275862068967,0.07857142857142856,0.0,0.0,0.7692307692307693,0.88,0.3957131079967025,2,high_load
292,7,0.7227259432582627,0.8584,0.28448275862068967,0.021428571428571425,0.0,0.0,0.9230769230769231,0.56,0.5770816158285244,2,high_load
292,8,0.7599688017938969,0.9331999999999999,0.2586206896551724,0.03571428571428571,0.0,0.0,0.6153846153846154,0.32,0.5276174773289367,2,high_load
292,9,0.7787852198498586,0.8,0.2672413793103448,0.014285714285714285,0.0,0.0,0.46153846153846156,0.4,0.5770816158285244,2,high_load
293,0,0.8108608754996588,0.7332,0.20689655172413787,0.04285714285714285,0.0,0.0,0.38461538461538464,0.24,0.5935696619950536,2,high_load
293,1,0.7483669688992884,0.7332,0.24137931034482754,0.05714285714285714,0.34782608695652173,0.34782608695652173,0.07692307692307693,0.32,0.4781533388293488,2,high_load
293,2,0.7555815540606415,0.7837999999999999,0.3103448275862069,0.0857142857142857,0.0,0.0,0.8461538461538461,0.88,0.6265457543281123,2,high_load
293,3,0.7524617334503267,0.7837999999999999,0.3017241379310345,0.007142857142857143,0.0,0.0,0.23076923076923078,0.16,0.494641384995878,2,high_load
293,4,0.7490494296577948,0.7837999999999999,0.4310344827586207,0.2928571428571428,0.0,0.0,0.0,0.36,0.31327287716405616,2,high_load
293,5,0.760261284976114,0.7837999999999999,0.28448275862068967,0.07857142857142856,0.0,0.0,0.7692307692307693,0.88,0.3957131079967025,2,high_load
293,6,0.7227259432582627,0.8584,0.28448275862068967,0.021428571428571425,0.0,0.0,0.9230769230769231,0.56,0.5770816158285244,2,high_load
293,7,0.7599688017938969,0.9331999999999999,0.2586206896551724,0.03571428571428571,0.0,0.0,0.6153846153846154,0.32,0.5276174773289367,2,high_load
293,8,0.7787852198498586,0.8,0.2672413793103448,0.014285714285714285,0.0,0.0,0.46153846153846156,0.4,0.5770816158285244,2,high_load
293,9,0.7452471482889734,0.8,0.2931034482758621,0.03571428571428571,0.0,0.0,0.8461538461538461,0.68,0.7584501236603463,2,high_load
294,0,0.7483669688992884,0.7332,0.24137931034482754,0.05714285714285714,0.34782608695652173,0.34782608695652173,0.07692307692307693,0.32,0.4781533388293488,2,high_load
294,1,0.7555815540606415,0.7837999999999999,0.3103448275862069,0.0857142857142857,0.0,0.0,0.8461538461538461,0.88,0.6265457543281123,2,high_load
294,2,0.7524617334503267,0.7837999999999999,0.3017241379310345,0.007142857142857143,0.0,0.0,0.23076923076923078,0.16,0.494641384995878,2,high_load
294,3,0.7490494296577948,0.7837999999999999,0.4310344827586207,0.2928571428571428,0.0,0.0,0.0,0.36,0.31327287716405616,2,high_load
294,4,0.760261284976114,0.7837999999999999,0.28448275862068967,0.07857142857142856,0.0,0.0,0.7692307692307693,0.88,0.3957131079967025,2,high_load
294,5,0.7227259432582627,0.8584,0.28448275862068967,0.021428571428571425,0.0,0.0,0.9230769230769231,0.56,0.5770816158285244,2,high_load
294,6,0.7599688017938969,0.9331999999999999,0.2586206896551724,0.03571428571428571,0.0,0.0,0.6153846153846154,0.32,0.5276174773289367,2,high_load
294,7,0.7787852198498586,0.8,0.2672413793103448,0.014285714285714285,0.0,0.0,0.46153846153846156,0.4,0.5770816158285244,2,high_load
294,8,0.7452471482889734,0.8,0.2931034482758621,0.03571428571428571,0.0,0.0,0.8461538461538461,0.68,0.7584501236603463,2,high_load
294,9,0.7519742614799649,0.7837999999999999,0.24999999999999997,0.04285714285714285,0.0,0.0,0.46153846153846156,0.28,0.6924979389942294,2,high_load
295,0,0.7555815540606415,0.7837999999999999,0.3103448275862069,0.0857142857142857,0.0,0.0,0.8461538461538461,0.88,0.6265457543281123,2,high_load
295,1,0.7524617334503267,0.7837999999999999,0.3017241379310345,0.007142857142857143,0.0,0.0,0.23076923076923078,0.16,0.494641384995878,2,high_load
295,2,0.7490494296577948,0.7837999999999999,0.4310344827586207,0.2928571428571428,0.0,0.0,0.0,0.36,0.31327287716405616,2,high_load
295,3,0.760261284976114,0.7837999999999999,0.28448275862068967,0.07857142857142856,0.0,0.0,0.7692307692307693,0.88,0.3957131079967025,2,high_load
295,4,0.7227259432582627,0.8584,0.28448275862068967,0.021428571428571425,0.0,0.0,0.9230769230769231,0.56,0.5770816158285244,2,high_load
295,5,0.7599688017938969,0.9331999999999999,0.2586206896551724,0.03571428571428571,0.0,0.0,0.6153846153846154,0.32,0.5276174773289367,2,high_load
295,6,0.7787852198498586,0.8,0.2672413793103448,0.014285714285714285,0.0,0.0,0.46153846153846156,0.4,0.5770816158285244,2,high_load
295,7,0.7452471482889734,0.8,0.2931034482758621,0.03571428571428571,0.0,0.0,0.8461538461538461,0.68,0.7584501236603463,2,high_load
295,8,0.7519742614799649,0.7837999999999999,0.24999999999999997,0.04285714285714285,0.0,0.0,0.46153846153846156,0.28,0.6924979389942294,2,high_load
295,9,0.7532416886029054,0.7837999999999999,0.24137931034482754,0.05714285714285714,0.0,0.0,0.7692307692307693,0.64,0.6595218466611708,2,high_load
296,0,0.7490494296577948,0.7837999999999999,0.4310344827586207,0.2928571428571428,0.0,0.0,0.0,0.36,0.31327287716405616,2,high_load
296,1,0.760261284976114,0.7837999999999999,0.28448275862068967,0.07857142857142856,0.0,0.0,0.7692307692307693,0.88,0.3957131079967025,2,high_load
296,2,0.7227259432582627,0.8584,0.28448275862068967,0.021428571428571425,0.0,0.0,0.9230769230769231,0.56,0.5770816158285244,2,high_load
296,3,0.7599688017938969,0.9331999999999999,0.2586206896551724,0.03571428571428571,0.0,0.0,0.6153846153846154,0.32,0.5276174773289367,2,high_load
296,4,0.7787852198498586,0.8,0.2672413793103448,0.014285714285714285,0.0,0.0,0.46153846153846156,0.4,0.5770816158285244,2,high_load
296,5,0.7452471482889734,0.8,0.2931034482758621,0.03571428571428571,0.0,0.0,0.8461538461538461,0.68,0.7584501236603463,2,high_load
296,6,0.7519742614799649,0.7837999999999999,0.24999999999999997,0.04285714285714285,0.0,0.0,0.46153846153846156,0.28,0.6924979389942294,2,high_load
296,7,0.7532416886029054,0.7837999999999999,0.24137931034482754,0.05714285714285714,0.0,0.0,0.7692307692307693,0.64,0.6595218466611708,2,high_load
296,8,0.7472945305644927,0.7837999999999999,0.24999999999999997,0.04285714285714285,0.0,0.0,0.6923076923076923,0.44,0.6760098928277,2,high_load
296,9,0.7475870137467097,0.7584000000000001,0.28448275862068967,0.03571428571428571,0.08695652173913043,0.08695652173913043,0.07692307692307693,0.16,0.5935696619950536,2,high_load
297,0,0.760261284976114,0.7837999999999999,0.28448275862068967,0.07857142857142856,0.0,0.0,0.7692307692307693,0.88,0.3957131079967025,2,high_load
297,1,0.7227259432582627,0.8584,0.28448275862068967,0.021428571428571425,0.0,0.0,0.9230769230769231,0.56,0.5770816158285244,2,high_load
297,2,0.7599688017938969,0.9331999999999999,0.2586206896551724,0.03571428571428571,0.0,0.0,0.6153846153846154,0.32,0.5276174773289367,2,high_load
297,3,0.7787852198498586,0.8,0.2672413793103448,0.014285714285714285,0.0,0.0,0.46153846153846156,0.4,0.5770816158285244,2,high_load
297,4,0.7452471482889734,0.8,0.2931034482758621,0.03571428571428571,0.0,0.0,0.8461538461538461,0.68,0.7584501236603463,2,high_load
297,5,0.7519742614799649,0.7837999999999999,0.24999999999999997,0.04285714285714285,0.0,0.0,0.46153846153846156,0.28,0.6924979389942294,2,high_load
297,6,0.7532416886029054,0.7837999999999999,0.24137931034482754,0.05714285714285714,0.0,0.0,0.7692307692307693,0.64,0.6595218466611708,2,high_load
297,7,0.7472945305644927,0.7837999999999999,0.24999999999999997,0.04285714285714285,0.0,0.0,0.6923076923076923,0.44,0.6760098928277,2,high_load
297,8,0.7475870137467097,0.7584000000000001,0.28448275862068967,0.03571428571428571,0.08695652173913043,0.08695652173913043,0.07692307692307693,0.16,0.5935696619950536,2,high_load
297,9,0.7483669688992884,0.7332,0.2672413793103448,0.10714285714285712,0.0,0.0,0.6153846153846154,0.76,0.5441055234954659,2,high_load
298,0,0.7787852198498586,0.8,0.2672413793103448,0.014285714285714285,0.0,0.0,0.46153846153846156,0.4,0.5770816158285244,2,high_load
298,1,0.7452471482889734,0.8,0.2931034482758621,0.03571428571428571,0.0,0.0,0.8461538461538461,0.68,0.7584501236603463,2,high_load
298,2,0.7519742614799649,0.7837999999999999,0.24999999999999997,0.04285714285714285,0.0,0.0,0.46153846153846156,0.28,0.6924979389942294,2,high_load
298,3,0.7532416886029054,0.7837999999999999,0.24137931034482754,0.05714285714285714,0.0,0.0,0.7692307692307693,0.64,0.6595218466611708,2,high_load
298,4,0.7472945305644927,0.7837999999999999,0.24999999999999997,0.04285714285714285,0.0,0.0,0.6923076923076923,0.44,0.6760098928277,2,high_load
298,5,0.7475870137467097,0.7584000000000001,0.28448275862068967,0.03571428571428571,0.08695652173913043,0.08695652173913043,0.07692307692307693,0.16,0.5935696619950536,2,high_load
298,6,0.7483669688992884,0.7332,0.2672413793103448,0.10714285714285712,0.0,0.0,0.6153846153846154,0.76,0.5441055234954659,2,high_load
298,7,0.7490494296577948,0.7332,0.2586206896551724,0.05714285714285714,0.0,0.0,0.6153846153846154,0.48,0.5770816158285244,2,high_load
298,8,0.7551915764843521,0.8,0.32758620689655177,0.0857142857142857,0.0,0.0,0.7692307692307693,0.56,0.5770816158285244,2,high_load
298,9,0.7462220922296969,0.8528,0.23275862068965514,0.05714285714285714,0.0,0.0,0.7692307692307693,0.48,0.5935696619950536,2,high_load
299,0,0.7452471482889734,0.8,0.2931034482758621,0.03571428571428571,0.0,0.0,0.8461538461538461,0.68,0.7584501236603463,2,high_load
299,1,0.7519742614799649,0.7837999999999999,0.24999999999999997,0.04285714285714285,0.0,0.0,0.46153846153846156,0.28,0.6924979389942294,2,high_load
299,2,0.7532416886029054,0.7837999999999999,0.24137931034482754,0.05714285714285714,0.0,0.0,0.7692307692307693,0.64,0.6595218466611708,2,high_load
299,3,0.7472945305644927,0.7837999999999999,0.24999999999999997,0.04285714285714285,0.0,0.0,0.6923076923076923,0.44,0.6760098928277,2,high_load
299,4,0.7475870137467097,0.7584000000000001,0.28448275862068967,0.03571428571428571,0.08695652173913043,0.08695652173913043,0.07692307692307693,0.16,0.5935696619950536,2,high_load
299,5,0.7483669688992884,0.7332,0.2672413793103448,0.10714285714285712,0.0,0.0,0.6153846153846154,0.76,0.5441055234954659,2,high_load
299,6,0.7490494296577948,0.7332,0.2586206896551724,0.05714285714285714,0.0,0.0,0.6153846153846154,0.48,0.5770816158285244,2,high_load
299,7,0.7551915764843521,0.8,0.32758620689655177,0.0857142857142857,0.0,0.0,0.7692307692307693,0.56,0.5770816158285244,2,high_load
299,8,0.7462220922296969,0.8528,0.23275862068965514,0.05714285714285714,0.0,0.0,0.7692307692307693,0.48,0.5935696619950536,2,high_load
299,9,0.7552890708784246,0.7332,0.3793103448275862,0.35714285714285715,0.0,0.0,0.6153846153846154,0.4,0.7089859851607586,2,high_load
300,0,0.0010724383347957493,0.2,0.2241379310344827,0.12142857142857143,0.0,0.0,0.15384615384615385,0.52,0.1071723000824403,3,stress_load
300,1,0.554060641513113,0.9331999999999999,0.24137931034482754,0.049999999999999996,0.0,0.0,1.0,0.92,0.42291838417147565,3,stress_load
300,2,0.9267817100516721,0.9907999999999998,0.24999999999999997,0.05714285714285714,0.0,0.0,1.0,0.48,0.5812036273701567,3,stress_load
300,3,0.9697767378375743,0.9285999999999999,0.21551724137931028,0.03571428571428571,0.08695652173913043,0.08695652173913043,0.3076923076923077,0.12,0.5276174773289367,3,stress_load
300,4,0.9200545968606806,0.8665999999999999,0.23275862068965514,0.04285714285714285,0.0,0.0,0.15384615384615385,0.4,0.5441055234954659,3,stress_load
300,5,1.0,0.9331999999999999,0.28448275862068967,0.04285714285714285,0.0,0.0,0.7692307692307693,0.8,0.6760098928277,3,stress_load
300,6,0.9211270351954763,0.8665999999999999,0.24999999999999997,0.07142857142857142,0.4782608695652174,0.4782608695652174,0.6153846153846154,0.4,0.5935696619950536,3,stress_load
300,7,0.9209320464073316,0.9907999999999998,0.3103448275862069,0.049999999999999996,0.6086956521739131,0.6086956521739131,0.23076923076923078,0.28,0.4286892003297609,3,stress_load
300,8,0.8978258750121869,0.9907999999999998,0.2586206896551724,0.049999999999999996,0.30434782608695654,0.30434782608695654,0.7692307692307693,0.76,0.5276174773289367,3,stress_load
300,9,0.9647070293458128,0.9285999999999999,0.2931034482758621,0.014285714285714285,0.17391304347826086,0.17391304347826086,0.5384615384615384,0.36,0.6100577081615831,3,stress_load
301,0,0.554060641513113,0.9331999999999999,0.24137931034482754,0.049999999999999996,0.0,0.0,1.0,0.92,0.42291838417147565,3,stress_load
301,1,0.9267817100516721,0.9907999999999998,0.24999999999999997,0.05714285714285714,0.0,0.0,1.0,0.48,0.5812036273701567,3,stress_load
301,2,0.9697767378375743,0.9285999999999999,0.21551724137931028,0.03571428571428571,0.08695652173913043,0.08695652173913043,0.3076923076923077,0.12,0.5276174773289367,3,stress_load
301,3,0.9200545968606806,0.8665999999999999,0.23275862068965514,0.04285714285714285,0.0,0.0,0.15384615384615385,0.4,0.5441055234954659,3,stress_load
301,4,1.0,0.9331999999999999,0.28448275862068967,0.04285714285714285,0.0,0.0,0.7692307692307693,0.8,0.6760098928277,3,stress_load
301,5,0.9211270351954763,0.8665999999999999,0.24999999999999997,0.07142857142857142,0.4782608695652174,0.4782608695652174,0.6153846153846154,0.4,0.5935696619950536,3,stress_load
301,6,0.9209320464073316,0.9907999999999998,0.3103448275862069,0.049999999999999996,0.6086956521739131,0.6086956521739131,0.23076923076923078,0.28,0.4286892003297609,3,stress_load
301,7,0.8978258750121869,0.9907999999999998,0.2586206896551724,0.049999999999999996,0.30434782608695654,0.30434782608695654,0.7692307692307693,0.76,0.5276174773289367,3,stress_load
301,8,0.9647070293458128,0.9285999999999999,0.2931034482758621,0.014285714285714285,0.17391304347826086,0.17391304347826086,0.5384615384615384,0.36,0.6100577081615831,3,stress_load
301,9,0.9515452861460466,0.8665999999999999,0.21551724137931028,0.03571428571428571,0.2608695652173913,0.2608695652173913,0.5384615384615384,0.48,0.5605935696619951,3,stress_load
302,0,0.9697767378375743,0.9285999999999999,0.21551724137931028,0.03571428571428571,0.08695652173913043,0.08695652173913043,0.3076923076923077,0.12,0.5276174773289367,3,stress_load
302,1,0.9200545968606806,0.8665999999999999,0.23275862068965514,0.04285714285714285,0.0,0.0,0.15384615384615385,0.4,0.5441055234954659,3,stress_load
302,2,1.0,0.9331999999999999,0.28448275862068967,0.04285714285714285,0.0,0.0,0.7692307692307693,0.8,0.6760098928277,3,stress_load
302,3,0.9211270351954763,0.8665999999999999,0.24999999999999997,0.07142857142857142,0.4782608695652174,0.4782608695652174,0.6153846153846154,0.4,0.5935696619950536,3,stress_load
302,4,0.9209320464073316,0.9907999999999998,0.3103448275862069,0.049999999999999996,0.6086956521739131,0.6086956521739131,0.23076923076923078,0.28,0.4286892003297609,3,stress_load
302,5,0.8978258750121869,0.9907999999999998,0.2586206896551724,0.049999999999999996,0.30434782608695654,0.30434782608695654,0.7692307692307693,0.76,0.5276174773289367,3,stress_load
302,6,0.9647070293458128,0.9285999999999999,0.2931034482758621,0.014285714285714285,0.17391304347826086,0.17391304347826086,0.5384615384615384,0.36,0.6100577081615831,3,stress_load
302,7,0.9515452861460466,0.8665999999999999,0.21551724137931028,0.03571428571428571,0.2608695652173913,0.2608695652173913,0.5384615384615384,0.48,0.5605935696619951,3,stress_load
302,8,0.9482304767475871,0.9907999999999998,0.2241379310344827,0.04285714285714285,0.17391304347826086,0.17391304347826086,0.23076923076923078,0.32,0.4781533388293488,3,stress_load
302,9,0.9434532514380424,0.8665999999999999,0.2241379310344827,0.049999999999999996,0.2608695652173913,0.2608695652173913,0.7692307692307693,0.76,0.5935696619950536,3,stress_load
303,0,0.9200545968606806,0.8665999999999999,0.23275862068965514,0.04285714285714285,0.0,0.0,0.15384615384615385,0.4,0.5441055234954659,3,stress_load
303,1,1.0,0.9331999999999999,0.28448275862068967,0.04285714285714285,0.0,0.0,0.7692307692307693,0.8,0.6760098928277,3,stress_load
303,2,0.9211270351954763,0.8665999999999999,0.24999999999999997,0.07142857142857142,0.4782608695652174,0.4782608695652174,0.6153846153846154,0.4,0.5935696619950536,3,stress_load
303,3,0.9209320464073316,0.9907999999999998,0.3103448275862069,0.049999999999999996,0.6086956521739131,0.6086956521739131,0.23076923076923078,0.28,0.4286892003297609,3,stress_load
303,4,0.8978258750121869,0.9907999999999998,0.2586206896551724,0.049999999999999996,0.30434782608695654,0.30434782608695654,0.7692307692307693,0.76,0.5276174773289367,3,stress_load
303,5,0.9647070293458128,0.9285999999999999,0.2931034482758621,0.014285714285714285,0.17391304347826086,0.17391304347826086,0.5384615384615384,0.36,0.6100577081615831,3,stress_load
303,6,0.9515452861460466,0.8665999999999999,0.21551724137931028,0.03571428571428571,0.2608695652173913,0.2608695652173913,0.5384615384615384,0.48,0.5605935696619951,3,stress_load
303,7,0.9482304767475871,0.9907999999999998,0.2241379310344827,0.04285714285714285,0.17391304347826086,0.17391304347826086,0.23076923076923078,0.32,0.4781533388293488,3,stress_load
303,8,0.9434532514380424,0.8665999999999999,0.2241379310344827,0.049999999999999996,0.2608695652173913,0.2608695652173913,0.7692307692307693,0.76,0.5935696619950536,3,stress_load
303,9,0.8881739299990251,0.9218000000000001,0.23275862068965514,0.05714285714285714,0.2608695652173913,0.2608695652173913,0.8461538461538461,0.52,0.6100577081615831,3,stress_load
304,0,1.0,0.9331999999999999,0.28448275862068967,0.04285714285714285,0.0,0.0,0.7692307692307693,0.8,0.6760098928277,3,stress_load
304,1,0.9211270351954763,0.8665999999999999,0.24999999999999997,0.07142857142857142,0.4782608695652174,0.4782608695652174,0.6153846153846154,0.4,0.5935696619950536,3,stress_load
304,2,0.9209320464073316,0.9907999999999998,0.3103448275862069,0.049999999999999996,0.6086956521739131,0.6086956521739131,0.23076923076923078,0.28,0.4286892003297609,3,stress_load
304,3,0.8978258750121869,0.9907999999999998,0.2586206896551724,0.049999999999999996,0.30434782608695654,0.30434782608695654,0.7692307692307693,0.76,0.5276174773289367,3,stress_load
304,4,0.9647070293458128,0.9285999999999999,0.2931034482758621,0.014285714285714285,0.17391304347826086,0.17391304347826086,0.5384615384615384,0.36,0.6100577081615831,3,stress_load
304,5,0.9515452861460466,0.8665999999999999,0.21551724137931028,0.03571428571428571,0.2608695652173913,0.2608695652173913,0.5384615384615384,0.48,0.5605935696619951,3,stress_load
304,6,0.9482304767475871,0.9907999999999998,0.2241379310344827,0.04285714285714285,0.17391304347826086,0.17391304347826086,0.23076923076923078,0.32,0.4781533388293488,3,stress_load
304,7,0.9434532514380424,0.8665999999999999,0.2241379310344827,0.049999999999999996,0.2608695652173913,0.2608695652173913,0.7692307692307693,0.76,0.5935696619950536,3,stress_load
304,8,0.8881739299990251,0.9218000000000001,0.23275862068965514,0.05714285714285714,0.2608695652173913,0.2608695652173913,0.8461538461538461,0.52,0.6100577081615831,3,stress_load
304,9,0.9264892268694551,0.8941999999999999,0.34482758620689646,0.0,0.17391304347826086,0.17391304347826086,0.3076923076923077,0.2,0.5605935696619951,3,stress_load
305,0,0.9211270351954763,0.8665999999999999,0.24999999999999997,0.07142857142857142,0.4782608695652174,0.4782608695652174,0.6153846153846154,0.4,0.5935696619950536,3,stress_load
305,1,0.9209320464073316,0.9907999999999998,0.3103448275862069,0.049999999999999996,0.6086956521739131,0.6086956521739131,0.23076923076923078,0.28,0.4286892003297609,3,stress_load
305,2,0.8978258750121869,0.9907999999999998,0.2586206896551724,0.049999999999999996,0.30434782608695654,0.30434782608695654,0.7692307692307693,0.76,0.5276174773289367,3,stress_load
305,3,0.9647070293458128,0.9285999999999999,0.2931034482758621,0.014285714285714285,0.17391304347826086,0.17391304347826086,0.5384615384615384,0.36,0.6100577081615831,3,stress_load
305,4,0.9515452861460466,0.8665999999999999,0.21551724137931028,0.03571428571428571,0.2608695652173913,0.2608695652173913,0.5384615384615384,0.48,0.5605935696619951,3,stress_load
305,5,0.9482304767475871,0.9907999999999998,0.2241379310344827,0.04285714285714285,0.17391304347826086,0.17391304347826086,0.23076923076923078,0.32,0.4781533388293488,3,stress_load
305,6,0.9434532514380424,0.8665999999999999,0.2241379310344827,0.049999999999999996,0.2608695652173913,0.2608695652173913,0.7692307692307693,0.76,0.5935696619950536,3,stress_load
305,7,0.8881739299990251,0.9218000000000001,0.23275862068965514,0.05714285714285714,0.2608695652173913,0.2608695652173913,0.8461538461538461,0.52,0.6100577081615831,3,stress_load
305,8,0.9264892268694551,0.8941999999999999,0.34482758620689646,0.0,0.17391304347826086,0.17391304347826086,0.3076923076923077,0.2,0.5605935696619951,3,stress_load
305,9,0.9404309252217997,0.8665999999999999,0.24999999999999997,0.06428571428571428,0.0,0.0,0.9230769230769231,0.8,0.6430338004946415,3,stress_load
306,0,0.9647070293458128,0.9285999999999999,0.2931034482758621,0.014285714285714285,0.17391304347826086,0.17391304347826086,0.5384615384615384,0.36,0.6100577081615831,3,stress_load
306,1,0.9515452861460466,0.8665999999999999,0.21551724137931028,0.03571428571428571,0.2608695652173913,0.2608695652173913,0.5384615384615384,0.48,0.5605935696619951,3,stress_load
306,2,0.9482304767475871,0.9907999999999998,0.2241379310344827,0.04285714285714285,0.17391304347826086,0.17391304347826086,0.23076923076923078,0.32,0.4781533388293488,3,stress_load
306,3,0.9434532514380424,0.8665999999999999,0.2241379310344827,0.049999999999999996,0.2608695652173913,0.2608695652173913,0.7692307692307693,0.76,0.5935696619950536,3,stress_load
306,4,0.8881739299990251,0.9218000000000001,0.23275862068965514,0.05714285714285714,0.2608695652173913,0.2608695652173913,0.8461538461538461,0.52,0.6100577081615831,3,stress_load
306,5,0.9264892268694551,0.8941999999999999,0.34482758620689646,0.0,0.17391304347826086,0.17391304347826086,0.3076923076923077,0.2,0.5605935696619951,3,stress_load
306,6,0.9404309252217997,0.8665999999999999,0.24999999999999997,0.06428571428571428,0.0,0.0,0.9230769230769231,0.8,0.6430338004946415,3,stress_load
306,7,0.9310714633908551,0.8665999999999999,0.2586206896551724,0.05714285714285714,0.5652173913043478,0.5652173913043478,0.9230769230769231,0.48,0.791426215993405,3,stress_load
306,8,0.8766695914984889,0.8665999999999999,0.23275862068965514,0.05714285714285714,0.0,0.0,0.9230769230769231,0.48,0.8244023083264633,3,stress_load
306,9,0.921322023983621,0.9331999999999999,0.2586206896551724,0.06428571428571428,0.0,0.0,0.9230769230769231,0.48,0.8408903544929925,3,stress_load
307,0,0.9482304767475871,0.9907999999999998,0.2241379310344827,0.04285714285714285,0.17391304347826086,0.17391304347826086,0.23076923076923078,0.32,0.4781533388293488,3,stress_load
307,1,0.9434532514380424,0.8665999999999999,0.2241379310344827,0.049999999999999996,0.2608695652173913,0.2608695652173913,0.7692307692307693,0.76,0.5935696619950536,3,stress_load
307,2,0.8881739299990251,0.9218000000000001,0.23275862068965514,0.05714285714285714,0.2608695652173913,0.2608695652173913,0.8461538461538461,0.52,0.6100577081615831,3,stress_load
307,3,0.9264892268694551,0.8941999999999999,0.34482758620689646,0.0,0.17391304347826086,0.17391304347826086,0.3076923076923077,0.2,0.5605935696619951,3,stress_load
307,4,0.9404309252217997,0.8665999999999999,0.24999999999999997,0.06428571428571428,0.0,0.0,0.9230769230769231,0.8,0.6430338004946415,3,stress_load
307,5,0.9310714633908551,0.8665999999999999,0.2586206896551724,0.05714285714285714,0.5652173913043478,0.5652173913043478,0.9230769230769231,0.48,0.791426215993405,3,stress_load
307,6,0.8766695914984889,0.8665999999999999,0.23275862068965514,0.05714285714285714,0.0,0.0,0.9230769230769231,0.48,0.8244023083264633,3,stress_load
307,7,0.921322023983621,0.9331999999999999,0.2586206896551724,0.06428571428571428,0.0,0.0,0.9230769230769231,0.48,0.8408903544929925,3,stress_load
307,8,0.8890513795456761,0.8,0.24999999999999997,0.049999999999999996,0.0,0.0,0.9230769230769231,0.48,0.9727947238252268,3,stress_load
307,9,0.9150823827629911,0.9218000000000001,0.4051724137931034,0.24285714285714285,0.0,0.0,0.8461538461538461,0.44,0.9563066776586976,3,stress_load
308,0,0.9434532514380424,0.8665999999999999,0.2241379310344827,0.049999999999999996,0.2608695652173913,0.2608695652173913,0.7692307692307693,0.76,0.5935696619950536,3,stress_load
308,1,0.8881739299990251,0.9218000000000001,0.23275862068965514,0.05714285714285714,0.2608695652173913,0.2608695652173913,0.8461538461538461,0.52,0.6100577081615831,3,stress_load
308,2,0.9264892268694551,0.8941999999999999,0.34482758620689646,0.0,0.17391304347826086,0.17391304347826086,0.3076923076923077,0.2,0.5605935696619951,3,stress_load
308,3,0.9404309252217997,0.8665999999999999,0.24999999999999997,0.06428571428571428,0.0,0.0,0.9230769230769231,0.8,0.6430338004946415,3,stress_load
308,4,0.9310714633908551,0.8665999999999999,0.2586206896551724,0.05714285714285714,0.5652173913043478,0.5652173913043478,0.9230769230769231,0.48,0.791426215993405,3,stress_load
308,5,0.8766695914984889,0.8665999999999999,0.23275862068965514,0.05714285714285714,0.0,0.0,0.9230769230769231,0.48,0.8244023083264633,3,stress_load
308,6,0.921322023983621,0.9331999999999999,0.2586206896551724,0.06428571428571428,0.0,0.0,0.9230769230769231,0.48,0.8408903544929925,3,stress_load
308,7,0.8890513795456761,0.8,0.24999999999999997,0.049999999999999996,0.0,0.0,0.9230769230769231,0.48,0.9727947238252268,3,stress_load
308,8,0.9150823827629911,0.9218000000000001,0.4051724137931034,0.24285714285714285,0.0,0.0,0.8461538461538461,0.44,0.9563066776586976,3,stress_load
308,9,0.9152773715511359,0.8941999999999999,0.4310344827586207,0.1714285714285714,0.0,0.0,0.8461538461538461,0.48,0.9398186314921684,3,stress_load
309,0,0.9404309252217997,0.8665999999999999,0.24999999999999997,0.06428571428571428,0.0,0.0,0.9230769230769231,0.8,0.6430338004946415,3,stress_load
309,1,0.9310714633908551,0.8665999999999999,0.2586206896551724,0.05714285714285714,0.5652173913043478,0.5652173913043478,0.9230769230769231,0.48,0.791426215993405,3,stress_load
309,2,0.8766695914984889,0.8665999999999999,0.23275862068965514,0.05714285714285714,0.0,0.0,0.9230769230769231,0.48,0.8244023083264633,3,stress_load
309,3,0.921322023983621,0.9331999999999999,0.2586206896551724,0.06428571428571428,0.0,0.0,0.9230769230769231,0.48,0.8408903544929925,3,stress_load
309,4,0.8890513795456761,0.8,0.24999999999999997,0.049999999999999996,0.0,0.0,0.9230769230769231,0.48,0.9727947238252268,3,stress_load
309,5,0.9150823827629911,0.9218000000000001,0.4051724137931034,0.24285714285714285,0.0,0.0,0.8461538461538461,0.44,0.9563066776586976,3,stress_load
309,6,0.9152773715511359,0.8941999999999999,0.4310344827586207,0.1714285714285714,0.0,0.0,0.8461538461538461,0.48,0.9398186314921684,3,stress_load
309,7,0.8890513795456761,0.8665999999999999,0.23275862068965514,0.049999999999999996,0.0,0.0,0.9230769230769231,0.52,0.9398186314921684,3,stress_load
309,8,0.9371161158233403,0.9331999999999999,0.2672413793103448,0.07857142857142856,0.0,0.0,0.9230769230769231,0.48,0.9398186314921684,3,stress_load
309,9,0.9402359364336551,0.9218000000000001,0.2586206896551724,0.06428571428571428,0.0,0.0,0.5384615384615384,0.28,0.8573784006595221,3,stress_load
310,0,0.9310714633908551,0.8665999999999999,0.2586206896551724,0.05714285714285714,0.5652173913043478,0.5652173913043478,0.9230769230769231,0.48,0.791426215993405,3,stress_load
310,1,0.8766695914984889,0.8665999999999999,0.23275862068965514,0.05714285714285714,0.0,0.0,0.9230769230769231,0.48,0.8244023083264633,3,stress_load
310,2,0.921322023983621,0.9331999999999999,0.2586206896551724,0.06428571428571428,0.0,0.0,0.9230769230769231,0.48,0.8408903544929925,3,stress_load
310,3,0.8890513795456761,0.8,0.24999999999999997,0.049999999999999996,0.0,0.0,0.9230769230769231,0.48,0.9727947238252268,3,stress_load
310,4,0.9150823827629911,0.9218000000000001,0.4051724137931034,0.24285714285714285,0.0,0.0,0.8461538461538461,0.44,0.9563066776586976,3,stress_load
310,5,0.9152773715511359,0.8941999999999999,0.4310344827586207,0.1714285714285714,0.0,0.0,0.8461538461538461,0.48,0.9398186314921684,3,stress_load
310,6,0.8890513795456761,0.8665999999999999,0.23275862068965514,0.049999999999999996,0.0,0.0,0.9230769230769231,0.52,0.9398186314921684,3,stress_load
310,7,0.9371161158233403,0.9331999999999999,0.2672413793103448,0.07857142857142856,0.0,0.0,0.9230769230769231,0.48,0.9398186314921684,3,stress_load
310,8,0.9402359364336551,0.9218000000000001,0.2586206896551724,0.06428571428571428,0.0,0.0,0.5384615384615384,0.28,0.8573784006595221,3,stress_load
310,9,0.8933411328848592,0.9275999999999999,0.24137931034482754,0.05714285714285714,0.0,0.0,0.9230769230769231,0.68,0.8738664468260513,3,stress_load
311,0,0.8766695914984889,0.8665999999999999,0.23275862068965514,0.05714285714285714,0.0,0.0,0.9230769230769231,0.48,0.8244023083264633,3,stress_load
311,1,0.921322023983621,0.9331999999999999,0.2586206896551724,0.06428571428571428,0.0,0.0,0.9230769230769231,0.48,0.8408903544929925,3,stress_load
311,2,0.8890513795456761,0.8,0.24999999999999997,0.049999999999999996,0.0,0.0,0.9230769230769231,0.48,0.9727947238252268,3,stress_load
311,3,0.9150823827629911,0.9218000000000001,0.4051724137931034,0.24285714285714285,0.0,0.0,0.8461538461538461,0.44,0.9563066776586976,3,stress_load
311,4,0.9152773715511359,0.8941999999999999,0.4310344827586207,0.1714285714285714,0.0,0.0,0.8461538461538461,0.48,0.9398186314921684,3,stress_load
311,5,0.8890513795456761,0.8665999999999999,0.23275862068965514,0.049999999999999996,0.0,0.0,0.9230769230769231,0.52,0.9398186314921684,3,stress_load
311,6,0.9371161158233403,0.9331999999999999,0.2672413793103448,0.07857142857142856,0.0,0.0,0.9230769230769231,0.48,0.9398186314921684,3,stress_load
311,7,0.9402359364336551,0.9218000000000001,0.2586206896551724,0.06428571428571428,0.0,0.0,0.5384615384615384,0.28,0.8573784006595221,3,stress_load
311,8,0.8933411328848592,0.9275999999999999,0.24137931034482754,0.05714285714285714,0.0,0.0,0.9230769230769231,0.68,0.8738664468260513,3,stress_load
311,9,0.9361411718826168,0.9331999999999999,0.23275862068965514,0.05714285714285714,0.0,0.0,0.9230769230769231,0.48,0.8903544929925805,3,stress_load
312,0,0.921322023983621,0.9331999999999999,0.2586206896551724,0.06428571428571428,0.0,0.0,0.9230769230769231,0.48,0.8408903544929925,3,stress_load
312,1,0.8890513795456761,0.8,0.24999999999999997,0.049999999999999996,0.0,0.0,0.9230769230769231,0.48,0.9727947238252268,3,stress_load
312,2,0.9150823827629911,0.9218000000000001,0.4051724137931034,0.24285714285714285,0.0,0.0,0.8461538461538461,0.44,0.9563066776586976,3,stress_load
312,3,0.9152773715511359,0.8941999999999999,0.4310344827586207,0.1714285714285714,0.0,0.0,0.8461538461538461,0.48,0.9398186314921684,3,stress_load
312,4,0.8890513795456761,0.8665999999999999,0.23275862068965514,0.049999999999999996,0.0,0.0,0.9230769230769231,0.52,0.9398186314921684,3,stress_load
312,5,0.9371161158233403,0.9331999999999999,0.2672413793103448,0.07857142857142856,0.0,0.0,0.9230769230769231,0.48,0.9398186314921684,3,stress_load
312,6,0.9402359364336551,0.9218000000000001,0.2586206896551724,0.06428571428571428,0.0,0.0,0.5384615384615384,0.28,0.8573784006595221,3,stress_load
312,7,0.8933411328848592,0.9275999999999999,0.24137931034482754,0.05714285714285714,0.0,0.0,0.9230769230769231,0.68,0.8738664468260513,3,stress_load
312,8,0.9361411718826168,0.9331999999999999,0.23275862068965514,0.05714285714285714,0.0,0.0,0.9230769230769231,0.48,0.8903544929925805,3,stress_load
312,9,0.9339962952130253,0.9331999999999999,0.23275862068965514,0.049999999999999996,0.391304347826087,0.391304347826087,0.8461538461538461,0.44,0.8738664468260513,3,stress_load
313,0,0.8890513795456761,0.8,0.24999999999999997,0.049999999999999996,0.0,0.0,0.9230769230769231,0.48,0.9727947238252268,3,stress_load
313,1,0.9150823827629911,0.9218000000000001,0.4051724137931034,0.24285714285714285,0.0,0.0,0.8461538461538461,0.44,0.9563066776586976,3,stress_load
313,2,0.9152773715511359,0.8941999999999999,0.4310344827586207,0.1714285714285714,0.0,0.0,0.8461538461538461,0.48,0.9398186314921684,3,stress_load
313,3,0.8890513795456761,0.8665999999999999,0.23275862068965514,0.049999999999999996,0.0,0.0,0.9230769230769231,0.52,0.9398186314921684,3,stress_load
313,4,0.9371161158233403,0.9331999999999999,0.2672413793103448,0.07857142857142856,0.0,0.0,0.9230769230769231,0.48,0.9398186314921684,3,stress_load
313,5,0.9402359364336551,0.9218000000000001,0.2586206896551724,0.06428571428571428,0.0,0.0,0.5384615384615384,0.28,0.8573784006595221,3,stress_load
313,6,0.8933411328848592,0.9275999999999999,0.24137931034482754,0.05714285714285714,0.0,0.0,0.9230769230769231,0.68,0.8738664468260513,3,stress_load
313,7,0.9361411718826168,0.9331999999999999,0.23275862068965514,0.05714285714285714,0.0,0.0,0.9230769230769231,0.48,0.8903544929925805,3,stress_load
313,8,0.9339962952130253,0.9331999999999999,0.23275862068965514,0.049999999999999996,0.391304347826087,0.391304347826087,0.8461538461538461,0.44,0.8738664468260513,3,stress_load
313,9,0.9463780832602126,0.8665999999999999,0.21551724137931028,0.06428571428571428,0.0,0.0,0.8461538461538461,0.48,0.8573784006595221,3,stress_load
314,0,0.9150823827629911,0.9218000000000001,0.4051724137931034,0.24285714285714285,0.0,0.0,0.8461538461538461,0.44,0.9563066776586976,3,stress_load
314,1,0.9152773715511359,0.8941999999999999,0.4310344827586207,0.1714285714285714,0.0,0.0,0.8461538461538461,0.48,0.9398186314921684,3,stress_load
314,2,0.8890513795456761,0.8665999999999999,0.23275862068965514,0.049999999999999996,0.0,0.0,0.9230769230769231,0.52,0.9398186314921684,3,stress_load
314,3,0.9371161158233403,0.9331999999999999,0.2672413793103448,0.07857142857142856,0.0,0.0,0.9230769230769231,0.48,0.9398186314921684,3,stress_load
314,4,0.9402359364336551,0.9218000000000001,0.2586206896551724,0.06428571428571428,0.0,0.0,0.5384615384615384,0.28,0.8573784006595221,3,stress_load
314,5,0.8933411328848592,0.9275999999999999,0.24137931034482754,0.05714285714285714,0.0,0.0,0.9230769230769231,0.68,0.8738664468260513,3,stress_load
314,6,0.9361411718826168,0.9331999999999999,0.23275862068965514,0.05714285714285714,0.0,0.0,0.9230769230769231,0.48,0.8903544929925805,3,stress_load
314,7,0.9339962952130253,0.9331999999999999,0.23275862068965514,0.049999999999999996,0.391304347826087,0.391304347826087,0.8461538461538461,0.44,0.8738664468260513,3,stress_load
314,8,0.9463780832602126,0.8665999999999999,0.21551724137931028,0.06428571428571428,0.0,0.0,0.8461538461538461,0.48,0.8573784006595221,3,stress_load
314,9,0.9055279321439017,0.9331999999999999,0.27586206896551724,0.04285714285714285,0.0,0.0,0.9230769230769231,0.52,0.9398186314921684,3,stress_load
315,0,0.9152773715511359,0.8941999999999999,0.4310344827586207,0.1714285714285714,0.0,0.0,0.8461538461538461,0.48,0.9398186314921684,3,stress_load
315,1,0.8890513795456761,0.8665999999999999,0.23275862068965514,0.049999999999999996,0.0,0.0,0.9230769230769231,0.52,0.9398186314921684,3,stress_load
315,2,0.9371161158233403,0.9331999999999999,0.2672413793103448,0.07857142857142856,0.0,0.0,0.9230769230769231,0.48,0.9398186314921684,3,stress_load
315,3,0.9402359364336551,0.9218000000000001,0.2586206896551724,0.06428571428571428,0.0,0.0,0.5384615384615384,0.28,0.8573784006595221,3,stress_load
315,4,0.8933411328848592,0.9275999999999999,0.24137931034482754,0.05714285714285714,0.0,0.0,0.9230769230769231,0.68,0.8738664468260513,3,stress_load
315,5,0.9361411718826168,0.9331999999999999,0.23275862068965514,0.05714285714285714,0.0,0.0,0.9230769230769231,0.48,0.8903544929925805,3,stress_load
315,6,0.9339962952130253,0.9331999999999999,0.23275862068965514,0.049999999999999996,0.391304347826087,0.391304347826087,0.8461538461538461,0.44,0.8738664468260513,3,stress_load
315,7,0.9463780832602126,0.8665999999999999,0.21551724137931028,0.06428571428571428,0.0,0.0,0.8461538461538461,0.48,0.8573784006595221,3,stress_load
315,8,0.9055279321439017,0.9331999999999999,0.27586206896551724,0.04285714285714285,0.0,0.0,0.9230769230769231,0.52,0.9398186314921684,3,stress_load
315,9,0.9236618894413572,0.9331999999999999,0.32758620689655177,0.09999999999999999,0.0,0.0,0.8461538461538461,0.44,0.9233305853256389,3,stress_load
316,0,0.8890513795456761,0.8665999999999999,0.23275862068965514,0.049999999999999996,0.0,0.0,0.9230769230769231,0.52,0.9398186314921684,3,stress_load
316,1,0.9371161158233403,0.9331999999999999,0.2672413793103448,0.07857142857142856,0.0,0.0,0.9230769230769231,0.48,0.9398186314921684,3,stress_load
316,2,0.9402359364336551,0.9218000000000001,0.2586206896551724,0.06428571428571428,0.0,0.0,0.5384615384615384,0.28,0.8573784006595221,3,stress_load
316,3,0.8933411328848592,0.9275999999999999,0.24137931034482754,0.05714285714285714,0.0,0.0,0.9230769230769231,0.68,0.8738664468260513,3,stress_load
316,4,0.9361411718826168,0.9331999999999999,0.23275862068965514,0.05714285714285714,0.0,0.0,0.9230769230769231,0.48,0.8903544929925805,3,stress_load
316,5,0.9339962952130253,0.9331999999999999,0.23275862068965514,0.049999999999999996,0.391304347826087,0.391304347826087,0.8461538461538461,0.44,0.8738664468260513,3,stress_load
316,6,0.9463780832602126,0.8665999999999999,0.21551724137931028,0.06428571428571428,0.0,0.0,0.8461538461538461,0.48,0.8573784006595221,3,stress_load
316,7,0.9055279321439017,0.9331999999999999,0.27586206896551724,0.04285714285714285,0.0,0.0,0.9230769230769231,0.52,0.9398186314921684,3,stress_load
316,8,0.9236618894413572,0.9331999999999999,0.32758620689655177,0.09999999999999999,0.0,0.0,0.8461538461538461,0.44,0.9233305853256389,3,stress_load
316,9,0.9426732962854636,0.9331999999999999,0.21551724137931028,0.04285714285714285,0.0,0.0,0.7692307692307693,0.44,0.8903544929925805,3,stress_load
317,0,0.9371161158233403,0.9331999999999999,0.2672413793103448,0.07857142857142856,0.0,0.0,0.9230769230769231,0.48,0.9398186314921684,3,stress_load
317,1,0.9402359364336551,0.9218000000000001,0.2586206896551724,0.06428571428571428,0.0,0.0,0.5384615384615384,0.28,0.8573784006595221,3,stress_load
317,2,0.8933411328848592,0.9275999999999999,0.24137931034482754,0.05714285714285714,0.0,0.0,0.9230769230769231,0.68,0.8738664468260513,3,stress_load
317,3,0.9361411718826168,0.9331999999999999,0.23275862068965514,0.05714285714285714,0.0,0.0,0.9230769230769231,0.48,0.8903544929925805,3,stress_load
317,4,0.9339962952130253,0.9331999999999999,0.23275862068965514,0.049999999999999996,0.391304347826087,0.391304347826087,0.8461538461538461,0.44,0.8738664468260513,3,stress_load
317,5,0.9463780832602126,0.8665999999999999,0.21551724137931028,0.06428571428571428,0.0,0.0,0.8461538461538461,0.48,0.8573784006595221,3,stress_load
317,6,0.9055279321439017,0.9331999999999999,0.27586206896551724,0.04285714285714285,0.0,0.0,0.9230769230769231,0.52,0.9398186314921684,3,stress_load
317,7,0.9236618894413572,0.9331999999999999,0.32758620689655177,0.09999999999999999,0.0,0.0,0.8461538461538461,0.44,0.9233305853256389,3,stress_load
317,8,0.9426732962854636,0.9331999999999999,0.21551724137931028,0.04285714285714285,0.0,0.0,0.7692307692307693,0.44,0.8903544929925805,3,stress_load
317,9,0.9234669006532125,0.8665999999999999,0.7327586206896551,0.43571428571428567,0.0,0.0,0.6923076923076923,0.44,0.8573784006595221,3,stress_load
318,0,0.8933411328848592,0.9275999999999999,0.24137931034482754,0.05714285714285714,0.0,0.0,0.9230769230769231,0.68,0.8738664468260513,3,stress_load
318,1,0.9361411718826168,0.9331999999999999,0.23275862068965514,0.05714285714285714,0.0,0.0,0.9230769230769231,0.48,0.8903544929925805,3,stress_load
318,2,0.9339962952130253,0.9331999999999999,0.23275862068965514,0.049999999999999996,0.391304347826087,0.391304347826087,0.8461538461538461,0.44,0.8738664468260513,3,stress_load
318,3,0.9463780832602126,0.8665999999999999,0.21551724137931028,0.06428571428571428,0.0,0.0,0.8461538461538461,0.48,0.8573784006595221,3,stress_load
318,4,0.9055279321439017,0.9331999999999999,0.27586206896551724,0.04285714285714285,0.0,0.0,0.9230769230769231,0.52,0.9398186314921684,3,stress_load
318,5,0.9236618894413572,0.9331999999999999,0.32758620689655177,0.09999999999999999,0.0,0.0,0.8461538461538461,0.44,0.9233305853256389,3,stress_load
318,6,0.9426732962854636,0.9331999999999999,0.21551724137931028,0.04285714285714285,0.0,0.0,0.7692307692307693,0.44,0.8903544929925805,3,stress_load
318,7,0.9234669006532125,0.8665999999999999,0.7327586206896551,0.43571428571428567,0.0,0.0,0.6923076923076923,0.44,0.8573784006595221,3,stress_load
318,8,0.9483279711416593,0.9907999999999998,0.31896551724137934,0.1571428571428571,0.0,0.0,0.6153846153846154,0.44,0.8079142621599342,3,stress_load
318,9,0.9306814858145657,0.8665999999999999,0.2672413793103448,0.049999999999999996,0.0,0.0,0.6153846153846154,0.48,0.741962077493817,3,stress_load
319,0,0.9463780832602126,0.8665999999999999,0.21551724137931028,0.06428571428571428,0.0,0.0,0.8461538461538461,0.48,0.8573784006595221,2,stress_load
319,1,0.9055279321439017,0.9331999999999999,0.27586206896551724,0.04285714285714285,0.0,0.0,0.9230769230769231,0.52,0.9398186314921684,2,stress_load
319,2,0.9236618894413572,0.9331999999999999,0.32758620689655177,0.09999999999999999,0.0,0.0,0.8461538461538461,0.44,0.9233305853256389,2,stress_load
319,3,0.9426732962854636,0.9331999999999999,0.21551724137931028,0.04285714285714285,0.0,0.0,0.7692307692307693,0.44,0.8903544929925805,2,stress_load
319,4,0.9234669006532125,0.8665999999999999,0.7327586206896551,0.43571428571428567,0.0,0.0,0.6923076923076923,0.44,0.8573784006595221,2,stress_load
319,5,0.9483279711416593,0.9907999999999998,0.31896551724137934,0.1571428571428571,0.0,0.0,0.6153846153846154,0.44,0.8079142621599342,2,stress_load
319,6,0.9306814858145657,0.8665999999999999,0.2672413793103448,0.049999999999999996,0.0,0.0,0.6153846153846154,0.48,0.741962077493817,2,stress_load
319,7,0.9340937896070977,0.8665999999999999,0.4310344827586207,0.21428571428571425,0.0,0.0,0.7692307692307693,0.56,0.7254740313272878,2,stress_load
319,8,0.9150823827629911,0.9218000000000001,0.23275862068965514,0.05714285714285714,0.0,0.0,0.7692307692307693,0.48,0.7254740313272878,2,stress_load
319,9,0.89129375060934,0.8528,0.2672413793103448,0.021428571428571425,0.0,0.0,0.9230769230769231,0.56,0.7749381698268758,2,stress_load
320,0,0.9055279321439017,0.9331999999999999,0.27586206896551724,0.04285714285714285,0.0,0.0,0.9230769230769231,0.52,0.9398186314921684,3,stress_load
320,1,0.9236618894413572,0.9331999999999999,0.32758620689655177,0.09999999999999999,0.0,0.0,0.8461538461538461,0.44,0.9233305853256389,3,stress_load
320,2,0.9426732962854636,0.9331999999999999,0.21551724137931028,0.04285714285714285,0.0,0.0,0.7692307692307693,0.44,0.8903544929925805,3,stress_load
320,3,0.9234669006532125,0.8665999999999999,0.7327586206896551,0.43571428571428567,0.0,0.0,0.6923076923076923,0.44,0.8573784006595221,3,stress_load
320,4,0.9483279711416593,0.9907999999999998,0.31896551724137934,0.1571428571428571,0.0,0.0,0.6153846153846154,0.44,0.8079142621599342,3,stress_load
320,5,0.9306814858145657,0.8665999999999999,0.2672413793103448,0.049999999999999996,0.0,0.0,0.6153846153846154,0.48,0.741962077493817,3,stress_load
320,6,0.9340937896070977,0.8665999999999999,0.4310344827586207,0.21428571428571425,0.0,0.0,0.7692307692307693,0.56,0.7254740313272878,3,stress_load
320,7,0.9150823827629911,0.9218000000000001,0.23275862068965514,0.05714285714285714,0.0,0.0,0.7692307692307693,0.48,0.7254740313272878,3,stress_load
320,8,0.89129375060934,0.8528,0.2672413793103448,0.021428571428571425,0.0,0.0,0.9230769230769231,0.56,0.7749381698268758,3,stress_load
320,9,0.9248318221702253,0.9907999999999998,0.2931034482758621,0.03571428571428571,0.8260869565217391,0.8260869565217391,0.9230769230769231,0.48,0.8408903544929925,3,stress_load
321,0,0.9236618894413572,0.9331999999999999,0.32758620689655177,0.09999999999999999,0.0,0.0,0.8461538461538461,0.44,0.9233305853256389,3,stress_load
321,1,0.9426732962854636,0.9331999999999999,0.21551724137931028,0.04285714285714285,0.0,0.0,0.7692307692307693,0.44,0.8903544929925805,3,stress_load
321,2,0.9234669006532125,0.8665999999999999,0.7327586206896551,0.43571428571428567,0.0,0.0,0.6923076923076923,0.44,0.8573784006595221,3,stress_load
321,3,0.9483279711416593,0.9907999999999998,0.31896551724137934,0.1571428571428571,0.0,0.0,0.6153846153846154,0.44,0.8079142621599342,3,stress_load
321,4,0.9306814858145657,0.8665999999999999,0.2672413793103448,0.049999999999999996,0.0,0.0,0.6153846153846154,0.48,0.741962077493817,3,stress_load
321,5,0.9340937896070977,0.8665999999999999,0.4310344827586207,0.21428571428571425,0.0,0.0,0.7692307692307693,0.56,0.7254740313272878,3,stress_load
321,6,0.9150823827629911,0.9218000000000001,0.23275862068965514,0.05714285714285714,0.0,0.0,0.7692307692307693,0.48,0.7254740313272878,3,stress_load
321,7,0.89129375060934,0.8528,0.2672413793103448,0.021428571428571425,0.0,0.0,0.9230769230769231,0.56,0.7749381698268758,3,stress_load
321,8,0.9248318221702253,0.9907999999999998,0.2931034482758621,0.03571428571428571,0.8260869565217391,0.8260869565217391,0.9230769230769231,0.48,0.8408903544929925,3,stress_load
321,9,0.9405284196158722,0.9218000000000001,0.08620689655172414,0.021428571428571425,0.08695652173913043,0.08695652173913043,0.9230769230769231,0.48,0.9068425391591097,3,stress_load
322,0,0.9426732962854636,0.9331999999999999,0.21551724137931028,0.04285714285714285,0.0,0.0,0.7692307692307693,0.44,0.8903544929925805,3,stress_load
322,1,0.9234669006532125,0.8665999999999999,0.7327586206896551,0.43571428571428567,0.0,0.0,0.6923076923076923,0.44,0.8573784006595221,3,stress_load
322,2,0.9483279711416593,0.9907999999999998,0.31896551724137934,0.1571428571428571,0.0,0.0,0.6153846153846154,0.44,0.8079142621599342,3,stress_load
322,3,0.9306814858145657,0.8665999999999999,0.2672413793103448,0.049999999999999996,0.0,0.0,0.6153846153846154,0.48,0.741962077493817,3,stress_load
322,4,0.9340937896070977,0.8665999999999999,0.4310344827586207,0.21428571428571425,0.0,0.0,0.7692307692307693,0.56,0.7254740313272878,3,stress_load
322,5,0.9150823827629911,0.9218000000000001,0.23275862068965514,0.05714285714285714,0.0,0.0,0.7692307692307693,0.48,0.7254740313272878,3,stress_load
322,6,0.89129375060934,0.8528,0.2672413793103448,0.021428571428571425,0.0,0.0,0.9230769230769231,0.56,0.7749381698268758,3,stress_load
322,7,0.9248318221702253,0.9907999999999998,0.2931034482758621,0.03571428571428571,0.8260869565217391,0.8260869565217391,0.9230769230769231,0.48,0.8408903544929925,3,stress_load
322,8,0.9405284196158722,0.9218000000000001,0.08620689655172414,0.021428571428571425,0.08695652173913043,0.08695652173913043,0.9230769230769231,0.48,0.9068425391591097,3,stress_load
322,9,0.9619771863117872,0.8941999999999999,0.2241379310344827,0.0857142857142857,0.21739130434782608,0.21739130434782608,0.8461538461538461,0.44,0.9233305853256389,3,stress_load
323,0,0.9234669006532125,0.8665999999999999,0.7327586206896551,0.43571428571428567,0.0,0.0,0.6923076923076923,0.44,0.8573784006595221,2,stress_load
323,1,0.9483279711416593,0.9907999999999998,0.31896551724137934,0.1571428571428571,0.0,0.0,0.6153846153846154,0.44,0.8079142621599342,2,stress_load
323,2,0.9306814858145657,0.8665999999999999,0.2672413793103448,0.049999999999999996,0.0,0.0,0.6153846153846154,0.48,0.741962077493817,2,stress_load
323,3,0.9340937896070977,0.8665999999999999,0.4310344827586207,0.21428571428571425,0.0,0.0,0.7692307692307693,0.56,0.7254740313272878,2,stress_load
323,4,0.9150823827629911,0.9218000000000001,0.23275862068965514,0.05714285714285714,0.0,0.0,0.7692307692307693,0.48,0.7254740313272878,2,stress_load
323,5,0.89129375060934,0.8528,0.2672413793103448,0.021428571428571425,0.0,0.0,0.9230769230769231,0.56,0.7749381698268758,2,stress_load
323,6,0.9248318221702253,0.9907999999999998,0.2931034482758621,0.03571428571428571,0.8260869565217391,0.8260869565217391,0.9230769230769231,0.48,0.8408903544929925,2,stress_load
323,7,0.9405284196158722,0.9218000000000001,0.08620689655172414,0.021428571428571425,0.08695652173913043,0.08695652173913043,0.9230769230769231,0.48,0.9068425391591097,2,stress_load
323,8,0.9619771863117872,0.8941999999999999,0.2241379310344827,0.0857142857142857,0.21739130434782608,0.21739130434782608,0.8461538461538461,0.44,0.9233305853256389,2,stress_load
323,9,0.9125475285171103,0.8665999999999999,0.23275862068965514,0.06428571428571428,0.0,0.0,0.8461538461538461,0.48,0.9398186314921684,2,stress_load
324,0,0.89129375060934,0.8528,0.2672413793103448,0.021428571428571425,0.0,0.0,0.9230769230769231,0.56,0.7749381698268758,3,stress_load
324,1,0.9248318221702253,0.9907999999999998,0.2931034482758621,0.03571428571428571,0.8260869565217391,0.8260869565217391,0.9230769230769231,0.48,0.8408903544929925,3,stress_load
324,2,0.9405284196158722,0.9218000000000001,0.08620689655172414,0.021428571428571425,0.08695652173913043,0.08695652173913043,0.9230769230769231,0.48,0.9068425391591097,3,stress_load
324,3,0.9619771863117872,0.8941999999999999,0.2241379310344827,0.0857142857142857,0.21739130434782608,0.21739130434782608,0.8461538461538461,0.44,0.9233305853256389,3,stress_load
324,4,0.9125475285171103,0.8665999999999999,0.23275862068965514,0.06428571428571428,0.0,0.0,0.8461538461538461,0.48,0.9398186314921684,3,stress_load
324,5,0.9295115530856977,0.9218000000000001,0.3362068965517241,0.04285714285714285,0.0,0.0,0.9230769230769231,0.52,0.9398186314921684,3,stress_load
324,6,0.9423808131032466,0.8941999999999999,0.2672413793103448,0.05714285714285714,0.0,0.0,0.7692307692307693,0.4,0.9068425391591097,3,stress_load
324,7,0.9279516427805402,0.8665999999999999,0.21551724137931028,0.05714285714285714,0.0,0.0,1.0,0.6,0.9233305853256389,3,stress_load
324,8,0.9377985765818466,0.8665999999999999,0.2241379310344827,0.05714285714285714,0.0,0.0,0.8461538461538461,0.4,0.9233305853256389,3,stress_load
324,9,0.9366286438529785,0.9218000000000001,0.23275862068965514,0.02857142857142857,0.0,0.0,0.3076923076923077,0.2,0.8079142621599342,3,stress_load
325,0,0.9248318221702253,0.9907999999999998,0.2931034482758621,0.03571428571428571,0.8260869565217391,0.8260869565217391,0.9230769230769231,0.48,0.8408903544929925,3,stress_load
325,1,0.9405284196158722,0.9218000000000001,0.08620689655172414,0.021428571428571425,0.08695652173913043,0.08695652173913043,0.9230769230769231,0.48,0.9068425391591097,3,stress_load
325,2,0.9619771863117872,0.8941999999999999,0.2241379310344827,0.0857142857142857,0.21739130434782608,0.21739130434782608,0.8461538461538461,0.44,0.9233305853256389,3,stress_load
325,3,0.9125475285171103,0.8665999999999999,0.23275862068965514,0.06428571428571428,0.0,0.0,0.8461538461538461,0.48,0.9398186314921684,3,stress_load
325,4,0.9295115530856977,0.9218000000000001,0.3362068965517241,0.04285714285714285,0.0,0.0,0.9230769230769231,0.52,0.9398186314921684,3,stress_load
325,5,0.9423808131032466,0.8941999999999999,0.2672413793103448,0.05714285714285714,0.0,0.0,0.7692307692307693,0.4,0.9068425391591097,3,stress_load
325,6,0.9279516427805402,0.8665999999999999,0.21551724137931028,0.05714285714285714,0.0,0.0,1.0,0.6,0.9233305853256389,3,stress_load
325,7,0.9377985765818466,0.8665999999999999,0.2241379310344827,0.05714285714285714,0.0,0.0,0.8461538461538461,0.4,0.9233305853256389,3,stress_load
325,8,0.9366286438529785,0.9218000000000001,0.23275862068965514,0.02857142857142857,0.0,0.0,0.3076923076923077,0.2,0.8079142621599342,3,stress_load
325,9,0.9508628253875403,0.9275999999999999,0.3017241379310345,0.05714285714285714,0.0,0.0,0.23076923076923078,0.44,0.6595218466611708,3,stress_load
326,0,0.9619771863117872,0.8941999999999999,0.2241379310344827,0.0857142857142857,0.21739130434782608,0.21739130434782608,0.8461538461538461,0.44,0.9233305853256389,3,stress_load
326,1,0.9125475285171103,0.8665999999999999,0.23275862068965514,0.06428571428571428,0.0,0.0,0.8461538461538461,0.48,0.9398186314921684,3,stress_load
326,2,0.9295115530856977,0.9218000000000001,0.3362068965517241,0.04285714285714285,0.0,0.0,0.9230769230769231,0.52,0.9398186314921684,3,stress_load
326,3,0.9423808131032466,0.8941999999999999,0.2672413793103448,0.05714285714285714,0.0,0.0,0.7692307692307693,0.4,0.9068425391591097,3,stress_load
326,4,0.9279516427805402,0.8665999999999999,0.21551724137931028,0.05714285714285714,0.0,0.0,1.0,0.6,0.9233305853256389,3,stress_load
326,5,0.9377985765818466,0.8665999999999999,0.2241379310344827,0.05714285714285714,0.0,0.0,0.8461538461538461,0.4,0.9233305853256389,3,stress_load
326,6,0.9366286438529785,0.9218000000000001,0.23275862068965514,0.02857142857142857,0.0,0.0,0.3076923076923077,0.2,0.8079142621599342,3,stress_load
326,7,0.9508628253875403,0.9275999999999999,0.3017241379310345,0.05714285714285714,0.0,0.0,0.23076923076923078,0.44,0.6595218466611708,3,stress_load
326,8,0.9707516817782977,0.9331999999999999,0.27586206896551724,0.09999999999999999,0.0,0.0,0.07692307692307693,0.4,0.5111294311624073,3,stress_load
326,9,0.8891488739397485,0.9218000000000001,0.08620689655172414,0.07142857142857142,0.0,0.0,0.23076923076923078,0.56,0.3462489694971146,3,stress_load
327,0,0.9295115530856977,0.9218000000000001,0.3362068965517241,0.04285714285714285,0.0,0.0,0.9230769230769231,0.52,0.9398186314921684,2,stress_load
327,1,0.9423808131032466,0.8941999999999999,0.2672413793103448,0.05714285714285714,0.0,0.0,0.7692307692307693,0.4,0.9068425391591097,2,stress_load
327,2,0.9279516427805402,0.8665999999999999,0.21551724137931028,0.05714285714285714,0.0,0.0,1.0,0.6,0.9233305853256389,2,stress_load
327,3,0.9377985765818466,0.8665999999999999,0.2241379310344827,0.05714285714285714,0.0,0.0,0.8461538461538461,0.4,0.9233305853256389,2,stress_load
327,4,0.9366286438529785,0.9218000000000001,0.23275862068965514,0.02857142857142857,0.0,0.0,0.3076923076923077,0.2,0.8079142621599342,2,stress_load
327,5,0.9508628253875403,0.9275999999999999,0.3017241379310345,0.05714285714285714,0.0,0.0,0.23076923076923078,0.44,0.6595218466611708,2,stress_load
327,6,0.9707516817782977,0.9331999999999999,0.27586206896551724,0.09999999999999999,0.0,0.0,0.07692307692307693,0.4,0.5111294311624073,2,stress_load
327,7,0.8891488739397485,0.9218000000000001,0.08620689655172414,0.07142857142857142,0.0,0.0,0.23076923076923078,0.56,0.3462489694971146,2,stress_load
327,8,0.4212732767865848,0.5769999999999998,0.2931034482758621,0.0857142857142857,0.0,0.0,0.15384615384615385,0.44,0.1978565539983514,2,stress_load
327,9,0.9251243053524423,0.7218000000000001,0.3534482758620689,0.0857142857142857,0.0,0.0,0.07692307692307693,0.44,0.14839241549876347,2,stress_load
328,0,0.9279516427805402,0.8665999999999999,0.21551724137931028,0.05714285714285714,0.0,0.0,1.0,0.6,0.9233305853256389,3,stress_load
328,1,0.9377985765818466,0.8665999999999999,0.2241379310344827,0.05714285714285714,0.0,0.0,0.8461538461538461,0.4,0.9233305853256389,3,stress_load
328,2,0.9366286438529785,0.9218000000000001,0.23275862068965514,0.02857142857142857,0.0,0.0,0.3076923076923077,0.2,0.8079142621599342,3,stress_load
328,3,0.9508628253875403,0.9275999999999999,0.3017241379310345,0.05714285714285714,0.0,0.0,0.23076923076923078,0.44,0.6595218466611708,3,stress_load
328,4,0.9707516817782977,0.9331999999999999,0.27586206896551724,0.09999999999999999,0.0,0.0,0.07692307692307693,0.4,0.5111294311624073,3,stress_load
328,5,0.8891488739397485,0.9218000000000001,0.08620689655172414,0.07142857142857142,0.0,0.0,0.23076923076923078,0.56,0.3462489694971146,3,stress_load
328,6,0.4212732767865848,0.5769999999999998,0.2931034482758621,0.0857142857142857,0.0,0.0,0.15384615384615385,0.44,0.1978565539983514,3,stress_load
328,7,0.9251243053524423,0.7218000000000001,0.3534482758620689,0.0857142857142857,0.0,0.0,0.07692307692307693,0.44,0.14839241549876347,3,stress_load
328,8,0.9589548600955445,0.8665999999999999,0.24999999999999997,0.06428571428571428,0.0,0.0,0.6153846153846154,0.76,0.23083264633140982,3,stress_load
328,9,0.9325338793019402,0.9331999999999999,0.31896551724137934,0.007142857142857143,0.08695652173913043,0.08695652173913043,0.9230769230769231,0.64,0.41220115416323166,3,stress_load
329,0,0.9377985765818466,0.8665999999999999,0.2241379310344827,0.05714285714285714,0.0,0.0,0.8461538461538461,0.4,0.9233305853256389,3,stress_load
329,1,0.9366286438529785,0.9218000000000001,0.23275862068965514,0.02857142857142857,0.0,0.0,0.3076923076923077,0.2,0.8079142621599342,3,stress_load
329,2,0.9508628253875403,0.9275999999999999,0.3017241379310345,0.05714285714285714,0.0,0.0,0.23076923076923078,0.44,0.6595218466611708,3,stress_load
329,3,0.9707516817782977,0.9331999999999999,0.27586206896551724,0.09999999999999999,0.0,0.0,0.07692307692307693,0.4,0.5111294311624073,3,stress_load
329,4,0.8891488739397485,0.9218000000000001,0.08620689655172414,0.07142857142857142,0.0,0.0,0.23076923076923078,0.56,0.3462489694971146,3,stress_load
329,5,0.4212732767865848,0.5769999999999998,0.2931034482758621,0.0857142857142857,0.0,0.0,0.15384615384615385,0.44,0.1978565539983514,3,stress_load
329,6,0.9251243053524423,0.7218000000000001,0.3534482758620689,0.0857142857142857,0.0,0.0,0.07692307692307693,0.44,0.14839241549876347,3,stress_load
329,7,0.9589548600955445,0.8665999999999999,0.24999999999999997,0.06428571428571428,0.0,0.0,0.6153846153846154,0.76,0.23083264633140982,3,stress_load
329,8,0.9325338793019402,0.9331999999999999,0.31896551724137934,0.007142857142857143,0.08695652173913043,0.08695652173913043,0.9230769230769231,0.64,0.41220115416323166,3,stress_load
329,9,0.9395534756751488,0.9907999999999998,0.4482758620689655,0.1571428571428571,0.0,0.0,0.9230769230769231,0.48,0.5605935696619951,3,stress_load
330,0,0.9366286438529785,0.9218000000000001,0.23275862068965514,0.02857142857142857,0.0,0.0,0.3076923076923077,0.2,0.8079142621599342,3,stress_load
330,1,0.9508628253875403,0.9275999999999999,0.3017241379310345,0.05714285714285714,0.0,0.0,0.23076923076923078,0.44,0.6595218466611708,3,stress_load
330,2,0.9707516817782977,0.9331999999999999,0.27586206896551724,0.09999999999999999,0.0,0.0,0.07692307692307693,0.4,0.5111294311624073,3,stress_load
330,3,0.8891488739397485,0.9218000000000001,0.08620689655172414,0.07142857142857142,0.0,0.0,0.23076923076923078,0.56,0.3462489694971146,3,stress_load
330,4,0.4212732767865848,0.5769999999999998,0.2931034482758621,0.0857142857142857,0.0,0.0,0.15384615384615385,0.44,0.1978565539983514,3,stress_load
330,5,0.9251243053524423,0.7218000000000001,0.3534482758620689,0.0857142857142857,0.0,0.0,0.07692307692307693,0.44,0.14839241549876347,3,stress_load
330,6,0.9589548600955445,0.8665999999999999,0.24999999999999997,0.06428571428571428,0.0,0.0,0.6153846153846154,0.76,0.23083264633140982,3,stress_load
330,7,0.9325338793019402,0.9331999999999999,0.31896551724137934,0.007142857142857143,0.08695652173913043,0.08695652173913043,0.9230769230769231,0.64,0.41220115416323166,3,stress_load
330,8,0.9395534756751488,0.9907999999999998,0.4482758620689655,0.1571428571428571,0.0,0.0,0.9230769230769231,0.48,0.5605935696619951,3,stress_load
330,9,0.9615872087354977,0.8665999999999999,0.08620689655172414,0.05714285714285714,0.0,0.0,0.15384615384615385,0.08,0.5605935696619951,3,stress_load
331,0,0.9707516817782977,0.9331999999999999,0.27586206896551724,0.09999999999999999,0.0,0.0,0.07692307692307693,0.4,0.5111294311624073,3,stress_load
331,1,0.8891488739397485,0.9218000000000001,0.08620689655172414,0.07142857142857142,0.0,0.0,0.23076923076923078,0.56,0.3462489694971146,3,stress_load
331,2,0.4212732767865848,0.5769999999999998,0.2931034482758621,0.0857142857142857,0.0,0.0,0.15384615384615385,0.44,0.1978565539983514,3,stress_load
331,3,0.9251243053524423,0.7218000000000001,0.3534482758620689,0.0857142857142857,0.0,0.0,0.07692307692307693,0.44,0.14839241549876347,3,stress_load
331,4,0.9589548600955445,0.8665999999999999,0.24999999999999997,0.06428571428571428,0.0,0.0,0.6153846153846154,0.76,0.23083264633140982,3,stress_load
331,5,0.9325338793019402,0.9331999999999999,0.31896551724137934,0.007142857142857143,0.08695652173913043,0.08695652173913043,0.9230769230769231,0.64,0.41220115416323166,3,stress_load
331,6,0.9395534756751488,0.9907999999999998,0.4482758620689655,0.1571428571428571,0.0,0.0,0.9230769230769231,0.48,0.5605935696619951,3,stress_load
331,7,0.9615872087354977,0.8665999999999999,0.08620689655172414,0.05714285714285714,0.0,0.0,0.15384615384615385,0.08,0.5605935696619951,3,stress_load
331,8,0.9637320854050893,0.8665999999999999,0.3534482758620689,0.07142857142857142,0.0,0.0,0.3076923076923077,0.56,0.6100577081615831,3,stress_load
331,9,0.9573949497903872,0.8665999999999999,0.37068965517241376,0.04285714285714285,0.0,0.0,0.15384615384615385,0.4,0.5111294311624073,3,stress_load
332,0,0.8891488739397485,0.9218000000000001,0.08620689655172414,0.07142857142857142,0.0,0.0,0.23076923076923078,0.56,0.3462489694971146,3,stress_load
332,1,0.4212732767865848,0.5769999999999998,0.2931034482758621,0.0857142857142857,0.0,0.0,0.15384615384615385,0.44,0.1978565539983514,3,stress_load
332,2,0.9251243053524423,0.7218000000000001,0.3534482758620689,0.0857142857142857,0.0,0.0,0.07692307692307693,0.44,0.14839241549876347,3,stress_load
332,3,0.9589548600955445,0.8665999999999999,0.24999999999999997,0.06428571428571428,0.0,0.0,0.6153846153846154,0.76,0.23083264633140982,3,stress_load
332,4,0.9325338793019402,0.9331999999999999,0.31896551724137934,0.007142857142857143,0.08695652173913043,0.08695652173913043,0.9230769230769231,0.64,0.41220115416323166,3,stress_load
332,5,0.9395534756751488,0.9907999999999998,0.4482758620689655,0.1571428571428571,0.0,0.0,0.9230769230769231,0.48,0.5605935696619951,3,stress_load
332,6,0.9615872087354977,0.8665999999999999,0.08620689655172414,0.05714285714285714,0.0,0.0,0.15384615384615385,0.08,0.5605935696619951,3,stress_load
332,7,0.9637320854050893,0.8665999999999999,0.3534482758620689,0.07142857142857142,0.0,0.0,0.3076923076923077,0.56,0.6100577081615831,3,stress_load
332,8,0.9573949497903872,0.8665999999999999,0.37068965517241376,0.04285714285714285,0.0,0.0,0.15384615384615385,0.4,0.5111294311624073,3,stress_load
332,9,0.9704591985960809,0.9331999999999999,0.043103448275862044,0.014285714285714285,0.0,0.0,0.38461538461538464,0.6,0.3957131079967025,3,stress_load
333,0,0.4212732767865848,0.5769999999999998,0.2931034482758621,0.0857142857142857,0.0,0.0,0.15384615384615385,0.44,0.1978565539983514,3,stress_load
333,1,0.9251243053524423,0.7218000000000001,0.3534482758620689,0.0857142857142857,0.0,0.0,0.07692307692307693,0.44,0.14839241549876347,3,stress_load
333,2,0.9589548600955445,0.8665999999999999,0.24999999999999997,0.06428571428571428,0.0,0.0,0.6153846153846154,0.76,0.23083264633140982,3,stress_load
333,3,0.9325338793019402,0.9331999999999999,0.31896551724137934,0.007142857142857143,0.08695652173913043,0.08695652173913043,0.9230769230769231,0.64,0.41220115416323166,3,stress_load
333,4,0.9395534756751488,0.9907999999999998,0.4482758620689655,0.1571428571428571,0.0,0.0,0.9230769230769231,0.48,0.5605935696619951,3,stress_load
333,5,0.9615872087354977,0.8665999999999999,0.08620689655172414,0.05714285714285714,0.0,0.0,0.15384615384615385,0.08,0.5605935696619951,3,stress_load
333,6,0.9637320854050893,0.8665999999999999,0.3534482758620689,0.07142857142857142,0.0,0.0,0.3076923076923077,0.56,0.6100577081615831,3,stress_load
333,7,0.9573949497903872,0.8665999999999999,0.37068965517241376,0.04285714285714285,0.0,0.0,0.15384615384615385,0.4,0.5111294311624073,3,stress_load
333,8,0.9704591985960809,0.9331999999999999,0.043103448275862044,0.014285714285714285,0.0,0.0,0.38461538461538464,0.6,0.3957131079967025,3,stress_load
333,9,0.9373111046114849,0.8665999999999999,0.24999999999999997,0.014285714285714285,0.0,0.0,0.3076923076923077,0.44,0.26380873866446825,3,stress_load
334,0,0.9251243053524423,0.7218000000000001,0.3534482758620689,0.0857142857142857,0.0,0.0,0.07692307692307693,0.44,0.14839241549876347,2,stress_load
334,1,0.9589548600955445,0.8665999999999999,0.24999999999999997,0.06428571428571428,0.0,0.0,0.6153846153846154,0.76,0.23083264633140982,2,stress_load
334,2,0.9325338793019402,0.9331999999999999,0.31896551724137934,0.007142857142857143,0.08695652173913043,0.08695652173913043,0.9230769230769231,0.64,0.41220115416323166,2,stress_load
334,3,0.9395534756751488,0.9907999999999998,0.4482758620689655,0.1571428571428571,0.0,0.0,0.9230769230769231,0.48,0.5605935696619951,2,stress_load
334,4,0.9615872087354977,0.8665999999999999,0.08620689655172414,0.05714285714285714,0.0,0.0,0.15384615384615385,0.08,0.5605935696619951,2,stress_load
334,5,0.9637320854050893,0.8665999999999999,0.3534482758620689,0.07142857142857142,0.0,0.0,0.3076923076923077,0.56,0.6100577081615831,2,stress_load
334,6,0.9573949497903872,0.8665999999999999,0.37068965517241376,0.04285714285714285,0.0,0.0,0.15384615384615385,0.4,0.5111294311624073,2,stress_load
334,7,0.9704591985960809,0.9331999999999999,0.043103448275862044,0.014285714285714285,0.0,0.0,0.38461538461538464,0.6,0.3957131079967025,2,stress_load
334,8,0.9373111046114849,0.8665999999999999,0.24999999999999997,0.014285714285714285,0.0,0.0,0.3076923076923077,0.44,0.26380873866446825,2,stress_load
334,9,0.8798869065028762,0.8665999999999999,0.24137931034482754,0.07142857142857142,0.0,0.0,0.15384615384615385,0.4,0.26380873866446825,2,stress_load
335,0,0.9325338793019402,0.9331999999999999,0.31896551724137934,0.007142857142857143,0.08695652173913043,0.08695652173913043,0.9230769230769231,0.64,0.41220115416323166,3,stress_load
335,1,0.9395534756751488,0.9907999999999998,0.4482758620689655,0.1571428571428571,0.0,0.0,0.9230769230769231,0.48,0.5605935696619951,3,stress_load
335,2,0.9615872087354977,0.8665999999999999,0.08620689655172414,0.05714285714285714,0.0,0.0,0.15384615384615385,0.08,0.5605935696619951,3,stress_load
335,3,0.9637320854050893,0.8665999999999999,0.3534482758620689,0.07142857142857142,0.0,0.0,0.3076923076923077,0.56,0.6100577081615831,3,stress_load
335,4,0.9573949497903872,0.8665999999999999,0.37068965517241376,0.04285714285714285,0.0,0.0,0.15384615384615385,0.4,0.5111294311624073,3,stress_load
335,5,0.9704591985960809,0.9331999999999999,0.043103448275862044,0.014285714285714285,0.0,0.0,0.38461538461538464,0.6,0.3957131079967025,3,stress_load
335,6,0.9373111046114849,0.8665999999999999,0.24999999999999997,0.014285714285714285,0.0,0.0,0.3076923076923077,0.44,0.26380873866446825,3,stress_load
335,7,0.8798869065028762,0.8665999999999999,0.24137931034482754,0.07142857142857142,0.0,0.0,0.15384615384615385,0.4,0.26380873866446825,3,stress_load
335,8,0.9269766988398167,0.8665999999999999,0.28448275862068967,0.07857142857142856,0.0,0.0,0.46153846153846156,0.64,0.29678483099752695,3,stress_load
335,9,0.9523252412986255,0.8665999999999999,0.24999999999999997,0.06428571428571428,0.0,0.0,0.6153846153846154,0.56,0.3957131079967025,3,stress_load
336,0,0.9615872087354977,0.8665999999999999,0.08620689655172414,0.05714285714285714,0.0,0.0,0.15384615384615385,0.08,0.5605935696619951,3,stress_load
336,1,0.9637320854050893,0.8665999999999999,0.3534482758620689,0.07142857142857142,0.0,0.0,0.3076923076923077,0.56,0.6100577081615831,3,stress_load
336,2,0.9573949497903872,0.8665999999999999,0.37068965517241376,0.04285714285714285,0.0,0.0,0.15384615384615385,0.4,0.5111294311624073,3,stress_load
336,3,0.9704591985960809,0.9331999999999999,0.043103448275862044,0.014285714285714285,0.0,0.0,0.38461538461538464,0.6,0.3957131079967025,3,stress_load
336,4,0.9373111046114849,0.8665999999999999,0.24999999999999997,0.014285714285714285,0.0,0.0,0.3076923076923077,0.44,0.26380873866446825,3,stress_load
336,5,0.8798869065028762,0.8665999999999999,0.24137931034482754,0.07142857142857142,0.0,0.0,0.15384615384615385,0.4,0.26380873866446825,3,stress_load
336,6,0.9269766988398167,0.8665999999999999,0.28448275862068967,0.07857142857142856,0.0,0.0,0.46153846153846156,0.64,0.29678483099752695,3,stress_load
336,7,0.9523252412986255,0.8665999999999999,0.24999999999999997,0.06428571428571428,0.0,0.0,0.6153846153846154,0.56,0.3957131079967025,3,stress_load
336,8,0.9787462220922297,0.9907999999999998,0.28448275862068967,0.07142857142857142,0.0,0.0,0.38461538461538464,0.36,0.3957131079967025,3,stress_load
336,9,0.963927074193234,0.8665999999999999,0.31896551724137934,0.09285714285714285,0.0,0.0,0.15384615384615385,0.36,0.3627370156636441,3,stress_load
337,0,0.9637320854050893,0.8665999999999999,0.3534482758620689,0.07142857142857142,0.0,0.0,0.3076923076923077,0.56,0.6100577081615831,3,stress_load
337,1,0.9573949497903872,0.8665999999999999,0.37068965517241376,0.04285714285714285,0.0,0.0,0.15384615384615385,0.4,0.5111294311624073,3,stress_load
337,2,0.9704591985960809,0.9331999999999999,0.043103448275862044,0.014285714285714285,0.0,0.0,0.38461538461538464,0.6,0.3957131079967025,3,stress_load
337,3,0.9373111046114849,0.8665999999999999,0.24999999999999997,0.014285714285714285,0.0,0.0,0.3076923076923077,0.44,0.26380873866446825,3,stress_load
337,4,0.8798869065028762,0.8665999999999999,0.24137931034482754,0.07142857142857142,0.0,0.0,0.15384615384615385,0.4,0.26380873866446825,3,stress_load
337,5,0.9269766988398167,0.8665999999999999,0.28448275862068967,0.07857142857142856,0.0,0.0,0.46153846153846156,0.64,0.29678483099752695,3,stress_load
337,6,0.9523252412986255,0.8665999999999999,0.24999999999999997,0.06428571428571428,0.0,0.0,0.6153846153846154,0.56,0.3957131079967025,3,stress_load
337,7,0.9787462220922297,0.9907999999999998,0.28448275862068967,0.07142857142857142,0.0,0.0,0.38461538461538464,0.36,0.3957131079967025,3,stress_load
337,8,0.963927074193234,0.8665999999999999,0.31896551724137934,0.09285714285714285,0.0,0.0,0.15384615384615385,0.36,0.3627370156636441,3,stress_load
337,9,0.9340937896070977,0.9218000000000001,0.31896551724137934,0.10714285714285712,0.0,0.0,0.07692307692307693,0.44,0.3462489694971146,3,stress_load
338,0,0.9573949497903872,0.8665999999999999,0.37068965517241376,0.04285714285714285,0.0,0.0,0.15384615384615385,0.4,0.5111294311624073,3,stress_load
338,1,0.9704591985960809,0.9331999999999999,0.043103448275862044,0.014285714285714285,0.0,0.0,0.38461538461538464,0.6,0.3957131079967025,3,stress_load
338,2,0.9373111046114849,0.8665999999999999,0.24999999999999997,0.014285714285714285,0.0,0.0,0.3076923076923077,0.44,0.26380873866446825,3,stress_load
338,3,0.8798869065028762,0.8665999999999999,0.24137931034482754,0.07142857142857142,0.0,0.0,0.15384615384615385,0.4,0.26380873866446825,3,stress_load
338,4,0.9269766988398167,0.8665999999999999,0.28448275862068967,0.07857142857142856,0.0,0.0,0.46153846153846156,0.64,0.29678483099752695,3,stress_load
338,5,0.9523252412986255,0.8665999999999999,0.24999999999999997,0.06428571428571428,0.0,0.0,0.6153846153846154,0.56,0.3957131079967025,3,stress_load
338,6,0.9787462220922297,0.9907999999999998,0.28448275862068967,0.07142857142857142,0.0,0.0,0.38461538461538464,0.36,0.3957131079967025,3,stress_load
338,7,0.963927074193234,0.8665999999999999,0.31896551724137934,0.09285714285714285,0.0,0.0,0.15384615384615385,0.36,0.3627370156636441,3,stress_load
338,8,0.9340937896070977,0.9218000000000001,0.31896551724137934,0.10714285714285712,0.0,0.0,0.07692307692307693,0.44,0.3462489694971146,3,stress_load
338,9,0.9649995125280297,0.9275999999999999,0.6465517241379309,0.557142857142857,0.0,0.0,0.38461538461538464,0.64,0.3297609233305854,3,stress_load
339,0,0.9704591985960809,0.9331999999999999,0.043103448275862044,0.014285714285714285,0.0,0.0,0.38461538461538464,0.6,0.3957131079967025,3,stress_load
339,1,0.9373111046114849,0.8665999999999999,0.24999999999999997,0.014285714285714285,0.0,0.0,0.3076923076923077,0.44,0.26380873866446825,3,stress_load
339,2,0.8798869065028762,0.8665999999999999,0.24137931034482754,0.07142857142857142,0.0,0.0,0.15384615384615385,0.4,0.26380873866446825,3,stress_load
339,3,0.9269766988398167,0.8665999999999999,0.28448275862068967,0.07857142857142856,0.0,0.0,0.46153846153846156,0.64,0.29678483099752695,3,stress_load
339,4,0.9523252412986255,0.8665999999999999,0.24999999999999997,0.06428571428571428,0.0,0.0,0.6153846153846154,0.56,0.3957131079967025,3,stress_load
339,5,0.9787462220922297,0.9907999999999998,0.28448275862068967,0.07142857142857142,0.0,0.0,0.38461538461538464,0.36,0.3957131079967025,3,stress_load
339,6,0.963927074193234,0.8665999999999999,0.31896551724137934,0.09285714285714285,0.0,0.0,0.15384615384615385,0.36,0.3627370156636441,3,stress_load
339,7,0.9340937896070977,0.9218000000000001,0.31896551724137934,0.10714285714285712,0.0,0.0,0.07692307692307693,0.44,0.3462489694971146,3,stress_load
339,8,0.9649995125280297,0.9275999999999999,0.6465517241379309,0.557142857142857,0.0,0.0,0.38461538461538464,0.64,0.3297609233305854,3,stress_load
339,9,0.955932533879302,0.9331999999999999,0.24137931034482754,0.049999999999999996,0.0,0.0,0.38461538461538464,0.48,0.28029678483099774,3,stress_load
340,0,0.9373111046114849,0.8665999999999999,0.24999999999999997,0.014285714285714285,0.0,0.0,0.3076923076923077,0.44,0.26380873866446825,3,stress_load
340,1,0.8798869065028762,0.8665999999999999,0.24137931034482754,0.07142857142857142,0.0,0.0,0.15384615384615385,0.4,0.26380873866446825,3,stress_load
340,2,0.9269766988398167,0.8665999999999999,0.28448275862068967,0.07857142857142856,0.0,0.0,0.46153846153846156,0.64,0.29678483099752695,3,stress_load
340,3,0.9523252412986255,0.8665999999999999,0.24999999999999997,0.06428571428571428,0.0,0.0,0.6153846153846154,0.56,0.3957131079967025,3,stress_load
340,4,0.9787462220922297,0.9907999999999998,0.28448275862068967,0.07142857142857142,0.0,0.0,0.38461538461538464,0.36,0.3957131079967025,3,stress_load
340,5,0.963927074193234,0.8665999999999999,0.31896551724137934,0.09285714285714285,0.0,0.0,0.15384615384615385,0.36,0.3627370156636441,3,stress_load
340,6,0.9340937896070977,0.9218000000000001,0.31896551724137934,0.10714285714285712,0.0,0.0,0.07692307692307693,0.44,0.3462489694971146,3,stress_load
340,7,0.9649995125280297,0.9275999999999999,0.6465517241379309,0.557142857142857,0.0,0.0,0.38461538461538464,0.64,0.3297609233305854,3,stress_load
340,8,0.955932533879302,0.9331999999999999,0.24137931034482754,0.049999999999999996,0.0,0.0,0.38461538461538464,0.48,0.28029678483099774,3,stress_load
340,9,0.9329238568782295,0.9331999999999999,0.3103448275862069,0.09285714285714285,0.0,0.0,0.07692307692307693,0.32,0.2143446001648806,3,stress_load
341,0,0.8798869065028762,0.8665999999999999,0.24137931034482754,0.07142857142857142,0.0,0.0,0.15384615384615385,0.4,0.26380873866446825,3,stress_load
341,1,0.9269766988398167,0.8665999999999999,0.28448275862068967,0.07857142857142856,0.0,0.0,0.46153846153846156,0.64,0.29678483099752695,3,stress_load
341,2,0.9523252412986255,0.8665999999999999,0.24999999999999997,0.06428571428571428,0.0,0.0,0.6153846153846154,0.56,0.3957131079967025,3,stress_load
341,3,0.9787462220922297,0.9907999999999998,0.28448275862068967,0.07142857142857142,0.0,0.0,0.38461538461538464,0.36,0.3957131079967025,3,stress_load
341,4,0.963927074193234,0.8665999999999999,0.31896551724137934,0.09285714285714285,0.0,0.0,0.15384615384615385,0.36,0.3627370156636441,3,stress_load
341,5,0.9340937896070977,0.9218000000000001,0.31896551724137934,0.10714285714285712,0.0,0.0,0.07692307692307693,0.44,0.3462489694971146,3,stress_load
341,6,0.9649995125280297,0.9275999999999999,0.6465517241379309,0.557142857142857,0.0,0.0,0.38461538461538464,0.64,0.3297609233305854,3,stress_load
341,7,0.955932533879302,0.9331999999999999,0.24137931034482754,0.049999999999999996,0.0,0.0,0.38461538461538464,0.48,0.28029678483099774,3,stress_load
341,8,0.9329238568782295,0.9331999999999999,0.3103448275862069,0.09285714285714285,0.0,0.0,0.07692307692307693,0.32,0.2143446001648806,3,stress_load
341,9,0.9473530272009361,0.8665999999999999,0.24999999999999997,0.07142857142857142,0.0,0.0,0.46153846153846156,0.68,0.28029678483099774,3,stress_load
342,0,0.9269766988398167,0.8665999999999999,0.28448275862068967,0.07857142857142856,0.0,0.0,0.46153846153846156,0.64,0.29678483099752695,3,stress_load
342,1,0.9523252412986255,0.8665999999999999,0.24999999999999997,0.06428571428571428,0.0,0.0,0.6153846153846154,0.56,0.3957131079967025,3,stress_load
342,2,0.9787462220922297,0.9907999999999998,0.28448275862068967,0.07142857142857142,0.0,0.0,0.38461538461538464,0.36,0.3957131079967025,3,stress_load
342,3,0.963927074193234,0.8665999999999999,0.31896551724137934,0.09285714285714285,0.0,0.0,0.15384615384615385,0.36,0.3627370156636441,3,stress_load
342,4,0.9340937896070977,0.9218000000000001,0.31896551724137934,0.10714285714285712,0.0,0.0,0.07692307692307693,0.44,0.3462489694971146,3,stress_load
342,5,0.9649995125280297,0.9275999999999999,0.6465517241379309,0.557142857142857,0.0,0.0,0.38461538461538464,0.64,0.3297609233305854,3,stress_load
342,6,0.955932533879302,0.9331999999999999,0.24137931034482754,0.049999999999999996,0.0,0.0,0.38461538461538464,0.48,0.28029678483099774,3,stress_load
342,7,0.9329238568782295,0.9331999999999999,0.3103448275862069,0.09285714285714285,0.0,0.0,0.07692307692307693,0.32,0.2143446001648806,3,stress_load
342,8,0.9473530272009361,0.8665999999999999,0.24999999999999997,0.07142857142857142,0.0,0.0,0.46153846153846156,0.68,0.28029678483099774,3,stress_load
342,9,0.9248318221702253,0.9907999999999998,0.2931034482758621,0.049999999999999996,0.0,0.0,0.8461538461538461,0.68,0.4451772464962904,3,stress_load
343,0,0.9523252412986255,0.8665999999999999,0.24999999999999997,0.06428571428571428,0.0,0.0,0.6153846153846154,0.56,0.3957131079967025,3,stress_load
343,1,0.9787462220922297,0.9907999999999998,0.28448275862068967,0.07142857142857142,0.0,0.0,0.38461538461538464,0.36,0.3957131079967025,3,stress_load
343,2,0.963927074193234,0.8665999999999999,0.31896551724137934,0.09285714285714285,0.0,0.0,0.15384615384615385,0.36,0.3627370156636441,3,stress_load
343,3,0.9340937896070977,0.9218000000000001,0.31896551724137934,0.10714285714285712,0.0,0.0,0.07692307692307693,0.44,0.3462489694971146,3,stress_load
343,4,0.9649995125280297,0.9275999999999999,0.6465517241379309,0.557142857142857,0.0,0.0,0.38461538461538464,0.64,0.3297609233305854,3,stress_load
343,5,0.955932533879302,0.9331999999999999,0.24137931034482754,0.049999999999999996,0.0,0.0,0.38461538461538464,0.48,0.28029678483099774,3,stress_load
343,6,0.9329238568782295,0.9331999999999999,0.3103448275862069,0.09285714285714285,0.0,0.0,0.07692307692307693,0.32,0.2143446001648806,3,stress_load
343,7,0.9473530272009361,0.8665999999999999,0.24999999999999997,0.07142857142857142,0.0,0.0,0.46153846153846156,0.68,0.28029678483099774,3,stress_load
343,8,0.9248318221702253,0.9907999999999998,0.2931034482758621,0.049999999999999996,0.0,0.0,0.8461538461538461,0.68,0.4451772464962904,3,stress_load
343,9,0.986545773618017,0.9907999999999998,0.27586206896551724,0.049999999999999996,0.0,0.0,0.46153846153846156,0.28,0.46166529266281964,3,stress_load
344,0,0.963927074193234,0.8665999999999999,0.31896551724137934,0.09285714285714285,0.0,0.0,0.15384615384615385,0.36,0.3627370156636441,3,stress_load
344,1,0.9340937896070977,0.9218000000000001,0.31896551724137934,0.10714285714285712,0.0,0.0,0.07692307692307693,0.44,0.3462489694971146,3,stress_load
344,2,0.9649995125280297,0.9275999999999999,0.6465517241379309,0.557142857142857,0.0,0.0,0.38461538461538464,0.64,0.3297609233305854,3,stress_load
344,3,0.955932533879302,0.9331999999999999,0.24137931034482754,0.049999999999999996,0.0,0.0,0.38461538461538464,0.48,0.28029678483099774,3,stress_load
344,4,0.9329238568782295,0.9331999999999999,0.3103448275862069,0.09285714285714285,0.0,0.0,0.07692307692307693,0.32,0.2143446001648806,3,stress_load
344,5,0.9473530272009361,0.8665999999999999,0.24999999999999997,0.07142857142857142,0.0,0.0,0.46153846153846156,0.68,0.28029678483099774,3,stress_load
344,6,0.9248318221702253,0.9907999999999998,0.2931034482758621,0.049999999999999996,0.0,0.0,0.8461538461538461,0.68,0.4451772464962904,3,stress_load
344,7,0.986545773618017,0.9907999999999998,0.27586206896551724,0.049999999999999996,0.0,0.0,0.46153846153846156,0.28,0.46166529266281964,3,stress_load
344,8,0.9391634980988594,0.9218000000000001,0.10344827586206894,0.02857142857142857,0.0,0.0,0.38461538461538464,0.44,0.46166529266281964,3,stress_load
344,9,0.9767963342107829,0.9275999999999999,0.2241379310344827,0.049999999999999996,0.0,0.0,0.38461538461538464,0.48,0.5276174773289367,3,stress_load
345,0,0.9340937896070977,0.9218000000000001,0.31896551724137934,0.10714285714285712,0.0,0.0,0.07692307692307693,0.44,0.3462489694971146,3,stress_load
345,1,0.9649995125280297,0.9275999999999999,0.6465517241379309,0.557142857142857,0.0,0.0,0.38461538461538464,0.64,0.3297609233305854,3,stress_load
345,2,0.955932533879302,0.9331999999999999,0.24137931034482754,0.049999999999999996,0.0,0.0,0.38461538461538464,0.48,0.28029678483099774,3,stress_load
345,3,0.9329238568782295,0.9331999999999999,0.3103448275862069,0.09285714285714285,0.0,0.0,0.07692307692307693,0.32,0.2143446001648806,3,stress_load
345,4,0.9473530272009361,0.8665999999999999,0.24999999999999997,0.07142857142857142,0.0,0.0,0.46153846153846156,0.68,0.28029678483099774,3,stress_load
345,5,0.9248318221702253,0.9907999999999998,0.2931034482758621,0.049999999999999996,0.0,0.0,0.8461538461538461,0.68,0.4451772464962904,3,stress_load
345,6,0.986545773618017,0.9907999999999998,0.27586206896551724,0.049999999999999996,0.0,0.0,0.46153846153846156,0.28,0.46166529266281964,3,stress_load
345,7,0.9391634980988594,0.9218000000000001,0.10344827586206894,0.02857142857142857,0.0,0.0,0.38461538461538464,0.44,0.46166529266281964,3,stress_load
345,8,0.9767963342107829,0.9275999999999999,0.2241379310344827,0.049999999999999996,0.0,0.0,0.38461538461538464,0.48,0.5276174773289367,3,stress_load
345,9,0.9521302525104807,0.9331999999999999,0.27586206896551724,0.021428571428571425,0.0,0.0,0.38461538461538464,0.48,0.5111294311624073,3,stress_load
346,0,0.9329238568782295,0.9331999999999999,0.3103448275862069,0.09285714285714285,0.0,0.0,0.07692307692307693,0.32,0.2143446001648806,2,stress_load
346,1,0.9473530272009361,0.8665999999999999,0.24999999999999997,0.07142857142857142,0.0,0.0,0.46153846153846156,0.68,0.28029678483099774,2,stress_load
346,2,0.9248318221702253,0.9907999999999998,0.2931034482758621,0.049999999999999996,0.0,0.0,0.8461538461538461,0.68,0.4451772464962904,2,stress_load
346,3,0.986545773618017,0.9907999999999998,0.27586206896551724,0.049999999999999996,0.0,0.0,0.46153846153846156,0.28,0.46166529266281964,2,stress_load
346,4,0.9391634980988594,0.9218000000000001,0.10344827586206894,0.02857142857142857,0.0,0.0,0.38461538461538464,0.44,0.46166529266281964,2,stress_load
346,5,0.9767963342107829,0.9275999999999999,0.2241379310344827,0.049999999999999996,0.0,0.0,0.38461538461538464,0.48,0.5276174773289367,2,stress_load
346,6,0.9521302525104807,0.9331999999999999,0.27586206896551724,0.021428571428571425,0.0,0.0,0.38461538461538464,0.48,0.5111294311624073,2,stress_load
346,7,0.9490104319001659,0.8665999999999999,0.23275862068965514,0.03571428571428571,0.0,0.0,0.07692307692307693,0.32,0.3462489694971146,2,stress_load
346,8,0.9432582626498976,0.8665999999999999,0.23275862068965514,0.021428571428571425,0.0,0.0,0.07692307692307693,0.48,0.26380873866446825,2,stress_load
346,9,0.8408891488739398,0.9218000000000001,0.2241379310344827,0.02857142857142857,0.0,0.0,0.15384615384615385,0.52,0.2143446001648806,2,stress_load
347,0,0.9248318221702253,0.9907999999999998,0.2931034482758621,0.049999999999999996,0.0,0.0,0.8461538461538461,0.68,0.4451772464962904,2,stress_load
347,1,0.986545773618017,0.9907999999999998,0.27586206896551724,0.049999999999999996,0.0,0.0,0.46153846153846156,0.28,0.46166529266281964,2,stress_load
347,2,0.9391634980988594,0.9218000000000001,0.10344827586206894,0.02857142857142857,0.0,0.0,0.38461538461538464,0.44,0.46166529266281964,2,stress_load
347,3,0.9767963342107829,0.9275999999999999,0.2241379310344827,0.049999999999999996,0.0,0.0,0.38461538461538464,0.48,0.5276174773289367,2,stress_load
347,4,0.9521302525104807,0.9331999999999999,0.27586206896551724,0.021428571428571425,0.0,0.0,0.38461538461538464,0.48,0.5111294311624073,2,stress_load
347,5,0.9490104319001659,0.8665999999999999,0.23275862068965514,0.03571428571428571,0.0,0.0,0.07692307692307693,0.32,0.3462489694971146,2,stress_load
347,6,0.9432582626498976,0.8665999999999999,0.23275862068965514,0.021428571428571425,0.0,0.0,0.07692307692307693,0.48,0.26380873866446825,2,stress_load
347,7,0.8408891488739398,0.9218000000000001,0.2241379310344827,0.02857142857142857,0.0,0.0,0.15384615384615385,0.52,0.2143446001648806,2,stress_load
347,8,0.7517792726918202,0.6666,0.2241379310344827,0.02857142857142857,0.0,0.0,0.15384615384615385,0.48,0.1648804616652927,2,stress_load
347,9,0.8622404211757825,0.8,0.11206896551724135,0.04285714285714285,0.0,0.0,0.38461538461538464,0.6,0.1648804616652927,2,stress_load
348,0,0.9391634980988594,0.9218000000000001,0.10344827586206894,0.02857142857142857,0.0,0.0,0.38461538461538464,0.44,0.46166529266281964,3,stress_load
348,1,0.9767963342107829,0.9275999999999999,0.2241379310344827,0.049999999999999996,0.0,0.0,0.38461538461538464,0.48,0.5276174773289367,3,stress_load
348,2,0.9521302525104807,0.9331999999999999,0.27586206896551724,0.021428571428571425,0.0,0.0,0.38461538461538464,0.48,0.5111294311624073,3,stress_load
348,3,0.9490104319001659,0.8665999999999999,0.23275862068965514,0.03571428571428571,0.0,0.0,0.07692307692307693,0.32,0.3462489694971146,3,stress_load
348,4,0.9432582626498976,0.8665999999999999,0.23275862068965514,0.021428571428571425,0.0,0.0,0.07692307692307693,0.48,0.26380873866446825,3,stress_load
348,5,0.8408891488739398,0.9218000000000001,0.2241379310344827,0.02857142857142857,0.0,0.0,0.15384615384615385,0.52,0.2143446001648806,3,stress_load
348,6,0.7517792726918202,0.6666,0.2241379310344827,0.02857142857142857,0.0,0.0,0.15384615384615385,0.48,0.1648804616652927,3,stress_load
348,7,0.8622404211757825,0.8,0.11206896551724135,0.04285714285714285,0.0,0.0,0.38461538461538464,0.6,0.1648804616652927,3,stress_load
348,8,0.959052354489617,0.9331999999999999,0.21551724137931028,0.10714285714285712,0.0,0.0,0.15384615384615385,0.36,0.18136850783182187,3,stress_load
348,9,0.9242468558057912,0.8665999999999999,0.41379310344827586,0.22857142857142856,0.0,0.0,0.46153846153846156,0.64,0.26380873866446825,3,stress_load
349,0,0.9767963342107829,0.9275999999999999,0.2241379310344827,0.049999999999999996,0.0,0.0,0.38461538461538464,0.48,0.5276174773289367,3,stress_load
349,1,0.9521302525104807,0.9331999999999999,0.27586206896551724,0.021428571428571425,0.0,0.0,0.38461538461538464,0.48,0.5111294311624073,3,stress_load
349,2,0.9490104319001659,0.8665999999999999,0.23275862068965514,0.03571428571428571,0.0,0.0,0.07692307692307693,0.32,0.3462489694971146,3,stress_load
349,3,0.9432582626498976,0.8665999999999999,0.23275862068965514,0.021428571428571425,0.0,0.0,0.07692307692307693,0.48,0.26380873866446825,3,stress_load
349,4,0.8408891488739398,0.9218000000000001,0.2241379310344827,0.02857142857142857,0.0,0.0,0.15384615384615385,0.52,0.2143446001648806,3,stress_load
349,5,0.7517792726918202,0.6666,0.2241379310344827,0.02857142857142857,0.0,0.0,0.15384615384615385,0.48,0.1648804616652927,3,stress_load
349,6,0.8622404211757825,0.8,0.11206896551724135,0.04285714285714285,0.0,0.0,0.38461538461538464,0.6,0.1648804616652927,3,stress_load
349,7,0.959052354489617,0.9331999999999999,0.21551724137931028,0.10714285714285712,0.0,0.0,0.15384615384615385,0.36,0.18136850783182187,3,stress_load
349,8,0.9242468558057912,0.8665999999999999,0.41379310344827586,0.22857142857142856,0.0,0.0,0.46153846153846156,0.64,0.26380873866446825,3,stress_load
349,9,0.9500828702349616,0.8665999999999999,0.3103448275862069,0.07142857142857142,0.0,0.0,0.6153846153846154,0.56,0.3627370156636441,3,stress_load
350,0,0.9490104319001659,0.8665999999999999,0.23275862068965514,0.03571428571428571,0.0,0.0,0.07692307692307693,0.32,0.3462489694971146,3,stress_load
350,1,0.9432582626498976,0.8665999999999999,0.23275862068965514,0.021428571428571425,0.0,0.0,0.07692307692307693,0.48,0.26380873866446825,3,stress_load
350,2,0.8408891488739398,0.9218000000000001,0.2241379310344827,0.02857142857142857,0.0,0.0,0.15384615384615385,0.52,0.2143446001648806,3,stress_load
350,3,0.7517792726918202,0.6666,0.2241379310344827,0.02857142857142857,0.0,0.0,0.15384615384615385,0.48,0.1648804616652927,3,stress_load
350,4,0.8622404211757825,0.8,0.11206896551724135,0.04285714285714285,0.0,0.0,0.38461538461538464,0.6,0.1648804616652927,3,stress_load
350,5,0.959052354489617,0.9331999999999999,0.21551724137931028,0.10714285714285712,0.0,0.0,0.15384615384615385,0.36,0.18136850783182187,3,stress_load
350,6,0.9242468558057912,0.8665999999999999,0.41379310344827586,0.22857142857142856,0.0,0.0,0.46153846153846156,0.64,0.26380873866446825,3,stress_load
350,7,0.9500828702349616,0.8665999999999999,0.3103448275862069,0.07142857142857142,0.0,0.0,0.6153846153846154,0.56,0.3627370156636441,3,stress_load
350,8,0.9464755776542849,0.9218000000000001,0.10344827586206894,0.049999999999999996,0.0,0.0,0.9230769230769231,0.64,0.5276174773289367,3,stress_load
350,9,0.9569074778200255,0.9275999999999999,0.3017241379310345,0.03571428571428571,0.0,0.0,0.38461538461538464,0.2,0.5276174773289367,3,stress_load
351,0,0.9432582626498976,0.8665999999999999,0.23275862068965514,0.021428571428571425,0.0,0.0,0.07692307692307693,0.48,0.26380873866446825,3,stress_load
351,1,0.8408891488739398,0.9218000000000001,0.2241379310344827,0.02857142857142857,0.0,0.0,0.15384615384615385,0.52,0.2143446001648806,3,stress_load
351,2,0.7517792726918202,0.6666,0.2241379310344827,0.02857142857142857,0.0,0.0,0.15384615384615385,0.48,0.1648804616652927,3,stress_load
351,3,0.8622404211757825,0.8,0.11206896551724135,0.04285714285714285,0.0,0.0,0.38461538461538464,0.6,0.1648804616652927,3,stress_load
351,4,0.959052354489617,0.9331999999999999,0.21551724137931028,0.10714285714285712,0.0,0.0,0.15384615384615385,0.36,0.18136850783182187,3,stress_load
351,5,0.9242468558057912,0.8665999999999999,0.41379310344827586,0.22857142857142856,0.0,0.0,0.46153846153846156,0.64,0.26380873866446825,3,stress_load
351,6,0.9500828702349616,0.8665999999999999,0.3103448275862069,0.07142857142857142,0.0,0.0,0.6153846153846154,0.56,0.3627370156636441,3,stress_load
351,7,0.9464755776542849,0.9218000000000001,0.10344827586206894,0.049999999999999996,0.0,0.0,0.9230769230769231,0.64,0.5276174773289367,3,stress_load
351,8,0.9569074778200255,0.9275999999999999,0.3017241379310345,0.03571428571428571,0.0,0.0,0.38461538461538464,0.2,0.5276174773289367,3,stress_load
351,9,0.9214195183776934,0.9331999999999999,0.19827586206896555,0.05714285714285714,0.0,0.0,0.38461538461538464,0.48,0.5770816158285244,3,stress_load
352,0,0.7517792726918202,0.6666,0.2241379310344827,0.02857142857142857,0.0,0.0,0.15384615384615385,0.48,0.1648804616652927,3,stress_load
352,1,0.8622404211757825,0.8,0.11206896551724135,0.04285714285714285,0.0,0.0,0.38461538461538464,0.6,0.1648804616652927,3,stress_load
352,2,0.959052354489617,0.9331999999999999,0.21551724137931028,0.10714285714285712,0.0,0.0,0.15384615384615385,0.36,0.18136850783182187,3,stress_load
352,3,0.9242468558057912,0.8665999999999999,0.41379310344827586,0.22857142857142856,0.0,0.0,0.46153846153846156,0.64,0.26380873866446825,3,stress_load
352,4,0.9500828702349616,0.8665999999999999,0.3103448275862069,0.07142857142857142,0.0,0.0,0.6153846153846154,0.56,0.3627370156636441,3,stress_load
352,5,0.9464755776542849,0.9218000000000001,0.10344827586206894,0.049999999999999996,0.0,0.0,0.9230769230769231,0.64,0.5276174773289367,3,stress_load
352,6,0.9569074778200255,0.9275999999999999,0.3017241379310345,0.03571428571428571,0.0,0.0,0.38461538461538464,0.2,0.5276174773289367,3,stress_load
352,7,0.9214195183776934,0.9331999999999999,0.19827586206896555,0.05714285714285714,0.0,0.0,0.38461538461538464,0.48,0.5770816158285244,3,stress_load
352,8,0.9422833187091744,1.0,0.24999999999999997,0.05714285714285714,0.0,0.0,0.9230769230769231,0.76,0.6760098928277,3,stress_load
352,9,0.9495953982645999,0.8665999999999999,0.23275862068965514,0.05714285714285714,0.0,0.0,0.6153846153846154,0.32,0.6760098928277,3,stress_load
353,0,0.8622404211757825,0.8,0.11206896551724135,0.04285714285714285,0.0,0.0,0.38461538461538464,0.6,0.1648804616652927,3,stress_load
353,1,0.959052354489617,0.9331999999999999,0.21551724137931028,0.10714285714285712,0.0,0.0,0.15384615384615385,0.36,0.18136850783182187,3,stress_load
353,2,0.9242468558057912,0.8665999999999999,0.41379310344827586,0.22857142857142856,0.0,0.0,0.46153846153846156,0.64,0.26380873866446825,3,stress_load
353,3,0.9500828702349616,0.8665999999999999,0.3103448275862069,0.07142857142857142,0.0,0.0,0.6153846153846154,0.56,0.3627370156636441,3,stress_load
353,4,0.9464755776542849,0.9218000000000001,0.10344827586206894,0.049999999999999996,0.0,0.0,0.9230769230769231,0.64,0.5276174773289367,3,stress_load
353,5,0.9569074778200255,0.9275999999999999,0.3017241379310345,0.03571428571428571,0.0,0.0,0.38461538461538464,0.2,0.5276174773289367,3,stress_load
353,6,0.9214195183776934,0.9331999999999999,0.19827586206896555,0.05714285714285714,0.0,0.0,0.38461538461538464,0.48,0.5770816158285244,3,stress_load
353,7,0.9422833187091744,1.0,0.24999999999999997,0.05714285714285714,0.0,0.0,0.9230769230769231,0.76,0.6760098928277,3,stress_load
353,8,0.9495953982645999,0.8665999999999999,0.23275862068965514,0.05714285714285714,0.0,0.0,0.6153846153846154,0.32,0.6760098928277,3,stress_load
353,9,0.9602222872184849,0.8665999999999999,0.3103448275862069,0.021428571428571425,0.34782608695652173,0.34782608695652173,0.38461538461538464,0.36,0.5605935696619951,3,stress_load
354,0,0.959052354489617,0.9331999999999999,0.21551724137931028,0.10714285714285712,0.0,0.0,0.15384615384615385,0.36,0.18136850783182187,2,stress_load
354,1,0.9242468558057912,0.8665999999999999,0.41379310344827586,0.22857142857142856,0.0,0.0,0.46153846153846156,0.64,0.26380873866446825,2,stress_load
354,2,0.9500828702349616,0.8665999999999999,0.3103448275862069,0.07142857142857142,0.0,0.0,0.6153846153846154,0.56,0.3627370156636441,2,stress_load
354,3,0.9464755776542849,0.9218000000000001,0.10344827586206894,0.049999999999999996,0.0,0.0,0.9230769230769231,0.64,0.5276174773289367,2,stress_load
354,4,0.9569074778200255,0.9275999999999999,0.3017241379310345,0.03571428571428571,0.0,0.0,0.38461538461538464,0.2,0.5276174773289367,2,stress_load
354,5,0.9214195183776934,0.9331999999999999,0.19827586206896555,0.05714285714285714,0.0,0.0,0.38461538461538464,0.48,0.5770816158285244,2,stress_load
354,6,0.9422833187091744,1.0,0.24999999999999997,0.05714285714285714,0.0,0.0,0.9230769230769231,0.76,0.6760098928277,2,stress_load
354,7,0.9495953982645999,0.8665999999999999,0.23275862068965514,0.05714285714285714,0.0,0.0,0.6153846153846154,0.32,0.6760098928277,2,stress_load
354,8,0.9602222872184849,0.8665999999999999,0.3103448275862069,0.021428571428571425,0.34782608695652173,0.34782608695652173,0.38461538461538464,0.36,0.5605935696619951,2,stress_load
354,9,0.7931168957784928,0.9331999999999999,0.2672413793103448,0.007142857142857143,0.0,0.0,0.7692307692307693,0.68,0.6430338004946415,2,stress_load
355,0,0.9242468558057912,0.8665999999999999,0.41379310344827586,0.22857142857142856,0.0,0.0,0.46153846153846156,0.64,0.26380873866446825,2,stress_load
355,1,0.9500828702349616,0.8665999999999999,0.3103448275862069,0.07142857142857142,0.0,0.0,0.6153846153846154,0.56,0.3627370156636441,2,stress_load
355,2,0.9464755776542849,0.9218000000000001,0.10344827586206894,0.049999999999999996,0.0,0.0,0.9230769230769231,0.64,0.5276174773289367,2,stress_load
355,3,0.9569074778200255,0.9275999999999999,0.3017241379310345,0.03571428571428571,0.0,0.0,0.38461538461538464,0.2,0.5276174773289367,2,stress_load
355,4,0.9214195183776934,0.9331999999999999,0.19827586206896555,0.05714285714285714,0.0,0.0,0.38461538461538464,0.48,0.5770816158285244,2,stress_load
355,5,0.9422833187091744,1.0,0.24999999999999997,0.05714285714285714,0.0,0.0,0.9230769230769231,0.76,0.6760098928277,2,stress_load
355,6,0.9495953982645999,0.8665999999999999,0.23275862068965514,0.05714285714285714,0.0,0.0,0.6153846153846154,0.32,0.6760098928277,2,stress_load
355,7,0.9602222872184849,0.8665999999999999,0.3103448275862069,0.021428571428571425,0.34782608695652173,0.34782608695652173,0.38461538461538464,0.36,0.5605935696619951,2,stress_load
355,8,0.7931168957784928,0.9331999999999999,0.2672413793103448,0.007142857142857143,0.0,0.0,0.7692307692307693,0.68,0.6430338004946415,2,stress_load
355,9,0.8147606512625524,0.9331999999999999,0.3103448275862069,0.07142857142857142,0.0,0.0,0.7692307692307693,0.48,0.7254740313272878,2,stress_load
356,0,0.9500828702349616,0.8665999999999999,0.3103448275862069,0.07142857142857142,0.0,0.0,0.6153846153846154,0.56,0.3627370156636441,3,stress_load
356,1,0.9464755776542849,0.9218000000000001,0.10344827586206894,0.049999999999999996,0.0,0.0,0.9230769230769231,0.64,0.5276174773289367,3,stress_load
356,2,0.9569074778200255,0.9275999999999999,0.3017241379310345,0.03571428571428571,0.0,0.0,0.38461538461538464,0.2,0.5276174773289367,3,stress_load
356,3,0.9214195183776934,0.9331999999999999,0.19827586206896555,0.05714285714285714,0.0,0.0,0.38461538461538464,0.48,0.5770816158285244,3,stress_load
356,4,0.9422833187091744,1.0,0.24999999999999997,0.05714285714285714,0.0,0.0,0.9230769230769231,0.76,0.6760098928277,3,stress_load
356,5,0.9495953982645999,0.8665999999999999,0.23275862068965514,0.05714285714285714,0.0,0.0,0.6153846153846154,0.32,0.6760098928277,3,stress_load
356,6,0.9602222872184849,0.8665999999999999,0.3103448275862069,0.021428571428571425,0.34782608695652173,0.34782608695652173,0.38461538461538464,0.36,0.5605935696619951,3,stress_load
356,7,0.7931168957784928,0.9331999999999999,0.2672413793103448,0.007142857142857143,0.0,0.0,0.7692307692307693,0.68,0.6430338004946415,3,stress_load
356,8,0.8147606512625524,0.9331999999999999,0.3103448275862069,0.07142857142857142,0.0,0.0,0.7692307692307693,0.48,0.7254740313272878,3,stress_load
356,9,0.9005557180462125,0.8665999999999999,0.18965517241379315,0.03571428571428571,0.30434782608695654,0.30434782608695654,0.9230769230769231,0.56,0.7254740313272878,3,stress_load
357,0,0.9464755776542849,0.9218000000000001,0.10344827586206894,0.049999999999999996,0.0,0.0,0.9230769230769231,0.64,0.5276174773289367,3,stress_load
357,1,0.9569074778200255,0.9275999999999999,0.3017241379310345,0.03571428571428571,0.0,0.0,0.38461538461538464,0.2,0.5276174773289367,3,stress_load
357,2,0.9214195183776934,0.9331999999999999,0.19827586206896555,0.05714285714285714,0.0,0.0,0.38461538461538464,0.48,0.5770816158285244,3,stress_load
357,3,0.9422833187091744,1.0,0.24999999999999997,0.05714285714285714,0.0,0.0,0.9230769230769231,0.76,0.6760098928277,3,stress_load
357,4,0.9495953982645999,0.8665999999999999,0.23275862068965514,0.05714285714285714,0.0,0.0,0.6153846153846154,0.32,0.6760098928277,3,stress_load
357,5,0.9602222872184849,0.8665999999999999,0.3103448275862069,0.021428571428571425,0.34782608695652173,0.34782608695652173,0.38461538461538464,0.36,0.5605935696619951,3,stress_load
357,6,0.7931168957784928,0.9331999999999999,0.2672413793103448,0.007142857142857143,0.0,0.0,0.7692307692307693,0.68,0.6430338004946415,3,stress_load
357,7,0.8147606512625524,0.9331999999999999,0.3103448275862069,0.07142857142857142,0.0,0.0,0.7692307692307693,0.48,0.7254740313272878,3,stress_load
357,8,0.9005557180462125,0.8665999999999999,0.18965517241379315,0.03571428571428571,0.30434782608695654,0.30434782608695654,0.9230769230769231,0.56,0.7254740313272878,3,stress_load
357,9,0.925611777322804,0.8665999999999999,0.2672413793103448,0.07142857142857142,0.0,0.0,0.9230769230769231,0.48,0.791426215993405,3,stress_load
358,0,0.9569074778200255,0.9275999999999999,0.3017241379310345,0.03571428571428571,0.0,0.0,0.38461538461538464,0.2,0.5276174773289367,3,stress_load
358,1,0.9214195183776934,0.9331999999999999,0.19827586206896555,0.05714285714285714,0.0,0.0,0.38461538461538464,0.48,0.5770816158285244,3,stress_load
358,2,0.9422833187091744,1.0,0.24999999999999997,0.05714285714285714,0.0,0.0,0.9230769230769231,0.76,0.6760098928277,3,stress_load
358,3,0.9495953982645999,0.8665999999999999,0.23275862068965514,0.05714285714285714,0.0,0.0,0.6153846153846154,0.32,0.6760098928277,3,stress_load
358,4,0.9602222872184849,0.8665999999999999,0.3103448275862069,0.021428571428571425,0.34782608695652173,0.34782608695652173,0.38461538461538464,0.36,0.5605935696619951,3,stress_load
358,5,0.7931168957784928,0.9331999999999999,0.2672413793103448,0.007142857142857143,0.0,0.0,0.7692307692307693,0.68,0.6430338004946415,3,stress_load
358,6,0.8147606512625524,0.9331999999999999,0.3103448275862069,0.07142857142857142,0.0,0.0,0.7692307692307693,0.48,0.7254740313272878,3,stress_load
358,7,0.9005557180462125,0.8665999999999999,0.18965517241379315,0.03571428571428571,0.30434782608695654,0.30434782608695654,0.9230769230769231,0.56,0.7254740313272878,3,stress_load
358,8,0.925611777322804,0.8665999999999999,0.2672413793103448,0.07142857142857142,0.0,0.0,0.9230769230769231,0.48,0.791426215993405,3,stress_load
358,9,0.9458906112898509,0.9218000000000001,0.37068965517241376,0.21428571428571425,0.0,0.0,0.38461538461538464,0.2,0.791426215993405,3,stress_load
359,0,0.9422833187091744,1.0,0.24999999999999997,0.05714285714285714,0.0,0.0,0.9230769230769231,0.76,0.6760098928277,3,stress_load
359,1,0.9495953982645999,0.8665999999999999,0.23275862068965514,0.05714285714285714,0.0,0.0,0.6153846153846154,0.32,0.6760098928277,3,stress_load
359,2,0.9602222872184849,0.8665999999999999,0.3103448275862069,0.021428571428571425,0.34782608695652173,0.34782608695652173,0.38461538461538464,0.36,0.5605935696619951,3,stress_load
359,3,0.7931168957784928,0.9331999999999999,0.2672413793103448,0.007142857142857143,0.0,0.0,0.7692307692307693,0.68,0.6430338004946415,3,stress_load
359,4,0.8147606512625524,0.9331999999999999,0.3103448275862069,0.07142857142857142,0.0,0.0,0.7692307692307693,0.48,0.7254740313272878,3,stress_load
359,5,0.9005557180462125,0.8665999999999999,0.18965517241379315,0.03571428571428571,0.30434782608695654,0.30434782608695654,0.9230769230769231,0.56,0.7254740313272878,3,stress_load
359,6,0.925611777322804,0.8665999999999999,0.2672413793103448,0.07142857142857142,0.0,0.0,0.9230769230769231,0.48,0.791426215993405,3,stress_load
359,7,0.9458906112898509,0.9218000000000001,0.37068965517241376,0.21428571428571425,0.0,0.0,0.38461538461538464,0.2,0.791426215993405,3,stress_load
359,8,0.963634591011017,0.9562,0.24999999999999997,0.03571428571428571,0.0,0.0,0.07692307692307693,0.32,0.6430338004946415,3,stress_load
359,9,0.9387735205225701,0.9907999999999998,0.2586206896551724,0.07142857142857142,0.0,0.0,0.8461538461538461,0.88,0.6595218466611708,3,stress_load
360,0,0.9495953982645999,0.8665999999999999,0.23275862068965514,0.05714285714285714,0.0,0.0,0.6153846153846154,0.32,0.6760098928277,3,stress_load
360,1,0.9602222872184849,0.8665999999999999,0.3103448275862069,0.021428571428571425,0.34782608695652173,0.34782608695652173,0.38461538461538464,0.36,0.5605935696619951,3,stress_load
360,2,0.7931168957784928,0.9331999999999999,0.2672413793103448,0.007142857142857143,0.0,0.0,0.7692307692307693,0.68,0.6430338004946415,3,stress_load
360,3,0.8147606512625524,0.9331999999999999,0.3103448275862069,0.07142857142857142,0.0,0.0,0.7692307692307693,0.48,0.7254740313272878,3,stress_load
360,4,0.9005557180462125,0.8665999999999999,0.18965517241379315,0.03571428571428571,0.30434782608695654,0.30434782608695654,0.9230769230769231,0.56,0.7254740313272878,3,stress_load
360,5,0.925611777322804,0.8665999999999999,0.2672413793103448,0.07142857142857142,0.0,0.0,0.9230769230769231,0.48,0.791426215993405,3,stress_load
360,6,0.9458906112898509,0.9218000000000001,0.37068965517241376,0.21428571428571425,0.0,0.0,0.38461538461538464,0.2,0.791426215993405,3,stress_load
360,7,0.963634591011017,0.9562,0.24999999999999997,0.03571428571428571,0.0,0.0,0.07692307692307693,0.32,0.6430338004946415,3,stress_load
360,8,0.9387735205225701,0.9907999999999998,0.2586206896551724,0.07142857142857142,0.0,0.0,0.8461538461538461,0.88,0.6595218466611708,3,stress_load
360,9,0.9572974553963147,0.8665999999999999,0.4051724137931034,0.12857142857142856,0.0,0.0,0.46153846153846156,0.28,0.5605935696619951,3,stress_load
361,0,0.8147606512625524,0.9331999999999999,0.3103448275862069,0.07142857142857142,0.0,0.0,0.7692307692307693,0.48,0.7254740313272878,3,stress_load
361,1,0.9005557180462125,0.8665999999999999,0.18965517241379315,0.03571428571428571,0.30434782608695654,0.30434782608695654,0.9230769230769231,0.56,0.7254740313272878,3,stress_load
361,2,0.925611777322804,0.8665999999999999,0.2672413793103448,0.07142857142857142,0.0,0.0,0.9230769230769231,0.48,0.791426215993405,3,stress_load
361,3,0.9458906112898509,0.9218000000000001,0.37068965517241376,0.21428571428571425,0.0,0.0,0.38461538461538464,0.2,0.791426215993405,3,stress_load
361,4,0.963634591011017,0.9562,0.24999999999999997,0.03571428571428571,0.0,0.0,0.07692307692307693,0.32,0.6430338004946415,3,stress_load
361,5,0.9387735205225701,0.9907999999999998,0.2586206896551724,0.07142857142857142,0.0,0.0,0.8461538461538461,0.88,0.6595218466611708,3,stress_load
361,6,0.9572974553963147,0.8665999999999999,0.4051724137931034,0.12857142857142856,0.0,0.0,0.46153846153846156,0.28,0.5605935696619951,3,stress_load
361,7,0.9824510090669787,0.9331999999999999,0.23275862068965514,0.05714285714285714,0.0,0.0,0.5384615384615384,0.52,0.4781533388293488,3,stress_load
361,8,0.9564200058496637,0.8665999999999999,0.2586206896551724,0.04285714285714285,0.0,0.0,0.5384615384615384,0.48,0.5111294311624073,3,stress_load
361,9,0.9745539631471191,0.9331999999999999,0.2672413793103448,0.04285714285714285,0.391304347826087,0.391304347826087,0.6923076923076923,0.56,0.6430338004946415,3,stress_load
362,0,0.9005557180462125,0.8665999999999999,0.18965517241379315,0.03571428571428571,0.30434782608695654,0.30434782608695654,0.9230769230769231,0.56,0.7254740313272878,3,stress_load
362,1,0.925611777322804,0.8665999999999999,0.2672413793103448,0.07142857142857142,0.0,0.0,0.9230769230769231,0.48,0.791426215993405,3,stress_load
362,2,0.9458906112898509,0.9218000000000001,0.37068965517241376,0.21428571428571425,0.0,0.0,0.38461538461538464,0.2,0.791426215993405,3,stress_load
362,3,0.963634591011017,0.9562,0.24999999999999997,0.03571428571428571,0.0,0.0,0.07692307692307693,0.32,0.6430338004946415,3,stress_load
362,4,0.9387735205225701,0.9907999999999998,0.2586206896551724,0.07142857142857142,0.0,0.0,0.8461538461538461,0.88,0.6595218466611708,3,stress_load
362,5,0.9572974553963147,0.8665999999999999,0.4051724137931034,0.12857142857142856,0.0,0.0,0.46153846153846156,0.28,0.5605935696619951,3,stress_load
362,6,0.9824510090669787,0.9331999999999999,0.23275862068965514,0.05714285714285714,0.0,0.0,0.5384615384615384,0.52,0.4781533388293488,3,stress_load
362,7,0.9564200058496637,0.8665999999999999,0.2586206896551724,0.04285714285714285,0.0,0.0,0.5384615384615384,0.48,0.5111294311624073,3,stress_load
362,8,0.9745539631471191,0.9331999999999999,0.2672413793103448,0.04285714285714285,0.391304347826087,0.391304347826087,0.6923076923076923,0.56,0.6430338004946415,3,stress_load
362,9,0.9444281953787659,0.9218000000000001,0.2672413793103448,0.03571428571428571,0.0,0.0,0.5384615384615384,0.4,0.5770816158285244,3,stress_load
363,0,0.9458906112898509,0.9218000000000001,0.37068965517241376,0.21428571428571425,0.0,0.0,0.38461538461538464,0.2,0.791426215993405,3,stress_load
363,1,0.963634591011017,0.9562,0.24999999999999997,0.03571428571428571,0.0,0.0,0.07692307692307693,0.32,0.6430338004946415,3,stress_load
363,2,0.9387735205225701,0.9907999999999998,0.2586206896551724,0.07142857142857142,0.0,0.0,0.8461538461538461,0.88,0.6595218466611708,3,stress_load
363,3,0.9572974553963147,0.8665999999999999,0.4051724137931034,0.12857142857142856,0.0,0.0,0.46153846153846156,0.28,0.5605935696619951,3,stress_load
363,4,0.9824510090669787,0.9331999999999999,0.23275862068965514,0.05714285714285714,0.0,0.0,0.5384615384615384,0.52,0.4781533388293488,3,stress_load
363,5,0.9564200058496637,0.8665999999999999,0.2586206896551724,0.04285714285714285,0.0,0.0,0.5384615384615384,0.48,0.5111294311624073,3,stress_load
363,6,0.9745539631471191,0.9331999999999999,0.2672413793103448,0.04285714285714285,0.391304347826087,0.391304347826087,0.6923076923076923,0.56,0.6430338004946415,3,stress_load
363,7,0.9444281953787659,0.9218000000000001,0.2672413793103448,0.03571428571428571,0.0,0.0,0.5384615384615384,0.4,0.5770816158285244,3,stress_load
363,8,0.9554450619089403,0.9562,0.21551724137931028,0.05714285714285714,0.0,0.0,0.6153846153846154,0.52,0.6100577081615831,3,stress_load
363,9,0.9503753534171786,0.9907999999999998,0.2241379310344827,0.03571428571428571,0.0,0.0,0.5384615384615384,0.44,0.6100577081615831,3,stress_load
364,0,0.963634591011017,0.9562,0.24999999999999997,0.03571428571428571,0.0,0.0,0.07692307692307693,0.32,0.6430338004946415,3,stress_load
364,1,0.9387735205225701,0.9907999999999998,0.2586206896551724,0.07142857142857142,0.0,0.0,0.8461538461538461,0.88,0.6595218466611708,3,stress_load
364,2,0.9572974553963147,0.8665999999999999,0.4051724137931034,0.12857142857142856,0.0,0.0,0.46153846153846156,0.28,0.5605935696619951,3,stress_load
364,3,0.9824510090669787,0.9331999999999999,0.23275862068965514,0.05714285714285714,0.0,0.0,0.5384615384615384,0.52,0.4781533388293488,3,stress_load
364,4,0.9564200058496637,0.8665999999999999,0.2586206896551724,0.04285714285714285,0.0,0.0,0.5384615384615384,0.48,0.5111294311624073,3,stress_load
364,5,0.9745539631471191,0.9331999999999999,0.2672413793103448,0.04285714285714285,0.391304347826087,0.391304347826087,0.6923076923076923,0.56,0.6430338004946415,3,stress_load
364,6,0.9444281953787659,0.9218000000000001,0.2672413793103448,0.03571428571428571,0.0,0.0,0.5384615384615384,0.4,0.5770816158285244,3,stress_load
364,7,0.9554450619089403,0.9562,0.21551724137931028,0.05714285714285714,0.0,0.0,0.6153846153846154,0.52,0.6100577081615831,3,stress_load
364,8,0.9503753534171786,0.9907999999999998,0.2241379310344827,0.03571428571428571,0.0,0.0,0.5384615384615384,0.44,0.6100577081615831,3,stress_load
364,9,0.9563225114555914,0.9907999999999998,0.3362068965517241,0.04285714285714285,0.0,0.0,0.5384615384615384,0.48,0.6100577081615831,3,stress_load
365,0,0.9572974553963147,0.8665999999999999,0.4051724137931034,0.12857142857142856,0.0,0.0,0.46153846153846156,0.28,0.5605935696619951,3,stress_load
365,1,0.9824510090669787,0.9331999999999999,0.23275862068965514,0.05714285714285714,0.0,0.0,0.5384615384615384,0.52,0.4781533388293488,3,stress_load
365,2,0.9564200058496637,0.8665999999999999,0.2586206896551724,0.04285714285714285,0.0,0.0,0.5384615384615384,0.48,0.5111294311624073,3,stress_load
365,3,0.9745539631471191,0.9331999999999999,0.2672413793103448,0.04285714285714285,0.391304347826087,0.391304347826087,0.6923076923076923,0.56,0.6430338004946415,3,stress_load
365,4,0.9444281953787659,0.9218000000000001,0.2672413793103448,0.03571428571428571,0.0,0.0,0.5384615384615384,0.4,0.5770816158285244,3,stress_load
365,5,0.9554450619089403,0.9562,0.21551724137931028,0.05714285714285714,0.0,0.0,0.6153846153846154,0.52,0.6100577081615831,3,stress_load
365,6,0.9503753534171786,0.9907999999999998,0.2241379310344827,0.03571428571428571,0.0,0.0,0.5384615384615384,0.44,0.6100577081615831,3,stress_load
365,7,0.9563225114555914,0.9907999999999998,0.3362068965517241,0.04285714285714285,0.0,0.0,0.5384615384615384,0.48,0.6100577081615831,3,stress_load
365,8,0.9518377693282637,0.9907999999999998,0.45689655172413796,0.3142857142857142,0.0,0.0,0.5384615384615384,0.48,0.5770816158285244,3,stress_load
365,9,0.9662669396509701,0.8665999999999999,0.31896551724137934,0.021428571428571425,0.0,0.0,0.6153846153846154,0.52,0.5935696619950536,3,stress_load
366,0,0.9824510090669787,0.9331999999999999,0.23275862068965514,0.05714285714285714,0.0,0.0,0.5384615384615384,0.52,0.4781533388293488,3,stress_load
366,1,0.9564200058496637,0.8665999999999999,0.2586206896551724,0.04285714285714285,0.0,0.0,0.5384615384615384,0.48,0.5111294311624073,3,stress_load
366,2,0.9745539631471191,0.9331999999999999,0.2672413793103448,0.04285714285714285,0.391304347826087,0.391304347826087,0.6923076923076923,0.56,0.6430338004946415,3,stress_load
366,3,0.9444281953787659,0.9218000000000001,0.2672413793103448,0.03571428571428571,0.0,0.0,0.5384615384615384,0.4,0.5770816158285244,3,stress_load
366,4,0.9554450619089403,0.9562,0.21551724137931028,0.05714285714285714,0.0,0.0,0.6153846153846154,0.52,0.6100577081615831,3,stress_load
366,5,0.9503753534171786,0.9907999999999998,0.2241379310344827,0.03571428571428571,0.0,0.0,0.5384615384615384,0.44,0.6100577081615831,3,stress_load
366,6,0.9563225114555914,0.9907999999999998,0.3362068965517241,0.04285714285714285,0.0,0.0,0.5384615384615384,0.48,0.6100577081615831,3,stress_load
366,7,0.9518377693282637,0.9907999999999998,0.45689655172413796,0.3142857142857142,0.0,0.0,0.5384615384615384,0.48,0.5770816158285244,3,stress_load
366,8,0.9662669396509701,0.8665999999999999,0.31896551724137934,0.021428571428571425,0.0,0.0,0.6153846153846154,0.52,0.5935696619950536,3,stress_load
366,9,0.9671443891976212,0.8665999999999999,0.27586206896551724,0.06428571428571428,0.21739130434782608,0.21739130434782608,0.7692307692307693,0.56,0.6265457543281123,3,stress_load
367,0,0.9564200058496637,0.8665999999999999,0.2586206896551724,0.04285714285714285,0.0,0.0,0.5384615384615384,0.48,0.5111294311624073,3,stress_load
367,1,0.9745539631471191,0.9331999999999999,0.2672413793103448,0.04285714285714285,0.391304347826087,0.391304347826087,0.6923076923076923,0.56,0.6430338004946415,3,stress_load
367,2,0.9444281953787659,0.9218000000000001,0.2672413793103448,0.03571428571428571,0.0,0.0,0.5384615384615384,0.4,0.5770816158285244,3,stress_load
367,3,0.9554450619089403,0.9562,0.21551724137931028,0.05714285714285714,0.0,0.0,0.6153846153846154,0.52,0.6100577081615831,3,stress_load
367,4,0.9503753534171786,0.9907999999999998,0.2241379310344827,0.03571428571428571,0.0,0.0,0.5384615384615384,0.44,0.6100577081615831,3,stress_load
367,5,0.9563225114555914,0.9907999999999998,0.3362068965517241,0.04285714285714285,0.0,0.0,0.5384615384615384,0.48,0.6100577081615831,3,stress_load
367,6,0.9518377693282637,0.9907999999999998,0.45689655172413796,0.3142857142857142,0.0,0.0,0.5384615384615384,0.48,0.5770816158285244,3,stress_load
367,7,0.9662669396509701,0.8665999999999999,0.31896551724137934,0.021428571428571425,0.0,0.0,0.6153846153846154,0.52,0.5935696619950536,3,stress_load
367,8,0.9671443891976212,0.8665999999999999,0.27586206896551724,0.06428571428571428,0.21739130434782608,0.21739130434782608,0.7692307692307693,0.56,0.6265457543281123,3,stress_load
367,9,0.9561275226674466,0.9331999999999999,0.03448275862068963,0.007142857142857143,0.0,0.0,0.3076923076923077,0.24,0.5770816158285244,3,stress_load
368,0,0.9444281953787659,0.9218000000000001,0.2672413793103448,0.03571428571428571,0.0,0.0,0.5384615384615384,0.4,0.5770816158285244,3,stress_load
368,1,0.9554450619089403,0.9562,0.21551724137931028,0.05714285714285714,0.0,0.0,0.6153846153846154,0.52,0.6100577081615831,3,stress_load
368,2,0.9503753534171786,0.9907999999999998,0.2241379310344827,0.03571428571428571,0.0,0.0,0.5384615384615384,0.44,0.6100577081615831,3,stress_load
368,3,0.9563225114555914,0.9907999999999998,0.3362068965517241,0.04285714285714285,0.0,0.0,0.5384615384615384,0.48,0.6100577081615831,3,stress_load
368,4,0.9518377693282637,0.9907999999999998,0.45689655172413796,0.3142857142857142,0.0,0.0,0.5384615384615384,0.48,0.5770816158285244,3,stress_load
368,5,0.9662669396509701,0.8665999999999999,0.31896551724137934,0.021428571428571425,0.0,0.0,0.6153846153846154,0.52,0.5935696619950536,3,stress_load
368,6,0.9671443891976212,0.8665999999999999,0.27586206896551724,0.06428571428571428,0.21739130434782608,0.21739130434782608,0.7692307692307693,0.56,0.6265457543281123,3,stress_load
368,7,0.9561275226674466,0.9331999999999999,0.03448275862068963,0.007142857142857143,0.0,0.0,0.3076923076923077,0.24,0.5770816158285244,3,stress_load
368,8,0.9515452861460466,0.8665999999999999,0.27586206896551724,0.007142857142857143,0.0,0.0,0.7692307692307693,0.72,0.6265457543281123,3,stress_load
368,9,0.9494004094764551,0.8665999999999999,0.28448275862068967,0.021428571428571425,0.0,0.0,0.46153846153846156,0.32,0.6100577081615831,3,stress_load
369,0,0.9554450619089403,0.9562,0.21551724137931028,0.05714285714285714,0.0,0.0,0.6153846153846154,0.52,0.6100577081615831,3,stress_load
369,1,0.9503753534171786,0.9907999999999998,0.2241379310344827,0.03571428571428571,0.0,0.0,0.5384615384615384,0.44,0.6100577081615831,3,stress_load
369,2,0.9563225114555914,0.9907999999999998,0.3362068965517241,0.04285714285714285,0.0,0.0,0.5384615384615384,0.48,0.6100577081615831,3,stress_load
369,3,0.9518377693282637,0.9907999999999998,0.45689655172413796,0.3142857142857142,0.0,0.0,0.5384615384615384,0.48,0.5770816158285244,3,stress_load
369,4,0.9662669396509701,0.8665999999999999,0.31896551724137934,0.021428571428571425,0.0,0.0,0.6153846153846154,0.52,0.5935696619950536,3,stress_load
369,5,0.9671443891976212,0.8665999999999999,0.27586206896551724,0.06428571428571428,0.21739130434782608,0.21739130434782608,0.7692307692307693,0.56,0.6265457543281123,3,stress_load
369,6,0.9561275226674466,0.9331999999999999,0.03448275862068963,0.007142857142857143,0.0,0.0,0.3076923076923077,0.24,0.5770816158285244,3,stress_load
369,7,0.9515452861460466,0.8665999999999999,0.27586206896551724,0.007142857142857143,0.0,0.0,0.7692307692307693,0.72,0.6265457543281123,3,stress_load
369,8,0.9494004094764551,0.8665999999999999,0.28448275862068967,0.021428571428571425,0.0,0.0,0.46153846153846156,0.32,0.6100577081615831,3,stress_load
369,9,0.9715316369308766,0.9331999999999999,0.3017241379310345,0.02857142857142857,0.0,0.0,0.5384615384615384,0.52,0.5935696619950536,3,stress_load
370,0,0.9503753534171786,0.9907999999999998,0.2241379310344827,0.03571428571428571,0.0,0.0,0.5384615384615384,0.44,0.6100577081615831,3,stress_load
370,1,0.9563225114555914,0.9907999999999998,0.3362068965517241,0.04285714285714285,0.0,0.0,0.5384615384615384,0.48,0.6100577081615831,3,stress_load
370,2,0.9518377693282637,0.9907999999999998,0.45689655172413796,0.3142857142857142,0.0,0.0,0.5384615384615384,0.48,0.5770816158285244,3,stress_load
370,3,0.9662669396509701,0.8665999999999999,0.31896551724137934,0.021428571428571425,0.0,0.0,0.6153846153846154,0.52,0.5935696619950536,3,stress_load
370,4,0.9671443891976212,0.8665999999999999,0.27586206896551724,0.06428571428571428,0.21739130434782608,0.21739130434782608,0.7692307692307693,0.56,0.6265457543281123,3,stress_load
370,5,0.9561275226674466,0.9331999999999999,0.03448275862068963,0.007142857142857143,0.0,0.0,0.3076923076923077,0.24,0.5770816158285244,3,stress_load
370,6,0.9515452861460466,0.8665999999999999,0.27586206896551724,0.007142857142857143,0.0,0.0,0.7692307692307693,0.72,0.6265457543281123,3,stress_load
370,7,0.9494004094764551,0.8665999999999999,0.28448275862068967,0.021428571428571425,0.0,0.0,0.46153846153846156,0.32,0.6100577081615831,3,stress_load
370,8,0.9715316369308766,0.9331999999999999,0.3017241379310345,0.02857142857142857,0.0,0.0,0.5384615384615384,0.52,0.5935696619950536,3,stress_load
370,9,0.9564200058496637,0.9331999999999999,0.38793103448275856,0.2785714285714285,0.0,0.0,0.5384615384615384,0.48,0.5441055234954659,3,stress_load
371,0,0.9563225114555914,0.9907999999999998,0.3362068965517241,0.04285714285714285,0.0,0.0,0.5384615384615384,0.48,0.6100577081615831,3,stress_load
371,1,0.9518377693282637,0.9907999999999998,0.45689655172413796,0.3142857142857142,0.0,0.0,0.5384615384615384,0.48,0.5770816158285244,3,stress_load
371,2,0.9662669396509701,0.8665999999999999,0.31896551724137934,0.021428571428571425,0.0,0.0,0.6153846153846154,0.52,0.5935696619950536,3,stress_load
371,3,0.9671443891976212,0.8665999999999999,0.27586206896551724,0.06428571428571428,0.21739130434782608,0.21739130434782608,0.7692307692307693,0.56,0.6265457543281123,3,stress_load
371,4,0.9561275226674466,0.9331999999999999,0.03448275862068963,0.007142857142857143,0.0,0.0,0.3076923076923077,0.24,0.5770816158285244,3,stress_load
371,5,0.9515452861460466,0.8665999999999999,0.27586206896551724,0.007142857142857143,0.0,0.0,0.7692307692307693,0.72,0.6265457543281123,3,stress_load
371,6,0.9494004094764551,0.8665999999999999,0.28448275862068967,0.021428571428571425,0.0,0.0,0.46153846153846156,0.32,0.6100577081615831,3,stress_load
371,7,0.9715316369308766,0.9331999999999999,0.3017241379310345,0.02857142857142857,0.0,0.0,0.5384615384615384,0.52,0.5935696619950536,3,stress_load
371,8,0.9564200058496637,0.9331999999999999,0.38793103448275856,0.2785714285714285,0.0,0.0,0.5384615384615384,0.48,0.5441055234954659,3,stress_load
371,9,0.9830359754314127,0.9331999999999999,1.0,1.0,0.17391304347826086,0.17391304347826086,0.07692307692307693,0.24,0.494641384995878,3,stress_load
372,0,0.9662669396509701,0.8665999999999999,0.31896551724137934,0.021428571428571425,0.0,0.0,0.6153846153846154,0.52,0.5935696619950536,3,stress_load
372,1,0.9671443891976212,0.8665999999999999,0.27586206896551724,0.06428571428571428,0.21739130434782608,0.21739130434782608,0.7692307692307693,0.56,0.6265457543281123,3,stress_load
372,2,0.9561275226674466,0.9331999999999999,0.03448275862068963,0.007142857142857143,0.0,0.0,0.3076923076923077,0.24,0.5770816158285244,3,stress_load
372,3,0.9515452861460466,0.8665999999999999,0.27586206896551724,0.007142857142857143,0.0,0.0,0.7692307692307693,0.72,0.6265457543281123,3,stress_load
372,4,0.9494004094764551,0.8665999999999999,0.28448275862068967,0.021428571428571425,0.0,0.0,0.46153846153846156,0.32,0.6100577081615831,3,stress_load
372,5,0.9715316369308766,0.9331999999999999,0.3017241379310345,0.02857142857142857,0.0,0.0,0.5384615384615384,0.52,0.5935696619950536,3,stress_load
372,6,0.9564200058496637,0.9331999999999999,0.38793103448275856,0.2785714285714285,0.0,0.0,0.5384615384615384,0.48,0.5441055234954659,3,stress_load
372,7,0.9830359754314127,0.9331999999999999,1.0,1.0,0.17391304347826086,0.17391304347826086,0.07692307692307693,0.24,0.494641384995878,3,stress_load
372,8,0.9527152188749147,0.9331999999999999,0.2586206896551724,0.09285714285714285,0.0,0.0,0.6923076923076923,0.8,0.4781533388293488,3,stress_load
372,9,0.9798186604270255,0.9331999999999999,0.23275862068965514,0.03571428571428571,0.0,0.0,0.7692307692307693,0.52,0.5441055234954659,3,stress_load
373,0,0.9671443891976212,0.8665999999999999,0.27586206896551724,0.06428571428571428,0.21739130434782608,0.21739130434782608,0.7692307692307693,0.56,0.6265457543281123,3,stress_load
373,1,0.9561275226674466,0.9331999999999999,0.03448275862068963,0.007142857142857143,0.0,0.0,0.3076923076923077,0.24,0.5770816158285244,3,stress_load
373,2,0.9515452861460466,0.8665999999999999,0.27586206896551724,0.007142857142857143,0.0,0.0,0.7692307692307693,0.72,0.6265457543281123,3,stress_load
373,3,0.9494004094764551,0.8665999999999999,0.28448275862068967,0.021428571428571425,0.0,0.0,0.46153846153846156,0.32,0.6100577081615831,3,stress_load
373,4,0.9715316369308766,0.9331999999999999,0.3017241379310345,0.02857142857142857,0.0,0.0,0.5384615384615384,0.52,0.5935696619950536,3,stress_load
373,5,0.9564200058496637,0.9331999999999999,0.38793103448275856,0.2785714285714285,0.0,0.0,0.5384615384615384,0.48,0.5441055234954659,3,stress_load
373,6,0.9830359754314127,0.9331999999999999,1.0,1.0,0.17391304347826086,0.17391304347826086,0.07692307692307693,0.24,0.494641384995878,3,stress_load
373,7,0.9527152188749147,0.9331999999999999,0.2586206896551724,0.09285714285714285,0.0,0.0,0.6923076923076923,0.8,0.4781533388293488,3,stress_load
373,8,0.9798186604270255,0.9331999999999999,0.23275862068965514,0.03571428571428571,0.0,0.0,0.7692307692307693,0.52,0.5441055234954659,3,stress_load
373,9,0.955932533879302,0.8665999999999999,0.20689655172413787,0.02857142857142857,0.0,0.0,0.8461538461538461,0.52,0.6100577081615831,3,stress_load
374,0,0.9561275226674466,0.9331999999999999,0.03448275862068963,0.007142857142857143,0.0,0.0,0.3076923076923077,0.24,0.5770816158285244,3,stress_load
374,1,0.9515452861460466,0.8665999999999999,0.27586206896551724,0.007142857142857143,0.0,0.0,0.7692307692307693,0.72,0.6265457543281123,3,stress_load
374,2,0.9494004094764551,0.8665999999999999,0.28448275862068967,0.021428571428571425,0.0,0.0,0.46153846153846156,0.32,0.6100577081615831,3,stress_load
374,3,0.9715316369308766,0.9331999999999999,0.3017241379310345,0.02857142857142857,0.0,0.0,0.5384615384615384,0.52,0.5935696619950536,3,stress_load
374,4,0.9564200058496637,0.9331999999999999,0.38793103448275856,0.2785714285714285,0.0,0.0,0.5384615384615384,0.48,0.5441055234954659,3,stress_load
374,5,0.9830359754314127,0.9331999999999999,1.0,1.0,0.17391304347826086,0.17391304347826086,0.07692307692307693,0.24,0.494641384995878,3,stress_load
374,6,0.9527152188749147,0.9331999999999999,0.2586206896551724,0.09285714285714285,0.0,0.0,0.6923076923076923,0.8,0.4781533388293488,3,stress_load
374,7,0.9798186604270255,0.9331999999999999,0.23275862068965514,0.03571428571428571,0.0,0.0,0.7692307692307693,0.52,0.5441055234954659,3,stress_load
374,8,0.955932533879302,0.8665999999999999,0.20689655172413787,0.02857142857142857,0.0,0.0,0.8461538461538461,0.52,0.6100577081615831,3,stress_load
374,9,0.9640245685873062,0.8665999999999999,0.28448275862068967,0.03571428571428571,0.0,0.0,0.3076923076923077,0.2,0.5605935696619951,3,stress_load
375,0,0.9494004094764551,0.8665999999999999,0.28448275862068967,0.021428571428571425,0.0,0.0,0.46153846153846156,0.32,0.6100577081615831,3,stress_load
375,1,0.9715316369308766,0.9331999999999999,0.3017241379310345,0.02857142857142857,0.0,0.0,0.5384615384615384,0.52,0.5935696619950536,3,stress_load
375,2,0.9564200058496637,0.9331999999999999,0.38793103448275856,0.2785714285714285,0.0,0.0,0.5384615384615384,0.48,0.5441055234954659,3,stress_load
375,3,0.9830359754314127,0.9331999999999999,1.0,1.0,0.17391304347826086,0.17391304347826086,0.07692307692307693,0.24,0.494641384995878,3,stress_load
375,4,0.9527152188749147,0.9331999999999999,0.2586206896551724,0.09285714285714285,0.0,0.0,0.6923076923076923,0.8,0.4781533388293488,3,stress_load
375,5,0.9798186604270255,0.9331999999999999,0.23275862068965514,0.03571428571428571,0.0,0.0,0.7692307692307693,0.52,0.5441055234954659,3,stress_load
375,6,0.955932533879302,0.8665999999999999,0.20689655172413787,0.02857142857142857,0.0,0.0,0.8461538461538461,0.52,0.6100577081615831,3,stress_load
375,7,0.9640245685873062,0.8665999999999999,0.28448275862068967,0.03571428571428571,0.0,0.0,0.3076923076923077,0.2,0.5605935696619951,3,stress_load
375,8,0.9385785317344253,0.9218000000000001,0.23275862068965514,0.06428571428571428,0.0,0.0,0.6923076923076923,0.68,0.6924979389942294,3,stress_load
375,9,0.9368236326411232,0.9218000000000001,0.23275862068965514,0.05714285714285714,0.0,0.0,0.8461538461538461,0.56,0.7254740313272878,3,stress_load
